sweep_tag,scaling,op,mode,pattern,W,num_warps,unroll,wpc,n_iter,bytes,cold,time_ms,time_min_ms,time_max_ms,gbps,n_active,n_xcds,wgs_per_xcd,n_cus,max_wg_per_cu,kernel_span_us,start_skew_us,wg_time_mean_us,wg_time_max_us,sclk_mhz,gbps_in_kernel,overhead_us
weak,weak,read,rr,chunked,1,8,4,1,1024,33554432,1,0.549,0.542,0.5528,61.1,1,1,1/0/0/0/0/0/0/0,1,1,537.68,0.0,537.68,537.68,2414.0,62.4,11.29
weak,weak,read,rr,chunked,2,8,4,1,1024,67108864,1,0.5559,0.5494,0.5623,120.7,2,2,1/1/0/0/0/0/0/0,2,1,545.16,0.08,532.86,545.08,2404.0,123.1,10.79
weak,weak,read,rr,chunked,3,8,4,1,1024,100663296,1,0.5505,0.546,0.5548,182.9,3,3,1/1/1/0/0/0/0/0,3,1,546.37,0.53,535.68,545.84,2417.0,184.2,4.12
weak,weak,read,rr,chunked,4,8,4,1,1024,134217728,1,0.5541,0.5477,0.5611,242.2,4,4,1/1/1/1/0/0/0/0,4,1,549.17,0.37,539.13,548.8,2403.0,244.4,4.9
weak,weak,read,rr,chunked,5,8,4,1,1024,167772160,1,0.557,0.5528,0.5636,301.2,5,5,1/1/1/1/1/0/0/0,5,1,549.15,0.64,538.44,548.52,2403.0,305.5,7.88
weak,weak,read,rr,chunked,6,8,4,1,1024,201326592,1,0.5573,0.5541,0.5647,361.3,6,6,1/1/1/1/1/1/0/0,6,1,552.51,0.67,541.47,551.84,2410.0,364.4,4.79
weak,weak,read,rr,chunked,7,8,4,1,1024,234881024,1,0.5582,0.5556,0.5655,420.8,7,7,1/1/1/1/1/1/1/0,7,1,559.07,0.71,543.84,558.4,2414.0,420.1,-0.86
weak,weak,read,rr,chunked,8,8,4,1,1024,268435456,1,0.5568,0.5534,0.5642,482.1,8,8,1/1/1/1/1/1/1/1,8,1,560.37,0.75,546.15,559.92,2403.0,479.0,-3.52
weak,weak,read,rr,chunked,9,8,4,1,1024,301989888,1,0.5613,0.5578,0.5672,538.0,9,8,2/1/1/1/1/1/1/1,9,1,555.0,0.79,543.62,554.56,2400.0,544.1,6.35
weak,weak,read,rr,chunked,10,8,4,1,1024,335544320,1,0.5649,0.5603,0.5696,593.9,10,8,2/2/1/1/1/1/1/1,10,1,556.32,0.75,544.07,556.08,2397.0,603.1,8.63
weak,weak,read,rr,chunked,11,8,4,1,1024,369098752,1,0.5612,0.5602,0.567,657.7,11,8,2/2/2/1/1/1/1/1,11,1,556.23,0.68,545.65,555.64,2400.0,663.6,5.0
weak,weak,read,rr,chunked,12,8,4,1,1024,402653184,1,0.5628,0.5592,0.5691,715.4,12,8,2/2/2/2/1/1/1/1,12,1,560.59,0.75,547.64,559.88,2399.0,718.3,2.21
weak,weak,read,rr,chunked,13,8,4,1,1024,436207616,1,0.5643,0.56,0.5702,773.0,13,8,2/2/2/2/2/1/1/1,13,1,562.23,0.79,548.74,561.44,2411.0,775.9,2.08
weak,weak,read,rr,chunked,14,8,4,1,1024,469762048,1,0.5639,0.5603,0.5721,833.1,14,8,2/2/2/2/2/2/1/1,14,1,560.01,0.91,545.54,559.44,2396.0,838.8,3.86
weak,weak,read,rr,chunked,15,8,4,1,1024,503316480,1,0.5671,0.5644,0.5765,887.5,15,8,2/2/2/2/2/2/2/1,15,1,562.07,0.75,547.13,562.0,2404.0,895.5,5.02
weak,weak,read,rr,chunked,16,8,4,1,1024,536870912,1,0.5688,0.5665,0.578,943.9,16,8,2/2/2/2/2/2/2/2,16,1,565.08,0.67,553.62,564.56,2403.0,950.1,3.69
weak,weak,read,rr,chunked,17,8,4,1,1024,570425344,1,0.5709,0.5681,0.5821,999.1,17,8,3/2/2/2/2/2/2/2,17,1,565.71,0.75,551.79,565.0,2400.0,1008.3,5.24
weak,weak,read,rr,chunked,18,8,4,1,1024,603979776,1,0.5728,0.567,0.5777,1054.4,18,8,3/3/2/2/2/2/2/2,18,1,563.88,0.63,549.89,563.44,2401.0,1071.1,8.93
weak,weak,read,rr,chunked,19,8,4,1,1024,637534208,1,0.5758,0.5682,0.5836,1107.2,19,8,3/3/3/2/2/2/2/2,19,1,569.84,0.71,554.66,569.36,2403.0,1118.8,5.95
weak,weak,read,rr,chunked,20,8,4,1,1024,671088640,1,0.5764,0.5694,0.5796,1164.2,20,8,3/3/3/3/2/2/2/2,20,1,573.61,0.83,559.14,573.08,2403.0,1169.9,2.82
weak,weak,read,rr,chunked,21,8,4,1,1024,704643072,1,0.58,0.5752,0.5899,1214.8,21,8,3/3/3/3/3/2/2/2,21,1,571.11,0.65,557.98,571.04,2401.0,1233.8,8.92
weak,weak,read,rr,chunked,22,8,4,1,1024,738197504,1,0.5809,0.5786,0.5866,1270.7,22,8,3/3/3/3/3/3/2/2,22,1,576.91,0.76,560.2,576.2,2399.0,1279.6,4.04
weak,weak,read,rr,chunked,23,8,4,1,1024,771751936,1,0.5786,0.5756,0.5883,1333.8,23,8,3/3/3/3/3/3/3/2,23,1,583.93,0.67,566.49,583.36,2401.0,1321.7,-5.32
weak,weak,read,rr,chunked,24,8,4,1,1024,805306368,1,0.5806,0.5772,0.5879,1387.0,24,8,3/3/3/3/3/3/3/3,24,1,574.44,0.74,559.93,574.44,2402.0,1401.9,6.17
weak,weak,read,rr,chunked,25,8,4,1,1024,838860800,1,0.5839,0.579,0.5875,1436.7,25,8,4/3/3/3/3/3/3/3,25,1,575.01,0.87,562.71,574.4,2410.0,1458.9,8.88
weak,weak,read,rr,chunked,26,8,4,1,1024,872415232,1,0.5847,0.5802,0.5901,1492.0,26,8,4/4/3/3/3/3/3/3,26,1,586.17,0.71,569.12,585.48,2409.0,1488.3,-1.42
weak,weak,read,rr,chunked,27,8,4,1,1024,905969664,1,0.5837,0.5806,0.59,1552.0,27,8,4/4/4/3/3/3/3/3,27,1,577.21,0.63,565.18,576.8,2409.0,1569.6,6.54
weak,weak,read,rr,chunked,28,8,4,1,1024,939524096,1,0.587,0.5833,0.5974,1600.4,28,8,4/4/4/4/3/3/3/3,28,1,589.61,0.73,568.32,588.96,2410.0,1593.5,-2.56
weak,weak,read,rr,chunked,29,8,4,1,1024,973078528,1,0.5901,0.5869,0.5973,1648.9,29,8,4/4/4/4/4/3/3/3,29,1,586.27,0.72,572.6,585.6,2409.0,1659.8,3.86
weak,weak,read,rr,chunked,30,8,4,1,1024,1006632960,1,0.59,0.5868,0.6007,1706.3,30,8,4/4/4/4/4/4/3/3,30,1,582.87,0.75,569.07,582.16,2397.0,1727.0,7.1
weak,weak,read,rr,chunked,31,8,4,1,1024,1040187392,1,0.5915,0.5874,0.5993,1758.5,31,8,4/4/4/4/4/4/4/3,31,1,586.89,0.71,571.3,586.84,2396.0,1772.4,4.62
weak,weak,read,rr,chunked,32,8,4,1,1024,1073741824,1,0.5928,0.5872,0.5978,1811.2,32,8,4/4/4/4/4/4/4/4,32,1,583.29,0.79,570.16,582.6,2404.0,1840.8,9.56
weak,weak,read,rr,chunked,33,8,4,1,1024,1107296256,1,0.593,0.5901,0.5999,1867.2,33,8,5/4/4/4/4/4/4/4,33,1,588.25,0.69,572.58,587.6,2393.0,1882.4,4.78
weak,weak,read,rr,chunked,34,8,4,1,1024,1140850688,1,0.5956,0.5903,0.6007,1915.6,34,8,5/5/4/4/4/4/4/4,34,1,594.39,0.67,580.16,593.76,2398.0,1919.4,1.18
weak,weak,read,rr,chunked,35,8,4,1,1024,1174405120,1,0.5963,0.5915,0.6021,1969.6,35,8,5/5/5/4/4/4/4/4,35,1,591.69,0.65,574.6,591.04,2405.0,1984.8,4.58
weak,weak,read,rr,chunked,36,8,4,1,1024,1207959552,1,0.5965,0.5942,0.607,2024.9,36,8,5/5/5/5/4/4/4/4,36,1,595.69,0.71,579.21,595.16,2407.0,2027.8,0.86
weak,weak,read,rr,chunked,37,8,4,1,1024,1241513984,1,0.5985,0.596,0.6031,2074.4,37,8,5/5/5/5/5/4/4/4,37,1,592.13,0.79,577.18,591.56,2405.0,2096.7,6.36
weak,weak,read,rr,chunked,38,8,4,1,1024,1275068416,1,0.5991,0.596,0.6075,2128.1,38,8,5/5/5/5/5/5/4/4,38,1,592.2,0.75,579.63,591.76,2408.0,2153.1,6.95
weak,weak,read,rr,chunked,39,8,4,1,1024,1308622848,1,0.6027,0.5979,0.6098,2171.2,39,8,5/5/5/5/5/5/5/4,39,1,602.75,0.71,587.56,602.04,2408.0,2171.1,-0.04
weak,weak,read,rr,chunked,40,8,4,1,1024,1342177280,1,0.602,0.5994,0.6103,2229.4,40,8,5/5/5/5/5/5/5/5,40,1,597.09,0.63,581.09,596.52,2407.0,2247.9,4.96
weak,weak,read,rr,chunked,41,8,4,1,1024,1375731712,1,0.6061,0.5993,0.6127,2269.8,41,8,6/5/5/5/5/5/5/5,41,1,604.36,0.91,589.66,603.88,2398.0,2276.3,1.75
weak,weak,read,rr,chunked,42,8,4,1,1024,1409286144,1,0.6051,0.6014,0.613,2329.1,42,8,6/6/5/5/5/5/5/5,42,1,601.09,0.75,583.25,600.64,2396.0,2344.6,3.98
weak,weak,read,rr,chunked,43,8,4,1,1024,1442840576,1,0.609,0.6035,0.6133,2369.2,43,8,6/6/6/5/5/5/5/5,43,1,607.76,0.87,591.34,607.44,2412.0,2374.0,1.25
weak,weak,read,rr,chunked,44,8,4,1,1024,1476395008,1,0.6096,0.6032,0.6138,2421.9,44,8,6/6/6/6/5/5/5/5,44,1,600.23,0.7,586.23,600.04,2398.0,2459.7,9.38
weak,weak,read,rr,chunked,45,8,4,1,1024,1509949440,1,0.6082,0.6041,0.615,2482.5,45,8,6/6/6/6/6/5/5/5,45,1,605.96,0.67,591.54,605.36,2407.0,2491.8,2.29
weak,weak,read,rr,chunked,46,8,4,1,1024,1543503872,1,0.6108,0.6078,0.6196,2526.8,46,8,6/6/6/6/6/6/5/5,46,1,605.43,0.63,589.11,604.84,2409.0,2549.4,5.42
weak,weak,read,rr,chunked,47,8,4,1,1024,1577058304,1,0.6135,0.6107,0.6175,2570.6,47,8,6/6/6/6/6/6/6/5,47,1,613.65,0.87,593.96,612.88,2401.0,2570.0,-0.14
weak,weak,read,rr,chunked,48,8,4,1,1024,1610612736,1,0.6124,0.6089,0.6205,2630.0,48,8,6/6/6/6/6/6/6/6,48,1,608.13,0.77,590.69,607.36,2400.0,2648.5,4.28
weak,weak,read,rr,chunked,49,8,4,1,1024,1644167168,1,0.6147,0.6111,0.6221,2674.8,49,8,7/6/6/6/6/6/6/6,49,1,614.07,0.69,593.78,613.84,2402.0,2677.5,0.62
weak,weak,read,rr,chunked,50,8,4,1,1024,1677721600,1,0.6176,0.6129,0.625,2716.3,50,8,7/7/6/6/6/6/6/6,50,1,609.6,0.67,593.72,609.16,2403.0,2752.2,8.05
weak,weak,read,rr,chunked,51,8,4,1,1024,1711276032,1,0.6184,0.6139,0.6221,2767.3,51,8,7/7/7/6/6/6/6/6,51,1,618.43,0.75,600.85,617.72,2396.0,2767.1,-0.04
weak,weak,read,rr,chunked,52,8,4,1,1024,1744830464,1,0.6211,0.6132,0.6288,2809.3,52,8,7/7/7/7/6/6/6/6,52,1,616.04,0.75,598.56,615.52,2403.0,2832.3,5.05
weak,weak,read,rr,chunked,53,8,4,1,1024,1778384896,1,0.6214,0.6176,0.6288,2862.1,53,8,7/7/7/7/7/6/6/6,53,1,624.93,0.75,607.26,624.28,2398.0,2845.7,-3.56
weak,weak,read,rr,chunked,54,8,4,1,1024,1811939328,1,0.622,0.6175,0.631,2912.9,54,8,7/7/7/7/7/7/6/6,54,1,615.69,0.75,599.88,615.04,2395.0,2942.9,6.36
weak,weak,read,rr,chunked,55,8,4,1,1024,1845493760,1,0.6217,0.6175,0.6297,2968.2,55,8,7/7/7/7/7/7/7/6,55,1,621.01,0.79,607.31,620.56,2401.0,2971.8,0.74
weak,weak,read,rr,chunked,56,8,4,1,1024,1879048192,1,0.626,0.6192,0.6302,3001.6,56,8,7/7/7/7/7/7/7/7,56,1,625.73,0.71,604.15,625.2,2398.0,3003.0,0.28
weak,weak,read,rr,chunked,57,8,4,1,1024,1912602624,1,0.6284,0.6245,0.6375,3043.6,57,8,8/7/7/7/7/7/7/7,57,1,624.56,0.69,606.03,624.0,2415.0,3062.3,3.85
weak,weak,read,rr,chunked,58,8,4,1,1024,1946157056,1,0.6291,0.6239,0.6397,3093.6,58,8,8/8/7/7/7/7/7/7,58,1,625.55,0.91,609.75,624.84,2399.0,3111.1,3.54
weak,weak,read,rr,chunked,59,8,4,1,1024,1979711488,1,0.6309,0.6257,0.637,3138.1,59,8,8/8/8/7/7/7/7/7,59,1,623.09,0.91,607.2,622.64,2399.0,3177.2,7.78
weak,weak,read,rr,chunked,60,8,4,1,1024,2013265920,1,0.6332,0.6292,0.6395,3179.4,60,8,8/8/8/8/7/7/7/7,60,1,634.0,0.83,615.79,633.64,2398.0,3175.5,-0.77
weak,weak,read,rr,chunked,61,8,4,1,1024,2046820352,1,0.6346,0.6302,0.6376,3225.1,61,8,8/8/8/8/8/7/7/7,61,1,629.16,0.86,609.94,629.08,2396.0,3253.3,5.49
weak,weak,read,rr,chunked,62,8,4,1,1024,2080374784,1,0.636,0.6279,0.6399,3271.2,62,8,8/8/8/8/8/8/7/7,62,1,623.95,0.63,609.78,623.4,2391.0,3334.2,12.02
weak,weak,read,rr,chunked,63,8,4,1,1024,2113929216,1,0.6348,0.6295,0.6407,3330.1,63,8,8/8/8/8/8/8/8/7,63,1,635.95,0.87,619.02,635.08,2409.0,3324.0,-1.16
weak,weak,read,rr,chunked,64,8,4,1,1024,2147483648,1,0.6368,0.6335,0.6492,3372.3,64,8,8/8/8/8/8/8/8/8,64,1,632.59,0.75,615.56,631.84,2389.0,3394.7,4.22
weak,weak,read,rr,chunked,65,8,4,1,1024,2181038080,1,0.6428,0.6353,0.6488,3392.9,65,8,9/8/8/8/8/8/8/8,65,1,631.33,0.81,614.15,630.92,2392.0,3454.7,11.5
weak,weak,read,rr,chunked,66,8,4,1,1024,2214592512,1,0.6449,0.6374,0.6586,3434.1,66,8,9/9/8/8/8/8/8/8,66,1,644.25,0.63,623.68,643.92,2405.0,3437.5,0.64
weak,weak,read,rr,chunked,67,8,4,1,1024,2248146944,1,0.6462,0.6387,0.6508,3479.1,67,8,9/9/9/8/8/8/8/8,67,1,634.73,0.63,621.2,634.2,2398.0,3541.9,11.46
weak,weak,read,rr,chunked,68,8,4,1,1024,2281701376,1,0.6447,0.6418,0.6514,3539.1,68,8,9/9/9/9/8/8/8/8,68,1,638.44,0.69,620.17,638.04,2398.0,3573.9,6.27
weak,weak,read,rr,chunked,69,8,4,1,1024,2315255808,1,0.6453,0.6414,0.6516,3587.7,69,8,9/9/9/9/9/8/8/8,69,1,644.0,0.75,629.76,643.52,2396.0,3595.1,1.33
weak,weak,read,rr,chunked,70,8,4,1,1024,2348810240,1,0.6476,0.6429,0.6572,3626.9,70,8,9/9/9/9/9/9/8/8,70,1,642.95,0.79,625.73,642.2,2397.0,3653.2,4.66
weak,weak,read,rr,chunked,71,8,4,1,1024,2382364672,1,0.6526,0.6464,0.6558,3650.6,71,8,9/9/9/9/9/9/9/8,71,1,642.37,0.71,625.44,642.0,2389.0,3708.7,10.22
weak,weak,read,rr,chunked,72,8,4,1,1024,2415919104,1,0.6511,0.6455,0.6551,3710.6,72,8,9/9/9/9/9/9/9/9,72,1,645.72,0.71,629.25,645.08,2408.0,3741.4,5.37
weak,weak,read,rr,chunked,73,8,4,1,1024,2449473536,1,0.6537,0.6459,0.6568,3747.2,73,8,10/9/9/9/9/9/9/9,73,1,652.67,0.43,633.55,652.28,2404.0,3753.0,1.02
weak,weak,read,rr,chunked,74,8,4,1,1024,2483027968,1,0.6556,0.6509,0.6607,3787.6,74,8,10/10/9/9/9/9/9/9,74,1,649.77,0.67,630.94,649.2,2402.0,3821.4,5.8
weak,weak,read,rr,chunked,75,8,4,1,1024,2516582400,1,0.6599,0.6524,0.6672,3813.7,75,8,10/10/10/9/9/9/9/9,75,1,651.45,0.83,631.5,651.0,2395.0,3863.0,8.44
weak,weak,read,rr,chunked,76,8,4,1,1024,2550136832,1,0.6607,0.6547,0.6671,3859.9,76,8,10/10/10/10/9/9/9/9,76,1,656.73,0.87,640.69,656.2,2396.0,3883.1,3.94
weak,weak,read,rr,chunked,77,8,4,1,1024,2583691264,1,0.6585,0.6538,0.6646,3923.4,77,8,10/10/10/10/10/9/9/9,77,1,660.13,0.71,640.87,659.56,2391.0,3913.9,-1.6
weak,weak,read,rr,chunked,78,8,4,1,1024,2617245696,1,0.662,0.6568,0.6675,3953.4,78,8,10/10/10/10/10/10/9/9,78,1,655.72,0.61,637.14,655.2,2400.0,3991.4,6.31
weak,weak,read,rr,chunked,79,8,4,1,1024,2650800128,1,0.6613,0.6554,0.6688,4008.3,79,8,10/10/10/10/10/10/10/9,79,1,657.01,0.71,637.71,656.44,2394.0,4034.6,4.32
weak,weak,read,rr,chunked,80,8,4,1,1024,2684354560,1,0.6672,0.6604,0.6806,4023.0,80,8,10/10/10/10/10/10/10/10,80,1,657.2,0.79,639.39,656.8,2391.0,4084.5,10.05
weak,weak,read,rr,chunked,81,8,4,1,1024,2717908992,1,0.6667,0.6628,0.6757,4076.7,81,8,11/10/10/10/10/10/10/10,81,1,666.29,0.77,648.74,665.56,2390.0,4079.2,0.4
weak,weak,read,rr,chunked,82,8,4,1,1024,2751463424,1,0.6661,0.6608,0.6756,4130.4,82,8,11/11/10/10/10/10/10/10,82,1,667.41,0.79,645.42,666.8,2388.0,4122.6,-1.26
weak,weak,read,rr,chunked,83,8,4,1,1024,2785017856,1,0.6698,0.6633,0.6789,4158.1,83,8,11/11/11/10/10/10/10/10,83,1,665.96,0.73,645.35,665.6,2396.0,4182.0,3.83
weak,weak,read,rr,chunked,84,8,4,1,1024,2818572288,1,0.6744,0.6669,0.6824,4179.1,84,8,11/11/11/11/10/10/10/10,84,1,669.85,0.77,647.18,669.2,2388.0,4207.8,4.6
weak,weak,read,rr,chunked,85,8,4,1,1024,2852126720,1,0.6779,0.6692,0.6816,4207.4,85,8,11/11/11/11/11/10/10/10,85,1,665.25,0.63,647.71,664.72,2396.0,4287.3,12.64
weak,weak,read,rr,chunked,86,8,4,1,1024,2885681152,1,0.6769,0.6725,0.6815,4263.3,86,8,11/11/11/11/11/11/10/10,86,1,669.13,0.87,651.42,668.52,2392.0,4312.6,7.74
weak,weak,read,rr,chunked,87,8,4,1,1024,2919235584,1,0.6782,0.6736,0.6848,4304.6,87,8,11/11/11/11/11/11/11/10,87,1,677.91,0.94,657.75,677.68,2403.0,4306.2,0.26
weak,weak,read,rr,chunked,88,8,4,1,1024,2952790016,1,0.6801,0.6764,0.6905,4341.4,88,8,11/11/11/11/11/11/11/11,88,1,682.43,0.75,660.9,681.68,2389.0,4326.9,-2.28
weak,weak,read,rr,chunked,89,8,4,1,1024,2986344448,1,0.6817,0.6768,0.6901,4380.9,89,8,12/11/11/11/11/11/11/11,89,1,686.23,0.79,662.68,685.56,2401.0,4351.8,-4.56
weak,weak,read,rr,chunked,90,8,4,1,1024,3019898880,1,0.6827,0.6789,0.6928,4423.4,90,8,12/12/11/11/11/11/11/11,90,1,678.15,0.67,658.87,677.72,2381.0,4453.1,4.56
weak,weak,read,rr,chunked,91,8,4,1,1024,3053453312,1,0.6904,0.6798,0.6988,4422.7,91,8,12/12/12/11/11/11/11/11,91,1,686.75,0.75,660.7,686.04,2393.0,4446.2,3.66
weak,weak,read,rr,chunked,92,8,4,1,1024,3087007744,1,0.688,0.684,0.6965,4486.8,92,8,12/12/12/12/11/11/11/11,92,1,680.57,0.85,663.2,680.12,2391.0,4535.9,7.46
weak,weak,read,rr,chunked,93,8,4,1,1024,3120562176,1,0.6928,0.6872,0.708,4504.0,93,8,12/12/12/12/12/11/11/11,93,1,683.25,0.75,660.6,682.76,2399.0,4567.2,9.6
weak,weak,read,rr,chunked,94,8,4,1,1024,3154116608,1,0.6918,0.6895,0.7002,4559.4,94,8,12/12/12/12/12/12/11/11,94,1,686.17,0.83,662.24,685.56,2391.0,4596.7,5.62
weak,weak,read,rr,chunked,95,8,4,1,1024,3187671040,1,0.6943,0.6911,0.7032,4590.9,95,8,12/12/12/12/12/12/12/11,95,1,687.21,0.71,665.36,686.56,2389.0,4638.6,7.14
weak,weak,read,rr,chunked,96,8,4,1,1024,3221225472,1,0.6983,0.6883,0.7068,4612.9,96,8,12/12/12/12/12/12/12/12,96,1,689.61,0.71,667.48,688.96,2391.0,4671.1,8.7
weak,weak,read,rr,chunked,97,8,4,1,1024,3254779904,1,0.6986,0.696,0.7081,4659.1,97,8,13/12/12/12/12/12/12/12,97,1,693.52,0.87,668.95,693.12,2386.0,4693.1,5.07
weak,weak,read,rr,chunked,98,8,4,1,1024,3288334336,1,0.7009,0.6977,0.7067,4691.8,98,8,13/13/12/12/12/12/12/12,98,1,696.4,0.79,670.91,696.12,2403.0,4721.9,4.47
weak,weak,read,rr,chunked,99,8,4,1,1024,3321888768,1,0.7019,0.6974,0.7126,4732.7,99,8,13/13/13/12/12/12/12/12,99,1,698.03,0.79,676.27,697.28,2392.0,4758.9,3.88
weak,weak,read,rr,chunked,100,8,4,1,1024,3355443200,1,0.7039,0.6972,0.7112,4767.0,100,8,13/13/13/13/12/12/12/12,100,1,698.73,0.67,678.53,698.16,2382.0,4802.2,5.16
weak,weak,read,rr,chunked,101,8,4,1,1024,3388997632,1,0.7064,0.7005,0.7157,4797.5,101,8,13/13/13/13/13/12/12/12,101,1,705.33,0.67,677.68,704.76,2394.0,4804.8,1.08
weak,weak,read,rr,chunked,102,8,4,1,1024,3422552064,1,0.7092,0.7025,0.7224,4826.2,102,8,13/13/13/13/13/13/12/12,102,1,705.89,0.79,682.91,705.24,2388.0,4848.6,3.28
weak,weak,read,rr,chunked,103,8,4,1,1024,3456106496,1,0.7106,0.7071,0.7225,4863.3,103,8,13/13/13/13/13/13/13/12,103,1,704.97,0.85,683.0,704.48,2393.0,4902.5,5.68
weak,weak,read,rr,chunked,104,8,4,1,1024,3489660928,1,0.7143,0.7069,0.7194,4885.4,104,8,13/13/13/13/13/13/13/13,104,1,709.72,0.83,686.84,709.44,2381.0,4917.0,4.59
weak,weak,read,rr,chunked,105,8,4,1,1024,3523215360,1,0.7137,0.7077,0.7238,4936.8,105,8,14/13/13/13/13/13/13/13,105,1,719.77,0.75,691.51,719.16,2404.0,4894.9,-6.1
weak,weak,read,rr,chunked,106,8,4,1,1024,3556769792,1,0.7201,0.7105,0.7275,4939.2,106,8,14/14/13/13/13/13/13/13,106,1,721.0,0.83,699.66,720.48,2398.0,4933.1,-0.89
weak,weak,read,rr,chunked,107,8,4,1,1024,3590324224,1,0.7189,0.7117,0.7272,4994.4,107,8,14/14/14/13/13/13/13/13,107,1,720.23,0.77,697.01,719.56,2378.0,4985.0,-1.36
weak,weak,read,rr,chunked,108,8,4,1,1024,3623878656,1,0.7205,0.7138,0.7312,5029.5,108,8,14/14/14/14/13/13/13/13,108,1,709.81,0.87,689.51,709.04,2406.0,5105.4,10.72
weak,weak,read,rr,chunked,109,8,4,1,1024,3657433088,1,0.7235,0.7154,0.7334,5055.1,109,8,14/14/14/14/14/13/13/13,109,1,711.55,0.85,692.25,710.8,2397.0,5140.1,11.96
weak,weak,read,rr,chunked,110,8,4,1,1024,3690987520,1,0.7248,0.7201,0.7337,5092.4,110,8,14/14/14/14/14/14/13/13,110,1,720.21,0.83,698.29,719.52,2385.0,5124.9,4.6
weak,weak,read,rr,chunked,111,8,4,1,1024,3724541952,1,0.7296,0.7216,0.7368,5105.0,111,8,14/14/14/14/14/14/14/13,111,1,717.45,0.89,700.98,717.4,2385.0,5191.4,12.14
weak,weak,read,rr,chunked,112,8,4,1,1024,3758096384,1,0.7357,0.7302,0.742,5108.1,112,8,14/14/14/14/14/14/14/14,112,1,732.37,0.79,709.09,731.6,2385.0,5131.4,3.34
weak,weak,read,rr,chunked,113,8,4,1,1024,3791650816,1,0.7389,0.7281,0.7452,5131.2,113,8,15/14/14/14/14/14/14/14,113,1,735.08,0.8,713.93,734.36,2388.0,5158.1,3.87
weak,weak,read,rr,chunked,114,8,4,1,1024,3825205248,1,0.7382,0.7295,0.7548,5181.9,114,8,15/15/14/14/14/14/14/14,114,1,725.85,0.93,707.56,725.0,2395.0,5270.0,12.34
weak,weak,read,rr,chunked,115,8,4,1,1024,3858759680,1,0.7422,0.7362,0.747,5199.0,115,8,15/15/15/14/14/14/14/14,115,1,734.21,0.91,708.92,733.72,2382.0,5255.7,8.0
weak,weak,read,rr,chunked,116,8,4,1,1024,3892314112,1,0.7443,0.7368,0.7534,5229.6,116,8,15/15/15/15/14/14/14/14,116,1,733.29,0.73,714.28,732.56,2387.0,5308.0,11.0
weak,weak,read,rr,chunked,117,8,4,1,1024,3925868544,1,0.7496,0.7426,0.7631,5237.0,117,8,15/15/15/15/15/14/14/14,117,1,748.65,0.71,728.42,747.96,2392.0,5243.9,1.0
weak,weak,read,rr,chunked,118,8,4,1,1024,3959422976,1,0.7482,0.7444,0.7623,5292.0,118,8,15/15/15/15/15/15/14/14,118,1,749.15,0.83,726.16,748.32,2388.0,5285.2,-0.96
weak,weak,read,rr,chunked,119,8,4,1,1024,3992977408,1,0.7508,0.7431,0.7694,5318.2,119,8,15/15/15/15/15/15/15/14,119,1,744.63,0.87,720.5,743.84,2380.0,5362.4,6.18
weak,weak,read,rr,chunked,120,8,4,1,1024,4026531840,1,0.7539,0.7478,0.769,5340.6,120,8,15/15/15/15/15/15/15/15,120,1,765.19,0.87,740.89,764.36,2389.0,5262.1,-11.24
weak,weak,read,rr,chunked,121,8,4,1,1024,4060086272,1,0.763,0.7516,0.7782,5321.4,121,8,16/15/15/15/15/15/15/15,121,1,748.65,0.83,725.42,748.12,2386.0,5423.2,14.32
weak,weak,read,rr,chunked,122,8,4,1,1024,4093640704,1,0.7605,0.7518,0.7802,5382.9,122,8,16/16/15/15/15/15/15/15,122,1,765.21,0.71,740.49,764.56,2398.0,5349.7,-4.72
weak,weak,read,rr,chunked,123,8,4,1,1024,4127195136,1,0.7671,0.7542,0.7875,5380.1,123,8,16/16/16/15/15/15/15/15,123,1,767.95,0.79,742.49,767.24,2387.0,5374.3,-0.82
weak,weak,read,rr,chunked,124,8,4,1,1024,4160749568,1,0.7686,0.7606,0.7825,5413.2,124,8,16/16/16/16/15/15/15/15,124,1,755.85,0.67,735.03,755.24,2396.0,5504.7,12.78
weak,weak,read,rr,chunked,125,8,4,1,1024,4194304000,1,0.7736,0.7576,0.7964,5421.9,125,8,16/16/16/16/16/15/15/15,125,1,792.45,0.79,765.96,791.96,2401.0,5292.8,-18.86
weak,weak,read,rr,chunked,126,8,4,1,1024,4227858432,1,0.7786,0.7634,0.7886,5430.2,126,8,16/16/16/16/16/16/15/15,126,1,759.51,0.99,737.22,758.56,2393.0,5566.6,19.08
weak,weak,read,rr,chunked,127,8,4,1,1024,4261412864,1,0.7793,0.7699,0.7902,5468.3,127,8,16/16/16/16/16/16/16/15,127,1,774.97,0.67,752.55,774.32,2395.0,5498.8,4.32
weak,weak,read,rr,chunked,128,8,4,1,1024,4294967296,1,0.7854,0.7737,0.797,5468.2,128,8,16/16/16/16/16/16/16/16,128,1,769.89,0.75,750.32,769.2,2369.0,5578.7,15.56
weak,weak,read,rr,chunked,129,8,4,1,1024,4328521728,1,0.7879,0.7755,0.8008,5493.7,129,8,17/16/16/16/16/16/16/16,129,1,771.53,0.67,750.56,770.96,2382.0,5610.3,16.38
weak,weak,read,rr,chunked,130,8,4,1,1024,4362076160,1,0.7926,0.7735,0.8123,5503.6,130,8,17/17/16/16/16/16/16/16,130,1,787.19,0.87,765.48,786.36,2366.0,5541.3,5.4
weak,weak,read,rr,chunked,131,8,4,1,1024,4395630592,1,0.7968,0.7815,0.8184,5516.3,131,8,17/17/17/16/16/16/16/16,131,1,788.56,0.79,764.95,788.16,2388.0,5574.3,8.29
weak,weak,read,rr,chunked,132,8,4,1,1024,4429185024,1,0.797,0.79,0.8173,5557.5,132,8,17/17/17/17/16/16/16/16,132,1,813.13,0.87,793.6,812.44,2399.0,5447.1,-16.16
weak,weak,read,rr,chunked,133,8,4,1,1024,4462739456,1,0.7974,0.7862,0.8084,5596.4,133,8,17/17/17/17/17/16/16/16,133,1,797.25,0.79,775.94,796.6,2391.0,5597.7,0.18
weak,weak,read,rr,chunked,134,8,4,1,1024,4496293888,1,0.8033,0.785,0.8115,5597.4,134,8,17/17/17/17/17/17/16/16,134,1,801.73,0.71,779.3,801.2,2380.0,5608.2,1.56
weak,weak,read,rr,chunked,135,8,4,1,1024,4529848320,1,0.8153,0.7943,0.8308,5556.3,135,8,17/17/17/17/17/17/17/16,135,1,793.97,0.88,770.55,793.24,2386.0,5705.3,21.3
weak,weak,read,rr,chunked,136,8,4,1,1024,4563402752,1,0.817,0.7985,0.8345,5585.4,136,8,17/17/17/17/17/17/17/17,136,1,820.77,0.89,797.8,819.92,2382.0,5559.9,-3.74
weak,weak,read,rr,chunked,137,8,4,1,1024,4596957184,1,0.8135,0.8064,0.825,5650.5,137,8,18/17/17/17/17/17/17/17,137,1,814.4,0.95,790.59,814.04,2398.0,5644.6,-0.85
weak,weak,read,rr,chunked,138,8,4,1,1024,4630511616,1,0.8252,0.815,0.8385,5611.1,138,8,18/18/17/17/17/17/17/17,138,1,822.93,0.91,799.34,822.36,2382.0,5626.9,2.32
weak,weak,read,rr,chunked,139,8,4,1,1024,4664066048,1,0.8345,0.8191,0.8567,5589.3,139,8,18/18/18/17/17/17/17/17,139,1,830.29,0.71,807.84,829.76,2401.0,5617.4,4.18
weak,weak,read,rr,chunked,140,8,4,1,1024,4697620480,1,0.8367,0.8189,0.8577,5614.7,140,8,18/18/18/18/17/17/17/17,140,1,838.25,0.75,817.73,837.88,2386.0,5604.1,-1.58
weak,weak,read,rr,chunked,141,8,4,1,1024,4731174912,1,0.8377,0.8284,0.8475,5648.0,141,8,18/18/18/18/18/17/17/17,141,1,824.69,0.85,799.55,823.88,2393.0,5736.9,12.98
weak,weak,read,rr,chunked,142,8,4,1,1024,4764729344,1,0.8447,0.836,0.8673,5640.7,142,8,18/18/18/18/18/18/17/17,142,1,837.61,0.85,814.22,837.0,2397.0,5688.5,7.1
weak,weak,read,rr,chunked,143,8,4,1,1024,4798283776,1,0.8552,0.8258,0.8667,5610.5,143,8,18/18/18/18/18/18/18/17,143,1,845.76,0.83,819.69,845.04,2390.0,5673.3,9.47
weak,weak,read,rr,chunked,144,8,4,1,1024,4831838208,1,0.8587,0.8366,0.8705,5626.7,144,8,18/18/18/18/18/18/18/18,144,1,852.28,0.78,830.64,852.28,2389.0,5669.3,6.45
weak,weak,read,rr,chunked,145,8,4,1,1024,4865392640,1,0.8647,0.8447,0.8725,5626.4,145,8,19/18/18/18/18/18/18/18,145,1,859.95,0.79,832.36,859.28,2385.0,5657.8,4.8
weak,weak,read,rr,chunked,146,8,4,1,1024,4898947072,1,0.8685,0.8577,0.8852,5640.9,146,8,19/19/18/18/18/18/18/18,146,1,865.67,0.83,840.36,864.92,2383.0,5659.1,2.8
weak,weak,read,rr,chunked,147,8,4,1,1024,4932501504,1,0.8736,0.8563,0.8906,5646.0,147,8,19/19/19/18/18/18/18/18,147,1,867.29,0.87,841.64,866.56,2381.0,5687.3,6.34
weak,weak,read,rr,chunked,148,8,4,1,1024,4966055936,1,0.8806,0.8718,0.8914,5639.3,148,8,19/19/19/19/18/18/18/18,148,1,867.97,0.87,845.08,867.2,2391.0,5721.5,12.64
weak,weak,read,rr,chunked,149,8,4,1,1024,4999610368,1,0.8876,0.872,0.8975,5632.8,149,8,19/19/19/19/19/18/18/18,149,1,881.11,0.87,857.82,880.32,2399.0,5674.2,6.48
weak,weak,read,rr,chunked,150,8,4,1,1024,5033164800,1,0.8848,0.8781,0.9078,5688.3,150,8,19/19/19/19/19/19/18/18,150,1,874.25,0.71,850.11,873.68,2382.0,5757.1,10.58
weak,weak,read,rr,chunked,151,8,4,1,1024,5066719232,1,0.8981,0.8736,0.9178,5641.3,151,8,19/19/19/19/19/19/19/18,151,1,889.79,0.76,865.18,889.08,2390.0,5694.3,8.36
weak,weak,read,rr,chunked,152,8,4,1,1024,5100273664,1,0.9055,0.8898,0.9291,5632.5,152,8,19/19/19/19/19/19/19/19,152,1,903.13,0.79,879.77,902.44,2388.0,5647.3,2.38
weak,weak,read,rr,chunked,153,8,4,1,1024,5133828096,1,0.9176,0.8928,0.9296,5594.5,153,8,20/19/19/19/19/19/19/19,153,1,918.47,0.83,895.91,917.72,2385.0,5589.5,-0.82
weak,weak,read,rr,chunked,154,8,4,1,1024,5167382528,1,0.9232,0.9168,0.947,5597.4,154,8,20/20/19/19/19/19/19/19,154,1,917.29,0.85,893.06,916.48,2395.0,5633.3,5.88
weak,weak,read,rr,chunked,155,8,4,1,1024,5200936960,1,0.9255,0.9177,0.943,5619.8,155,8,20/20/20/19/19/19/19/19,155,1,920.33,0.75,897.27,919.8,2376.0,5651.2,5.14
weak,weak,read,rr,chunked,156,8,4,1,1024,5234491392,1,0.9484,0.9254,0.9688,5519.0,156,8,20/20/20/20/19/19/19/19,156,1,964.57,0.77,941.33,963.92,2393.0,5426.8,-16.12
weak,weak,read,rr,chunked,157,8,4,1,1024,5268045824,1,0.9439,0.9214,0.9821,5581.0,157,8,20/20/20/20/20/19/19/19,157,1,928.76,0.83,905.98,928.32,2400.0,5672.1,15.17
weak,weak,read,rr,chunked,158,8,4,1,1024,5301600256,1,0.9552,0.9331,0.9664,5550.3,158,8,20/20/20/20/20/20/19/19,158,1,929.24,0.87,905.91,928.84,2386.0,5705.3,25.95
weak,weak,read,rr,chunked,159,8,4,1,1024,5335154688,1,0.9581,0.9389,0.9685,5568.5,159,8,20/20/20/20/20/20/20/19,159,1,960.56,0.89,935.69,960.12,2405.0,5554.2,-2.47
weak,weak,read,rr,chunked,160,8,4,1,1024,5368709120,1,0.9651,0.9526,0.9754,5562.7,160,8,20/20/20/20/20/20/20/20,160,1,960.96,0.79,938.91,960.92,2388.0,5586.8,4.17
weak,weak,read,rr,chunked,161,8,4,1,1024,5402263552,1,0.9678,0.9528,1.0056,5582.2,161,8,21/20/20/20/20/20/20/20,161,1,960.71,0.73,936.49,960.08,2397.0,5623.2,7.06
weak,weak,read,rr,chunked,162,8,4,1,1024,5435817984,1,0.9841,0.9637,1.0049,5523.7,162,8,21/21/20/20/20/20/20/20,162,1,1000.93,0.79,975.25,1000.28,2396.0,5430.8,-16.84
weak,weak,read,rr,chunked,163,8,4,1,1024,5469372416,1,0.9986,0.9855,1.0191,5476.9,163,8,21/21/21/20/20/20/20/20,163,1,981.81,0.73,959.14,981.24,2387.0,5570.7,16.82
weak,weak,read,rr,chunked,164,8,4,1,1024,5502926848,1,0.9953,0.9684,1.0074,5529.1,164,8,21/21/21/21/20/20/20/20,164,1,1000.05,0.89,979.14,999.2,2397.0,5502.7,-4.78
weak,weak,read,rr,chunked,165,8,4,1,1024,5536481280,1,1.0023,0.9881,1.0199,5523.5,165,8,21/21/21/21/21/20/20/20,165,1,1007.15,0.87,983.22,1006.4,2401.0,5497.2,-4.8
weak,weak,read,rr,chunked,166,8,4,1,1024,5570035712,1,0.9979,0.9719,1.0345,5581.7,166,8,21/21/21/21/21/21/20/20,166,1,997.79,0.75,974.49,997.12,2396.0,5582.4,0.12
weak,weak,read,rr,chunked,167,8,4,1,1024,5603590144,1,1.0146,0.9912,1.0278,5522.9,167,8,21/21/21/21/21/21/21/20,167,1,995.54,0.9,969.8,994.72,2406.0,5628.7,19.07
weak,weak,read,rr,chunked,168,8,4,1,1024,5637144576,1,1.0288,1.0051,1.0408,5479.2,168,8,21/21/21/21/21/21/21/21,168,1,1026.13,0.83,1001.34,1025.48,2395.0,5493.6,2.7
weak,weak,read,rr,chunked,169,8,4,1,1024,5670699008,1,1.0191,0.9854,1.0434,5564.6,169,8,22/21/21/21/21/21/21/21,169,1,1014.91,0.83,992.9,1014.32,2396.0,5587.4,4.16
weak,weak,read,rr,chunked,170,8,4,1,1024,5704253440,1,1.0243,0.9897,1.0781,5568.8,170,8,22/22/21/21/21/21/21/21,170,1,1010.31,0.91,987.11,1009.52,2390.0,5646.0,14.02
weak,weak,read,rr,chunked,171,8,4,1,1024,5737807872,1,1.0319,0.985,1.0779,5560.3,171,8,22/22/22/21/21/21/21/21,171,1,1045.17,0.87,1014.08,1044.64,2398.0,5489.8,-13.24
weak,weak,read,rr,chunked,172,8,4,1,1024,5771362304,1,1.0507,1.0207,1.1086,5492.9,172,8,22/22/22/22/21/21/21/21,172,1,1044.19,0.83,1018.03,1043.48,2403.0,5527.1,6.5
weak,weak,read,rr,chunked,173,8,4,1,1024,5804916736,1,1.0455,1.0128,1.0737,5552.3,173,8,22/22/22/22/22/21/21/21,173,1,1023.16,0.83,996.1,1022.8,2401.0,5673.5,22.33
weak,weak,read,rr,chunked,174,8,4,1,1024,5838471168,1,1.0502,1.0172,1.0936,5559.4,174,8,22/22/22/22/22/22/21/21,174,1,1052.68,0.79,1014.01,1052.36,2400.0,5546.3,-2.49
weak,weak,read,rr,chunked,175,8,4,1,1024,5872025600,1,1.0719,1.0351,1.1283,5478.0,175,8,22/22/22/22/22/22/22/21,175,1,1031.4,0.79,1006.3,1031.4,2393.0,5693.3,40.53
weak,weak,read,rr,chunked,176,8,4,1,1024,5905580032,1,1.0733,1.0293,1.0992,5502.5,176,8,22/22/22/22/22/22/22/22,176,1,1055.83,0.91,1029.42,1055.04,2393.0,5593.3,17.42
weak,weak,read,rr,chunked,177,8,4,1,1024,5939134464,1,1.0757,1.0398,1.1047,5521.3,177,8,23/22/22/22/22/22/22/22,177,1,1043.49,0.79,1020.52,1042.92,2394.0,5691.6,32.18
weak,weak,read,rr,chunked,178,8,4,1,1024,5972688896,1,1.076,1.065,1.0949,5550.8,178,8,23/23/22/22/22/22/22/22,178,1,1071.0,0.75,1042.4,1070.64,2390.0,5576.7,5.01
weak,weak,read,rr,chunked,179,8,4,1,1024,6006243328,1,1.0749,1.0395,1.1235,5587.6,179,8,23/23/23/22/22/22/22/22,179,1,1057.15,0.75,1029.8,1056.56,2390.0,5681.5,17.78
weak,weak,read,rr,chunked,180,8,4,1,1024,6039797760,1,1.0833,1.0445,1.1119,5575.3,180,8,23/23/23/23/22/22/22/22,180,1,1077.64,0.85,1051.41,1077.64,2388.0,5604.7,5.67
weak,weak,read,rr,chunked,181,8,4,1,1024,6073352192,1,1.093,1.0384,1.1187,5556.7,181,8,23/23/23/23/23/22/22/22,181,1,1091.41,0.87,1054.55,1090.88,2398.0,5564.7,1.56
weak,weak,read,rr,chunked,182,8,4,1,1024,6106906624,1,1.0899,1.0349,1.1188,5603.0,182,8,23/23/23/23/23/23/22/22,182,1,1084.11,0.87,1045.63,1083.48,2401.0,5633.1,5.82
weak,weak,read,rr,chunked,183,8,4,1,1024,6140461056,1,1.0822,1.0549,1.1275,5674.1,183,8,23/23/23/23/23/23/23/22,183,1,1069.83,0.79,1042.78,1069.32,2395.0,5739.7,12.36
weak,weak,read,rr,chunked,184,8,4,1,1024,6174015488,1,1.0972,1.0771,1.1303,5627.2,184,8,23/23/23/23/23/23/23/23,184,1,1081.96,0.75,1055.74,1081.96,2395.0,5706.3,15.21
weak,weak,read,rr,chunked,185,8,4,1,1024,6207569920,1,1.099,1.0373,1.1246,5648.2,185,8,24/23/23/23/23/23/23/23,185,1,1098.23,0.87,1067.54,1098.2,2395.0,5652.3,0.8
weak,weak,read,rr,chunked,186,8,4,1,1024,6241124352,1,1.0997,1.0909,1.1575,5675.2,186,8,24/24/23/23/23/23/23/23,186,1,1102.55,0.83,1067.44,1101.88,2389.0,5660.6,-2.84
weak,weak,read,rr,chunked,187,8,4,1,1024,6274678784,1,1.0987,1.0688,1.1928,5710.8,187,8,24/24/24/23/23/23/23/23,187,1,1081.71,0.89,1055.33,1081.04,2388.0,5800.7,17.02
weak,weak,read,rr,chunked,188,8,4,1,1024,6308233216,1,1.1102,1.0937,1.1269,5682.3,188,8,24/24/24/24/23/23/23/23,188,1,1112.51,0.87,1084.0,1111.84,2383.0,5670.3,-2.36
weak,weak,read,rr,chunked,189,8,4,1,1024,6341787648,1,1.1202,1.1008,1.1637,5661.2,189,8,24/24/24/24/24/23/23/23,189,1,1110.7,0.83,1080.73,1110.28,2399.0,5709.7,9.51
weak,weak,read,rr,chunked,190,8,4,1,1024,6375342080,1,1.1217,1.1022,1.1707,5683.9,190,8,24/24/24/24/24/24/23/23,190,1,1141.6,0.71,1106.41,1141.6,2393.0,5584.6,-19.95
weak,weak,read,rr,chunked,191,8,4,1,1024,6408896512,1,1.1418,1.0815,1.1821,5613.1,191,8,24/24/24/24/24/24/24/23,191,1,1077.4,0.98,1050.93,1077.36,2405.0,5948.5,64.37
weak,weak,read,rr,chunked,192,8,4,1,1024,6442450944,1,1.1416,1.104,1.1637,5643.2,192,8,24/24/24/24/24/24/24/24,192,1,1123.59,0.99,1081.17,1122.84,2380.0,5733.8,18.04
weak,weak,read,rr,chunked,193,8,4,1,1024,6476005376,1,1.155,1.1033,1.2037,5606.9,193,8,25/24/24/24/24/24/24/24,193,1,1149.3,0.89,1115.77,1148.88,2388.0,5634.7,5.71
weak,weak,read,rr,chunked,194,8,4,1,1024,6509559808,1,1.1518,1.1118,1.1841,5651.6,194,8,25/25/24/24/24/24/24/24,194,1,1158.55,0.8,1114.08,1157.92,2387.0,5618.7,-6.74
weak,weak,read,rr,chunked,195,8,4,1,1024,6543114240,1,1.1361,1.1047,1.201,5759.2,195,8,25/25/25/24/24/24/24/24,195,1,1151.57,0.69,1111.64,1150.96,2408.0,5681.9,-15.46
weak,weak,read,rr,chunked,196,8,4,1,1024,6576668672,1,1.1503,1.1176,1.2114,5717.2,196,8,25/25/25/25/24/24/24/24,196,1,1148.56,0.71,1115.83,1148.48,2392.0,5726.0,1.77
weak,weak,read,rr,chunked,197,8,4,1,1024,6610223104,1,1.1579,1.1325,1.2417,5708.6,197,8,25/25/25/25/25/24/24/24,197,1,1187.48,0.83,1131.0,1187.44,2387.0,5566.6,-29.55
weak,weak,read,rr,chunked,198,8,4,1,1024,6643777536,1,1.159,1.1318,1.2231,5732.3,198,8,25/25/25/25/25/25/24/24,198,1,1145.75,0.95,1107.92,1145.12,2399.0,5798.6,13.26
weak,weak,read,rr,chunked,199,8,4,1,1024,6677331968,1,1.1672,1.1502,1.2411,5720.8,199,8,25/25/25/25/25/25/25/24,199,1,1146.26,0.91,1117.85,1145.88,2390.0,5825.3,20.95
weak,weak,read,rr,chunked,200,8,4,1,1024,6710886400,1,1.1744,1.139,1.2397,5714.5,200,8,25/25/25/25/25/25/25/25,200,1,1171.34,0.79,1137.34,1170.84,2389.0,5729.2,3.01
weak,weak,read,rr,chunked,201,8,4,1,1024,6744440832,1,1.2089,1.1615,1.2782,5579.0,201,8,26/25/25/25/25/25/25/25,201,1,1194.85,0.83,1150.66,1194.36,2399.0,5644.6,14.04
weak,weak,read,rr,chunked,202,8,4,1,1024,6777995264,1,1.1892,1.1542,1.2536,5699.5,202,8,26/26/25/25/25/25/25/25,202,1,1150.59,0.71,1111.56,1150.0,2393.0,5890.9,38.64
weak,weak,read,rr,chunked,203,8,4,1,1024,6811549696,1,1.1841,1.1507,1.2335,5752.4,203,8,26/26/26/25/25/25/25/25,203,1,1224.82,1.01,1189.19,1224.8,2386.0,5561.3,-40.69
weak,weak,read,rr,chunked,204,8,4,1,1024,6845104128,1,1.2161,1.1749,1.2529,5628.9,204,8,26/26/26/26/25/25/25/25,204,1,1187.08,0.87,1129.84,1187.04,2387.0,5766.3,28.99
weak,weak,read,rr,chunked,205,8,4,1,1024,6878658560,1,1.21,1.18,1.2689,5685.1,205,8,26/26/26/26/26/25/25/25,205,1,1195.8,0.79,1157.32,1195.8,2399.0,5752.3,14.15
weak,weak,read,rr,chunked,206,8,4,1,1024,6912212992,1,1.2356,1.1885,1.3129,5594.3,206,8,26/26/26/26/26/26/25/25,206,1,1234.23,0.84,1172.95,1233.52,2391.0,5600.4,1.34
weak,weak,read,rr,chunked,207,8,4,1,1024,6945767424,1,1.2364,1.1803,1.2807,5617.8,207,8,26/26/26/26/26/26/26/25,207,1,1176.43,0.75,1127.42,1175.8,2401.0,5904.1,59.96
weak,weak,read,rr,chunked,208,8,4,1,1024,6979321856,1,1.2248,1.1992,1.246,5698.2,208,8,26/26/26/26/26/26/26/26,208,1,1229.32,0.91,1189.45,1229.24,2395.0,5677.4,-4.49
weak,weak,read,rr,chunked,209,8,4,1,1024,7012876288,1,1.2127,1.1767,1.2881,5782.8,209,8,27/26/26/26/26/26/26/26,209,1,1188.81,0.83,1149.48,1188.24,2378.0,5899.1,23.9
weak,weak,read,rr,chunked,210,8,4,1,1024,7046430720,1,1.2449,1.2097,1.3333,5660.2,210,8,27/27/26/26/26/26/26/26,210,1,1238.77,0.91,1195.59,1238.32,2402.0,5688.2,6.14
weak,weak,read,rr,chunked,211,8,4,1,1024,7079985152,1,1.2727,1.1822,1.3368,5563.0,211,8,27/27/27/26/26/26/26/26,211,1,1230.0,0.81,1180.74,1230.0,2390.0,5756.1,42.69
weak,weak,read,rr,chunked,212,8,4,1,1024,7113539584,1,1.2673,1.2414,1.3743,5613.0,212,8,27/27/27/27/26/26/26/26,212,1,1252.93,0.9,1194.51,1252.88,2385.0,5677.5,14.4
weak,weak,read,rr,chunked,213,8,4,1,1024,7147094016,1,1.2639,1.2217,1.3077,5654.9,213,8,27/27/27/27/27/26/26/26,213,1,1277.26,0.85,1228.39,1276.84,2397.0,5595.6,-13.39
weak,weak,read,rr,chunked,214,8,4,1,1024,7180648448,1,1.2434,1.1916,1.3013,5775.0,214,8,27/27/27/27/27/27/26/26,214,1,1279.33,0.83,1219.98,1278.72,2395.0,5612.8,-35.94
weak,weak,read,rr,chunked,215,8,4,1,1024,7214202880,1,1.2607,1.2103,1.2901,5722.4,215,8,27/27/27/27/27/27/27/26,215,1,1257.51,0.91,1214.3,1256.64,2398.0,5736.9,3.18
weak,weak,read,rr,chunked,216,8,4,1,1024,7247757312,1,1.2555,1.2301,1.2969,5773.0,216,8,27/27/27/27/27/27/27/27,216,1,1233.76,0.91,1186.37,1233.6,2387.0,5874.5,21.69
weak,weak,read,rr,chunked,217,8,4,1,1024,7281311744,1,1.2681,1.2133,1.366,5742.0,217,8,28/27/27/27/27/27/27/27,217,1,1355.8,0.75,1290.16,1355.72,2399.0,5370.5,-87.73
weak,weak,read,rr,chunked,218,8,4,1,1024,7314866176,1,1.3091,1.228,1.3525,5587.8,218,8,28/28/27/27/27/27/27/27,218,1,1284.08,0.79,1215.77,1284.08,2394.0,5696.6,24.99
weak,weak,read,rr,chunked,219,8,4,1,1024,7348420608,1,1.2938,1.217,1.3633,5679.7,219,8,28/28/28/27/27/27/27/27,219,1,1212.88,0.83,1167.23,1212.76,2395.0,6058.7,80.91
weak,weak,read,rr,chunked,220,8,4,1,1024,7381975040,1,1.2954,1.2762,1.3896,5698.7,220,8,28/28/28/28/27/27/27/27,220,1,1305.42,0.87,1244.19,1304.96,2397.0,5654.9,-10.05
weak,weak,read,rr,chunked,221,8,4,1,1024,7415529472,1,1.3155,1.2484,1.3781,5637.2,221,8,28/28/28/28/28/27/27/27,221,1,1302.2,0.97,1249.42,1302.08,2387.0,5694.6,13.25
weak,weak,read,rr,chunked,222,8,4,1,1024,7449083904,1,1.3208,1.2408,1.3809,5639.8,222,8,28/28/28/28/28/28/27/27,222,1,1351.9,0.79,1274.03,1351.4,2388.0,5510.1,-31.09
weak,weak,read,rr,chunked,223,8,4,1,1024,7482638336,1,1.3083,1.2883,1.3533,5719.5,223,8,28/28/28/28/28/28/28/27,223,1,1301.89,0.88,1252.15,1301.44,2394.0,5747.5,6.38
weak,weak,read,rr,chunked,224,8,4,1,1024,7516192768,1,1.3059,1.2626,1.4037,5755.4,224,8,28/28/28/28/28/28/28/28,224,1,1346.35,0.75,1274.46,1345.72,2389.0,5582.6,-40.42
weak,weak,read,rr,chunked,225,8,4,1,1024,7549747200,1,1.3413,1.2895,1.369,5628.7,225,8,29/28/28/28/28/28/28/28,225,1,1298.95,0.89,1260.72,1298.68,2403.0,5812.2,42.34
weak,weak,read,rr,chunked,226,8,4,1,1024,7583301632,1,1.3347,1.2974,1.3629,5681.7,226,8,29/29/28/28/28/28/28/28,226,1,1318.84,0.95,1266.2,1318.76,2394.0,5750.0,15.85
weak,weak,read,rr,chunked,227,8,4,1,1024,7616856064,1,1.3468,1.3221,1.4031,5655.5,227,8,29/29/29/28/28/28/28/28,227,1,1315.82,0.95,1253.25,1315.28,2389.0,5788.7,30.99
weak,weak,read,rr,chunked,228,8,4,1,1024,7650410496,1,1.3299,1.2779,1.4012,5752.5,228,8,29/29/29/29/28/28/28/28,228,1,1380.77,0.93,1297.97,1380.2,2395.0,5540.7,-50.84
weak,weak,read,rr,chunked,229,8,4,1,1024,7683964928,1,1.3623,1.2992,1.4071,5640.6,229,8,29/29/29/29/29/28/28/28,229,1,1403.26,0.83,1303.12,1402.56,2375.0,5475.8,-41.01
weak,weak,read,rr,chunked,230,8,4,1,1024,7717519360,1,1.3523,1.3131,1.4207,5707.0,230,8,29/29/29/29/29/29/28/28,230,1,1341.64,0.95,1277.23,1341.6,2403.0,5752.3,10.65
weak,weak,read,rr,chunked,231,8,4,1,1024,7751073792,1,1.3574,1.2807,1.3845,5710.3,231,8,29/29/29/29/29/29/29/28,231,1,1331.69,0.87,1270.43,1331.04,2384.0,5820.5,25.7
weak,weak,read,rr,chunked,232,8,4,1,1024,7784628224,1,1.3494,1.2892,1.399,5768.9,232,8,29/29/29/29/29/29/29/29,232,1,1352.14,0.83,1283.32,1351.76,2389.0,5757.3,-2.73
weak,weak,read,rr,chunked,233,8,4,1,1024,7818182656,1,1.3375,1.2955,1.3779,5845.3,233,8,30/29/29/29/29/29/29/29,233,1,1367.1,0.83,1307.54,1366.72,2394.0,5718.8,-29.59
weak,weak,read,rr,chunked,234,8,4,1,1024,7851737088,1,1.3671,1.308,1.4241,5743.5,234,8,30/30/29/29/29/29/29/29,234,1,1367.18,0.89,1308.93,1366.6,2396.0,5743.0,-0.13
weak,weak,read,rr,chunked,235,8,4,1,1024,7885291520,1,1.3729,1.3382,1.4342,5743.5,235,8,30/30/30/29/29/29/29/29,235,1,1371.81,0.83,1305.87,1371.24,2385.0,5748.1,1.1
weak,weak,read,rr,chunked,236,8,4,1,1024,7918845952,1,1.3963,1.3811,1.4433,5671.2,236,8,30/30/30/30/29/29/29/29,236,1,1439.35,0.99,1372.57,1438.52,2378.0,5501.7,-43.02
weak,weak,read,rr,chunked,237,8,4,1,1024,7952400384,1,1.4045,1.3812,1.4855,5662.2,237,8,30/30/30/30/30/29/29/29,237,1,1382.84,0.87,1289.0,1382.8,2384.0,5750.8,21.63
weak,weak,read,rr,chunked,238,8,4,1,1024,7985954816,1,1.3876,1.3583,1.4076,5755.1,238,8,30/30/30/30/30/30/29/29,238,1,1399.8,0.97,1331.35,1399.76,2385.0,5705.1,-12.17
weak,weak,read,rr,chunked,239,8,4,1,1024,8019509248,1,1.4084,1.372,1.4863,5694.1,239,8,30/30/30/30/30/30/30/29,239,1,1393.5,0.81,1330.44,1392.96,2392.0,5754.9,14.89
weak,weak,read,rr,chunked,240,8,4,1,1024,8053063680,1,1.4103,1.3627,1.4601,5710.0,240,8,30/30/30/30/30/30/30/30,240,1,1411.69,0.85,1332.27,1411.2,2394.0,5704.6,-1.36
weak,weak,read,rr,chunked,241,8,4,1,1024,8086618112,1,1.4217,1.3879,1.4805,5688.1,241,8,31/30/30/30/30/30/30/30,241,1,1399.6,0.71,1326.46,1399.52,2391.0,5777.8,22.07
weak,weak,read,rr,chunked,242,8,4,1,1024,8120172544,1,1.4289,1.3803,1.4635,5683.0,242,8,31/31/30/30/30/30/30/30,242,1,1459.64,0.91,1369.35,1459.6,2392.0,5563.1,-30.79
weak,weak,read,rr,chunked,243,8,4,1,1024,8153726976,1,1.452,1.3899,1.5223,5615.4,243,8,31/31/31/30/30/30/30/30,243,1,1438.29,0.95,1360.95,1437.76,2396.0,5669.0,13.75
weak,weak,read,rr,chunked,244,8,4,1,1024,8187281408,1,1.4434,1.3973,1.4953,5672.2,244,8,31/31/31/31/30/30/30/30,244,1,1417.05,0.79,1345.34,1416.52,2389.0,5777.7,26.35
weak,weak,read,rr,chunked,245,8,4,1,1024,8220835840,1,1.4419,1.4111,1.5006,5701.6,245,8,31/31/31/31/31/30/30/30,245,1,1409.4,0.81,1337.74,1409.36,2386.0,5832.9,32.46
weak,weak,read,rr,chunked,246,8,4,1,1024,8254390272,1,1.4526,1.4025,1.4863,5682.4,246,8,31/31/31/31/31/31/30/30,246,1,1446.88,0.85,1352.15,1446.84,2400.0,5705.0,5.74
weak,weak,read,rr,chunked,247,8,4,1,1024,8287944704,1,1.467,1.4309,1.5182,5649.7,247,8,31/31/31/31/31/31/31/30,247,1,1480.71,0.87,1390.87,1480.08,2397.0,5597.3,-13.74
weak,weak,read,rr,chunked,248,8,4,1,1024,8321499136,1,1.4473,1.4189,1.5167,5749.8,248,8,31/31/31/31/31/31/31/31,248,1,1464.97,0.91,1392.2,1464.36,2384.0,5680.3,-17.7
weak,weak,read,rr,chunked,249,8,4,1,1024,8355053568,1,1.4563,1.4107,1.4812,5737.3,249,8,32/31/31/31/31/31/31/31,249,1,1465.72,0.95,1384.72,1465.64,2383.0,5700.3,-9.45
weak,weak,read,rr,chunked,250,8,4,1,1024,8388608000,1,1.4722,1.4493,1.5717,5698.2,250,8,32/32/31/31/31/31/31/31,250,1,1467.64,0.79,1364.77,1467.6,2384.0,5715.7,4.52
weak,weak,read,rr,chunked,251,8,4,1,1024,8422162432,1,1.4678,1.4053,1.5167,5738.0,251,8,32/32/32/31/31/31/31/31,251,1,1469.69,0.85,1374.32,1469.12,2397.0,5730.6,-1.92
weak,weak,read,rr,chunked,252,8,4,1,1024,8455716864,1,1.514,1.4616,1.5863,5584.9,252,8,32/32/32/32/31/31/31/31,252,1,1457.68,0.71,1380.79,1457.68,2392.0,5800.8,56.36
weak,weak,read,rr,chunked,253,8,4,1,1024,8489271296,1,1.5067,1.4317,1.5553,5634.4,253,8,32/32/32/32/32/31/31/31,253,1,1542.27,0.91,1431.75,1541.64,2393.0,5504.4,-35.57
weak,weak,read,rr,chunked,254,8,4,1,1024,8522825728,1,1.4793,1.4434,1.6117,5761.5,254,8,32/32/32/32/32/32/31/31,254,1,1526.29,0.93,1438.02,1525.56,2393.0,5584.0,-47.02
weak,weak,read,rr,chunked,255,8,4,1,1024,8556380160,1,1.5084,1.4745,1.5866,5672.5,255,8,32/32/32/32/32/32/32/31,255,1,1582.8,0.84,1448.69,1582.72,2395.0,5405.9,-74.4
weak,weak,read,rr,chunked,256,8,4,1,1024,8589934592,1,1.5295,1.5069,1.5687,5616.3,256,8,32/32/32/32/32/32/32/32,256,1,1502.88,0.83,1405.69,1502.8,2397.0,5715.6,26.6
weak,weak,read,packed,chunked,1,8,4,1,1024,33554432,1,0.545,0.5384,0.5494,61.6,1,1,1/0/0/0/0/0/0/0,1,1,542.24,0.0,542.24,542.24,2409.0,61.9,2.75
weak,weak,read,packed,chunked,2,8,4,1,1024,67108864,1,0.542,0.5355,0.5479,123.8,2,1,2/0/0/0/0/0/0/0,2,1,532.68,0.0,531.92,532.68,2401.0,126.0,9.36
weak,weak,read,packed,chunked,3,8,4,1,1024,100663296,1,0.5413,0.5389,0.5504,186.0,3,1,3/0/0/0/0/0/0/0,3,1,536.92,0.0,535.33,536.92,2413.0,187.5,4.43
weak,weak,read,packed,chunked,4,8,4,1,1024,134217728,1,0.546,0.5434,0.557,245.8,4,1,4/0/0/0/0/0/0/0,4,1,541.04,0.0,537.99,541.04,2413.0,248.1,4.97
weak,weak,read,packed,chunked,5,8,4,1,1024,167772160,1,0.5454,0.5414,0.5519,307.6,5,1,5/0/0/0/0/0/0/0,5,1,537.12,0.0,535.35,537.12,2416.0,312.4,8.32
weak,weak,read,packed,chunked,6,8,4,1,1024,201326592,1,0.5477,0.5432,0.5589,367.6,6,1,6/0/0/0/0/0/0/0,6,1,545.0,0.0,540.23,545.0,2392.0,369.4,2.74
weak,weak,read,packed,chunked,7,8,4,1,1024,234881024,1,0.5517,0.5496,0.5589,425.7,7,1,7/0/0/0/0/0/0/0,7,1,547.28,0.04,544.35,547.28,2394.0,429.2,4.47
weak,weak,read,packed,chunked,8,8,4,1,1024,268435456,1,0.5551,0.5506,0.56,483.6,8,1,8/0/0/0/0/0/0/0,8,1,546.8,0.04,543.66,546.8,2407.0,490.9,8.31
weak,weak,read,packed,chunked,9,8,4,1,1024,301989888,1,0.5579,0.5542,0.5619,541.3,9,1,9/0/0/0/0/0/0/0,9,1,553.16,0.04,549.02,553.16,2389.0,545.9,4.75
weak,weak,read,packed,chunked,10,8,4,1,1024,335544320,1,0.5622,0.559,0.5683,596.8,10,1,10/0/0/0/0/0/0/0,10,1,558.44,0.04,550.04,558.4,2395.0,600.9,3.81
weak,weak,read,packed,chunked,11,8,4,1,1024,369098752,1,0.5604,0.5558,0.5702,658.6,11,1,11/0/0/0/0/0/0/0,11,1,555.72,0.04,552.4,555.68,2383.0,664.2,4.69
weak,weak,read,packed,chunked,12,8,4,1,1024,402653184,1,0.5624,0.5572,0.5656,715.9,12,1,12/0/0/0/0/0/0/0,12,1,558.72,0.08,553.15,558.68,2403.0,720.7,3.73
weak,weak,read,packed,chunked,13,8,4,1,1024,436207616,1,0.5708,0.5665,0.577,764.2,13,1,13/0/0/0/0/0/0/0,13,1,566.08,0.08,559.6,566.0,2402.0,770.6,4.71
weak,weak,read,packed,chunked,14,8,4,1,1024,469762048,1,0.5738,0.569,0.5822,818.7,14,1,14/0/0/0/0/0/0/0,14,1,570.28,0.04,563.09,570.28,2400.0,823.7,3.51
weak,weak,read,packed,chunked,15,8,4,1,1024,503316480,1,0.5741,0.5712,0.5813,876.6,15,1,15/0/0/0/0/0/0/0,15,1,577.0,0.08,567.63,576.92,2391.0,872.3,-2.85
weak,weak,read,packed,chunked,16,8,4,1,1024,536870912,1,0.5758,0.5722,0.5822,932.3,16,1,16/0/0/0/0/0/0/0,16,1,569.84,0.04,563.74,569.84,2410.0,942.1,5.99
weak,weak,read,packed,chunked,17,8,4,1,1024,570425344,1,0.5831,0.5763,0.5884,978.3,17,1,17/0/0/0/0/0/0/0,17,1,579.88,0.08,570.19,579.84,2394.0,983.7,3.23
weak,weak,read,packed,chunked,18,8,4,1,1024,603979776,1,0.59,0.5848,0.5954,1023.6,18,1,18/0/0/0/0/0/0/0,18,1,585.76,0.08,576.52,585.68,2408.0,1031.1,4.29
weak,weak,read,packed,chunked,19,8,4,1,1024,637534208,1,0.5933,0.5892,0.5991,1074.6,19,1,19/0/0/0/0/0/0/0,19,1,584.8,0.08,574.66,584.76,2405.0,1090.2,8.47
weak,weak,read,packed,chunked,20,8,4,1,1024,671088640,1,0.5977,0.5936,0.6051,1122.8,20,1,20/0/0/0/0/0/0/0,20,1,593.16,0.08,586.66,593.08,2378.0,1131.4,4.53
weak,weak,read,packed,chunked,21,8,4,1,1024,704643072,1,0.6034,0.5982,0.613,1167.7,21,1,21/0/0/0/0/0/0/0,21,1,599.44,0.08,588.5,599.36,2362.0,1175.5,4.01
weak,weak,read,packed,chunked,22,8,4,1,1024,738197504,1,0.6087,0.6028,0.6161,1212.8,22,1,22/0/0/0/0/0/0/0,22,1,603.48,0.12,597.19,603.4,2361.0,1223.2,5.21
weak,weak,read,packed,chunked,23,8,4,1,1024,771751936,1,0.6195,0.6118,0.6288,1245.8,23,1,23/0/0/0/0/0/0/0,23,1,612.04,0.08,605.45,611.96,2384.0,1261.0,7.45
weak,weak,read,packed,chunked,24,8,4,1,1024,805306368,1,0.6297,0.6276,0.6387,1278.9,24,1,24/0/0/0/0/0/0/0,24,1,625.96,0.12,618.58,625.88,2405.0,1286.5,3.75
weak,weak,read,packed,chunked,25,8,4,1,1024,838860800,1,0.6473,0.6425,0.6566,1295.8,25,1,25/0/0/0/0/0/0/0,25,1,640.72,0.12,631.75,640.64,2362.0,1309.2,6.63
weak,weak,read,packed,chunked,26,8,4,1,1024,872415232,1,0.6665,0.6644,0.6794,1308.9,26,1,26/0/0/0/0/0/0/0,26,1,661.96,0.12,651.26,661.96,2379.0,1317.9,4.59
weak,weak,read,packed,chunked,27,8,4,1,1024,905969664,1,0.6885,0.6834,0.693,1315.9,27,1,27/0/0/0/0/0/0/0,27,1,681.76,0.12,672.95,681.76,2403.0,1328.9,6.71
weak,weak,read,packed,chunked,28,8,4,1,1024,939524096,1,0.7093,0.7064,0.7158,1324.5,28,1,28/0/0/0/0/0/0/0,28,1,701.96,0.12,695.65,701.88,2399.0,1338.4,7.37
weak,weak,read,packed,chunked,29,8,4,1,1024,973078528,1,0.7327,0.7302,0.738,1328.1,29,1,29/0/0/0/0/0/0/0,29,1,726.24,0.16,719.8,726.16,2381.0,1339.9,6.45
weak,weak,read,packed,chunked,30,8,4,1,1024,1006632960,1,0.7561,0.7544,0.7634,1331.3,30,1,30/0/0/0/0/0/0/0,30,1,751.2,0.12,746.21,751.12,2399.0,1340.0,4.93
weak,weak,read,packed,chunked,31,8,4,1,1024,1040187392,1,0.7838,0.7807,0.7877,1327.0,31,1,31/0/0/0/0/0/0/0,31,1,776.44,0.12,768.82,776.32,2394.0,1339.7,7.41
weak,weak,read,packed,chunked,32,8,4,1,1024,1073741824,1,0.8061,0.8036,0.8124,1332.0,32,1,32/0/0/0/0/0/0/0,32,1,804.08,0.16,799.06,804.08,2405.0,1335.4,2.03
weak,weak,read,packed,chunked,33,8,4,1,1024,1107296256,1,0.8055,0.8021,0.8116,1374.7,33,2,32/1/0/0/0/0/0/0,33,1,798.16,0.56,786.28,797.68,2408.0,1387.3,7.33
weak,weak,read,packed,chunked,34,8,4,1,1024,1140850688,1,0.8065,0.8028,0.8133,1414.6,34,2,32/2/0/0/0/0/0/0,34,1,803.72,0.6,784.2,803.2,2397.0,1419.5,2.79
weak,weak,read,packed,chunked,35,8,4,1,1024,1174405120,1,0.805,0.8021,0.8105,1458.8,35,2,32/3/0/0/0/0/0/0,35,1,801.84,0.56,774.0,801.4,2383.0,1464.6,3.21
weak,weak,read,packed,chunked,36,8,4,1,1024,1207959552,1,0.8058,0.8025,0.8129,1499.1,36,2,32/4/0/0/0/0/0/0,36,1,799.0,0.6,767.15,798.48,2388.0,1511.8,6.77
weak,weak,read,packed,chunked,37,8,4,1,1024,1241513984,1,0.8063,0.8026,0.8128,1539.7,37,2,32/5/0/0/0/0/0/0,37,1,808.6,0.36,766.57,808.28,2393.0,1535.4,-2.27
weak,weak,read,packed,chunked,38,8,4,1,1024,1275068416,1,0.8055,0.8016,0.8098,1582.9,38,2,32/6/0/0/0/0/0/0,38,1,797.6,0.56,755.84,797.08,2396.0,1598.6,7.95
weak,weak,read,packed,chunked,39,8,4,1,1024,1308622848,1,0.8057,0.8025,0.8103,1624.2,39,2,32/7/0/0/0/0/0/0,39,1,806.28,0.52,757.38,805.84,2381.0,1623.0,-0.57
weak,weak,read,packed,chunked,40,8,4,1,1024,1342177280,1,0.8054,0.8026,0.8074,1666.5,40,2,32/8/0/0/0/0/0/0,40,1,801.32,0.56,748.01,800.8,2358.0,1675.0,4.07
weak,weak,read,packed,chunked,41,8,4,1,1024,1375731712,1,0.8047,0.8022,0.8108,1709.6,41,2,32/9/0/0/0/0/0/0,41,1,800.12,0.32,742.72,799.92,2363.0,1719.4,4.59
weak,weak,read,packed,chunked,42,8,4,1,1024,1409286144,1,0.8065,0.8024,0.8119,1747.3,42,2,32/10/0/0/0/0/0/0,42,1,806.6,0.64,743.83,806.04,2370.0,1747.2,-0.07
weak,weak,read,packed,chunked,43,8,4,1,1024,1442840576,1,0.8069,0.8014,0.8105,1788.2,43,2,32/11/0/0/0/0/0/0,43,1,797.6,0.68,734.75,796.92,2367.0,1809.0,9.27
weak,weak,read,packed,chunked,44,8,4,1,1024,1476395008,1,0.8048,0.8023,0.8114,1834.5,44,2,32/12/0/0/0/0/0/0,44,1,807.28,0.48,737.1,806.88,2381.0,1828.9,-2.49
weak,weak,read,packed,chunked,45,8,4,1,1024,1509949440,1,0.805,0.8027,0.8098,1875.8,45,2,32/13/0/0/0/0/0/0,45,1,799.44,0.84,729.85,798.72,2370.0,1888.8,5.53
weak,weak,read,packed,chunked,46,8,4,1,1024,1543503872,1,0.8062,0.8028,0.81,1914.4,46,2,32/14/0/0/0/0/0/0,46,1,800.0,0.64,725.06,799.44,2372.0,1929.4,6.25
weak,weak,read,packed,chunked,47,8,4,1,1024,1577058304,1,0.8067,0.8035,0.8123,1954.9,47,2,32/15/0/0/0/0/0/0,47,1,807.72,0.24,727.71,807.56,2386.0,1952.5,-0.99
weak,weak,read,packed,chunked,48,8,4,1,1024,1610612736,1,0.8062,0.8022,0.8104,1997.8,48,2,32/16/0/0/0/0/0/0,48,1,798.16,0.52,720.69,797.72,2381.0,2017.9,8.05
weak,weak,read,packed,chunked,49,8,4,1,1024,1644167168,1,0.8072,0.8033,0.8107,2037.0,49,2,32/17/0/0/0/0/0/0,49,1,806.04,0.4,724.89,805.68,2393.0,2039.8,1.13
weak,weak,read,packed,chunked,50,8,4,1,1024,1677721600,1,0.8048,0.8024,0.8099,2084.5,50,2,32/18/0/0/0/0/0/0,50,1,798.52,0.68,718.59,797.92,2370.0,2101.0,6.33
weak,weak,read,packed,chunked,51,8,4,1,1024,1711276032,1,0.8058,0.8032,0.8106,2123.8,51,2,32/19/0/0/0/0/0/0,51,1,799.52,0.84,716.79,798.76,2386.0,2140.4,6.25
weak,weak,read,packed,chunked,52,8,4,1,1024,1744830464,1,0.8078,0.8023,0.8116,2159.8,52,2,32/20/0/0/0/0/0/0,52,1,806.48,0.64,720.64,806.0,2376.0,2163.5,1.37
weak,weak,read,packed,chunked,53,8,4,1,1024,1778384896,1,0.8056,0.8021,0.8108,2207.4,53,2,32/21/0/0/0/0/0/0,53,1,799.8,0.52,715.71,799.36,2385.0,2223.5,5.85
weak,weak,read,packed,chunked,54,8,4,1,1024,1811939328,1,0.8057,0.8036,0.8112,2248.8,54,2,32/22/0/0/0/0/0/0,54,1,806.8,0.24,722.98,806.6,2368.0,2245.8,-1.07
weak,weak,read,packed,chunked,55,8,4,1,1024,1845493760,1,0.8045,0.8021,0.8105,2294.0,55,2,32/23/0/0/0/0/0/0,55,1,800.6,0.6,719.07,800.0,2401.0,2305.1,3.89
weak,weak,read,packed,chunked,56,8,4,1,1024,1879048192,1,0.8059,0.8029,0.812,2331.5,56,2,32/24/0/0/0/0/0/0,56,1,799.72,0.72,721.22,799.04,2395.0,2349.6,6.21
weak,weak,read,packed,chunked,57,8,4,1,1024,1912602624,1,0.8067,0.8031,0.812,2371.0,57,2,32/25/0/0/0/0/0/0,57,1,808.08,0.56,730.97,807.6,2387.0,2366.8,-1.41
weak,weak,read,packed,chunked,58,8,4,1,1024,1946157056,1,0.8062,0.8032,0.8125,2413.9,58,2,32/26/0/0/0/0/0/0,58,1,802.4,0.44,730.84,802.04,2401.0,2425.4,3.83
weak,weak,read,packed,chunked,59,8,4,1,1024,1979711488,1,0.8059,0.8032,0.8092,2456.6,59,2,32/27/0/0/0/0/0/0,59,1,805.12,0.44,746.95,804.8,2400.0,2458.9,0.77
weak,weak,read,packed,chunked,60,8,4,1,1024,2013265920,1,0.8056,0.8039,0.8104,2499.1,60,2,32/28/0/0/0/0/0/0,60,1,801.68,0.6,749.76,801.12,2394.0,2511.3,3.93
weak,weak,read,packed,chunked,61,8,4,1,1024,2046820352,1,0.805,0.8028,0.811,2542.5,61,2,32/29/0/0/0/0/0/0,61,1,799.52,0.68,758.59,798.92,2404.0,2560.1,5.51
weak,weak,read,packed,chunked,62,8,4,1,1024,2080374784,1,0.8075,0.8038,0.8149,2576.4,62,2,32/30/0/0/0/0/0/0,62,1,805.2,0.6,776.49,804.64,2402.0,2583.7,2.29
weak,weak,read,packed,chunked,63,8,4,1,1024,2113929216,1,0.8068,0.8038,0.8124,2620.0,63,2,32/31/0/0/0/0/0/0,63,1,799.52,0.24,781.45,799.36,2399.0,2644.0,7.31
weak,weak,read,packed,chunked,64,8,4,1,1024,2147483648,1,0.8073,0.804,0.8146,2660.1,64,2,32/32/0/0/0/0/0/0,64,1,808.0,0.56,799.74,807.48,2393.0,2657.8,-0.71
weak,weak,read,packed,chunked,65,8,4,1,1024,2181038080,1,0.8063,0.803,0.8127,2705.1,65,3,32/32/1/0/0/0/0/0,65,1,804.36,0.49,791.27,804.0,2390.0,2711.5,1.91
weak,weak,read,packed,chunked,66,8,4,1,1024,2214592512,1,0.8105,0.8034,0.8151,2732.3,66,3,32/32/2/0/0/0/0/0,66,1,799.56,0.61,788.09,799.08,2383.0,2769.8,10.97
weak,weak,read,packed,chunked,67,8,4,1,1024,2248146944,1,0.8118,0.8033,0.8149,2769.3,67,3,32/32/3/0/0/0/0/0,67,1,805.96,0.85,791.69,805.88,2401.0,2789.4,5.85
weak,weak,read,packed,chunked,68,8,4,1,1024,2281701376,1,0.8076,0.8034,0.8118,2825.2,68,3,32/32/4/0/0/0/0/0,68,1,803.28,0.69,784.0,802.72,2397.0,2840.5,4.35
weak,weak,read,packed,chunked,69,8,4,1,1024,2315255808,1,0.8069,0.8026,0.8118,2869.1,69,3,32/32/5/0/0/0/0/0,69,1,808.08,0.76,786.56,807.4,2392.0,2865.1,-1.13
weak,weak,read,packed,chunked,70,8,4,1,1024,2348810240,1,0.8068,0.8038,0.8131,2911.3,70,3,32/32/6/0/0/0/0/0,70,1,803.44,0.64,780.74,802.88,2388.0,2923.4,3.35
weak,weak,read,packed,chunked,71,8,4,1,1024,2382364672,1,0.8086,0.8046,0.8154,2946.3,71,3,32/32/7/0/0/0/0/0,71,1,801.28,0.57,775.52,800.84,2402.0,2973.2,7.31
weak,weak,read,packed,chunked,72,8,4,1,1024,2415919104,1,0.8081,0.805,0.8137,2989.5,72,3,32/32/8/0/0/0/0/0,72,1,806.84,0.29,779.79,806.64,2397.0,2994.3,1.29
weak,weak,read,packed,chunked,73,8,4,1,1024,2449473536,1,0.8078,0.8032,0.813,3032.2,73,3,32/32/9/0/0/0/0/0,73,1,801.68,0.65,772.97,801.68,2393.0,3055.4,6.13
weak,weak,read,packed,chunked,74,8,4,1,1024,2483027968,1,0.8091,0.8031,0.815,3068.9,74,3,32/32/10/0/0/0/0/0,74,1,804.72,0.84,773.01,804.04,2364.0,3085.6,4.37
weak,weak,read,packed,chunked,75,8,4,1,1024,2516582400,1,0.8089,0.8053,0.8154,3111.2,75,3,32/32/11/0/0/0/0/0,75,1,805.56,0.53,772.64,805.36,2406.0,3124.0,3.33
weak,weak,read,packed,chunked,76,8,4,1,1024,2550136832,1,0.8086,0.8059,0.8166,3153.7,76,3,32/32/12/0/0/0/0/0,76,1,801.84,0.45,767.13,801.48,2403.0,3180.4,6.79
weak,weak,read,packed,chunked,77,8,4,1,1024,2583691264,1,0.8096,0.8046,0.8118,3191.4,77,3,32/32/13/0/0/0/0/0,77,1,807.64,0.65,772.39,807.56,2391.0,3199.1,1.95
weak,weak,read,packed,chunked,78,8,4,1,1024,2617245696,1,0.8089,0.8038,0.8142,3235.4,78,3,32/32/14/0/0/0/0/0,78,1,804.76,0.61,766.07,804.32,2375.0,3252.2,4.17
weak,weak,read,packed,chunked,79,8,4,1,1024,2650800128,1,0.8093,0.805,0.8124,3275.2,79,3,32/32/15/0/0/0/0/0,79,1,801.04,0.57,763.28,800.6,2388.0,3309.2,8.31
weak,weak,read,packed,chunked,80,8,4,1,1024,2684354560,1,0.8104,0.8051,0.814,3312.5,80,3,32/32/16/0/0/0/0/0,80,1,809.96,0.61,770.31,809.6,2402.0,3314.2,0.41
weak,weak,read,packed,chunked,81,8,4,1,1024,2717908992,1,0.808,0.8036,0.8129,3363.8,81,3,32/32/17/0/0/0/0/0,81,1,801.4,0.24,762.0,801.2,2386.0,3391.5,6.59
weak,weak,read,packed,chunked,82,8,4,1,1024,2751463424,1,0.8102,0.8052,0.8149,3395.9,82,3,32/32/18/0/0/0/0/0,82,1,807.0,0.61,768.17,806.52,2376.0,3409.5,3.23
weak,weak,read,packed,chunked,83,8,4,1,1024,2785017856,1,0.8076,0.8044,0.8144,3448.5,83,3,32/32/19/0/0/0/0/0,83,1,804.6,0.73,764.15,804.04,2390.0,3461.4,3.01
weak,weak,read,packed,chunked,84,8,4,1,1024,2818572288,1,0.8107,0.8052,0.8139,3476.5,84,3,32/32/20/0/0/0/0/0,84,1,801.2,0.69,761.96,800.84,2386.0,3517.9,9.55
weak,weak,read,packed,chunked,85,8,4,1,1024,2852126720,1,0.8107,0.805,0.8152,3517.9,85,3,32/32/21/0/0/0/0/0,85,1,810.24,0.76,768.66,809.6,2403.0,3520.1,0.51
weak,weak,read,packed,chunked,86,8,4,1,1024,2885681152,1,0.8095,0.8045,0.8162,3564.6,86,3,32/32/22/0/0/0/0/0,86,1,805.56,0.33,765.3,805.36,2362.0,3582.2,3.99
weak,weak,read,packed,chunked,87,8,4,1,1024,2919235584,1,0.8081,0.8047,0.8164,3612.5,87,3,32/32/23/0/0/0/0/0,87,1,801.28,0.73,763.31,800.76,2378.0,3643.2,6.81
weak,weak,read,packed,chunked,88,8,4,1,1024,2952790016,1,0.8099,0.8055,0.8157,3645.7,88,3,32/32/24/0/0/0/0/0,88,1,809.0,0.81,771.58,808.8,2402.0,3649.9,0.93
weak,weak,read,packed,chunked,89,8,4,1,1024,2986344448,1,0.8119,0.807,0.8177,3678.4,89,3,32/32/25/0/0/0/0/0,89,1,803.0,0.65,766.77,802.52,2402.0,3719.0,8.87
weak,weak,read,packed,chunked,90,8,4,1,1024,3019898880,1,0.8107,0.8071,0.8186,3724.8,90,3,32/32/26/0/0/0/0/0,90,1,810.64,0.77,776.65,810.0,2403.0,3725.3,0.11
weak,weak,read,packed,chunked,91,8,4,1,1024,3053453312,1,0.8131,0.8076,0.8241,3755.4,91,3,32/32/27/0/0/0/0/0,91,1,806.92,0.64,774.73,806.36,2401.0,3784.1,6.17
weak,weak,read,packed,chunked,92,8,4,1,1024,3087007744,1,0.8165,0.8096,0.8238,3780.8,92,3,32/32/28/0/0/0/0/0,92,1,805.6,0.16,778.65,805.44,2400.0,3831.9,10.89
weak,weak,read,packed,chunked,93,8,4,1,1024,3120562176,1,0.8159,0.8108,0.8209,3824.5,93,3,32/32/29/0/0/0/0/0,93,1,815.84,0.76,788.85,815.2,2396.0,3825.0,0.11
weak,weak,read,packed,chunked,94,8,4,1,1024,3154116608,1,0.8154,0.8113,0.8236,3868.0,94,3,32/32/30/0/0/0/0/0,94,1,809.84,0.69,792.09,809.32,2402.0,3894.7,5.61
weak,weak,read,packed,chunked,95,8,4,1,1024,3187671040,1,0.8167,0.8115,0.8263,3903.2,95,3,32/32/31/0/0/0/0/0,95,1,811.68,0.77,796.87,811.24,2402.0,3927.3,5.01
weak,weak,read,packed,chunked,96,8,4,1,1024,3221225472,1,0.8206,0.8154,0.8257,3925.6,96,3,32/32/32/0/0/0/0/0,96,1,820.4,0.77,808.84,819.84,2404.0,3926.4,0.17
weak,weak,read,packed,chunked,97,8,4,1,1024,3254779904,1,0.8265,0.8185,0.8334,3937.9,97,4,32/32/32/1/0/0/0/0,97,1,823.21,0.57,812.47,822.76,2403.0,3953.8,3.32
weak,weak,read,packed,chunked,98,8,4,1,1024,3288334336,1,0.8331,0.8306,0.8422,3947.2,98,4,32/32/32/2/0/0/0/0,98,1,827.81,0.53,813.1,827.4,2404.0,3972.3,5.28
weak,weak,read,packed,chunked,99,8,4,1,1024,3321888768,1,0.841,0.8355,0.8497,3949.7,99,4,32/32/32/3/0/0/0/0,99,1,831.68,0.64,819.22,831.16,2403.0,3994.2,9.37
weak,weak,read,packed,chunked,100,8,4,1,1024,3355443200,1,0.8481,0.8431,0.8533,3956.4,100,4,32/32/32/4/0/0/0/0,100,1,839.24,0.77,824.37,838.64,2403.0,3998.2,8.87
weak,weak,read,packed,chunked,101,8,4,1,1024,3388997632,1,0.8599,0.8556,0.8629,3941.2,101,4,32/32/32/5/0/0/0/0,101,1,857.53,0.76,839.46,856.92,2371.0,3952.0,2.36
weak,weak,read,packed,chunked,102,8,4,1,1024,3422552064,1,0.8675,0.8619,0.8736,3945.4,102,4,32/32/32/6/0/0/0/0,102,1,867.16,0.65,848.73,866.8,2413.0,3946.9,0.31
weak,weak,read,packed,chunked,103,8,4,1,1024,3456106496,1,0.8737,0.8691,0.8781,3955.6,103,4,32/32/32/7/0/0/0/0,103,1,870.92,0.64,854.48,870.28,2408.0,3968.3,2.81
weak,weak,read,packed,chunked,104,8,4,1,1024,3489660928,1,0.8816,0.8791,0.8899,3958.1,104,4,32/32/32/8/0/0/0/0,104,1,880.64,0.65,862.26,880.08,2372.0,3962.6,1.01
weak,weak,read,packed,chunked,105,8,4,1,1024,3523215360,1,0.8899,0.8866,0.8995,3959.2,105,4,32/32/32/9/0/0/0/0,105,1,887.41,0.85,868.19,886.64,2397.0,3970.2,2.48
weak,weak,read,packed,chunked,106,8,4,1,1024,3556769792,1,0.8964,0.8939,0.901,3967.7,106,4,32/32/32/10/0/0/0/0,106,1,889.88,0.73,871.32,889.6,2378.0,3996.9,6.55
weak,weak,read,packed,chunked,107,8,4,1,1024,3590324224,1,0.903,0.9014,0.9151,3975.9,107,4,32/32/32/11/0/0/0/0,107,1,898.88,0.72,879.97,898.32,2402.0,3994.2,4.15
weak,weak,read,packed,chunked,108,8,4,1,1024,3623878656,1,0.9137,0.9083,0.9238,3966.2,108,4,32/32/32/12/0/0/0/0,108,1,910.0,0.57,887.4,909.68,2365.0,3982.3,3.69
weak,weak,read,packed,chunked,109,8,4,1,1024,3657433088,1,0.9202,0.9171,0.9269,3974.4,109,4,32/32/32/13/0/0/0/0,109,1,923.0,0.61,902.36,922.6,2399.0,3962.5,-2.75
weak,weak,read,packed,chunked,110,8,4,1,1024,3690987520,1,0.9283,0.9252,0.933,3976.2,110,4,32/32/32/14/0/0/0/0,110,1,929.05,0.61,907.72,928.56,2403.0,3972.9,-0.78
weak,weak,read,packed,chunked,111,8,4,1,1024,3724541952,1,0.9356,0.9313,0.9405,3980.8,111,4,32/32/32/15/0/0/0/0,111,1,931.24,0.96,910.78,930.36,2394.0,3999.6,4.39
weak,weak,read,packed,chunked,112,8,4,1,1024,3758096384,1,0.9442,0.9401,0.9518,3980.2,112,4,32/32/32/16/0/0/0/0,112,1,942.92,0.81,924.53,942.32,2379.0,3985.6,1.29
weak,weak,read,packed,chunked,113,8,4,1,1024,3791650816,1,0.9518,0.9477,0.9606,3983.5,113,4,32/32/32/17/0/0/0/0,113,1,943.56,0.24,924.21,943.44,2369.0,4018.5,8.27
weak,weak,read,packed,chunked,114,8,4,1,1024,3825205248,1,0.9618,0.9545,0.9676,3977.1,114,4,32/32/32/18/0/0/0/0,114,1,962.72,0.61,941.23,962.16,2400.0,3973.3,-0.91
weak,weak,read,packed,chunked,115,8,4,1,1024,3858759680,1,0.965,0.9621,0.9716,3998.7,115,4,32/32/32/19/0/0/0/0,115,1,958.01,0.57,939.38,957.52,2374.0,4027.9,7.0
weak,weak,read,packed,chunked,116,8,4,1,1024,3892314112,1,0.9771,0.9728,0.9887,3983.6,116,4,32/32/32/20/0/0/0/0,116,1,980.24,0.77,958.22,979.72,2376.0,3970.8,-3.15
weak,weak,read,packed,chunked,117,8,4,1,1024,3925868544,1,0.9829,0.9796,0.9901,3994.1,117,4,32/32/32/21/0/0/0/0,117,1,978.01,0.81,957.04,977.36,2376.0,4014.1,4.9
weak,weak,read,packed,chunked,118,8,4,1,1024,3959422976,1,0.9924,0.9893,0.9951,3989.8,118,4,32/32/32/22/0/0/0/0,118,1,988.41,0.77,968.29,987.72,2379.0,4005.9,3.98
weak,weak,read,packed,chunked,119,8,4,1,1024,3992977408,1,1.0,0.9914,1.0093,3993.0,119,4,32/32/32/23/0/0/0/0,119,1,1005.32,0.69,980.48,1004.76,2376.0,3971.8,-5.33
weak,weak,read,packed,chunked,120,8,4,1,1024,4026531840,1,1.0069,1.004,1.0127,3998.8,120,4,32/32/32/24/0/0/0/0,120,1,1002.81,0.85,980.35,1002.08,2377.0,4015.2,4.12
weak,weak,read,packed,chunked,121,8,4,1,1024,4060086272,1,1.0152,1.0117,1.0257,3999.4,121,4,32/32/32/25/0/0/0/0,121,1,1011.25,0.61,987.77,1010.72,2389.0,4014.9,3.92
weak,weak,read,packed,chunked,122,8,4,1,1024,4093640704,1,1.0239,1.0174,1.0276,3998.0,122,4,32/32/32/26/0/0/0/0,122,1,1013.64,0.81,994.37,1013.04,2379.0,4038.6,10.29
weak,weak,read,packed,chunked,123,8,4,1,1024,4127195136,1,1.033,1.0266,1.0373,3995.4,123,4,32/32/32/27/0/0/0/0,123,1,1028.52,0.81,1007.25,1028.0,2378.0,4012.8,4.47
weak,weak,read,packed,chunked,124,8,4,1,1024,4160749568,1,1.0405,1.0365,1.0448,3998.7,124,4,32/32/32/28/0/0/0/0,124,1,1033.89,0.68,1016.38,1033.32,2379.0,4024.4,6.64
weak,weak,read,packed,chunked,125,8,4,1,1024,4194304000,1,1.0459,1.0374,1.0601,4010.3,125,4,32/32/32/29/0/0/0/0,125,1,1041.37,0.65,1025.35,1040.84,2373.0,4027.7,4.5
weak,weak,read,packed,chunked,126,8,4,1,1024,4227858432,1,1.0578,1.0485,1.0668,3997.0,126,4,32/32/32/30/0/0/0/0,126,1,1050.21,0.65,1032.04,1049.68,2397.0,4025.7,7.56
weak,weak,read,packed,chunked,127,8,4,1,1024,4261412864,1,1.0704,1.0637,1.0753,3981.0,127,4,32/32/32/31/0/0/0/0,127,1,1059.77,0.6,1036.35,1059.4,2394.0,4021.1,10.66
weak,weak,read,packed,chunked,128,8,4,1,1024,4294967296,1,1.0731,1.0685,1.0782,4002.4,128,4,32/32/32/32/0/0/0/0,128,1,1065.97,0.96,1040.94,1065.32,2387.0,4029.2,7.14
weak,weak,read,packed,chunked,129,8,4,1,1024,4328521728,1,1.0731,1.0669,1.0808,4033.5,129,5,32/32/32/32/1/0/0/0,129,1,1076.52,0.71,1037.09,1076.32,2387.0,4020.8,-3.39
weak,weak,read,packed,chunked,130,8,4,1,1024,4362076160,1,1.077,1.0722,1.0868,4050.1,130,5,32/32/32/32/2/0/0/0,130,1,1073.16,0.85,1040.62,1073.0,2385.0,4064.7,3.87
weak,weak,read,packed,chunked,131,8,4,1,1024,4395630592,1,1.0826,1.0686,1.0871,4060.4,131,5,32/32/32/32/3/0/0/0,131,1,1078.52,0.75,1051.46,1078.16,2383.0,4075.6,4.05
weak,weak,read,packed,chunked,132,8,4,1,1024,4429185024,1,1.0773,1.0744,1.0843,4111.4,132,5,32/32/32/32/4/0/0/0,132,1,1071.04,0.83,1049.53,1070.64,2382.0,4135.4,6.25
weak,weak,read,packed,chunked,133,8,4,1,1024,4462739456,1,1.0835,1.0737,1.0863,4118.8,133,5,32/32/32/32/5/0/0/0,133,1,1082.33,1.01,1050.24,1081.48,2380.0,4123.3,1.18
weak,weak,read,packed,chunked,134,8,4,1,1024,4496293888,1,1.0819,1.071,1.0912,4155.8,134,5,32/32/32/32/6/0/0/0,134,1,1087.57,0.89,1029.35,1086.72,2387.0,4134.3,-5.64
weak,weak,read,packed,chunked,135,8,4,1,1024,4529848320,1,1.0827,1.0721,1.0885,4184.0,135,5,32/32/32/32/7/0/0/0,135,1,1078.12,0.85,1036.01,1077.52,2377.0,4201.6,4.53
weak,weak,read,packed,chunked,136,8,4,1,1024,4563402752,1,1.0819,1.072,1.0869,4218.0,136,5,32/32/32/32/8/0/0/0,136,1,1082.4,0.79,1034.55,1082.0,2388.0,4216.0,-0.51
weak,weak,read,packed,chunked,137,8,4,1,1024,4596957184,1,1.0804,1.0704,1.0864,4254.7,137,5,32/32/32/32/9/0/0/0,137,1,1078.69,0.77,1041.73,1078.08,2391.0,4261.6,1.74
weak,weak,read,packed,chunked,138,8,4,1,1024,4630511616,1,1.0852,1.0725,1.0924,4266.9,138,5,32/32/32/32/10/0/0/0,138,1,1072.56,0.83,1043.88,1072.12,2388.0,4317.3,12.65
weak,weak,read,packed,chunked,139,8,4,1,1024,4664066048,1,1.0849,1.0801,1.0921,4298.9,139,5,32/32/32/32/11/0/0/0,139,1,1078.17,0.79,1040.77,1077.44,2389.0,4325.9,6.76
weak,weak,read,packed,chunked,140,8,4,1,1024,4697620480,1,1.0836,1.072,1.0911,4335.2,140,5,32/32/32/32/12/0/0/0,140,1,1077.12,0.77,1032.36,1076.56,2390.0,4361.3,6.49
weak,weak,read,packed,chunked,141,8,4,1,1024,4731174912,1,1.0836,1.0743,1.0916,4366.3,141,5,32/32/32/32/13/0/0/0,141,1,1070.4,0.79,1036.33,1069.88,2389.0,4420.0,13.17
weak,weak,read,packed,chunked,142,8,4,1,1024,4764729344,1,1.084,1.0727,1.0924,4395.5,142,5,32/32/32/32/14/0/0/0,142,1,1088.33,0.79,1035.79,1087.8,2390.0,4378.0,-4.34
weak,weak,read,packed,chunked,143,8,4,1,1024,4798283776,1,1.0909,1.0766,1.1046,4398.7,143,5,32/32/32/32/15/0/0/0,143,1,1080.13,0.91,1039.99,1079.64,2385.0,4442.3,10.72
weak,weak,read,packed,chunked,144,8,4,1,1024,4831838208,1,1.0872,1.0733,1.1136,4444.4,144,5,32/32/32/32/16/0/0/0,144,1,1083.6,0.77,1035.13,1083.12,2386.0,4459.1,3.57
weak,weak,read,packed,chunked,145,8,4,1,1024,4865392640,1,1.0873,1.0765,1.0992,4474.9,145,5,32/32/32/32/17/0/0/0,145,1,1073.53,0.99,1032.88,1072.76,2382.0,4532.1,13.74
weak,weak,read,packed,chunked,146,8,4,1,1024,4898947072,1,1.0852,1.0729,1.094,4514.3,146,5,32/32/32/32/18/0/0/0,146,1,1080.88,0.85,1029.3,1080.12,2385.0,4532.4,4.33
weak,weak,read,packed,chunked,147,8,4,1,1024,4932501504,1,1.0877,1.0815,1.11,4534.7,147,5,32/32/32/32/19/0/0/0,147,1,1082.68,0.99,1037.81,1082.24,2398.0,4555.8,5.05
weak,weak,read,packed,chunked,148,8,4,1,1024,4966055936,1,1.0879,1.083,1.1197,4564.9,148,5,32/32/32/32/20/0/0/0,148,1,1115.82,0.95,1037.35,1115.36,2394.0,4450.6,-27.95
weak,weak,read,packed,chunked,149,8,4,1,1024,4999610368,1,1.0878,1.0747,1.112,4596.3,149,5,32/32/32/32/21/0/0/0,149,1,1086.4,0.87,1025.53,1086.08,2391.0,4602.0,1.35
weak,weak,read,packed,chunked,150,8,4,1,1024,5033164800,1,1.0965,1.0777,1.1271,4590.1,150,5,32/32/32/32/22/0/0/0,150,1,1122.78,0.69,1014.76,1122.36,2392.0,4482.8,-26.25
weak,weak,read,packed,chunked,151,8,4,1,1024,5066719232,1,1.0841,1.0819,1.0951,4673.8,151,5,32/32/32/32/23/0/0/0,151,1,1086.38,0.75,1028.14,1085.92,2388.0,4663.9,-2.31
weak,weak,read,packed,chunked,152,8,4,1,1024,5100273664,1,1.093,1.0756,1.1135,4666.4,152,5,32/32/32/32/24/0/0/0,152,1,1087.34,0.87,1030.75,1087.04,2401.0,4690.6,5.63
weak,weak,read,packed,chunked,153,8,4,1,1024,5133828096,1,1.0866,1.079,1.1193,4724.9,153,5,32/32/32/32/25/0/0/0,153,1,1080.21,0.83,1030.75,1079.68,2389.0,4752.6,6.34
weak,weak,read,packed,chunked,154,8,4,1,1024,5167382528,1,1.0884,1.0783,1.109,4747.8,154,5,32/32/32/32/26/0/0/0,154,1,1078.06,0.87,1024.54,1077.56,2386.0,4793.2,10.31
weak,weak,read,packed,chunked,155,8,4,1,1024,5200936960,1,1.0988,1.0789,1.112,4733.2,155,5,32/32/32/32/27/0/0/0,155,1,1095.22,0.83,1023.06,1094.56,2391.0,4748.8,3.59
weak,weak,read,packed,chunked,156,8,4,1,1024,5234491392,1,1.0953,1.0799,1.1174,4779.3,156,5,32/32/32/32/28/0/0/0,156,1,1093.62,0.89,1029.78,1093.0,2388.0,4786.4,1.63
weak,weak,read,packed,chunked,157,8,4,1,1024,5268045824,1,1.1082,1.0979,1.1287,4753.9,157,5,32/32/32/32/29/0/0/0,157,1,1107.7,0.89,1022.42,1107.16,2385.0,4755.8,0.45
weak,weak,read,packed,chunked,158,8,4,1,1024,5301600256,1,1.1034,1.0837,1.1179,4805.0,158,5,32/32/32/32/30/0/0/0,158,1,1097.46,0.91,1024.87,1096.92,2391.0,4830.8,5.89
weak,weak,read,packed,chunked,159,8,4,1,1024,5335154688,1,1.1095,1.1015,1.1285,4808.5,159,5,32/32/32/32/31/0/0/0,159,1,1119.22,0.99,1033.69,1118.68,2386.0,4766.9,-9.69
weak,weak,read,packed,chunked,160,8,4,1,1024,5368709120,1,1.1016,1.0865,1.1253,4873.5,160,5,32/32/32/32/32/0/0/0,160,1,1111.7,0.87,1034.04,1111.32,2387.0,4829.3,-10.09
weak,weak,read,packed,chunked,161,8,4,1,1024,5402263552,1,1.0992,1.0931,1.1244,4914.6,161,6,32/32/32/32/32/1/0/0,161,1,1097.02,0.79,1028.21,1096.44,2391.0,4924.5,2.21
weak,weak,read,packed,chunked,162,8,4,1,1024,5435817984,1,1.0964,1.0897,1.1092,4957.7,162,6,32/32/32/32/32/2/0/0,162,1,1095.94,0.91,1029.75,1095.32,2386.0,4960.0,0.49
weak,weak,read,packed,chunked,163,8,4,1,1024,5469372416,1,1.1113,1.0841,1.1711,4921.7,163,6,32/32/32/32/32/3/0/0,163,1,1113.46,0.83,1026.97,1112.84,2386.0,4912.1,-2.19
weak,weak,read,packed,chunked,164,8,4,1,1024,5502926848,1,1.1159,1.1017,1.1289,4931.5,164,6,32/32/32/32/32/4/0/0,164,1,1097.52,1.03,1018.82,1097.4,2389.0,5014.0,18.35
weak,weak,read,packed,chunked,165,8,4,1,1024,5536481280,1,1.1098,1.0906,1.1299,4988.7,165,6,32/32/32/32/32/5/0/0,165,1,1092.84,0.87,1026.63,1092.84,2386.0,5066.1,16.97
weak,weak,read,packed,chunked,166,8,4,1,1024,5570035712,1,1.1135,1.0993,1.1234,5002.3,166,6,32/32/32/32/32/6/0/0,166,1,1096.8,0.75,1024.62,1096.72,2381.0,5078.4,16.69
weak,weak,read,packed,chunked,167,8,4,1,1024,5603590144,1,1.1131,1.0991,1.1481,5034.3,167,6,32/32/32/32/32/7/0/0,167,1,1104.14,0.77,1023.69,1103.6,2395.0,5075.1,8.93
weak,weak,read,packed,chunked,168,8,4,1,1024,5637144576,1,1.1172,1.1023,1.152,5045.9,168,6,32/32/32/32/32/8/0/0,168,1,1103.32,0.85,1024.16,1103.2,2393.0,5109.3,13.85
weak,weak,read,packed,chunked,169,8,4,1,1024,5670699008,1,1.116,1.1081,1.1502,5081.1,169,6,32/32/32/32/32/9/0/0,169,1,1132.1,0.95,1022.1,1131.68,2395.0,5009.0,-16.07
weak,weak,read,packed,chunked,170,8,4,1,1024,5704253440,1,1.1157,1.1073,1.1424,5112.7,170,6,32/32/32/32/32/10/0/0,170,1,1113.64,0.87,1025.44,1113.64,2380.0,5122.2,2.07
weak,weak,read,packed,chunked,171,8,4,1,1024,5737807872,1,1.1179,1.1062,1.136,5132.8,171,6,32/32/32/32/32/11/0/0,171,1,1125.26,0.79,1024.56,1124.92,2377.0,5099.1,-7.39
weak,weak,read,packed,chunked,172,8,4,1,1024,5771362304,1,1.1216,1.1,1.1377,5145.9,172,6,32/32/32/32/32/12/0/0,172,1,1123.32,0.83,1021.26,1123.28,2381.0,5137.8,-1.77
weak,weak,read,packed,chunked,173,8,4,1,1024,5804916736,1,1.1267,1.1074,1.1535,5152.2,173,6,32/32/32/32/32/13/0/0,173,1,1133.1,0.87,1033.51,1132.6,2380.0,5123.0,-6.41
weak,weak,read,packed,chunked,174,8,4,1,1024,5838471168,1,1.1199,1.1073,1.1311,5213.4,174,6,32/32/32/32/32/14/0/0,174,1,1103.54,0.83,1019.62,1103.12,2391.0,5290.7,16.35
weak,weak,read,packed,chunked,175,8,4,1,1024,5872025600,1,1.1225,1.1152,1.1379,5231.3,175,6,32/32/32/32/32/15/0/0,175,1,1122.16,0.87,1015.91,1122.08,2383.0,5232.8,0.31
weak,weak,read,packed,chunked,176,8,4,1,1024,5905580032,1,1.1269,1.1091,1.1663,5240.8,176,6,32/32/32/32/32/16/0/0,176,1,1114.1,0.95,1020.37,1113.72,2391.0,5300.8,12.75
weak,weak,read,packed,chunked,177,8,4,1,1024,5939134464,1,1.1267,1.1113,1.141,5271.1,177,6,32/32/32/32/32/17/0/0,177,1,1121.3,0.95,1018.89,1120.84,2396.0,5296.7,5.43
weak,weak,read,packed,chunked,178,8,4,1,1024,5972688896,1,1.1292,1.1172,1.1529,5289.4,178,6,32/32/32/32/32/18/0/0,178,1,1119.86,0.79,1026.99,1119.48,2385.0,5333.4,9.31
weak,weak,read,packed,chunked,179,8,4,1,1024,6006243328,1,1.1274,1.116,1.1471,5327.7,179,6,32/32/32/32/32/19/0/0,179,1,1112.02,0.79,1015.99,1111.52,2385.0,5401.2,15.33
weak,weak,read,packed,chunked,180,8,4,1,1024,6039797760,1,1.1311,1.1201,1.1571,5339.9,180,6,32/32/32/32/32/20/0/0,180,1,1153.18,0.91,1032.49,1152.84,2385.0,5237.5,-22.11
weak,weak,read,packed,chunked,181,8,4,1,1024,6073352192,1,1.1379,1.1154,1.1569,5337.6,181,6,32/32/32/32/32/21/0/0,181,1,1125.2,0.95,1010.18,1125.08,2399.0,5397.6,12.65
weak,weak,read,packed,chunked,182,8,4,1,1024,6106906624,1,1.1257,1.1196,1.1515,5424.9,182,6,32/32/32/32/32/22/0/0,182,1,1122.2,0.24,1026.59,1122.08,2385.0,5441.9,3.51
weak,weak,read,packed,chunked,183,8,4,1,1024,6140461056,1,1.1269,1.1123,1.1386,5448.8,183,6,32/32/32/32/32/23/0/0,183,1,1119.46,0.79,1023.24,1118.96,2371.0,5485.2,7.47
weak,weak,read,packed,chunked,184,8,4,1,1024,6174015488,1,1.1286,1.1127,1.1651,5470.5,184,6,32/32/32/32/32/24/0/0,184,1,1123.68,1.01,1029.74,1123.64,2391.0,5494.5,4.93
weak,weak,read,packed,chunked,185,8,4,1,1024,6207569920,1,1.1451,1.1204,1.1797,5420.8,185,6,32/32/32/32/32/25/0/0,185,1,1120.74,0.75,1035.66,1120.2,2390.0,5538.8,24.39
weak,weak,read,packed,chunked,186,8,4,1,1024,6241124352,1,1.1324,1.1184,1.1694,5511.5,186,6,32/32/32/32/32/26/0/0,186,1,1136.1,0.91,1045.21,1135.6,2372.0,5493.5,-3.71
weak,weak,read,packed,chunked,187,8,4,1,1024,6274678784,1,1.1347,1.1178,1.1604,5530.0,187,6,32/32/32/32/32/27/0/0,187,1,1151.86,0.95,1049.45,1151.44,2376.0,5447.4,-17.21
weak,weak,read,packed,chunked,188,8,4,1,1024,6308233216,1,1.1619,1.1345,1.181,5429.4,188,6,32/32/32/32/32/28/0/0,188,1,1141.02,0.87,1056.17,1140.44,2387.0,5528.6,20.85
weak,weak,read,packed,chunked,189,8,4,1,1024,6341787648,1,1.1423,1.1201,1.1651,5551.7,189,6,32/32/32/32/32/29/0/0,189,1,1115.78,0.75,1049.27,1115.76,2391.0,5683.7,26.53
weak,weak,read,packed,chunked,190,8,4,1,1024,6375342080,1,1.1535,1.13,1.1675,5526.9,190,6,32/32/32/32/32/30/0/0,190,1,1154.19,0.25,1064.27,1154.08,2391.0,5523.7,-0.68
weak,weak,read,packed,chunked,191,8,4,1,1024,6408896512,1,1.1422,1.1314,1.1814,5611.0,191,6,32/32/32/32/32/31/0/0,191,1,1132.14,0.91,1061.39,1131.68,2392.0,5660.9,10.07
weak,weak,read,packed,chunked,192,8,4,1,1024,6442450944,1,1.1614,1.1453,1.1697,5547.1,192,6,32/32/32/32/32/32/0/0,192,1,1144.79,0.95,1067.62,1143.92,2379.0,5627.6,16.62
weak,weak,read,packed,chunked,193,8,4,1,1024,6476005376,1,1.1636,1.1465,1.1693,5565.5,193,7,32/32/32/32/32/32/1/0,193,1,1157.91,0.87,1078.85,1157.12,2393.0,5592.8,5.68
weak,weak,read,packed,chunked,194,8,4,1,1024,6509559808,1,1.1577,1.1399,1.1903,5622.7,194,7,32/32/32/32/32/32/2/0,194,1,1149.31,0.75,1065.0,1148.72,2394.0,5663.9,8.42
weak,weak,read,packed,chunked,195,8,4,1,1024,6543114240,1,1.1613,1.1515,1.179,5634.1,195,7,32/32/32/32/32/32/3/0,195,1,1165.14,0.9,1071.59,1164.44,2386.0,5615.7,-3.81
weak,weak,read,packed,chunked,196,8,4,1,1024,6576668672,1,1.1724,1.1642,1.1889,5609.7,196,7,32/32/32/32/32/32/4/0,196,1,1168.43,0.79,1073.46,1167.76,2392.0,5628.6,3.94
weak,weak,read,packed,chunked,197,8,4,1,1024,6610223104,1,1.1655,1.1505,1.1892,5671.8,197,7,32/32/32/32/32/32/5/0,197,1,1146.43,0.99,1066.98,1145.64,2390.0,5765.9,19.02
weak,weak,read,packed,chunked,198,8,4,1,1024,6643777536,1,1.1756,1.1655,1.1872,5651.4,198,7,32/32/32/32/32/32/6/0,198,1,1163.59,0.91,1074.95,1162.88,2388.0,5709.7,12.0
weak,weak,read,packed,chunked,199,8,4,1,1024,6677331968,1,1.1702,1.1447,1.1933,5706.4,199,7,32/32/32/32/32/32/7/0,199,1,1163.03,0.87,1082.84,1162.24,2379.0,5741.3,7.12
weak,weak,read,packed,chunked,200,8,4,1,1024,6710886400,1,1.1692,1.1554,1.1834,5739.7,200,7,32/32/32/32/32/32/8/0,200,1,1179.63,0.79,1074.8,1178.88,2376.0,5689.0,-10.42
weak,weak,read,packed,chunked,201,8,4,1,1024,6744440832,1,1.1643,1.1535,1.1727,5792.9,201,7,32/32/32/32/32/32/9/0,201,1,1166.63,0.91,1079.26,1165.84,2374.0,5781.1,-2.38
weak,weak,read,packed,chunked,202,8,4,1,1024,6777995264,1,1.1703,1.1505,1.1915,5791.6,202,7,32/32/32/32/32/32/10/0,202,1,1187.91,0.79,1092.64,1187.2,2381.0,5705.8,-17.6
weak,weak,read,packed,chunked,203,8,4,1,1024,6811549696,1,1.1626,1.1524,1.1794,5858.9,203,7,32/32/32/32/32/32/11/0,203,1,1156.79,0.94,1083.36,1156.64,2389.0,5888.3,5.8
weak,weak,read,packed,chunked,204,8,4,1,1024,6845104128,1,1.1658,1.1597,1.1759,5871.7,204,7,32/32/32/32/32/32/12/0,204,1,1156.39,0.95,1083.52,1155.52,2378.0,5919.4,9.38
weak,weak,read,packed,chunked,205,8,4,1,1024,6878658560,1,1.1719,1.1585,1.2,5869.7,205,7,32/32/32/32/32/32/13/0,205,1,1162.44,0.79,1088.21,1162.28,2392.0,5917.4,9.45
weak,weak,read,packed,chunked,206,8,4,1,1024,6912212992,1,1.1706,1.1632,1.192,5905.1,206,7,32/32/32/32/32/32/14/0,206,1,1179.71,0.91,1092.13,1179.04,2391.0,5859.2,-9.16
weak,weak,read,packed,chunked,207,8,4,1,1024,6945767424,1,1.1711,1.159,1.1981,5931.0,207,7,32/32/32/32/32/32/15/0,207,1,1157.71,0.83,1089.19,1157.08,2396.0,5999.6,13.38
weak,weak,read,packed,chunked,208,8,4,1,1024,6979321856,1,1.1768,1.1688,1.2016,5930.6,208,7,32/32/32/32/32/32/16/0,208,1,1197.72,0.91,1091.65,1197.72,2382.0,5827.2,-20.89
weak,weak,read,packed,chunked,209,8,4,1,1024,7012876288,1,1.1862,1.1719,1.2082,5912.2,209,7,32/32/32/32/32/32/17/0,209,1,1203.96,0.87,1100.68,1203.88,2377.0,5824.8,-17.79
weak,weak,read,packed,chunked,210,8,4,1,1024,7046430720,1,1.1857,1.1708,1.2145,5942.7,210,7,32/32/32/32/32/32/18/0,210,1,1197.12,1.03,1090.15,1196.96,2382.0,5886.2,-11.39
weak,weak,read,packed,chunked,211,8,4,1,1024,7079985152,1,1.1866,1.1715,1.1959,5966.9,211,7,32/32/32/32/32/32/19/0,211,1,1187.6,0.75,1099.31,1187.48,2381.0,5961.6,-1.05
weak,weak,read,packed,chunked,212,8,4,1,1024,7113539584,1,1.1912,1.1804,1.2041,5972.0,212,7,32/32/32/32/32/32/20/0,212,1,1186.52,0.83,1112.51,1186.44,2378.0,5995.3,4.63
weak,weak,read,packed,chunked,213,8,4,1,1024,7147094016,1,1.1963,1.182,1.2234,5974.5,213,7,32/32/32/32/32/32/21/0,213,1,1198.04,0.83,1116.38,1198.0,2389.0,5965.7,-1.77
weak,weak,read,packed,chunked,214,8,4,1,1024,7180648448,1,1.2032,1.1912,1.2267,5968.0,214,7,32/32/32/32/32/32/22/0,214,1,1203.84,0.87,1117.25,1203.8,2390.0,5964.8,-0.65
weak,weak,read,packed,chunked,215,8,4,1,1024,7214202880,1,1.2073,1.1883,1.2292,5975.4,215,7,32/32/32/32/32/32/23/0,215,1,1198.76,0.85,1124.82,1198.68,2378.0,6018.1,8.55
weak,weak,read,packed,chunked,216,8,4,1,1024,7247757312,1,1.2106,1.1936,1.2513,5986.9,216,7,32/32/32/32/32/32/24/0,216,1,1247.24,0.75,1129.46,1247.2,2386.0,5811.0,-36.65
weak,weak,read,packed,chunked,217,8,4,1,1024,7281311744,1,1.2231,1.2065,1.2482,5953.4,217,7,32/32/32/32/32/32/25/0,217,1,1237.44,0.79,1135.71,1237.28,2395.0,5884.2,-14.39
weak,weak,read,packed,chunked,218,8,4,1,1024,7314866176,1,1.2319,1.2108,1.2604,5938.0,218,7,32/32/32/32/32/32/26/0,218,1,1238.4,0.79,1139.51,1238.32,2399.0,5906.7,-6.53
weak,weak,read,packed,chunked,219,8,4,1,1024,7348420608,1,1.2464,1.2225,1.2605,5895.9,219,7,32/32/32/32/32/32/27/0,219,1,1247.96,0.99,1145.18,1247.88,2392.0,5888.3,-1.61
weak,weak,read,packed,chunked,220,8,4,1,1024,7381975040,1,1.2375,1.2198,1.2507,5965.1,220,7,32/32/32/32/32/32/28/0,220,1,1246.8,0.91,1149.48,1246.68,2396.0,5920.7,-9.27
weak,weak,read,packed,chunked,221,8,4,1,1024,7415529472,1,1.2478,1.2384,1.2841,5942.7,221,7,32/32/32/32/32/32/29/0,221,1,1246.44,0.97,1150.54,1246.28,2394.0,5949.4,1.39
weak,weak,read,packed,chunked,222,8,4,1,1024,7449083904,1,1.2538,1.211,1.2695,5941.3,222,7,32/32/32/32/32/32/30/0,222,1,1236.12,0.83,1153.21,1236.12,2390.0,6026.2,17.65
weak,weak,read,packed,chunked,223,8,4,1,1024,7482638336,1,1.2545,1.2256,1.2787,5964.7,223,7,32/32/32/32/32/32/31/0,223,1,1261.28,0.91,1162.5,1261.28,2404.0,5932.6,-6.79
weak,weak,read,packed,chunked,224,8,4,1,1024,7516192768,1,1.2652,1.236,1.2814,5940.8,224,7,32/32/32/32/32/32/32/0,224,1,1237.84,0.75,1169.7,1237.76,2389.0,6072.0,27.33
weak,weak,read,packed,chunked,225,8,4,1,1024,7549747200,1,1.2683,1.24,1.2791,5952.9,225,8,32/32/32/32/32/32/32/1,225,1,1266.8,0.87,1178.97,1266.76,2389.0,5959.7,1.45
weak,weak,read,packed,chunked,226,8,4,1,1024,7583301632,1,1.2642,1.2491,1.2942,5998.4,226,8,32/32/32/32/32/32/32/2,226,1,1246.48,0.95,1180.95,1246.36,2395.0,6083.8,17.73
weak,weak,read,packed,chunked,227,8,4,1,1024,7616856064,1,1.2807,1.2595,1.2999,5947.4,227,8,32/32/32/32/32/32/32/3,227,1,1262.92,1.11,1178.33,1262.88,2391.0,6031.1,17.79
weak,weak,read,packed,chunked,228,8,4,1,1024,7650410496,1,1.2791,1.2475,1.3273,5980.9,228,8,32/32/32/32/32/32/32/4,228,1,1271.68,0.81,1179.29,1271.56,2380.0,6016.0,7.45
weak,weak,read,packed,chunked,229,8,4,1,1024,7683964928,1,1.2812,1.2614,1.3,5997.4,229,8,32/32/32/32/32/32/32/5,229,1,1295.68,0.85,1190.89,1295.56,2381.0,5930.4,-14.47
weak,weak,read,packed,chunked,230,8,4,1,1024,7717519360,1,1.2817,1.2518,1.3276,6021.3,230,8,32/32/32/32/32/32/32/6,230,1,1264.44,0.91,1181.91,1264.36,2378.0,6103.5,17.25
weak,weak,read,packed,chunked,231,8,4,1,1024,7751073792,1,1.2903,1.2739,1.3259,6007.0,231,8,32/32/32/32/32/32/32/7,231,1,1303.0,0.95,1186.98,1303.0,2385.0,5948.6,-12.67
weak,weak,read,packed,chunked,232,8,4,1,1024,7784628224,1,1.2886,1.2797,1.32,6041.1,232,8,32/32/32/32/32/32/32/8,232,1,1277.04,0.89,1198.28,1276.96,2376.0,6095.8,11.57
weak,weak,read,packed,chunked,233,8,4,1,1024,7818182656,1,1.301,1.277,1.3374,6009.5,233,8,32/32/32/32/32/32/32/9,233,1,1322.36,0.83,1199.8,1322.36,2395.0,5912.3,-21.39
weak,weak,read,packed,chunked,234,8,4,1,1024,7851737088,1,1.2979,1.2776,1.3277,6049.6,234,8,32/32/32/32/32/32/32/10,234,1,1300.19,0.86,1208.48,1300.08,2382.0,6038.9,-2.3
weak,weak,read,packed,chunked,235,8,4,1,1024,7885291520,1,1.3158,1.2946,1.3323,5993.0,235,8,32/32/32/32/32/32/32/11,235,1,1314.96,0.79,1204.99,1314.88,2398.0,5996.6,0.79
weak,weak,read,packed,chunked,236,8,4,1,1024,7918845952,1,1.316,1.2901,1.3548,6017.2,236,8,32/32/32/32/32/32/32/12,236,1,1327.89,1.02,1218.81,1327.68,2383.0,5963.5,-11.86
weak,weak,read,packed,chunked,237,8,4,1,1024,7952400384,1,1.3221,1.308,1.3525,6014.8,237,8,32/32/32/32/32/32/32/13,237,1,1309.12,0.95,1212.95,1309.12,2399.0,6074.6,13.01
weak,weak,read,packed,chunked,238,8,4,1,1024,7985954816,1,1.3367,1.3161,1.3817,5974.6,238,8,32/32/32/32/32/32/32/14,238,1,1352.6,0.91,1226.05,1352.6,2381.0,5904.2,-15.95
weak,weak,read,packed,chunked,239,8,4,1,1024,8019509248,1,1.3382,1.3085,1.37,5992.7,239,8,32/32/32/32/32/32/32/15,239,1,1338.55,0.82,1233.95,1338.48,2389.0,5991.2,-0.34
weak,weak,read,packed,chunked,240,8,4,1,1024,8053063680,1,1.349,1.3117,1.3688,5969.6,240,8,32/32/32/32/32/32/32/16,240,1,1337.2,0.75,1227.01,1337.08,2402.0,6022.3,11.81
weak,weak,read,packed,chunked,241,8,4,1,1024,8086618112,1,1.346,1.3243,1.3642,6008.1,241,8,32/32/32/32/32/32/32/17,241,1,1338.36,0.75,1243.72,1338.36,2394.0,6042.2,7.59
weak,weak,read,packed,chunked,242,8,4,1,1024,8120172544,1,1.3346,1.3163,1.3844,6084.4,242,8,32/32/32/32/32/32/32/18,242,1,1327.79,0.87,1256.48,1327.12,2387.0,6115.6,6.8
weak,weak,read,packed,chunked,243,8,4,1,1024,8153726976,1,1.3564,1.3187,1.3817,6011.3,243,8,32/32/32/32/32/32/32/19,243,1,1351.24,0.93,1243.89,1351.16,2384.0,6034.3,5.15
weak,weak,read,packed,chunked,244,8,4,1,1024,8187281408,1,1.3743,1.3393,1.3981,5957.4,244,8,32/32/32/32/32/32/32/20,244,1,1348.08,0.83,1244.58,1348.0,2393.0,6073.3,26.23
weak,weak,read,packed,chunked,245,8,4,1,1024,8220835840,1,1.3636,1.3357,1.3883,6028.6,245,8,32/32/32/32/32/32/32/21,245,1,1361.24,0.83,1262.47,1361.12,2373.0,6039.2,2.39
weak,weak,read,packed,chunked,246,8,4,1,1024,8254390272,1,1.363,1.3295,1.3824,6056.2,246,8,32/32/32/32/32/32/32/22,246,1,1369.0,0.91,1274.28,1368.96,2395.0,6029.5,-6.05
weak,weak,read,packed,chunked,247,8,4,1,1024,8287944704,1,1.375,1.3518,1.4054,6027.8,247,8,32/32/32/32/32/32/32/23,247,1,1365.2,0.87,1273.07,1365.2,2385.0,6070.9,9.75
weak,weak,read,packed,chunked,248,8,4,1,1024,8321499136,1,1.371,1.3532,1.3996,6069.7,248,8,32/32/32/32/32/32/32/24,248,1,1373.08,0.89,1286.86,1373.04,2383.0,6060.5,-2.09
weak,weak,read,packed,chunked,249,8,4,1,1024,8355053568,1,1.3806,1.3616,1.4133,6051.8,249,8,32/32/32/32/32/32/32/25,249,1,1360.36,0.87,1295.29,1360.28,2388.0,6141.8,20.23
weak,weak,read,packed,chunked,250,8,4,1,1024,8388608000,1,1.3733,1.3593,1.4015,6108.2,250,8,32/32/32/32/32/32/32/26,250,1,1360.59,0.75,1291.83,1359.92,2387.0,6165.4,12.74
weak,weak,read,packed,chunked,251,8,4,1,1024,8422162432,1,1.3878,1.3641,1.3961,6068.7,251,8,32/32/32/32/32/32/32/27,251,1,1360.28,0.87,1296.8,1360.2,2395.0,6191.5,27.51
weak,weak,read,packed,chunked,252,8,4,1,1024,8455716864,1,1.3804,1.3604,1.4116,6125.4,252,8,32/32/32/32/32/32/32/28,252,1,1356.67,0.81,1300.63,1356.08,2395.0,6232.7,23.76
weak,weak,read,packed,chunked,253,8,4,1,1024,8489271296,1,1.3828,1.3668,1.3995,6139.1,253,8,32/32/32/32/32/32/32/29,253,1,1376.9,1.02,1316.58,1376.16,2387.0,6165.5,5.91
weak,weak,read,packed,chunked,254,8,4,1,1024,8522825728,1,1.3844,1.3767,1.4026,6156.3,254,8,32/32/32/32/32/32/32/30,254,1,1381.23,0.83,1318.37,1380.52,2394.0,6170.5,3.18
weak,weak,read,packed,chunked,255,8,4,1,1024,8556380160,1,1.3845,1.3612,1.4024,6180.1,255,8,32/32/32/32/32/32/32/31,255,1,1384.2,0.83,1328.12,1384.16,2394.0,6181.5,0.31
weak,weak,read,packed,chunked,256,8,4,1,1024,8589934592,1,1.3975,1.3889,1.4055,6146.8,256,8,32/32/32/32/32/32/32/32,256,1,1399.72,0.87,1317.47,1399.6,2385.0,6136.9,-2.25
weak,weak,write,rr,chunked,1,8,4,1,1024,33554432,1,0.2243,0.2234,0.2308,149.6,1,1,1/0/0/0/0/0/0/0,1,1,217.64,0.0,217.64,217.64,2412.0,154.2,6.7
weak,weak,write,rr,chunked,2,8,4,1,1024,67108864,1,0.2248,0.2234,0.2259,298.5,2,2,1/1/0/0/0/0/0/0,2,1,218.08,0.4,217.14,217.68,2412.0,307.7,6.76
weak,weak,write,rr,chunked,3,8,4,1,1024,100663296,1,0.2247,0.2239,0.227,448.0,3,3,1/1/1/0/0/0/0/0,3,1,218.29,0.45,217.49,217.84,2412.0,461.1,6.41
weak,weak,write,rr,chunked,4,8,4,1,1024,134217728,1,0.2255,0.2246,0.2268,595.2,4,4,1/1/1/1/0/0/0/0,4,1,218.82,0.45,217.63,218.44,2409.0,613.4,6.68
weak,weak,write,rr,chunked,5,8,4,1,1024,167772160,1,0.2258,0.2248,0.2268,742.9,5,5,1/1/1/1/1/0/0/0,5,1,219.02,0.63,217.31,218.44,2409.0,766.0,6.82
weak,weak,write,rr,chunked,6,8,4,1,1024,201326592,1,0.2262,0.2255,0.2277,890.0,6,6,1/1/1/1/1/1/0/0,6,1,219.39,0.83,217.95,218.8,2405.0,917.7,6.83
weak,weak,write,rr,chunked,7,8,4,1,1024,234881024,1,0.2268,0.226,0.2298,1035.5,7,7,1/1/1/1/1/1/1/0,7,1,220.3,0.71,218.16,219.72,2409.0,1066.2,6.52
weak,weak,write,rr,chunked,8,8,4,1,1024,268435456,1,0.2272,0.2261,0.2276,1181.6,8,8,1/1/1/1/1/1/1/1,8,1,220.17,0.79,218.32,219.72,2401.0,1219.2,7.01
weak,weak,write,rr,chunked,9,8,4,1,1024,301989888,1,0.2442,0.2371,0.2484,1236.8,9,8,2/1/1/1/1/1/1/1,9,1,240.76,0.79,223.46,240.52,2399.0,1254.3,3.4
weak,weak,write,rr,chunked,10,8,4,1,1024,335544320,1,0.2439,0.2282,0.2482,1375.8,10,8,2/2/1/1/1/1/1/1,10,1,241.99,0.86,223.14,241.96,2399.0,1386.6,1.89
weak,weak,write,rr,chunked,11,8,4,1,1024,369098752,1,0.2427,0.238,0.2489,1520.5,11,8,2/2/2/1/1/1/1/1,11,1,242.76,0.71,224.52,242.44,2393.0,1520.4,-0.02
weak,weak,write,rr,chunked,12,8,4,1,1024,402653184,1,0.2374,0.2344,0.2509,1696.2,12,8,2/2/2/2/1/1/1/1,12,1,231.93,0.75,220.43,231.28,2410.0,1736.1,5.45
weak,weak,write,rr,chunked,13,8,4,1,1024,436207616,1,0.2492,0.2377,0.2509,1750.3,13,8,2/2/2/2/2/1/1/1,13,1,241.76,0.75,223.32,241.4,2408.0,1804.3,7.46
weak,weak,write,rr,chunked,14,8,4,1,1024,469762048,1,0.2416,0.2393,0.2481,1944.0,14,8,2/2/2/2/2/2/1/1,14,1,235.4,0.83,222.38,235.4,2407.0,1995.6,6.24
weak,weak,write,rr,chunked,15,8,4,1,1024,503316480,1,0.2359,0.2332,0.2455,2133.9,15,8,2/2/2/2/2/2/2/1,15,1,229.09,0.85,220.21,228.56,2406.0,2197.0,6.77
weak,weak,write,rr,chunked,16,8,4,1,1024,536870912,1,0.2378,0.233,0.246,2257.3,16,8,2/2/2/2/2/2/2/2,16,1,230.33,0.71,220.41,229.72,2400.0,2330.9,7.51
weak,weak,write,rr,chunked,17,8,4,1,1024,570425344,1,0.2493,0.2425,0.2542,2287.7,17,8,3/2/2/2/2/2/2/2,17,1,244.44,0.71,222.96,243.84,2398.0,2333.6,4.9
weak,weak,write,rr,chunked,18,8,4,1,1024,603979776,1,0.2476,0.2416,0.2528,2439.5,18,8,3/3/2/2/2/2/2/2,18,1,239.75,0.7,224.56,239.68,2397.0,2519.2,7.83
weak,weak,write,rr,chunked,19,8,4,1,1024,637534208,1,0.2492,0.2382,0.253,2558.3,19,8,3/3/3/2/2/2/2/2,19,1,232.44,0.73,222.42,231.84,2403.0,2742.8,16.76
weak,weak,write,rr,chunked,20,8,4,1,1024,671088640,1,0.2523,0.2493,0.255,2660.1,20,8,3/3/3/3/2/2/2/2,20,1,244.14,0.81,227.93,243.8,2410.0,2748.8,8.14
weak,weak,write,rr,chunked,21,8,4,1,1024,704643072,1,0.2521,0.2479,0.2547,2795.5,21,8,3/3/3/3/3/2/2/2,21,1,242.3,0.75,228.27,241.88,2408.0,2908.1,9.76
weak,weak,write,rr,chunked,22,8,4,1,1024,738197504,1,0.2525,0.2482,0.2551,2923.3,22,8,3/3/3/3/3/3/2/2,22,1,245.55,0.63,232.04,244.92,2403.0,3006.3,6.97
weak,weak,write,rr,chunked,23,8,4,1,1024,771751936,1,0.2525,0.251,0.2543,3056.9,23,8,3/3/3/3/3/3/3/2,23,1,247.23,0.71,231.59,246.52,2395.0,3121.6,5.23
weak,weak,write,rr,chunked,24,8,4,1,1024,805306368,1,0.2531,0.2508,0.2542,3182.2,24,8,3/3/3/3/3/3/3/3,24,1,247.27,0.79,236.25,246.56,2387.0,3256.8,5.79
weak,weak,write,rr,chunked,25,8,4,1,1024,838860800,1,0.2558,0.252,0.2604,3279.6,25,8,4/3/3/3/3/3/3/3,25,1,247.29,0.83,236.34,246.56,2395.0,3392.2,8.49
weak,weak,write,rr,chunked,26,8,4,1,1024,872415232,1,0.2597,0.2556,0.2646,3358.8,26,8,4/4/3/3/3/3/3/3,26,1,255.88,0.83,240.62,255.84,2388.0,3409.5,3.86
weak,weak,write,rr,chunked,27,8,4,1,1024,905969664,1,0.2582,0.2566,0.2618,3508.5,27,8,4/4/4/3/3/3/3/3,27,1,254.64,0.67,240.44,254.6,2384.0,3557.8,3.58
weak,weak,write,rr,chunked,28,8,4,1,1024,939524096,1,0.2618,0.2593,0.2637,3588.9,28,8,4/4/4/4/3/3/3/3,28,1,253.85,0.7,243.07,253.8,2389.0,3701.1,7.93
weak,weak,write,rr,chunked,29,8,4,1,1024,973078528,1,0.2606,0.2597,0.2628,3733.4,29,8,4/4/4/4/4/3/3/3,29,1,255.82,0.75,240.92,255.2,2405.0,3803.8,4.82
weak,weak,write,rr,chunked,30,8,4,1,1024,1006632960,1,0.2616,0.2578,0.2624,3847.6,30,8,4/4/4/4/4/4/3/3,30,1,251.82,0.75,245.09,251.64,2401.0,3997.4,9.8
weak,weak,write,rr,chunked,31,8,4,1,1024,1040187392,1,0.2612,0.2579,0.2666,3982.3,31,8,4/4/4/4/4/4/4/3,31,1,253.46,0.81,244.84,253.08,2390.0,4104.0,7.74
weak,weak,write,rr,chunked,32,8,4,1,1024,1073741824,1,0.2615,0.2598,0.2646,4106.4,32,8,4/4/4/4/4/4/4/4,32,1,254.86,0.87,248.69,254.48,2394.0,4213.1,6.62
weak,weak,write,rr,chunked,33,8,4,1,1024,1107296256,1,0.2746,0.2718,0.2776,4032.7,33,8,5/4/4/4/4/4/4/4,33,1,268.8,0.71,249.04,268.48,2411.0,4119.4,5.78
weak,weak,write,rr,chunked,34,8,4,1,1024,1140850688,1,0.2793,0.2752,0.2833,4084.3,34,8,5/5/4/4/4/4/4/4,34,1,273.04,0.71,254.25,273.04,2387.0,4178.3,6.28
weak,weak,write,rr,chunked,35,8,4,1,1024,1174405120,1,0.2741,0.2684,0.279,4285.2,35,8,5/5/5/4/4/4/4/4,35,1,267.44,0.69,252.89,266.96,2374.0,4391.3,6.62
weak,weak,write,rr,chunked,36,8,4,1,1024,1207959552,1,0.2813,0.2795,0.285,4294.5,36,8,5/5/5/5/4/4/4/4,36,1,275.64,0.73,255.75,275.2,2382.0,4382.4,5.64
weak,weak,write,rr,chunked,37,8,4,1,1024,1241513984,1,0.2813,0.2785,0.2845,4413.8,37,8,5/5/5/5/5/4/4/4,37,1,272.58,0.87,254.56,272.12,2393.0,4554.7,8.7
weak,weak,write,rr,chunked,38,8,4,1,1024,1275068416,1,0.2813,0.28,0.2845,4532.4,38,8,5/5/5/5/5/5/4/4,38,1,274.18,0.71,256.18,273.72,2390.0,4650.5,7.14
weak,weak,write,rr,chunked,39,8,4,1,1024,1308622848,1,0.2837,0.2806,0.2924,4612.7,39,8,5/5/5/5/5/5/5/4,39,1,276.06,0.71,257.35,275.48,2379.0,4740.4,7.64
weak,weak,write,rr,chunked,40,8,4,1,1024,1342177280,1,0.2865,0.2813,0.2901,4685.0,40,8,5/5/5/5/5/5/5/5,40,1,275.58,0.63,262.25,275.08,2386.0,4870.4,10.9
weak,weak,write,rr,chunked,41,8,4,1,1024,1375731712,1,0.2974,0.2939,0.3024,4625.5,41,8,6/5/5/5/5/5/5/5,41,1,292.4,0.83,263.5,291.72,2371.0,4705.0,5.02
weak,weak,write,rr,chunked,42,8,4,1,1024,1409286144,1,0.2935,0.2865,0.2967,4802.3,42,8,6/6/5/5/5/5/5/5,42,1,280.32,0.79,264.46,280.28,2393.0,5027.4,13.14
weak,weak,write,rr,chunked,43,8,4,1,1024,1442840576,1,0.2996,0.2982,0.3032,4816.5,43,8,6/6/6/5/5/5/5/5,43,1,292.4,0.87,266.74,292.12,2370.0,4934.5,7.16
weak,weak,write,rr,chunked,44,8,4,1,1024,1476395008,1,0.3011,0.2994,0.3052,4903.9,44,8,6/6/6/6/5/5/5/5,44,1,294.65,0.73,271.53,294.08,2368.0,5010.7,6.41
weak,weak,write,rr,chunked,45,8,4,1,1024,1509949440,1,0.3049,0.3008,0.3135,4952.9,45,8,6/6/6/6/6/5/5/5,45,1,301.18,0.69,276.77,300.72,2369.0,5013.4,3.68
weak,weak,write,rr,chunked,46,8,4,1,1024,1543503872,1,0.308,0.3036,0.3175,5011.3,46,8,6/6/6/6/6/6/5/5,46,1,300.56,0.65,280.54,300.56,2352.0,5135.4,7.44
weak,weak,write,rr,chunked,47,8,4,1,1024,1577058304,1,0.3129,0.3059,0.3189,5040.7,47,8,6/6/6/6/6/6/6/5,47,1,308.64,0.83,283.71,308.2,2374.0,5109.7,4.22
weak,weak,write,rr,chunked,48,8,4,1,1024,1610612736,1,0.3153,0.3109,0.3186,5107.8,48,8,6/6/6/6/6/6/6/6,48,1,312.68,0.87,292.19,312.68,2364.0,5151.0,2.64
weak,weak,write,rr,chunked,49,8,4,1,1024,1644167168,1,0.3219,0.3144,0.3317,5107.9,49,8,7/6/6/6/6/6/6/6,49,1,308.64,0.83,289.56,308.2,2370.0,5327.1,13.24
weak,weak,write,rr,chunked,50,8,4,1,1024,1677721600,1,0.3312,0.3238,0.3358,5064.9,50,8,7/7/6/6/6/6/6/6,50,1,325.16,0.71,296.45,325.12,2360.0,5159.7,6.08
weak,weak,write,rr,chunked,51,8,4,1,1024,1711276032,1,0.3405,0.3332,0.3452,5025.7,51,8,7/7/7/6/6/6/6/6,51,1,335.38,0.79,300.94,334.88,2358.0,5102.5,5.12
weak,weak,write,rr,chunked,52,8,4,1,1024,1744830464,1,0.3599,0.3553,0.3747,4848.6,52,8,7/7/7/7/6/6/6/6,52,1,349.18,0.79,302.74,348.68,2353.0,4996.9,10.68
weak,weak,write,rr,chunked,53,8,4,1,1024,1778384896,1,0.366,0.3555,0.3766,4858.7,53,8,7/7/7/7/7/6/6/6,53,1,352.14,0.81,307.12,351.8,2351.0,5050.2,13.88
weak,weak,write,rr,chunked,54,8,4,1,1024,1811939328,1,0.3669,0.3558,0.3725,4939.0,54,8,7/7/7/7/7/7/6/6,54,1,366.54,0.87,317.3,366.2,2351.0,4943.4,0.32
weak,weak,write,rr,chunked,55,8,4,1,1024,1845493760,1,0.3689,0.363,0.3808,5003.2,55,8,7/7/7/7/7/7/7/6,55,1,365.06,0.75,314.65,364.64,2352.0,5055.3,3.8
weak,weak,write,rr,chunked,56,8,4,1,1024,1879048192,1,0.3756,0.3717,0.3838,5002.5,56,8,7/7/7/7/7/7/7/7,56,1,369.58,0.69,320.7,369.12,2352.0,5084.3,6.04
weak,weak,write,rr,chunked,57,8,4,1,1024,1912602624,1,0.3789,0.371,0.3848,5047.7,57,8,8/7/7/7/7/7/7/7,57,1,369.38,0.75,317.89,368.8,2354.0,5177.9,9.52
weak,weak,write,rr,chunked,58,8,4,1,1024,1946157056,1,0.3827,0.375,0.3904,5085.8,58,8,8/8/7/7/7/7/7/7,58,1,379.58,0.85,336.35,379.2,2357.0,5127.1,3.08
weak,weak,write,rr,chunked,59,8,4,1,1024,1979711488,1,0.3917,0.3838,0.3974,5054.4,59,8,8/8/8/7/7/7/7/7,59,1,380.5,0.75,337.17,380.16,2355.0,5202.9,11.18
weak,weak,write,rr,chunked,60,8,4,1,1024,2013265920,1,0.3932,0.3855,0.4,5120.7,60,8,8/8/8/8/7/7/7/7,60,1,393.9,0.83,340.79,393.52,2353.0,5111.1,-0.74
weak,weak,write,rr,chunked,61,8,4,1,1024,2046820352,1,0.4084,0.3956,0.4148,5011.3,61,8,8/8/8/8/8/7/7/7,61,1,389.62,0.75,342.95,389.04,2350.0,5253.4,18.82
weak,weak,write,rr,chunked,62,8,4,1,1024,2080374784,1,0.4056,0.398,0.4162,5129.1,62,8,8/8/8/8/8/8/7/7,62,1,395.62,0.75,351.7,395.16,2349.0,5258.5,9.98
weak,weak,write,rr,chunked,63,8,4,1,1024,2113929216,1,0.4137,0.4085,0.4209,5109.5,63,8,8/8/8/8/8/8/8/7,63,1,402.62,0.75,361.99,402.24,2350.0,5250.4,11.11
weak,weak,write,rr,chunked,64,8,4,1,1024,2147483648,1,0.418,0.4128,0.4327,5138.0,64,8,8/8/8/8/8/8/8/8,64,1,412.98,0.85,376.59,412.48,2350.0,5200.0,4.98
weak,weak,write,rr,chunked,65,8,4,1,1024,2181038080,1,0.423,0.4138,0.4279,5156.1,65,8,9/8/8/8/8/8/8/8,65,1,419.14,0.91,379.85,418.72,2358.0,5203.6,3.86
weak,weak,write,rr,chunked,66,8,4,1,1024,2214592512,1,0.4287,0.4173,0.4481,5165.5,66,8,9/9/8/8/8/8/8/8,66,1,422.0,0.79,374.23,422.0,2356.0,5247.8,6.72
weak,weak,write,rr,chunked,67,8,4,1,1024,2248146944,1,0.4206,0.4152,0.4375,5344.5,67,8,9/9/9/8/8/8/8/8,67,1,410.34,0.77,364.62,409.88,2356.0,5478.7,10.3
weak,weak,write,rr,chunked,68,8,4,1,1024,2281701376,1,0.4521,0.4393,0.4614,5046.8,68,8,9/9/9/9/8/8/8/8,68,1,433.42,0.75,371.27,432.96,2347.0,5264.4,18.68
weak,weak,write,rr,chunked,69,8,4,1,1024,2315255808,1,0.4515,0.4468,0.4596,5128.1,69,8,9/9/9/9/9/8/8/8,69,1,447.74,0.79,375.15,447.44,2348.0,5171.0,3.74
weak,weak,write,rr,chunked,70,8,4,1,1024,2348810240,1,0.4542,0.4495,0.47,5171.5,70,8,9/9/9/9/9/9/8/8,70,1,446.34,0.91,383.78,445.8,2346.0,5262.4,7.84
weak,weak,write,rr,chunked,71,8,4,1,1024,2382364672,1,0.4586,0.449,0.4688,5195.3,71,8,9/9/9/9/9/9/9/8,71,1,462.62,0.83,387.65,462.24,2346.0,5149.7,-4.06
weak,weak,write,rr,chunked,72,8,4,1,1024,2415919104,1,0.4607,0.4503,0.472,5244.0,72,8,9/9/9/9/9/9/9/9,72,1,444.54,0.76,382.84,444.12,2346.0,5434.6,16.16
weak,weak,write,rr,chunked,73,8,4,1,1024,2449473536,1,0.4594,0.4552,0.4771,5332.1,73,8,10/9/9/9/9/9/9/9,73,1,449.7,0.79,382.47,449.12,2350.0,5446.9,9.68
weak,weak,write,rr,chunked,74,8,4,1,1024,2483027968,1,0.4796,0.4647,0.4978,5177.2,74,8,10/10/9/9/9/9/9/9,74,1,491.88,0.71,400.95,491.88,2351.0,5048.0,-12.27
weak,weak,write,rr,chunked,75,8,4,1,1024,2516582400,1,0.4667,0.4551,0.471,5392.0,75,8,10/10/10/9/9/9/9/9,75,1,449.1,0.83,387.08,448.8,2351.0,5603.6,17.62
weak,weak,write,rr,chunked,76,8,4,1,1024,2550136832,1,0.4781,0.4692,0.4864,5333.4,76,8,10/10/10/10/9/9/9/9,76,1,475.66,0.87,397.78,475.16,2349.0,5361.3,2.49
weak,weak,write,rr,chunked,77,8,4,1,1024,2583691264,1,0.4854,0.4669,0.4944,5323.2,77,8,10/10/10/10/10/9/9/9,77,1,481.67,0.78,410.82,481.6,2346.0,5364.0,3.7
weak,weak,write,rr,chunked,78,8,4,1,1024,2617245696,1,0.4833,0.4749,0.4917,5415.5,78,8,10/10/10/10/10/10/9/9,78,1,475.12,0.75,409.45,475.12,2345.0,5508.6,8.16
weak,weak,write,rr,chunked,79,8,4,1,1024,2650800128,1,0.4839,0.472,0.494,5477.7,79,8,10/10/10/10/10/10/10/9,79,1,479.9,0.79,416.2,479.28,2347.0,5523.7,4.02
weak,weak,write,rr,chunked,80,8,4,1,1024,2684354560,1,0.4845,0.4758,0.5102,5539.9,80,8,10/10/10/10/10/10/10/10,80,1,478.44,0.91,418.97,478.4,2345.0,5610.6,6.1
weak,weak,write,rr,chunked,81,8,4,1,1024,2717908992,1,0.485,0.4745,0.495,5603.4,81,8,11/10/10/10/10/10/10/10,81,1,469.28,0.87,427.82,469.24,2352.0,5791.7,15.77
weak,weak,write,rr,chunked,82,8,4,1,1024,2751463424,1,0.5024,0.4956,0.5179,5477.0,82,8,11/11/10/10/10/10/10/10,82,1,499.15,1.02,431.08,499.04,2352.0,5512.3,3.22
weak,weak,write,rr,chunked,83,8,4,1,1024,2785017856,1,0.5044,0.4939,0.5328,5521.2,83,8,11/11/11/10/10/10/10/10,83,1,510.44,0.71,443.97,510.4,2351.0,5456.1,-6.02
weak,weak,write,rr,chunked,84,8,4,1,1024,2818572288,1,0.5312,0.5214,0.5395,5305.6,84,8,11/11/11/11/10/10/10/10,84,1,526.46,0.8,433.5,525.96,2345.0,5353.8,4.79
weak,weak,write,rr,chunked,85,8,4,1,1024,2852126720,1,0.5336,0.5239,0.5435,5345.4,85,8,11/11/11/11/11/10/10/10,85,1,524.3,0.79,428.55,523.68,2343.0,5439.9,9.27
weak,weak,write,rr,chunked,86,8,4,1,1024,2885681152,1,0.5369,0.5292,0.5472,5375.1,86,8,11/11/11/11/11/11/10/10,86,1,523.14,0.91,434.1,522.76,2343.0,5516.1,13.73
weak,weak,write,rr,chunked,87,8,4,1,1024,2919235584,1,0.5379,0.533,0.5419,5426.8,87,8,11/11/11/11/11/11/11/10,87,1,531.18,0.83,437.5,530.68,2342.0,5495.8,6.75
weak,weak,write,rr,chunked,88,8,4,1,1024,2952790016,1,0.5429,0.5316,0.5526,5438.7,88,8,11/11/11/11/11/11/11/11,88,1,537.34,0.75,439.91,536.88,2340.0,5495.2,5.59
weak,weak,write,rr,chunked,89,8,4,1,1024,2986344448,1,0.5421,0.5315,0.5498,5509.2,89,8,12/11/11/11/11/11/11/11,89,1,535.94,0.75,450.3,535.56,2348.0,5572.2,6.13
weak,weak,write,rr,chunked,90,8,4,1,1024,3019898880,1,0.5428,0.5345,0.5489,5563.3,90,8,12/12/11/11/11/11/11/11,90,1,528.66,0.75,449.19,528.16,2347.0,5712.4,14.17
weak,weak,write,rr,chunked,91,8,4,1,1024,3053453312,1,0.5599,0.5497,0.5714,5453.9,91,8,12/12/12/11/11/11/11/11,91,1,564.62,0.87,481.5,564.28,2349.0,5408.0,-4.75
weak,weak,write,rr,chunked,92,8,4,1,1024,3087007744,1,0.577,0.5675,0.5823,5350.2,92,8,12/12/12/12/11/11/11/11,92,1,573.98,0.87,477.47,573.52,2345.0,5378.2,3.01
weak,weak,write,rr,chunked,93,8,4,1,1024,3120562176,1,0.5769,0.5642,0.5925,5409.5,93,8,12/12/12/12/12/11/11/11,93,1,586.54,0.87,495.6,586.2,2342.0,5320.3,-9.67
weak,weak,write,rr,chunked,94,8,4,1,1024,3154116608,1,0.5805,0.5662,0.5912,5433.0,94,8,12/12/12/12/12/12/11/11,94,1,572.86,0.71,496.4,572.44,2342.0,5505.9,7.69
weak,weak,write,rr,chunked,95,8,4,1,1024,3187671040,1,0.5873,0.581,0.5976,5427.2,95,8,12/12/12/12/12/12/12/11,95,1,590.06,0.75,510.05,589.56,2343.0,5402.3,-2.71
weak,weak,write,rr,chunked,96,8,4,1,1024,3221225472,1,0.5798,0.572,0.5932,5555.5,96,8,12/12/12/12/12/12/12/12,96,1,565.82,0.75,494.44,565.12,2342.0,5693.0,14.01
weak,weak,write,rr,chunked,97,8,4,1,1024,3254779904,1,0.584,0.5741,0.6007,5573.4,97,8,13/12/12/12/12/12/12/12,97,1,579.86,0.87,527.26,579.44,2354.0,5613.0,4.13
weak,weak,write,rr,chunked,98,8,4,1,1024,3288334336,1,0.5906,0.5754,0.6042,5567.5,98,8,13/13/12/12/12/12/12/12,98,1,598.24,0.87,523.68,598.24,2354.0,5496.7,-7.61
weak,weak,write,rr,chunked,99,8,4,1,1024,3321888768,1,0.592,0.5824,0.6076,5610.9,99,8,13/13/13/12/12/12/12/12,99,1,591.74,0.87,511.3,591.36,2351.0,5613.8,0.31
weak,weak,write,rr,chunked,100,8,4,1,1024,3355443200,1,0.621,0.6128,0.6351,5403.6,100,8,13/13/13/13/12/12/12/12,100,1,615.3,0.77,519.0,614.76,2343.0,5453.3,5.67
weak,weak,write,rr,chunked,101,8,4,1,1024,3388997632,1,0.6218,0.6062,0.633,5450.6,101,8,13/13/13/13/13/12/12/12,101,1,616.95,0.78,510.15,616.44,2342.0,5493.1,4.82
weak,weak,write,rr,chunked,102,8,4,1,1024,3422552064,1,0.6184,0.6114,0.6336,5534.8,102,8,13/13/13/13/13/13/12/12,102,1,612.14,1.03,521.06,611.48,2343.0,5591.1,6.23
weak,weak,write,rr,chunked,103,8,4,1,1024,3456106496,1,0.6255,0.6181,0.6437,5525.1,103,8,13/13/13/13/13/13/13/12,103,1,628.22,0.95,523.68,627.76,2341.0,5501.4,-2.69
weak,weak,write,rr,chunked,104,8,4,1,1024,3489660928,1,0.6256,0.6189,0.6353,5578.2,104,8,13/13/13/13/13/13/13/13,104,1,620.46,0.91,524.72,619.88,2341.0,5624.3,5.13
weak,weak,write,rr,chunked,105,8,4,1,1024,3523215360,1,0.6295,0.6198,0.6378,5597.1,105,8,14/13/13/13/13/13/13/13,105,1,625.1,0.67,519.81,624.6,2344.0,5636.2,4.37
weak,weak,write,rr,chunked,106,8,4,1,1024,3556769792,1,0.6425,0.6288,0.654,5536.1,106,8,14/14/13/13/13/13/13/13,106,1,646.56,0.75,543.12,646.56,2347.0,5501.1,-4.09
weak,weak,write,rr,chunked,107,8,4,1,1024,3590324224,1,0.6377,0.6297,0.6542,5630.1,107,8,14/14/14/13/13/13/13/13,107,1,626.46,0.81,545.75,625.92,2349.0,5731.1,11.25
weak,weak,write,rr,chunked,108,8,4,1,1024,3623878656,1,0.6497,0.6325,0.6754,5577.9,108,8,14/14/14/14/13/13/13/13,108,1,650.76,0.87,551.19,650.72,2344.0,5568.7,-1.07
weak,weak,write,rr,chunked,109,8,4,1,1024,3657433088,1,0.6591,0.6348,0.6781,5548.7,109,8,14/14/14/14/14/13/13/13,109,1,662.94,0.83,574.24,662.64,2344.0,5517.0,-3.79
weak,weak,write,rr,chunked,110,8,4,1,1024,3690987520,1,0.6556,0.6367,0.6592,5629.9,110,8,14/14/14/14/14/14/13/13,110,1,630.6,0.85,552.99,630.56,2342.0,5853.1,25.01
weak,weak,write,rr,chunked,111,8,4,1,1024,3724541952,1,0.6593,0.6464,0.6715,5649.5,111,8,14/14/14/14/14/14/14/13,111,1,640.46,0.75,576.21,640.0,2344.0,5815.4,18.81
weak,weak,write,rr,chunked,112,8,4,1,1024,3758096384,1,0.6701,0.6583,0.6942,5607.9,112,8,14/14/14/14/14/14/14/14,112,1,665.68,0.83,594.87,665.6,2343.0,5645.5,4.47
weak,weak,write,rr,chunked,113,8,4,1,1024,3791650816,1,0.678,0.6582,0.703,5592.5,113,8,15/14/14/14/14/14/14/14,113,1,686.58,0.73,622.96,686.08,2354.0,5522.5,-8.59
weak,weak,write,rr,chunked,114,8,4,1,1024,3825205248,1,0.6733,0.6508,0.6956,5680.9,114,8,15/15/14/14/14/14/14/14,114,1,656.8,0.87,588.75,656.76,2351.0,5824.0,16.55
weak,weak,write,rr,chunked,115,8,4,1,1024,3858759680,1,0.6842,0.6599,0.6941,5639.9,115,8,15/15/15/14/14/14/14/14,115,1,678.26,0.74,611.28,677.6,2353.0,5689.2,5.93
weak,weak,write,rr,chunked,116,8,4,1,1024,3892314112,1,0.7163,0.7012,0.7264,5433.6,116,8,15/15/15/15/14/14/14/14,116,1,715.38,0.84,609.42,714.92,2340.0,5440.9,0.97
weak,weak,write,rr,chunked,117,8,4,1,1024,3925868544,1,0.7206,0.7073,0.7416,5448.1,117,8,15/15/15/15/15/14/14/14,117,1,715.7,0.8,603.91,715.24,2341.0,5485.4,4.89
weak,weak,write,rr,chunked,118,8,4,1,1024,3959422976,1,0.7169,0.7084,0.7236,5522.6,118,8,15/15/15/15/15/15/14/14,118,1,715.46,0.77,609.34,714.96,2344.0,5534.1,1.49
weak,weak,write,rr,chunked,119,8,4,1,1024,3992977408,1,0.7119,0.704,0.7275,5608.7,119,8,15/15/15/15/15/15/15/14,119,1,704.94,0.87,600.74,704.52,2343.0,5664.3,6.99
weak,weak,write,rr,chunked,120,8,4,1,1024,4026531840,1,0.7171,0.7116,0.7263,5615.3,120,8,15/15/15/15/15/15/15/15,120,1,705.7,0.83,602.17,705.4,2341.0,5705.7,11.37
weak,weak,write,rr,chunked,121,8,4,1,1024,4060086272,1,0.7228,0.7157,0.7344,5616.8,121,8,16/15/15/15/15/15/15/15,121,1,714.62,0.83,612.81,714.24,2348.0,5681.5,8.23
weak,weak,write,rr,chunked,122,8,4,1,1024,4093640704,1,0.7216,0.7102,0.7378,5673.0,122,8,16/16/15/15/15/15/15/15,122,1,711.5,0.67,612.9,711.12,2348.0,5753.5,10.11
weak,weak,write,rr,chunked,123,8,4,1,1024,4127195136,1,0.7464,0.7346,0.759,5529.7,123,8,16/16/16/15/15/15/15/15,123,1,749.22,0.79,632.02,748.76,2349.0,5508.7,-2.85
weak,weak,write,rr,chunked,124,8,4,1,1024,4160749568,1,0.7574,0.7435,0.7817,5493.4,124,8,16/16/16/16/15/15/15/15,124,1,759.54,0.79,637.46,758.92,2344.0,5478.0,-2.13
weak,weak,write,rr,chunked,125,8,4,1,1024,4194304000,1,0.7698,0.7402,0.7823,5448.4,125,8,16/16/16/16/16/15/15/15,125,1,743.7,0.87,647.63,743.32,2344.0,5639.8,26.13
weak,weak,write,rr,chunked,126,8,4,1,1024,4227858432,1,0.771,0.7495,0.7902,5483.7,126,8,16/16/16/16/16/16/15/15,126,1,752.62,0.95,659.27,752.08,2343.0,5617.5,18.37
weak,weak,write,rr,chunked,127,8,4,1,1024,4261412864,1,0.7733,0.7571,0.8018,5510.6,127,8,16/16/16/16/16/16/16/15,127,1,760.98,0.67,679.16,760.56,2342.0,5599.9,12.33
weak,weak,write,rr,chunked,128,8,4,1,1024,4294967296,1,0.77,0.7446,0.794,5577.8,128,8,16/16/16/16/16/16/16/16,128,1,762.09,0.9,667.46,762.0,2342.0,5635.8,7.92
weak,weak,write,rr,chunked,129,8,4,1,1024,4328521728,1,0.7715,0.7401,0.7778,5610.8,129,8,17/16/16/16/16/16/16/16,129,1,770.06,0.77,675.89,769.64,2350.0,5621.0,1.41
weak,weak,write,rr,chunked,130,8,4,1,1024,4362076160,1,0.7809,0.7548,0.8037,5585.8,130,8,17/17/16/16/16/16/16/16,130,1,748.82,0.87,666.68,748.36,2350.0,5825.3,32.11
weak,weak,write,rr,chunked,131,8,4,1,1024,4395630592,1,0.7713,0.7561,0.7922,5699.2,131,8,17/17/17/16/16/16/16/16,131,1,771.1,0.95,687.47,770.68,2352.0,5700.5,0.17
weak,weak,write,rr,chunked,132,8,4,1,1024,4429185024,1,0.8147,0.8009,0.8254,5436.8,132,8,17/17/17/17/16/16/16/16,132,1,819.66,0.95,706.63,819.28,2344.0,5403.7,-4.99
weak,weak,write,rr,chunked,133,8,4,1,1024,4462739456,1,0.8116,0.7942,0.8438,5498.8,133,8,17/17/17/17/17/16/16/16,133,1,804.94,0.79,694.88,804.32,2342.0,5544.2,6.65
weak,weak,write,rr,chunked,134,8,4,1,1024,4496293888,1,0.8149,0.8022,0.8227,5517.3,134,8,17/17/17/17/17/17/16/16,134,1,807.86,0.83,699.44,807.4,2340.0,5565.7,7.09
weak,weak,write,rr,chunked,135,8,4,1,1024,4529848320,1,0.8072,0.7924,0.8231,5611.7,135,8,17/17/17/17/17/17/17/16,135,1,812.74,0.84,700.39,812.32,2340.0,5573.6,-5.53
weak,weak,write,rr,chunked,136,8,4,1,1024,4563402752,1,0.8129,0.7984,0.8284,5613.4,136,8,17/17/17/17/17/17/17/17,136,1,805.98,0.83,694.44,805.48,2339.0,5661.9,6.97
weak,weak,write,rr,chunked,137,8,4,1,1024,4596957184,1,0.8145,0.7994,0.8345,5644.0,137,8,18/17/17/17/17/17/17/17,137,1,793.46,0.93,677.44,793.0,2347.0,5793.6,21.03
weak,weak,write,rr,chunked,138,8,4,1,1024,4630511616,1,0.8385,0.8274,0.8639,5522.3,138,8,18/18/17/17/17/17/17/17,138,1,821.6,0.93,709.53,821.52,2348.0,5636.0,16.91
weak,weak,write,rr,chunked,139,8,4,1,1024,4664066048,1,0.8274,0.813,0.8573,5637.1,139,8,18/18/18/17/17/17/17/17,139,1,815.86,0.85,712.03,815.36,2351.0,5716.7,11.53
weak,weak,write,rr,chunked,140,8,4,1,1024,4697620480,1,0.8459,0.8242,0.8692,5553.2,140,8,18/18/18/18/17/17/17/17,140,1,863.2,0.83,741.77,863.2,2343.0,5442.1,-17.27
weak,weak,write,rr,chunked,141,8,4,1,1024,4731174912,1,0.8644,0.8528,0.8738,5473.2,141,8,18/18/18/18/18/17/17/17,141,1,846.61,0.98,753.02,846.52,2341.0,5588.4,17.82
weak,weak,write,rr,chunked,142,8,4,1,1024,4764729344,1,0.86,0.829,0.8719,5540.6,142,8,18/18/18/18/18/18/17/17,142,1,857.24,0.77,747.11,857.24,2342.0,5558.2,2.73
weak,weak,write,rr,chunked,143,8,4,1,1024,4798283776,1,0.8529,0.8218,0.88,5626.1,143,8,18/18/18/18/18/18/18/17,143,1,873.34,0.93,774.24,872.96,2347.0,5494.2,-20.47
weak,weak,write,rr,chunked,144,8,4,1,1024,4831838208,1,0.8707,0.8384,0.8871,5549.1,144,8,18/18/18/18/18/18/18/18,144,1,848.28,0.87,773.85,848.28,2346.0,5696.0,22.47
weak,weak,write,rr,chunked,145,8,4,1,1024,4865392640,1,0.8637,0.8467,0.907,5633.4,145,8,19/18/18/18/18/18/18/18,145,1,869.03,0.86,775.87,868.88,2352.0,5598.6,-5.36
weak,weak,write,rr,chunked,146,8,4,1,1024,4898947072,1,0.8779,0.8529,0.9132,5580.2,146,8,19/19/18/18/18/18/18/18,146,1,874.78,0.83,785.96,874.16,2353.0,5600.2,3.13
weak,weak,write,rr,chunked,147,8,4,1,1024,4932501504,1,0.8929,0.8495,0.9064,5524.3,147,8,19/19/19/18/18/18/18/18,147,1,843.66,0.79,764.84,843.2,2349.0,5846.6,49.21
weak,weak,write,rr,chunked,148,8,4,1,1024,4966055936,1,0.9107,0.8836,0.931,5453.2,148,8,19/19/19/19/18/18/18/18,148,1,905.9,0.83,790.37,905.24,2343.0,5481.9,4.77
weak,weak,write,rr,chunked,149,8,4,1,1024,4999610368,1,0.9328,0.913,0.944,5359.5,149,8,19/19/19/19/19/18/18/18,149,1,906.18,0.75,774.46,905.64,2340.0,5517.2,26.67
weak,weak,write,rr,chunked,150,8,4,1,1024,5033164800,1,0.9186,0.9014,0.9277,5479.3,150,8,19/19/19/19/19/19/18/18,150,1,921.86,0.89,806.68,921.48,2344.0,5459.8,-3.29
weak,weak,write,rr,chunked,151,8,4,1,1024,5066719232,1,0.9188,0.8872,0.9327,5514.3,151,8,19/19/19/19/19/19/19/18,151,1,918.38,0.87,788.64,918.0,2341.0,5517.0,0.45
weak,weak,write,rr,chunked,152,8,4,1,1024,5100273664,1,0.9077,0.8954,0.9351,5618.8,152,8,19/19/19/19/19/19/19/19,152,1,905.0,0.87,781.85,904.92,2341.0,5635.7,2.71
weak,weak,write,rr,chunked,153,8,4,1,1024,5133828096,1,0.9228,0.9059,0.9628,5563.1,153,8,20/19/19/19/19/19/19/19,153,1,928.86,0.79,813.55,928.36,2348.0,5527.0,-6.03
weak,weak,write,rr,chunked,154,8,4,1,1024,5167382528,1,0.9281,0.9135,0.955,5567.6,154,8,20/20/19/19/19/19/19/19,154,1,931.16,0.87,825.72,931.08,2351.0,5549.4,-3.05
weak,weak,write,rr,chunked,155,8,4,1,1024,5200936960,1,0.9463,0.9212,0.9731,5496.3,155,8,20/20/20/19/19/19/19/19,155,1,962.46,0.95,834.78,962.0,2350.0,5403.8,-16.19
weak,weak,write,rr,chunked,156,8,4,1,1024,5234491392,1,0.9635,0.9341,0.9925,5433.1,156,8,20/20/20/20/19/19/19/19,156,1,949.64,0.93,850.35,949.56,2343.0,5512.1,13.81
weak,weak,write,rr,chunked,157,8,4,1,1024,5268045824,1,0.9742,0.9482,1.0037,5407.7,157,8,20/20/20/20/20/19/19/19,157,1,993.9,0.95,867.45,993.48,2342.0,5300.4,-19.73
weak,weak,write,rr,chunked,158,8,4,1,1024,5301600256,1,0.9721,0.9445,1.0275,5453.5,158,8,20/20/20/20/20/20/19/19,158,1,1019.48,0.79,912.46,1019.48,2345.0,5200.3,-47.33
weak,weak,write,rr,chunked,159,8,4,1,1024,5335154688,1,0.9808,0.9412,1.002,5439.8,159,8,20/20/20/20/20/20/20/19,159,1,985.94,0.87,881.61,985.44,2342.0,5411.2,-5.17
weak,weak,write,rr,chunked,160,8,4,1,1024,5368709120,1,0.9785,0.9517,1.0082,5486.7,160,8,20/20/20/20/20/20/20/20,160,1,1002.57,0.81,902.71,1001.76,2342.0,5354.9,-24.08
weak,weak,write,rr,chunked,161,8,4,1,1024,5402263552,1,1.0047,0.9694,1.0279,5376.9,161,8,21/20/20/20/20/20/20/20,161,1,1017.98,0.87,907.83,1017.64,2353.0,5306.8,-13.27
weak,weak,write,rr,chunked,162,8,4,1,1024,5435817984,1,0.9936,0.9738,1.015,5470.9,162,8,21/21/20/20/20/20/20/20,162,1,972.2,0.91,877.18,972.16,2352.0,5591.3,21.39
weak,weak,write,rr,chunked,163,8,4,1,1024,5469372416,1,1.0043,0.9861,1.0445,5445.9,163,8,21/21/21/20/20/20/20/20,163,1,1030.92,0.89,925.23,1030.88,2353.0,5305.3,-26.61
weak,weak,write,rr,chunked,164,8,4,1,1024,5502926848,1,1.0274,1.0147,1.0483,5355.9,164,8,21/21/21/21/20/20/20/20,164,1,1008.7,0.81,893.78,1008.16,2343.0,5455.5,18.75
weak,weak,write,rr,chunked,165,8,4,1,1024,5536481280,1,1.0234,0.9975,1.041,5410.2,165,8,21/21/21/21/21/20/20/20,165,1,1005.06,0.77,883.8,1004.56,2341.0,5508.6,18.29
weak,weak,write,rr,chunked,166,8,4,1,1024,5570035712,1,1.0226,0.9833,1.0418,5446.9,166,8,21/21/21/21/21/21/20/20,166,1,1016.98,0.91,899.72,1016.36,2340.0,5477.0,5.63
weak,weak,write,rr,chunked,167,8,4,1,1024,5603590144,1,1.0169,0.9969,1.0339,5510.5,167,8,21/21/21/21/21/21/21/20,167,1,1026.66,0.91,908.1,1026.12,2341.0,5458.1,-9.77
weak,weak,write,rr,chunked,168,8,4,1,1024,5637144576,1,1.0247,0.9941,1.055,5501.1,168,8,21/21/21/21/21/21/21/21,168,1,1029.7,0.91,914.92,1029.28,2345.0,5474.6,-4.97
weak,weak,write,rr,chunked,169,8,4,1,1024,5670699008,1,1.0203,0.9924,1.0342,5558.0,169,8,22/21/21/21/21/21/21/21,169,1,985.4,0.83,877.82,985.32,2351.0,5754.7,34.87
weak,weak,write,rr,chunked,170,8,4,1,1024,5704253440,1,1.0538,1.0332,1.0857,5412.9,170,8,22/22/21/21/21/21/21/21,170,1,1043.44,0.83,915.84,1043.36,2351.0,5466.8,10.39
weak,weak,write,rr,chunked,171,8,4,1,1024,5737807872,1,1.0451,1.0119,1.0655,5490.0,171,8,22/22/22/21/21/21/21/21,171,1,1047.02,0.83,937.99,1046.4,2352.0,5480.1,-1.89
weak,weak,write,rr,chunked,172,8,4,1,1024,5771362304,1,1.0852,1.0221,1.0974,5318.5,172,8,22/22/22/22/21/21/21/21,172,1,1063.88,0.95,931.57,1063.8,2339.0,5424.8,21.27
weak,weak,write,rr,chunked,173,8,4,1,1024,5804916736,1,1.0666,1.041,1.1006,5442.6,173,8,22/22/22/22/22/21/21/21,173,1,1048.38,0.95,938.39,1047.8,2341.0,5537.0,18.19
weak,weak,write,rr,chunked,174,8,4,1,1024,5838471168,1,1.085,1.0452,1.1074,5381.3,174,8,22/22/22/22/22/22/21/21,174,1,1101.3,0.87,965.65,1100.84,2342.0,5301.4,-16.35
weak,weak,write,rr,chunked,175,8,4,1,1024,5872025600,1,1.0905,1.063,1.1101,5384.7,175,8,22/22/22/22/22/22/22/21,175,1,1066.66,0.77,974.46,1066.08,2343.0,5505.1,23.85
weak,weak,write,rr,chunked,176,8,4,1,1024,5905580032,1,1.0987,1.0857,1.1387,5375.1,176,8,22/22/22/22/22/22/22/22,176,1,1091.08,0.87,996.07,1091.04,2343.0,5412.6,7.61
weak,weak,write,rr,chunked,177,8,4,1,1024,5939134464,1,1.1226,1.083,1.1411,5290.6,177,8,23/22/22/22/22/22/22/22,177,1,1120.38,0.79,1009.59,1119.88,2353.0,5301.0,2.21
weak,weak,write,rr,chunked,178,8,4,1,1024,5972688896,1,1.1122,1.088,1.1456,5370.2,178,8,23/23/22/22/22/22/22/22,178,1,1129.04,0.97,1016.51,1128.92,2352.0,5290.1,-16.85
weak,weak,write,rr,chunked,179,8,4,1,1024,6006243328,1,1.1234,1.0818,1.1596,5346.6,179,8,23/23/23/22/22/22/22/22,179,1,1116.2,0.91,976.4,1116.16,2352.0,5381.0,7.17
weak,weak,write,rr,chunked,180,8,4,1,1024,6039797760,1,1.1293,1.0991,1.1713,5348.1,180,8,23/23/23/23/22/22/22/22,180,1,1128.9,0.85,999.73,1128.36,2344.0,5350.2,0.43
weak,weak,write,rr,chunked,181,8,4,1,1024,6073352192,1,1.1329,1.1101,1.1751,5361.1,181,8,23/23/23/23/23/22/22/22,181,1,1124.1,0.83,1013.04,1123.72,2343.0,5402.9,8.75
weak,weak,write,rr,chunked,182,8,4,1,1024,6106906624,1,1.133,1.1116,1.1757,5389.9,182,8,23/23/23/23/23/23/22/22,182,1,1138.12,0.83,1013.16,1138.08,2342.0,5365.8,-5.09
weak,weak,write,rr,chunked,183,8,4,1,1024,6140461056,1,1.1366,1.1098,1.1546,5402.3,183,8,23/23/23/23/23/23/23/22,183,1,1144.02,0.99,1008.03,1143.6,2342.0,5367.4,-7.39
weak,weak,write,rr,chunked,184,8,4,1,1024,6174015488,1,1.1187,1.0909,1.1702,5518.9,184,8,23/23/23/23/23/23/23/23,184,1,1121.53,0.91,1000.4,1120.96,2340.0,5505.0,-2.82
weak,weak,write,rr,chunked,185,8,4,1,1024,6207569920,1,1.1421,1.0988,1.1737,5435.2,185,8,24/23/23/23/23/23/23/23,185,1,1163.34,0.95,1028.38,1162.76,2351.0,5336.0,-21.23
weak,weak,write,rr,chunked,186,8,4,1,1024,6241124352,1,1.1672,1.1288,1.2035,5347.1,186,8,24/24/23/23/23/23/23/23,186,1,1181.08,0.83,1030.15,1181.0,2350.0,5284.3,-13.89
weak,weak,write,rr,chunked,187,8,4,1,1024,6274678784,1,1.2002,1.1611,1.2187,5228.2,187,8,24/24/24/23/23/23/23/23,187,1,1176.04,0.83,1050.91,1175.92,2352.0,5335.4,24.11
weak,weak,write,rr,chunked,188,8,4,1,1024,6308233216,1,1.2058,1.1557,1.2432,5231.7,188,8,24/24/24/24/23/23/23/23,188,1,1166.58,0.83,1033.91,1165.92,2342.0,5407.5,39.19
weak,weak,write,rr,chunked,189,8,4,1,1024,6341787648,1,1.2266,1.1844,1.2508,5170.2,189,8,24/24/24/24/24/23/23/23,189,1,1215.72,0.83,1088.88,1215.68,2342.0,5216.5,10.89
weak,weak,write,rr,chunked,190,8,4,1,1024,6375342080,1,1.2137,1.1806,1.2677,5252.7,190,8,24/24/24/24/24/24/23/23,190,1,1210.68,0.99,1092.22,1210.6,2341.0,5265.9,3.05
weak,weak,write,rr,chunked,191,8,4,1,1024,6408896512,1,1.2068,1.186,1.2481,5310.5,191,8,24/24/24/24/24/24/24/23,191,1,1241.21,0.79,1136.83,1240.76,2343.0,5163.4,-34.38
weak,weak,write,rr,chunked,192,8,4,1,1024,6442450944,1,1.2297,1.2007,1.268,5238.9,192,8,24/24/24/24/24/24/24/24,192,1,1238.49,0.79,1115.92,1237.92,2342.0,5201.9,-8.76
weak,weak,write,rr,chunked,193,8,4,1,1024,6476005376,1,1.2332,1.1956,1.2718,5251.2,193,8,25/24/24/24/24/24/24/24,193,1,1232.66,0.83,1110.32,1232.2,2350.0,5253.7,0.57
weak,weak,write,rr,chunked,194,8,4,1,1024,6509559808,1,1.234,1.1973,1.2557,5275.3,194,8,25/25/24/24/24/24/24/24,194,1,1233.68,0.93,1109.37,1233.6,2350.0,5276.5,0.29
weak,weak,write,rr,chunked,195,8,4,1,1024,6543114240,1,1.2353,1.2168,1.288,5296.7,195,8,25/25/25/24/24/24/24/24,195,1,1210.84,0.95,1079.24,1210.84,2349.0,5403.8,24.47
weak,weak,write,rr,chunked,196,8,4,1,1024,6576668672,1,1.2352,1.214,1.2678,5324.2,196,8,25/25/25/25/24/24/24/24,196,1,1261.72,0.91,1114.87,1261.68,2340.0,5212.5,-26.49
weak,weak,write,rr,chunked,197,8,4,1,1024,6610223104,1,1.2461,1.2048,1.2756,5304.8,197,8,25/25/25/25/25/24/24/24,197,1,1235.24,0.89,1111.06,1235.2,2340.0,5351.4,10.85
weak,weak,write,rr,chunked,198,8,4,1,1024,6643777536,1,1.2375,1.2165,1.2662,5368.7,198,8,25/25/25/25/25/25/24/24,198,1,1240.97,0.87,1121.4,1240.44,2340.0,5353.7,-3.46
weak,weak,write,rr,chunked,199,8,4,1,1024,6677331968,1,1.2448,1.2094,1.2724,5364.3,199,8,25/25/25/25/25/25/25/24,199,1,1220.24,0.87,1100.35,1220.2,2341.0,5472.1,24.53
weak,weak,write,rr,chunked,200,8,4,1,1024,6710886400,1,1.2304,1.2012,1.2504,5454.2,200,8,25/25/25/25/25/25/25/25,200,1,1219.13,1.02,1079.63,1219.04,2340.0,5504.7,11.28
weak,weak,write,rr,chunked,201,8,4,1,1024,6744440832,1,1.2436,1.2058,1.291,5423.5,201,8,26/25/25/25/25/25/25/25,201,1,1250.97,0.93,1120.73,1250.24,2350.0,5391.4,-7.42
weak,weak,write,rr,chunked,202,8,4,1,1024,6777995264,1,1.2936,1.2536,1.3216,5239.7,202,8,26/26/25/25/25/25/25/25,202,1,1247.62,0.95,1103.84,1247.2,2347.0,5432.7,45.97
weak,weak,write,rr,chunked,203,8,4,1,1024,6811549696,1,1.2511,1.2275,1.3165,5444.7,203,8,26/26/26/25/25/25/25/25,203,1,1310.72,0.87,1148.29,1310.64,2350.0,5196.8,-59.67
weak,weak,write,rr,chunked,204,8,4,1,1024,6845104128,1,1.3066,1.2738,1.3298,5238.9,204,8,26/26/26/26/25/25/25/25,204,1,1300.47,0.86,1149.69,1300.4,2342.0,5263.6,6.12
weak,weak,write,rr,chunked,205,8,4,1,1024,6878658560,1,1.2882,1.2675,1.3345,5339.8,205,8,26/26/26/26/26/25/25/25,205,1,1315.44,0.95,1168.29,1315.4,2340.0,5229.2,-27.25
weak,weak,write,rr,chunked,206,8,4,1,1024,6912212992,1,1.2926,1.2597,1.3404,5347.7,206,8,26/26/26/26/26/26/25/25,206,1,1266.64,0.95,1114.61,1266.6,2340.0,5457.1,25.91
weak,weak,write,rr,chunked,207,8,4,1,1024,6945767424,1,1.2845,1.2461,1.3679,5407.5,207,8,26/26/26/26/26/26/26/25,207,1,1361.98,0.99,1207.55,1361.6,2343.0,5099.8,-77.51
weak,weak,write,rr,chunked,208,8,4,1,1024,6979321856,1,1.3165,1.2951,1.3715,5301.3,208,8,26/26/26/26/26/26/26/26,208,1,1297.44,0.87,1172.44,1297.44,2343.0,5379.3,19.09
weak,weak,write,rr,chunked,209,8,4,1,1024,7012876288,1,1.3232,1.265,1.3808,5300.0,209,8,27/26/26/26/26/26/26/26,209,1,1259.14,0.87,1152.3,1258.48,2348.0,5569.6,64.03
weak,weak,write,rr,chunked,210,8,4,1,1024,7046430720,1,1.3073,1.267,1.3376,5390.2,210,8,27/27/26/26/26/26/26/26,210,1,1305.04,0.83,1177.77,1305.0,2349.0,5399.4,2.23
weak,weak,write,rr,chunked,211,8,4,1,1024,7079985152,1,1.3356,1.2779,1.3407,5300.9,211,8,27/27/27/26/26/26/26/26,211,1,1330.16,0.93,1206.5,1330.16,2351.0,5322.7,5.45
weak,weak,write,rr,chunked,212,8,4,1,1024,7113539584,1,1.3071,1.2917,1.3644,5442.3,212,8,27/27/27/27/26/26/26/26,212,1,1299.3,0.95,1170.93,1298.84,2340.0,5474.9,7.77
weak,weak,write,rr,chunked,213,8,4,1,1024,7147094016,1,1.3167,1.2923,1.3524,5428.1,213,8,27/27/27/27/27/26/26/26,213,1,1305.22,0.95,1159.09,1304.8,2337.0,5475.8,11.45
weak,weak,write,rr,chunked,214,8,4,1,1024,7180648448,1,1.3106,1.2973,1.3692,5479.1,214,8,27/27/27/27/27/27/26/26,214,1,1298.06,0.87,1181.11,1297.56,2341.0,5531.8,12.49
weak,weak,write,rr,chunked,215,8,4,1,1024,7214202880,1,1.3193,1.2814,1.3651,5468.1,215,8,27/27/27/27/27/27/27/26,215,1,1335.98,0.83,1194.62,1335.4,2341.0,5399.9,-16.65
weak,weak,write,rr,chunked,216,8,4,1,1024,7247757312,1,1.3009,1.2796,1.3514,5571.4,216,8,27/27/27/27/27/27/27/27,216,1,1345.61,0.95,1187.38,1345.08,2339.0,5386.2,-44.72
weak,weak,write,rr,chunked,217,8,4,1,1024,7281311744,1,1.3131,1.2769,1.3417,5545.2,217,8,28/27/27/27/27/27/27/27,217,1,1287.8,0.89,1163.62,1287.8,2347.0,5654.1,25.27
weak,weak,write,rr,chunked,218,8,4,1,1024,7314866176,1,1.3452,1.321,1.3925,5437.9,218,8,28/28/27/27/27/27/27/27,218,1,1338.32,1.03,1195.89,1338.28,2346.0,5465.7,6.83
weak,weak,write,rr,chunked,219,8,4,1,1024,7348420608,1,1.3751,1.3642,1.4107,5344.1,219,8,28/28/28/27/27/27/27/27,219,1,1405.0,0.81,1256.04,1404.92,2350.0,5230.2,-29.95
weak,weak,write,rr,chunked,220,8,4,1,1024,7381975040,1,1.3898,1.3218,1.4315,5311.6,220,8,28/28/28/28/27/27/27/27,220,1,1315.98,0.79,1189.59,1315.52,2340.0,5609.5,73.79
weak,weak,write,rr,chunked,221,8,4,1,1024,7415529472,1,1.4007,1.3632,1.4807,5294.2,221,8,28/28/28/28/28/27/27/27,221,1,1474.9,0.83,1289.6,1474.52,2340.0,5027.8,-74.21
weak,weak,write,rr,chunked,222,8,4,1,1024,7449083904,1,1.4161,1.3582,1.4227,5260.3,222,8,28/28/28/28/28/28/27/27,222,1,1409.74,0.91,1282.75,1409.2,2339.0,5284.0,6.35
weak,weak,write,rr,chunked,223,8,4,1,1024,7482638336,1,1.3997,1.3339,1.4375,5346.1,223,8,28/28/28/28/28/28/28/27,223,1,1431.58,0.99,1279.33,1431.16,2342.0,5226.8,-31.93
weak,weak,write,rr,chunked,224,8,4,1,1024,7516192768,1,1.3986,1.3519,1.4519,5373.9,224,8,28/28/28/28/28/28/28/28,224,1,1398.46,0.99,1275.35,1397.88,2339.0,5374.6,0.18
weak,weak,write,rr,chunked,225,8,4,1,1024,7549747200,1,1.3994,1.3803,1.4604,5394.9,225,8,29/28/28/28/28/28/28/28,225,1,1376.26,0.69,1259.94,1375.96,2348.0,5485.7,23.15
weak,weak,write,rr,chunked,226,8,4,1,1024,7583301632,1,1.4177,1.3714,1.4757,5349.1,226,8,29/29/28/28/28/28/28/28,226,1,1399.42,0.85,1286.9,1398.92,2349.0,5418.9,18.25
weak,weak,write,rr,chunked,227,8,4,1,1024,7616856064,1,1.4029,1.376,1.4482,5429.5,227,8,29/29/29/28/28/28/28/28,227,1,1377.74,0.87,1263.89,1377.12,2346.0,5528.5,25.13
weak,weak,write,rr,chunked,228,8,4,1,1024,7650410496,1,1.4172,1.3724,1.448,5398.4,228,8,29/29/29/29/28/28/28/28,228,1,1441.75,0.94,1283.06,1441.6,2342.0,5306.3,-24.58
weak,weak,write,rr,chunked,229,8,4,1,1024,7683964928,1,1.3996,1.3815,1.4717,5490.1,229,8,29/29/29/29/29/28/28/28,229,1,1408.58,0.87,1260.01,1408.2,2338.0,5455.1,-8.97
weak,weak,write,rr,chunked,230,8,4,1,1024,7717519360,1,1.4094,1.3801,1.4301,5475.6,230,8,29/29/29/29/29/29/28/28,230,1,1415.62,0.85,1265.96,1415.08,2338.0,5451.7,-6.19
weak,weak,write,rr,chunked,231,8,4,1,1024,7751073792,1,1.4108,1.3806,1.4249,5494.0,231,8,29/29/29/29/29/29/29/28,231,1,1411.36,0.79,1283.89,1411.24,2339.0,5491.9,-0.53
weak,weak,write,rr,chunked,232,8,4,1,1024,7784628224,1,1.3972,1.3591,1.4439,5571.5,232,8,29/29/29/29/29/29/29/29,232,1,1438.13,0.91,1293.4,1437.72,2338.0,5413.0,-40.89
weak,weak,write,rr,chunked,233,8,4,1,1024,7818182656,1,1.4109,1.3755,1.4347,5541.2,233,8,30/29/29/29/29/29/29/29,233,1,1410.18,0.95,1242.49,1409.6,2344.0,5544.1,0.73
weak,weak,write,rr,chunked,234,8,4,1,1024,7851737088,1,1.4614,1.4233,1.506,5372.7,234,8,30/30/29/29/29/29/29/29,234,1,1500.16,0.95,1329.72,1500.04,2349.0,5233.9,-38.75
weak,weak,write,rr,chunked,235,8,4,1,1024,7885291520,1,1.4454,1.4289,1.4668,5455.4,235,8,30/30/30/29/29/29/29/29,235,1,1437.52,0.95,1291.89,1437.4,2348.0,5485.3,7.9
weak,weak,write,rr,chunked,236,8,4,1,1024,7918845952,1,1.4762,1.4405,1.5205,5364.4,236,8,30/30/30/30/29/29/29/29,236,1,1499.12,0.87,1320.86,1499.0,2338.0,5282.3,-22.94
weak,weak,write,rr,chunked,237,8,4,1,1024,7952400384,1,1.4815,1.4458,1.5133,5367.8,237,8,30/30/30/30/30/29/29/29,237,1,1465.46,0.87,1303.27,1464.96,2339.0,5426.6,16.04
weak,weak,write,rr,chunked,238,8,4,1,1024,7985954816,1,1.4795,1.4458,1.5115,5397.6,238,8,30/30/30/30/30/30/29/29,238,1,1505.47,0.87,1346.41,1504.76,2339.0,5304.6,-25.93
weak,weak,write,rr,chunked,239,8,4,1,1024,8019509248,1,1.4745,1.4457,1.5127,5438.7,239,8,30/30/30/30/30/30/30/29,239,1,1498.42,0.91,1345.46,1498.12,2339.0,5352.0,-23.88
weak,weak,write,rr,chunked,240,8,4,1,1024,8053063680,1,1.4953,1.4709,1.5283,5385.6,240,8,30/30/30/30/30/30/30/30,240,1,1496.35,1.07,1353.64,1495.52,2340.0,5381.8,-1.05
weak,weak,write,rr,chunked,241,8,4,1,1024,8086618112,1,1.5198,1.4732,1.5416,5320.9,241,8,31/30/30/30/30/30/30/30,241,1,1535.61,0.95,1396.11,1534.96,2348.0,5266.1,-15.83
weak,weak,write,rr,chunked,242,8,4,1,1024,8120172544,1,1.5092,1.469,1.5399,5380.5,242,8,31/31/30/30/30/30/30/30,242,1,1458.32,0.83,1337.71,1458.2,2347.0,5568.2,50.86
weak,weak,write,rr,chunked,243,8,4,1,1024,8153726976,1,1.4972,1.4669,1.5338,5446.1,243,8,31/31/31/30/30/30/30/30,243,1,1479.86,0.83,1327.04,1479.32,2346.0,5509.8,17.3
weak,weak,write,rr,chunked,244,8,4,1,1024,8187281408,1,1.5107,1.4515,1.5464,5419.6,244,8,31/31/31/31/30/30/30/30,244,1,1488.34,0.87,1351.34,1487.88,2339.0,5500.9,22.34
weak,weak,write,rr,chunked,245,8,4,1,1024,8220835840,1,1.5057,1.4709,1.5465,5460.0,245,8,31/31/31/31/31/30/30/30,245,1,1474.32,0.99,1351.7,1474.24,2338.0,5576.0,31.34
weak,weak,write,rr,chunked,246,8,4,1,1024,8254390272,1,1.515,1.4599,1.5583,5448.5,246,8,31/31/31/31/31/31/30/30,246,1,1495.14,0.95,1355.17,1494.84,2338.0,5520.8,19.85
weak,weak,write,rr,chunked,247,8,4,1,1024,8287944704,1,1.488,1.4611,1.5295,5570.0,247,8,31/31/31/31/31/31/31/30,247,1,1481.1,0.91,1315.01,1480.48,2337.0,5595.8,6.86
weak,weak,write,rr,chunked,248,8,4,1,1024,8321499136,1,1.4869,1.4597,1.5216,5596.7,248,8,31/31/31/31/31/31/31/31,248,1,1515.66,0.91,1353.25,1515.16,2341.0,5490.3,-28.8
weak,weak,write,rr,chunked,249,8,4,1,1024,8355053568,1,1.5302,1.487,1.5538,5460.0,249,8,32/31/31/31/31/31/31/31,249,1,1500.13,0.87,1352.3,1499.6,2347.0,5569.6,30.11
weak,weak,write,rr,chunked,250,8,4,1,1024,8388608000,1,1.5444,1.5135,1.5798,5431.7,250,8,32/32/31/31/31/31/31/31,250,1,1507.44,0.87,1358.73,1507.32,2346.0,5564.8,36.94
weak,weak,write,rr,chunked,251,8,4,1,1024,8422162432,1,1.532,1.5129,1.6162,5497.6,251,8,32/32/32/31/31/31/31/31,251,1,1506.78,0.95,1360.3,1506.24,2347.0,5589.5,25.2
weak,weak,write,rr,chunked,252,8,4,1,1024,8455716864,1,1.5947,1.5515,1.6222,5302.5,252,8,32/32/32/32/31/31/31/31,252,1,1594.52,0.95,1420.26,1594.4,2338.0,5303.0,0.14
weak,weak,write,rr,chunked,253,8,4,1,1024,8489271296,1,1.5965,1.5191,1.6309,5317.4,253,8,32/32/32/32/32/31/31/31,253,1,1585.02,0.83,1429.82,1584.6,2342.0,5355.9,11.5
weak,weak,write,rr,chunked,254,8,4,1,1024,8522825728,1,1.6032,1.5581,1.6293,5316.0,254,8,32/32/32/32/32/32/31/31,254,1,1600.54,0.87,1455.81,1599.84,2339.0,5325.0,2.7
weak,weak,write,rr,chunked,255,8,4,1,1024,8556380160,1,1.5736,1.525,1.6538,5437.4,255,8,32/32/32/32/32/32/32/31,255,1,1561.76,0.99,1416.72,1561.6,2340.0,5478.7,11.86
weak,weak,write,rr,chunked,256,8,4,1,1024,8589934592,1,1.5894,1.5503,1.6469,5404.5,256,8,32/32/32/32/32/32/32/32,256,1,1571.61,0.99,1450.95,1571.0,2338.0,5465.7,17.81
weak,weak,write,packed,chunked,1,8,4,1,1024,33554432,1,0.2247,0.2235,0.2289,149.4,1,1,1/0/0/0/0/0/0/0,1,1,217.92,0.0,217.92,217.92,2409.0,154.0,6.74
weak,weak,write,packed,chunked,2,8,4,1,1024,67108864,1,0.2251,0.2238,0.2266,298.1,2,1,2/0/0/0/0/0/0/0,2,1,218.0,0.0,218.0,218.0,2408.0,307.8,7.1
weak,weak,write,packed,chunked,3,8,4,1,1024,100663296,1,0.2521,0.2464,0.2549,399.3,3,1,3/0/0/0/0/0/0/0,3,1,244.24,0.0,236.92,244.24,2401.0,412.1,7.88
weak,weak,write,packed,chunked,4,8,4,1,1024,134217728,1,0.2566,0.255,0.2608,523.1,4,1,4/0/0/0/0/0/0/0,4,1,250.48,0.0,247.53,250.48,2402.0,535.8,6.1
weak,weak,write,packed,chunked,5,8,4,1,1024,167772160,1,0.2755,0.2721,0.2779,609.0,5,1,5/0/0/0/0/0/0/0,5,1,270.52,0.04,261.7,270.52,2382.0,620.2,4.98
weak,weak,write,packed,chunked,6,8,4,1,1024,201326592,1,0.2721,0.2664,0.2779,740.0,6,1,6/0/0/0/0/0/0/0,6,1,265.16,0.04,264.02,265.12,2410.0,759.3,6.9
weak,weak,write,packed,chunked,7,8,4,1,1024,234881024,1,0.2909,0.288,0.2942,807.4,7,1,7/0/0/0/0/0/0/0,7,1,284.56,0.0,274.51,284.56,2388.0,825.4,6.34
weak,weak,write,packed,chunked,8,8,4,1,1024,268435456,1,0.2883,0.2837,0.2917,931.0,8,1,8/0/0/0/0/0/0/0,8,1,282.52,0.04,279.89,282.48,2374.0,950.1,5.82
weak,weak,write,packed,chunked,9,8,4,1,1024,301989888,1,0.307,0.3036,0.3112,983.7,9,1,9/0/0/0/0/0/0/0,9,1,304.72,0.04,291.28,304.72,2375.0,991.0,2.26
weak,weak,write,packed,chunked,10,8,4,1,1024,335544320,1,0.3059,0.304,0.3091,1097.0,10,1,10/0/0/0/0/0/0/0,10,1,301.2,0.04,297.46,301.2,2375.0,1114.0,4.68
weak,weak,write,packed,chunked,11,8,4,1,1024,369098752,1,0.3244,0.3225,0.328,1137.7,11,1,11/0/0/0/0/0/0/0,11,1,319.4,0.04,310.02,319.36,2376.0,1155.6,5.02
weak,weak,write,packed,chunked,12,8,4,1,1024,402653184,1,0.3283,0.3244,0.3364,1226.5,12,1,12/0/0/0/0/0/0/0,12,1,318.04,0.04,316.02,318.04,2413.0,1266.0,10.26
weak,weak,write,packed,chunked,13,8,4,1,1024,436207616,1,0.3618,0.3585,0.3684,1205.6,13,1,13/0/0/0/0/0/0/0,13,1,353.24,0.04,332.79,353.24,2409.0,1234.9,8.56
weak,weak,write,packed,chunked,14,8,4,1,1024,469762048,1,0.3644,0.3639,0.3672,1289.1,14,1,14/0/0/0/0/0/0/0,14,1,357.32,0.04,356.61,357.28,2398.0,1314.7,7.1
weak,weak,write,packed,chunked,15,8,4,1,1024,503316480,1,0.4084,0.4073,0.4093,1232.3,15,1,15/0/0/0/0/0/0/0,15,1,401.96,0.08,380.63,401.92,2376.0,1252.2,6.46
weak,weak,write,packed,chunked,16,8,4,1,1024,536870912,1,0.415,0.4145,0.418,1293.8,16,1,16/0/0/0/0/0/0/0,16,1,408.16,0.08,407.53,408.16,2349.0,1315.3,6.8
weak,weak,write,packed,chunked,17,8,4,1,1024,570425344,1,0.4597,0.4581,0.4611,1240.7,17,1,17/0/0/0/0/0/0/0,17,1,451.72,0.08,430.04,451.72,2412.0,1262.8,8.03
weak,weak,write,packed,chunked,18,8,4,1,1024,603979776,1,0.4666,0.4656,0.4681,1294.4,18,1,18/0/0/0/0/0/0/0,18,1,460.0,0.08,458.13,460.0,2368.0,1313.0,6.6
weak,weak,write,packed,chunked,19,8,4,1,1024,637534208,1,0.5101,0.5077,0.5112,1249.9,19,1,19/0/0/0/0/0/0/0,19,1,502.16,0.12,479.73,502.08,2390.0,1269.6,7.92
weak,weak,write,packed,chunked,20,8,4,1,1024,671088640,1,0.5187,0.5166,0.5206,1293.8,20,1,20/0/0/0/0/0/0/0,20,1,512.92,0.08,508.59,512.84,2393.0,1308.4,5.76
weak,weak,write,packed,chunked,21,8,4,1,1024,704643072,1,0.558,0.5567,0.5596,1262.8,21,1,21/0/0/0/0/0/0/0,21,1,550.4,0.08,530.32,550.36,2375.0,1280.2,7.59
weak,weak,write,packed,chunked,22,8,4,1,1024,738197504,1,0.5696,0.5674,0.5738,1295.9,22,1,22/0/0/0/0/0/0/0,22,1,561.04,0.12,559.83,560.96,2382.0,1315.8,8.61
weak,weak,write,packed,chunked,23,8,4,1,1024,771751936,1,0.6088,0.606,0.6109,1267.6,23,1,23/0/0/0/0/0/0/0,23,1,603.08,0.12,579.2,603.0,2393.0,1279.7,5.77
weak,weak,write,packed,chunked,24,8,4,1,1024,805306368,1,0.6195,0.6191,0.6202,1300.0,24,1,24/0/0/0/0/0/0/0,24,1,612.8,0.12,608.91,612.68,2342.0,1314.1,6.67
weak,weak,write,packed,chunked,25,8,4,1,1024,838860800,1,0.6577,0.6574,0.6623,1275.4,25,1,25/0/0/0/0/0/0/0,25,1,651.4,0.12,628.96,651.32,2384.0,1287.8,6.33
weak,weak,write,packed,chunked,26,8,4,1,1024,872415232,1,0.67,0.6692,0.6708,1302.1,26,1,26/0/0/0/0/0/0/0,26,1,662.8,0.12,659.68,662.68,2404.0,1316.3,7.19
weak,weak,write,packed,chunked,27,8,4,1,1024,905969664,1,0.7083,0.7071,0.7116,1279.0,27,1,27/0/0/0/0/0/0/0,27,1,701.52,0.12,679.64,701.4,2387.0,1291.4,6.83
weak,weak,write,packed,chunked,28,8,4,1,1024,939524096,1,0.7206,0.7202,0.7222,1303.7,28,1,28/0/0/0/0/0/0/0,28,1,713.84,0.12,710.57,713.72,2371.0,1316.2,6.81
weak,weak,write,packed,chunked,29,8,4,1,1024,973078528,1,0.759,0.7581,0.7599,1282.1,29,1,29/0/0/0/0/0/0/0,29,1,751.72,0.12,731.31,751.64,2346.0,1294.5,7.27
weak,weak,write,packed,chunked,30,8,4,1,1024,1006632960,1,0.7717,0.771,0.7732,1304.4,30,1,30/0/0/0/0/0/0/0,30,1,764.56,0.12,763.77,764.52,2339.0,1316.6,7.17
weak,weak,write,packed,chunked,31,8,4,1,1024,1040187392,1,0.8091,0.8077,0.81,1285.6,31,1,31/0/0/0/0/0/0/0,31,1,802.76,0.16,780.3,802.6,2342.0,1295.8,6.33
weak,weak,write,packed,chunked,32,8,4,1,1024,1073741824,1,0.8228,0.8224,0.8242,1305.0,32,1,32/0/0/0/0/0/0/0,32,1,816.04,0.12,813.25,816.04,2354.0,1315.8,6.73
weak,weak,write,packed,chunked,33,8,4,1,1024,1107296256,1,0.8236,0.8227,0.8247,1344.4,33,2,32/1/0/0/0/0/0/0,33,1,816.52,0.52,795.9,816.12,2362.0,1356.1,7.13
weak,weak,write,packed,chunked,34,8,4,1,1024,1140850688,1,0.8232,0.8227,0.8238,1385.9,34,2,32/2/0/0/0/0/0/0,34,1,817.04,0.8,780.58,816.24,2375.0,1396.3,6.13
weak,weak,write,packed,chunked,35,8,4,1,1024,1174405120,1,0.8234,0.8228,0.8279,1426.2,35,2,32/3/0/0/0/0/0/0,35,1,817.04,0.48,762.54,816.6,2387.0,1437.4,6.41
weak,weak,write,packed,chunked,36,8,4,1,1024,1207959552,1,0.8232,0.8227,0.8238,1467.3,36,2,32/4/0/0/0/0/0/0,36,1,816.96,0.72,750.45,816.24,2395.0,1478.6,6.27
weak,weak,write,packed,chunked,37,8,4,1,1024,1241513984,1,0.8231,0.8221,0.8238,1508.3,37,2,32/5/0/0/0/0/0/0,37,1,816.12,0.56,738.88,815.68,2402.0,1521.2,6.99
weak,weak,write,packed,chunked,38,8,4,1,1024,1275068416,1,0.83,0.8283,0.8317,1536.2,38,2,32/6/0/0/0/0/0/0,38,1,825.56,0.68,731.89,825.0,2393.0,1544.5,4.43
weak,weak,write,packed,chunked,39,8,4,1,1024,1308622848,1,0.8484,0.8467,0.8497,1542.4,39,2,32/7/0/0/0/0/0/0,39,1,841.88,0.52,735.08,841.48,2376.0,1554.4,6.57
weak,weak,write,packed,chunked,40,8,4,1,1024,1342177280,1,0.8544,0.8497,0.8559,1570.8,40,2,32/8/0/0/0/0/0/0,40,1,847.6,0.6,736.38,847.12,2356.0,1583.5,6.83
weak,weak,write,packed,chunked,41,8,4,1,1024,1375731712,1,0.8544,0.8499,0.8558,1610.2,41,2,32/9/0/0/0/0/0/0,41,1,844.0,0.72,731.8,843.4,2337.0,1630.0,10.39
weak,weak,write,packed,chunked,42,8,4,1,1024,1409286144,1,0.8526,0.8509,0.8552,1652.9,42,2,32/10/0/0/0/0/0/0,42,1,846.6,0.84,731.42,845.76,2358.0,1664.6,6.01
weak,weak,write,packed,chunked,43,8,4,1,1024,1442840576,1,0.8594,0.8565,0.8629,1678.9,43,2,32/11/0/0/0/0/0/0,43,1,852.84,0.64,740.37,852.2,2385.0,1691.8,6.55
weak,weak,write,packed,chunked,44,8,4,1,1024,1476395008,1,0.8668,0.86,0.8684,1703.3,44,2,32/12/0/0/0/0/0/0,44,1,857.12,0.68,753.28,856.44,2402.0,1722.5,9.65
weak,weak,write,packed,chunked,45,8,4,1,1024,1509949440,1,0.8676,0.86,0.8691,1740.4,45,2,32/13/0/0/0/0/0/0,45,1,861.6,0.68,755.31,860.92,2404.0,1752.5,5.97
weak,weak,write,packed,chunked,46,8,4,1,1024,1543503872,1,0.8654,0.8613,0.8698,1783.5,46,2,32/14/0/0/0/0/0/0,46,1,863.4,0.56,760.17,862.96,2377.0,1787.7,2.05
weak,weak,write,packed,chunked,47,8,4,1,1024,1577058304,1,0.8776,0.8683,0.8783,1797.0,47,2,32/15/0/0/0/0/0/0,47,1,870.64,0.56,777.23,870.08,2346.0,1811.4,6.97
weak,weak,write,packed,chunked,48,8,4,1,1024,1610612736,1,0.8796,0.8735,0.8845,1831.0,48,2,32/16/0/0/0/0/0/0,48,1,868.92,0.68,797.12,868.24,2365.0,1853.6,10.71
weak,weak,write,packed,chunked,49,8,4,1,1024,1644167168,1,0.8866,0.8822,0.8874,1854.5,49,2,32/17/0/0/0/0/0/0,49,1,876.12,0.48,803.64,875.64,2341.0,1876.6,10.45
weak,weak,write,packed,chunked,50,8,4,1,1024,1677721600,1,0.8891,0.8782,0.8921,1887.0,50,2,32/18/0/0/0/0/0/0,50,1,883.12,0.56,811.8,882.56,2373.0,1899.8,5.97
weak,weak,write,packed,chunked,51,8,4,1,1024,1711276032,1,0.8926,0.8829,0.8962,1917.1,51,2,32/19/0/0/0/0/0/0,51,1,888.88,0.2,834.56,888.68,2361.0,1925.2,3.77
weak,weak,write,packed,chunked,52,8,4,1,1024,1744830464,1,0.8914,0.8872,0.9034,1957.5,52,2,32/20/0/0/0/0/0/0,52,1,882.08,0.84,859.62,881.24,2379.0,1978.1,9.29
weak,weak,write,packed,chunked,53,8,4,1,1024,1778384896,1,0.9037,0.8948,0.9069,1967.9,53,2,32/21/0/0/0/0/0/0,53,1,897.6,0.64,868.35,896.96,2400.0,1981.3,6.11
weak,weak,write,packed,chunked,54,8,4,1,1024,1811939328,1,0.9079,0.9059,0.9224,1995.8,54,2,32/22/0/0/0/0/0/0,54,1,913.64,0.24,878.49,913.56,2400.0,1983.2,-5.77
weak,weak,write,packed,chunked,55,8,4,1,1024,1845493760,1,0.9443,0.938,0.9518,1954.3,55,2,32/23/0/0/0/0/0/0,55,1,936.24,0.24,902.79,936.12,2378.0,1971.2,8.09
weak,weak,write,packed,chunked,56,8,4,1,1024,1879048192,1,0.9596,0.9535,0.9632,1958.1,56,2,32/24/0/0/0/0/0/0,56,1,957.04,0.4,916.97,956.96,2354.0,1963.4,2.57
weak,weak,write,packed,chunked,57,8,4,1,1024,1912602624,1,0.9959,0.9928,1.0028,1920.5,57,2,32/25/0/0/0/0/0/0,57,1,989.88,0.6,928.47,989.76,2407.0,1932.2,6.01
weak,weak,write,packed,chunked,58,8,4,1,1024,1946157056,1,1.0342,1.0297,1.0391,1881.9,58,2,32/26/0/0/0/0/0/0,58,1,1028.32,0.68,935.73,1028.2,2395.0,1892.6,5.85
weak,weak,write,packed,chunked,59,8,4,1,1024,1979711488,1,1.0457,1.0441,1.0528,1893.1,59,2,32/27/0/0/0/0/0/0,59,1,1038.92,0.64,952.65,1038.8,2385.0,1905.5,6.81
weak,weak,write,packed,chunked,60,8,4,1,1024,2013265920,1,1.0589,1.0544,1.0647,1901.3,60,2,32/28/0/0/0/0/0/0,60,1,1048.4,0.52,969.3,1048.28,2381.0,1920.3,10.51
weak,weak,write,packed,chunked,61,8,4,1,1024,2046820352,1,1.1007,1.0946,1.1053,1859.5,61,2,32/29/0/0/0/0/0/0,61,1,1092.4,0.64,977.74,1092.28,2405.0,1873.7,8.31
weak,weak,write,packed,chunked,62,8,4,1,1024,2080374784,1,1.134,1.1313,1.1367,1834.6,62,2,32/30/0/0/0/0/0/0,62,1,1127.04,0.2,989.55,1126.92,2396.0,1845.9,6.95
weak,weak,write,packed,chunked,63,8,4,1,1024,2113929216,1,1.1467,1.143,1.155,1843.5,63,2,32/31/0/0/0/0/0/0,63,1,1140.52,0.52,1010.26,1140.36,2364.0,1853.5,6.15
weak,weak,write,packed,chunked,64,8,4,1,1024,2147483648,1,1.1636,1.1577,1.1661,1845.6,64,2,32/32/0/0/0/0/0/0,64,1,1158.56,0.64,1023.02,1158.4,2397.0,1853.6,5.03
weak,weak,write,packed,chunked,65,8,4,1,1024,2181038080,1,1.1616,1.1558,1.1652,1877.7,65,3,32/32/1/0/0/0/0/0,65,1,1151.48,0.64,1013.58,1151.36,2399.0,1894.1,10.07
weak,weak,write,packed,chunked,66,8,4,1,1024,2214592512,1,1.1627,1.1551,1.1675,1904.7,66,3,32/32/2/0/0/0/0/0,66,1,1157.96,0.53,1000.13,1157.92,2408.0,1912.5,4.73
weak,weak,write,packed,chunked,67,8,4,1,1024,2248146944,1,1.1615,1.1565,1.1659,1935.5,67,3,32/32/3/0/0/0/0/0,67,1,1150.84,0.41,990.87,1150.8,2410.0,1953.5,10.67
weak,weak,write,packed,chunked,68,8,4,1,1024,2281701376,1,1.1613,1.1582,1.1631,1964.7,68,3,32/32/4/0/0/0/0/0,68,1,1152.88,0.57,979.08,1152.76,2383.0,1979.1,8.45
weak,weak,write,packed,chunked,69,8,4,1,1024,2315255808,1,1.1601,1.1549,1.1663,1995.8,69,3,32/32/5/0/0/0/0/0,69,1,1158.72,0.61,968.4,1158.64,2388.0,1998.1,1.37
weak,weak,write,packed,chunked,70,8,4,1,1024,2348810240,1,1.1597,1.1547,1.1645,2025.3,70,3,32/32/6/0/0/0/0/0,70,1,1158.8,0.8,958.47,1158.76,2398.0,2026.9,0.91
weak,weak,write,packed,chunked,71,8,4,1,1024,2382364672,1,1.1593,1.1555,1.166,2055.0,71,3,32/32/7/0/0/0/0/0,71,1,1152.48,0.77,951.81,1152.36,2370.0,2067.2,6.83
weak,weak,write,packed,chunked,72,8,4,1,1024,2415919104,1,1.1593,1.1559,1.1649,2083.9,72,3,32/32/8/0/0/0/0/0,72,1,1149.96,0.6,943.92,1149.92,2404.0,2100.9,9.35
weak,weak,write,packed,chunked,73,8,4,1,1024,2449473536,1,1.163,1.1567,1.1656,2106.1,73,3,32/32/9/0/0/0/0/0,73,1,1157.52,0.73,932.86,1157.44,2409.0,2116.1,5.51
weak,weak,write,packed,chunked,74,8,4,1,1024,2483027968,1,1.1623,1.1569,1.1662,2136.4,74,3,32/32/10/0/0/0/0/0,74,1,1151.0,0.64,928.09,1150.92,2376.0,2157.3,11.25
weak,weak,write,packed,chunked,75,8,4,1,1024,2516582400,1,1.1614,1.1579,1.1709,2166.9,75,3,32/32/11/0/0/0/0/0,75,1,1155.0,0.96,919.42,1154.92,2389.0,2178.9,6.39
weak,weak,write,packed,chunked,76,8,4,1,1024,2550136832,1,1.164,1.1541,1.1716,2190.9,76,3,32/32/12/0/0/0/0/0,76,1,1165.72,0.61,912.47,1165.64,2386.0,2187.6,-1.77
weak,weak,write,packed,chunked,77,8,4,1,1024,2583691264,1,1.165,1.158,1.1692,2217.9,77,3,32/32/13/0/0/0/0/0,77,1,1160.2,0.24,911.01,1160.12,2391.0,2226.9,4.75
weak,weak,write,packed,chunked,78,8,4,1,1024,2617245696,1,1.1622,1.1559,1.1708,2252.0,78,3,32/32/14/0/0/0/0/0,78,1,1165.0,0.68,907.27,1164.96,2385.0,2246.6,-2.83
weak,weak,write,packed,chunked,79,8,4,1,1024,2650800128,1,1.1634,1.1545,1.1685,2278.6,79,3,32/32/15/0/0/0/0/0,79,1,1159.24,0.61,904.85,1159.12,2370.0,2286.7,4.11
weak,weak,write,packed,chunked,80,8,4,1,1024,2684354560,1,1.1622,1.1545,1.1659,2309.7,80,3,32/32/16/0/0/0/0/0,80,1,1159.84,0.65,902.8,1159.8,2369.0,2314.4,2.37
weak,weak,write,packed,chunked,81,8,4,1,1024,2717908992,1,1.1637,1.1569,1.1677,2335.6,81,3,32/32/17/0/0/0/0/0,81,1,1157.88,0.65,901.68,1157.8,2373.0,2347.3,5.83
weak,weak,write,packed,chunked,82,8,4,1,1024,2751463424,1,1.1605,1.1562,1.1649,2371.0,82,3,32/32/18/0/0/0/0/0,82,1,1155.76,0.69,901.68,1155.72,2406.0,2380.7,4.71
weak,weak,write,packed,chunked,83,8,4,1,1024,2785017856,1,1.1591,1.1566,1.1661,2402.7,83,3,32/32/19/0/0/0/0/0,83,1,1151.44,0.61,903.0,1151.4,2411.0,2418.7,7.67
weak,weak,write,packed,chunked,84,8,4,1,1024,2818572288,1,1.1609,1.1577,1.1668,2428.0,84,3,32/32/20/0/0/0/0/0,84,1,1151.96,0.69,904.05,1151.88,2373.0,2446.8,8.89
weak,weak,write,packed,chunked,85,8,4,1,1024,2852126720,1,1.1622,1.1575,1.1665,2454.1,85,3,32/32/21/0/0/0/0/0,85,1,1151.36,0.53,904.48,1151.32,2386.0,2477.2,10.85
weak,weak,write,packed,chunked,86,8,4,1,1024,2885681152,1,1.1601,1.1542,1.1646,2487.5,86,3,32/32/22/0/0/0/0/0,86,1,1153.76,0.77,903.72,1153.72,2369.0,2501.1,6.33
weak,weak,write,packed,chunked,87,8,4,1,1024,2919235584,1,1.1638,1.1549,1.168,2508.4,87,3,32/32/23/0/0/0/0/0,87,1,1152.88,0.69,906.84,1152.84,2385.0,2532.1,10.91
weak,weak,write,packed,chunked,88,8,4,1,1024,2952790016,1,1.1597,1.1567,1.168,2546.1,88,3,32/32/24/0/0/0/0/0,88,1,1151.24,0.61,912.32,1151.12,2373.0,2564.9,8.47
weak,weak,write,packed,chunked,89,8,4,1,1024,2986344448,1,1.1656,1.1577,1.1737,2562.1,89,3,32/32/25/0/0/0/0/0,89,1,1159.96,0.57,912.12,1159.92,2379.0,2574.5,5.63
weak,weak,write,packed,chunked,90,8,4,1,1024,3019898880,1,1.1648,1.1605,1.1697,2592.7,90,3,32/32/26/0/0/0/0/0,90,1,1156.68,0.61,915.5,1156.68,2408.0,2610.8,8.07
weak,weak,write,packed,chunked,91,8,4,1,1024,3053453312,1,1.1646,1.1547,1.1738,2621.9,91,3,32/32/27/0/0/0/0/0,91,1,1148.92,0.85,923.45,1148.84,2393.0,2657.7,15.69
weak,weak,write,packed,chunked,92,8,4,1,1024,3087007744,1,1.1673,1.1605,1.1701,2644.5,92,3,32/32/28/0/0/0/0/0,92,1,1161.6,0.68,928.01,1161.52,2384.0,2657.5,5.71
weak,weak,write,packed,chunked,93,8,4,1,1024,3120562176,1,1.1674,1.1613,1.1719,2673.1,93,3,32/32/29/0/0/0/0/0,93,1,1155.36,0.69,932.66,1155.32,2362.0,2700.9,12.05
weak,weak,write,packed,chunked,94,8,4,1,1024,3154116608,1,1.1639,1.1567,1.1717,2709.9,94,3,32/32/30/0/0/0/0/0,94,1,1151.28,0.73,938.65,1151.24,2363.0,2739.7,12.65
weak,weak,write,packed,chunked,95,8,4,1,1024,3187671040,1,1.1671,1.1604,1.1739,2731.2,95,3,32/32/31/0/0/0/0/0,95,1,1156.64,0.61,945.59,1156.6,2387.0,2756.0,10.49
weak,weak,write,packed,chunked,96,8,4,1,1024,3221225472,1,1.1656,1.162,1.1698,2763.7,96,3,32/32/32/0/0/0/0/0,96,1,1159.64,0.69,954.92,1159.6,2385.0,2777.8,5.91
weak,weak,write,packed,chunked,97,8,4,1,1024,3254779904,1,1.1667,1.1565,1.1719,2789.7,97,4,32/32/32/1/0/0/0/0,97,1,1150.76,0.77,948.8,1150.76,2363.0,2828.4,15.93
weak,weak,write,packed,chunked,98,8,4,1,1024,3288334336,1,1.1667,1.1598,1.1719,2818.5,98,4,32/32/32/2/0/0/0/0,98,1,1156.24,0.81,939.4,1156.24,2393.0,2844.0,10.47
weak,weak,write,packed,chunked,99,8,4,1,1024,3321888768,1,1.169,1.1581,1.1744,2841.7,99,4,32/32/32/3/0/0/0/0,99,1,1160.24,0.69,933.03,1160.24,2377.0,2863.1,8.73
weak,weak,write,packed,chunked,100,8,4,1,1024,3355443200,1,1.1659,1.1594,1.1732,2878.1,100,4,32/32/32/4/0/0/0/0,100,1,1155.12,0.68,926.96,1155.12,2342.0,2904.8,10.73
weak,weak,write,packed,chunked,101,8,4,1,1024,3388997632,1,1.1678,1.1595,1.1693,2902.2,101,4,32/32/32/5/0/0/0/0,101,1,1154.36,0.72,920.68,1154.36,2366.0,2935.8,13.39
weak,weak,write,packed,chunked,102,8,4,1,1024,3422552064,1,1.1641,1.1586,1.1684,2940.1,102,4,32/32/32/6/0/0/0/0,102,1,1153.4,0.85,919.61,1153.4,2386.0,2967.4,10.69
weak,weak,write,packed,chunked,103,8,4,1,1024,3456106496,1,1.1653,1.1582,1.1748,2965.9,103,4,32/32/32/7/0/0/0/0,103,1,1155.68,0.84,922.46,1155.56,2373.0,2990.5,9.61
weak,weak,write,packed,chunked,104,8,4,1,1024,3489660928,1,1.1648,1.1566,1.1692,2996.0,104,4,32/32/32/8/0/0/0/0,104,1,1156.24,0.73,921.74,1156.12,2365.0,3018.1,8.53
weak,weak,write,packed,chunked,105,8,4,1,1024,3523215360,1,1.1679,1.1629,1.175,3016.6,105,4,32/32/32/9/0/0/0/0,105,1,1159.68,0.69,918.74,1159.52,2366.0,3038.1,8.25
weak,weak,write,packed,chunked,106,8,4,1,1024,3556769792,1,1.1658,1.1635,1.1701,3050.9,106,4,32/32/32/10/0/0/0/0,106,1,1159.28,0.65,919.03,1159.12,2405.0,3068.1,6.53
weak,weak,write,packed,chunked,107,8,4,1,1024,3590324224,1,1.1653,1.1615,1.1743,3081.2,107,4,32/32/32/11/0/0/0/0,107,1,1159.8,0.65,918.88,1159.68,2398.0,3095.6,5.45
weak,weak,write,packed,chunked,108,8,4,1,1024,3623878656,1,1.1668,1.1593,1.1735,3105.8,108,4,32/32/32/12/0/0/0/0,108,1,1160.36,0.77,921.47,1160.24,2359.0,3123.1,6.43
weak,weak,write,packed,chunked,109,8,4,1,1024,3657433088,1,1.1663,1.1578,1.175,3135.9,109,4,32/32/32/13/0/0/0/0,109,1,1160.4,0.64,921.81,1160.24,2402.0,3151.9,5.91
weak,weak,write,packed,chunked,110,8,4,1,1024,3690987520,1,1.1684,1.1589,1.1731,3158.9,110,4,32/32/32/14/0/0/0/0,110,1,1159.6,0.73,926.52,1159.44,2403.0,3183.0,8.83
weak,weak,write,packed,chunked,111,8,4,1,1024,3724541952,1,1.1666,1.1571,1.1724,3192.8,111,4,32/32/32/15/0/0/0/0,111,1,1160.28,0.72,927.16,1160.12,2383.0,3210.0,6.27
weak,weak,write,packed,chunked,112,8,4,1,1024,3758096384,1,1.1657,1.1596,1.17,3224.0,112,4,32/32/32/16/0/0/0/0,112,1,1163.48,0.69,933.1,1163.36,2411.0,3230.0,2.19
weak,weak,write,packed,chunked,113,8,4,1,1024,3791650816,1,1.1671,1.1619,1.176,3248.7,113,4,32/32/32/17/0/0/0/0,113,1,1161.32,0.61,936.08,1161.2,2401.0,3264.9,5.81
weak,weak,write,packed,chunked,114,8,4,1,1024,3825205248,1,1.167,1.1562,1.1731,3277.8,114,4,32/32/32/18/0/0/0/0,114,1,1161.48,0.85,943.59,1161.32,2398.0,3293.4,5.51
weak,weak,write,packed,chunked,115,8,4,1,1024,3858759680,1,1.1622,1.1553,1.1757,3320.2,115,4,32/32/32/19/0/0/0/0,115,1,1156.84,0.72,947.15,1156.72,2386.0,3335.6,5.35
weak,weak,write,packed,chunked,116,8,4,1,1024,3892314112,1,1.168,1.1604,1.1735,3332.6,116,4,32/32/32/20/0/0/0/0,116,1,1163.44,0.53,957.05,1163.28,2359.0,3345.5,4.51
weak,weak,write,packed,chunked,117,8,4,1,1024,3925868544,1,1.1677,1.1611,1.1759,3362.1,117,4,32/32/32/21/0/0/0/0,117,1,1164.12,0.84,961.1,1163.96,2386.0,3372.4,3.55
weak,weak,write,packed,chunked,118,8,4,1,1024,3959422976,1,1.166,1.1614,1.1723,3395.8,118,4,32/32/32/22/0/0/0/0,118,1,1159.56,0.69,970.66,1159.44,2404.0,3414.6,6.43
weak,weak,write,packed,chunked,119,8,4,1,1024,3992977408,1,1.1672,1.155,1.1748,3421.1,119,4,32/32/32/23/0/0/0/0,119,1,1162.32,0.73,972.07,1162.24,2395.0,3435.4,4.85
weak,weak,write,packed,chunked,120,8,4,1,1024,4026531840,1,1.1668,1.1596,1.1703,3451.0,120,4,32/32/32/24/0/0/0/0,120,1,1164.2,0.85,977.1,1164.08,2368.0,3458.6,2.57
weak,weak,write,packed,chunked,121,8,4,1,1024,4060086272,1,1.1674,1.1546,1.1707,3477.9,121,4,32/32/32/25/0/0/0/0,121,1,1160.72,0.69,981.15,1160.64,2382.0,3497.9,6.69
weak,weak,write,packed,chunked,122,8,4,1,1024,4093640704,1,1.1658,1.1553,1.1699,3511.6,122,4,32/32/32/26/0/0/0/0,122,1,1158.72,0.65,987.46,1158.64,2372.0,3532.9,7.03
weak,weak,write,packed,chunked,123,8,4,1,1024,4127195136,1,1.1669,1.1631,1.1702,3537.0,123,4,32/32/32/27/0/0/0/0,123,1,1164.44,0.77,991.87,1164.32,2373.0,3544.4,2.43
weak,weak,write,packed,chunked,124,8,4,1,1024,4160749568,1,1.1677,1.1546,1.1702,3563.1,124,4,32/32/32/28/0/0/0/0,124,1,1161.84,0.65,999.3,1161.68,2390.0,3581.2,5.89
weak,weak,write,packed,chunked,125,8,4,1,1024,4194304000,1,1.1646,1.1581,1.1727,3601.6,125,4,32/32/32/29/0/0/0/0,125,1,1152.4,0.68,1004.42,1152.28,2369.0,3639.6,12.15
weak,weak,write,packed,chunked,126,8,4,1,1024,4227858432,1,1.1651,1.155,1.1733,3628.7,126,4,32/32/32/30/0/0/0/0,126,1,1156.96,0.92,1010.69,1156.88,2408.0,3654.3,8.15
weak,weak,write,packed,chunked,127,8,4,1,1024,4261412864,1,1.1641,1.1557,1.1687,3660.7,127,4,32/32/32/31/0/0/0/0,127,1,1162.6,0.69,1017.21,1162.44,2396.0,3665.4,1.49
weak,weak,write,packed,chunked,128,8,4,1,1024,4294967296,1,1.1666,1.1585,1.1726,3681.6,128,4,32/32/32/32/0/0/0/0,128,1,1160.48,0.76,1023.78,1160.36,2377.0,3701.0,6.11
weak,weak,write,packed,chunked,129,8,4,1,1024,4328521728,1,1.1645,1.1577,1.175,3717.0,129,5,32/32/32/32/1/0/0/0,129,1,1158.6,0.83,1017.73,1158.48,2384.0,3736.0,5.91
weak,weak,write,packed,chunked,130,8,4,1,1024,4362076160,1,1.1665,1.1582,1.1711,3739.4,130,5,32/32/32/32/2/0/0/0,130,1,1160.6,0.81,1011.04,1160.44,2372.0,3758.5,5.91
weak,weak,write,packed,chunked,131,8,4,1,1024,4395630592,1,1.168,1.1619,1.1787,3763.5,131,5,32/32/32/32/3/0/0/0,131,1,1162.44,0.77,1012.66,1162.32,2400.0,3781.4,5.53
weak,weak,write,packed,chunked,132,8,4,1,1024,4429185024,1,1.1676,1.1559,1.1723,3793.6,132,5,32/32/32/32/4/0/0/0,132,1,1161.2,0.72,1007.84,1161.08,2380.0,3814.3,6.35
weak,weak,write,packed,chunked,133,8,4,1,1024,4462739456,1,1.1666,1.1562,1.1712,3825.6,133,5,32/32/32/32/5/0/0/0,133,1,1164.36,0.83,1002.01,1164.2,2376.0,3832.8,2.19
weak,weak,write,packed,chunked,134,8,4,1,1024,4496293888,1,1.1674,1.159,1.1737,3851.6,134,5,32/32/32/32/6/0/0/0,134,1,1162.5,0.77,997.77,1162.0,2380.0,3867.8,4.89
weak,weak,write,packed,chunked,135,8,4,1,1024,4529848320,1,1.1665,1.1559,1.1719,3883.3,135,5,32/32/32/32/7/0/0/0,135,1,1161.28,0.87,995.14,1161.24,2379.0,3900.7,5.21
weak,weak,write,packed,chunked,136,8,4,1,1024,4563402752,1,1.1672,1.1622,1.1722,3909.9,136,5,32/32/32/32/8/0/0/0,136,1,1158.36,0.81,986.45,1158.32,2356.0,3939.5,8.79
weak,weak,write,packed,chunked,137,8,4,1,1024,4596957184,1,1.1651,1.1619,1.1711,3945.7,137,5,32/32/32/32/9/0/0/0,137,1,1158.86,0.69,978.98,1158.76,2367.0,3966.8,6.19
weak,weak,write,packed,chunked,138,8,4,1,1024,4630511616,1,1.167,1.1553,1.1742,3967.9,138,5,32/32/32/32/10/0/0/0,138,1,1156.96,0.79,975.1,1156.8,2363.0,4002.3,10.03
weak,weak,write,packed,chunked,139,8,4,1,1024,4664066048,1,1.1705,1.1616,1.1787,3984.8,139,5,32/32/32/32/11/0/0/0,139,1,1158.8,0.83,968.83,1158.68,2363.0,4024.9,11.67
weak,weak,write,packed,chunked,140,8,4,1,1024,4697620480,1,1.1665,1.1621,1.1725,4027.3,140,5,32/32/32/32/12/0/0/0,140,1,1156.72,0.85,965.03,1156.64,2332.0,4061.2,9.73
weak,weak,write,packed,chunked,141,8,4,1,1024,4731174912,1,1.1664,1.1581,1.1754,4056.2,141,5,32/32/32/32/13/0/0/0,141,1,1160.04,0.77,960.96,1159.96,2344.0,4078.5,6.35
weak,weak,write,packed,chunked,142,8,4,1,1024,4764729344,1,1.1646,1.155,1.1681,4091.3,142,5,32/32/32/32/14/0/0/0,142,1,1156.62,0.87,958.65,1155.96,2361.0,4119.5,7.97
weak,weak,write,packed,chunked,143,8,4,1,1024,4798283776,1,1.1668,1.1595,1.1709,4112.4,143,5,32/32/32/32/15/0/0/0,143,1,1165.06,0.79,961.36,1164.44,2334.0,4118.5,1.73
weak,weak,write,packed,chunked,144,8,4,1,1024,4831838208,1,1.1659,1.1561,1.169,4144.5,144,5,32/32/32/32/16/0/0/0,144,1,1158.48,0.83,965.24,1158.4,2338.0,4170.8,7.37
weak,weak,write,packed,chunked,145,8,4,1,1024,4865392640,1,1.1659,1.1623,1.1725,4173.1,145,5,32/32/32/32/17/0/0/0,145,1,1163.0,0.91,961.6,1162.92,2339.0,4183.5,2.89
weak,weak,write,packed,chunked,146,8,4,1,1024,4898947072,1,1.1658,1.1607,1.1717,4202.2,146,5,32/32/32/32/18/0/0/0,146,1,1158.98,0.91,961.16,1158.56,2336.0,4226.9,6.83
weak,weak,write,packed,chunked,147,8,4,1,1024,4932501504,1,1.1702,1.1611,1.1767,4215.1,147,5,32/32/32/32/19/0/0/0,147,1,1169.96,0.71,959.63,1169.92,2338.0,4216.0,0.23
weak,weak,write,packed,chunked,148,8,4,1,1024,4966055936,1,1.1681,1.1632,1.1714,4251.6,148,5,32/32/32/32/20/0/0/0,148,1,1159.92,0.77,960.27,1159.88,2334.0,4281.4,8.13
weak,weak,write,packed,chunked,149,8,4,1,1024,4999610368,1,1.1713,1.1587,1.1763,4268.5,149,5,32/32/32/32/21/0/0/0,149,1,1167.76,0.76,958.82,1167.72,2338.0,4281.4,3.53
weak,weak,write,packed,chunked,150,8,4,1,1024,5033164800,1,1.167,1.16,1.1707,4313.1,150,5,32/32/32/32/22/0/0/0,150,1,1156.7,0.95,959.33,1156.28,2337.0,4351.3,10.25
weak,weak,write,packed,chunked,151,8,4,1,1024,5066719232,1,1.1652,1.1618,1.1693,4348.4,151,5,32/32/32/32/23/0/0/0,151,1,1159.8,0.87,957.59,1159.76,2336.0,4368.6,5.39
weak,weak,write,packed,chunked,152,8,4,1,1024,5100273664,1,1.1669,1.1614,1.1702,4370.7,152,5,32/32/32/32/24/0/0/0,152,1,1158.5,0.75,960.24,1157.92,2334.0,4402.5,8.41
weak,weak,write,packed,chunked,153,8,4,1,1024,5133828096,1,1.1659,1.1611,1.1741,4403.4,153,5,32/32/32/32/25/0/0/0,153,1,1159.16,0.76,961.99,1159.08,2335.0,4428.9,6.71
weak,weak,write,packed,chunked,154,8,4,1,1024,5167382528,1,1.1654,1.1591,1.1735,4434.2,154,5,32/32/32/32/26/0/0/0,154,1,1156.04,0.93,963.37,1155.96,2334.0,4469.9,9.31
weak,weak,write,packed,chunked,155,8,4,1,1024,5200936960,1,1.1661,1.1581,1.1766,4460.1,155,5,32/32/32/32/27/0/0/0,155,1,1152.16,0.79,966.98,1152.08,2335.0,4514.1,13.95
weak,weak,write,packed,chunked,156,8,4,1,1024,5234491392,1,1.1718,1.1608,1.1761,4466.9,156,5,32/32/32/32/28/0/0/0,156,1,1160.52,0.87,975.28,1160.44,2333.0,4510.5,11.31
weak,weak,write,packed,chunked,157,8,4,1,1024,5268045824,1,1.1703,1.1624,1.1759,4501.3,157,5,32/32/32/32/29/0/0/0,157,1,1165.6,0.95,979.71,1165.52,2335.0,4519.6,4.73
weak,weak,write,packed,chunked,158,8,4,1,1024,5301600256,1,1.1683,1.164,1.1752,4537.7,158,5,32/32/32/32/30/0/0/0,158,1,1163.32,0.87,985.23,1163.32,2335.0,4557.3,5.01
weak,weak,write,packed,chunked,159,8,4,1,1024,5335154688,1,1.169,1.157,1.1741,4563.7,159,5,32/32/32/32/31/0/0/0,159,1,1168.24,0.79,986.3,1168.2,2334.0,4566.8,0.79
weak,weak,write,packed,chunked,160,8,4,1,1024,5368709120,1,1.1688,1.1617,1.1733,4593.5,160,5,32/32/32/32/32/0/0/0,160,1,1167.52,0.91,992.27,1167.48,2331.0,4598.4,1.25
weak,weak,write,packed,chunked,161,8,4,1,1024,5402263552,1,1.1664,1.1629,1.1701,4631.4,161,6,32/32/32/32/32/1/0/0,161,1,1160.98,0.95,988.04,1160.56,2331.0,4653.2,5.45
weak,weak,write,packed,chunked,162,8,4,1,1024,5435817984,1,1.1693,1.1611,1.1768,4648.9,162,6,32/32/32/32/32/2/0/0,162,1,1162.68,1.07,984.68,1162.64,2329.0,4675.2,6.59
weak,weak,write,packed,chunked,163,8,4,1,1024,5469372416,1,1.1702,1.1606,1.1763,4673.8,163,6,32/32/32/32/32/3/0/0,163,1,1164.36,0.91,980.54,1164.2,2331.0,4697.3,5.85
weak,weak,write,packed,chunked,164,8,4,1,1024,5502926848,1,1.1703,1.167,1.1761,4702.3,164,6,32/32/32/32/32/4/0/0,164,1,1168.96,0.87,982.75,1168.96,2332.0,4707.5,1.29
weak,weak,write,packed,chunked,165,8,4,1,1024,5536481280,1,1.1708,1.1648,1.1798,4728.7,165,6,32/32/32/32/32/5/0/0,165,1,1167.82,0.95,977.89,1167.32,2329.0,4740.9,3.01
weak,weak,write,packed,chunked,166,8,4,1,1024,5570035712,1,1.176,1.1676,1.1894,4736.5,166,6,32/32/32/32/32/6/0/0,166,1,1170.86,0.87,983.87,1170.44,2333.0,4757.2,5.11
weak,weak,write,packed,chunked,167,8,4,1,1024,5603590144,1,1.1778,1.1696,1.187,4757.9,167,6,32/32/32/32/32/7/0/0,167,1,1166.1,0.79,979.66,1165.72,2331.0,4805.4,11.65
weak,weak,write,packed,chunked,168,8,4,1,1024,5637144576,1,1.1846,1.1765,1.1945,4758.6,168,6,32/32/32/32/32/8/0/0,168,1,1176.34,0.95,984.79,1175.96,2332.0,4792.1,8.29
weak,weak,write,packed,chunked,169,8,4,1,1024,5670699008,1,1.186,1.172,1.1945,4781.5,169,6,32/32/32/32/32/9/0/0,169,1,1177.5,0.91,981.35,1176.84,2329.0,4815.9,8.47
weak,weak,write,packed,chunked,170,8,4,1,1024,5704253440,1,1.197,1.1838,1.2065,4765.5,170,6,32/32/32/32/32/10/0/0,170,1,1200.26,0.83,1003.48,1199.84,2330.0,4752.5,-3.27
weak,weak,write,packed,chunked,171,8,4,1,1024,5737807872,1,1.2014,1.1806,1.2073,4776.0,171,6,32/32/32/32/32/11/0/0,171,1,1186.82,0.79,994.65,1186.2,2330.0,4834.6,14.57
weak,weak,write,packed,chunked,172,8,4,1,1024,5771362304,1,1.1984,1.1883,1.2157,4815.9,172,6,32/32/32/32/32/12/0/0,172,1,1198.06,0.95,1001.75,1197.64,2329.0,4817.3,0.33
weak,weak,write,packed,chunked,173,8,4,1,1024,5804916736,1,1.1992,1.1929,1.2173,4840.6,173,6,32/32/32/32/32/13/0/0,173,1,1189.1,0.95,999.11,1188.72,2330.0,4881.8,10.11
weak,weak,write,packed,chunked,174,8,4,1,1024,5838471168,1,1.2141,1.205,1.2271,4809.1,174,6,32/32/32/32/32/14/0/0,174,1,1207.94,0.95,1011.32,1207.52,2332.0,4833.4,6.11
weak,weak,write,packed,chunked,175,8,4,1,1024,5872025600,1,1.2146,1.201,1.2362,4834.4,175,6,32/32/32/32/32/15/0/0,175,1,1206.35,0.88,1012.89,1206.16,2333.0,4867.6,8.28
weak,weak,write,packed,chunked,176,8,4,1,1024,5905580032,1,1.2333,1.221,1.2551,4788.4,176,6,32/32/32/32/32/16/0/0,176,1,1232.42,0.83,1037.84,1231.88,2331.0,4791.9,0.89
weak,weak,write,packed,chunked,177,8,4,1,1024,5939134464,1,1.2285,1.2174,1.2384,4834.3,177,6,32/32/32/32/32/17/0/0,177,1,1217.02,0.83,1028.78,1216.52,2331.0,4880.1,11.51
weak,weak,write,packed,chunked,178,8,4,1,1024,5972688896,1,1.2308,1.2139,1.241,4852.8,178,6,32/32/32/32/32/18/0/0,178,1,1233.78,0.83,1044.73,1233.32,2331.0,4841.0,-3.01
weak,weak,write,packed,chunked,179,8,4,1,1024,6006243328,1,1.2265,1.2147,1.2411,4897.2,179,6,32/32/32/32/32/19/0/0,179,1,1208.74,0.95,1033.99,1208.36,2331.0,4969.0,17.71
weak,weak,write,packed,chunked,180,8,4,1,1024,6039797760,1,1.2507,1.2289,1.2727,4829.0,180,6,32/32/32/32/32/20/0/0,180,1,1236.58,0.83,1060.87,1236.08,2330.0,4884.3,14.15
weak,weak,write,packed,chunked,181,8,4,1,1024,6073352192,1,1.2588,1.2354,1.2722,4824.6,181,6,32/32/32/32/32/21/0/0,181,1,1254.82,0.87,1071.9,1254.2,2327.0,4840.0,4.01
weak,weak,write,packed,chunked,182,8,4,1,1024,6106906624,1,1.2725,1.265,1.2851,4799.0,182,6,32/32/32/32/32/22/0/0,182,1,1271.62,0.89,1093.48,1271.08,2327.0,4802.5,0.91
weak,weak,write,packed,chunked,183,8,4,1,1024,6140461056,1,1.2593,1.2475,1.2706,4876.0,183,6,32/32/32/32/32/23/0/0,183,1,1258.22,0.95,1086.59,1257.84,2328.0,4880.3,1.11
weak,weak,write,packed,chunked,184,8,4,1,1024,6174015488,1,1.247,1.2367,1.2766,4951.0,184,6,32/32/32/32/32/24/0/0,184,1,1240.98,0.87,1079.05,1240.56,2327.0,4975.1,6.03
weak,weak,write,packed,chunked,185,8,4,1,1024,6207569920,1,1.241,1.2277,1.2503,5002.1,185,6,32/32/32/32/32/25/0/0,185,1,1234.46,0.95,1079.14,1233.92,2326.0,5028.6,6.53
weak,weak,write,packed,chunked,186,8,4,1,1024,6241124352,1,1.2462,1.2278,1.2719,5008.0,186,6,32/32/32/32/32/26/0/0,186,1,1221.78,0.79,1067.96,1221.24,2326.0,5108.2,24.45
weak,weak,write,packed,chunked,187,8,4,1,1024,6274678784,1,1.2449,1.2286,1.2638,5040.4,187,6,32/32/32/32/32/27/0/0,187,1,1257.78,0.91,1097.72,1257.0,2327.0,4988.7,-12.91
weak,weak,write,packed,chunked,188,8,4,1,1024,6308233216,1,1.2525,1.2312,1.2676,5036.5,188,6,32/32/32/32/32/28/0/0,188,1,1225.38,0.83,1083.98,1224.88,2326.0,5148.0,27.13
weak,weak,write,packed,chunked,189,8,4,1,1024,6341787648,1,1.2513,1.232,1.2715,5068.3,189,6,32/32/32/32/32/29/0/0,189,1,1244.26,0.91,1100.52,1243.72,2326.0,5096.8,6.99
weak,weak,write,packed,chunked,190,8,4,1,1024,6375342080,1,1.2587,1.2514,1.2712,5065.0,190,6,32/32/32/32/32/30/0/0,190,1,1250.3,0.95,1113.61,1249.84,2328.0,5099.0,8.39
weak,weak,write,packed,chunked,191,8,4,1,1024,6408896512,1,1.2516,1.2347,1.2693,5120.4,191,6,32/32/32/32/32/31/0/0,191,1,1235.54,0.87,1105.14,1235.08,2328.0,5187.1,16.09
weak,weak,write,packed,chunked,192,8,4,1,1024,6442450944,1,1.252,1.2406,1.2627,5145.8,192,6,32/32/32/32/32/32/0/0,192,1,1234.79,0.91,1105.36,1233.88,2322.0,5217.4,17.2
weak,weak,write,packed,chunked,193,8,4,1,1024,6476005376,1,1.2584,1.2461,1.2814,5146.3,193,7,32/32/32/32/32/32/1/0,193,1,1239.35,0.83,1106.31,1238.68,2328.0,5225.3,19.04
weak,weak,write,packed,chunked,194,8,4,1,1024,6509559808,1,1.2586,1.2472,1.2759,5172.1,194,7,32/32/32/32/32/32/2/0,194,1,1241.91,0.95,1107.07,1241.0,2329.0,5241.6,16.68
weak,weak,write,packed,chunked,195,8,4,1,1024,6543114240,1,1.2608,1.2521,1.2813,5189.8,195,7,32/32/32/32/32/32/3/0,195,1,1254.75,0.95,1116.53,1254.04,2329.0,5214.7,6.02
weak,weak,write,packed,chunked,196,8,4,1,1024,6576668672,1,1.27,1.2639,1.3033,5178.3,196,7,32/32/32/32/32/32/4/0,196,1,1258.1,0.91,1108.75,1257.72,2330.0,5227.5,11.93
weak,weak,write,packed,chunked,197,8,4,1,1024,6610223104,1,1.2807,1.2614,1.3035,5161.6,197,7,32/32/32/32/32/32/5/0,197,1,1278.7,0.87,1123.95,1278.04,2331.0,5169.5,1.95
weak,weak,write,packed,chunked,198,8,4,1,1024,6643777536,1,1.277,1.2611,1.3141,5202.8,198,7,32/32/32/32/32/32/6/0,198,1,1270.46,0.75,1111.54,1270.0,2329.0,5229.4,6.49
weak,weak,write,packed,chunked,199,8,4,1,1024,6677331968,1,1.2815,1.2687,1.2999,5210.7,199,7,32/32/32/32/32/32/7/0,199,1,1273.7,0.87,1118.59,1273.0,2330.0,5242.5,7.77
weak,weak,write,packed,chunked,200,8,4,1,1024,6710886400,1,1.2846,1.2728,1.3025,5224.1,200,7,32/32/32/32/32/32/8/0,200,1,1280.74,0.95,1110.4,1280.36,2328.0,5239.9,3.87
weak,weak,write,packed,chunked,201,8,4,1,1024,6744440832,1,1.2871,1.2818,1.3064,5240.1,201,7,32/32/32/32/32/32/9/0,201,1,1276.7,1.03,1106.98,1276.24,2328.0,5282.7,10.37
weak,weak,write,packed,chunked,202,8,4,1,1024,6777995264,1,1.2922,1.2821,1.3237,5245.3,202,7,32/32/32/32/32/32/10/0,202,1,1313.78,1.03,1129.6,1313.28,2331.0,5159.2,-21.57
weak,weak,write,packed,chunked,203,8,4,1,1024,6811549696,1,1.3038,1.2858,1.3261,5224.5,203,7,32/32/32/32/32/32/11/0,203,1,1320.18,0.91,1140.98,1319.48,2330.0,5159.6,-16.41
weak,weak,write,packed,chunked,204,8,4,1,1024,6845104128,1,1.3113,1.2989,1.3332,5220.0,204,7,32/32/32/32/32/32/12/0,204,1,1297.18,0.88,1117.15,1296.72,2329.0,5276.9,14.13
weak,weak,write,packed,chunked,205,8,4,1,1024,6878658560,1,1.3084,1.2863,1.3455,5257.5,205,7,32/32/32/32/32/32/13/0,205,1,1335.5,0.91,1126.25,1334.96,2328.0,5150.6,-27.15
weak,weak,write,packed,chunked,206,8,4,1,1024,6912212992,1,1.3043,1.2855,1.3333,5299.6,206,7,32/32/32/32/32/32/14/0,206,1,1283.41,1.02,1118.86,1283.32,2330.0,5385.8,20.88
weak,weak,write,packed,chunked,207,8,4,1,1024,6945767424,1,1.307,1.2924,1.3237,5314.1,207,7,32/32/32/32/32/32/15/0,207,1,1311.78,0.95,1136.5,1311.2,2330.0,5294.9,-4.75
weak,weak,write,packed,chunked,208,8,4,1,1024,6979321856,1,1.3196,1.3034,1.3413,5288.9,208,7,32/32/32/32/32/32/16/0,208,1,1312.14,0.87,1135.73,1311.64,2330.0,5319.0,7.47
weak,weak,write,packed,chunked,209,8,4,1,1024,7012876288,1,1.3238,1.3022,1.3503,5297.6,209,7,32/32/32/32/32/32/17/0,209,1,1342.74,0.79,1144.27,1342.2,2330.0,5222.8,-18.95
weak,weak,write,packed,chunked,210,8,4,1,1024,7046430720,1,1.3387,1.3154,1.3606,5263.7,210,7,32/32/32/32/32/32/18/0,210,1,1354.54,0.83,1160.19,1354.12,2330.0,5202.1,-15.87
weak,weak,write,packed,chunked,211,8,4,1,1024,7079985152,1,1.3333,1.3218,1.3641,5310.1,211,7,32/32/32/32/32/32/19/0,211,1,1358.14,0.95,1169.5,1357.8,2331.0,5213.0,-24.85
weak,weak,write,packed,chunked,212,8,4,1,1024,7113539584,1,1.3472,1.3255,1.3928,5280.2,212,7,32/32/32/32/32/32/20/0,212,1,1332.7,0.87,1146.64,1332.2,2329.0,5337.7,14.51
weak,weak,write,packed,chunked,213,8,4,1,1024,7147094016,1,1.3537,1.3355,1.3787,5279.5,213,7,32/32/32/32/32/32/21/0,213,1,1364.26,0.81,1171.56,1363.76,2332.0,5238.8,-10.53
weak,weak,write,packed,chunked,214,8,4,1,1024,7180648448,1,1.3687,1.3198,1.3982,5246.2,214,7,32/32/32/32/32/32/22/0,214,1,1359.54,0.75,1177.9,1359.0,2331.0,5281.7,9.19
weak,weak,write,packed,chunked,215,8,4,1,1024,7214202880,1,1.3556,1.3241,1.3763,5321.7,215,7,32/32/32/32/32/32/23/0,215,1,1351.26,0.95,1172.27,1350.64,2332.0,5338.9,4.35
weak,weak,write,packed,chunked,216,8,4,1,1024,7247757312,1,1.3472,1.3283,1.4005,5379.9,216,7,32/32/32/32/32/32/24/0,216,1,1358.3,0.95,1184.01,1357.88,2331.0,5335.9,-11.11
weak,weak,write,packed,chunked,217,8,4,1,1024,7281311744,1,1.3656,1.3277,1.406,5331.9,217,7,32/32/32/32/32/32/25/0,217,1,1321.72,0.99,1158.31,1321.68,2329.0,5509.0,43.89
weak,weak,write,packed,chunked,218,8,4,1,1024,7314866176,1,1.387,1.3456,1.4258,5274.0,218,7,32/32/32/32/32/32/26/0,218,1,1380.82,0.87,1196.86,1380.36,2332.0,5297.5,6.15
weak,weak,write,packed,chunked,219,8,4,1,1024,7348420608,1,1.3801,1.3483,1.4074,5324.4,219,7,32/32/32/32/32/32/27/0,219,1,1370.35,0.87,1195.42,1369.76,2334.0,5362.4,9.78
weak,weak,write,packed,chunked,220,8,4,1,1024,7381975040,1,1.3975,1.3655,1.4389,5282.3,220,7,32/32/32/32/32/32/28/0,220,1,1370.26,0.87,1209.4,1369.8,2332.0,5387.3,27.23
weak,weak,write,packed,chunked,221,8,4,1,1024,7415529472,1,1.3973,1.3847,1.428,5307.1,221,7,32/32/32/32/32/32/29/0,221,1,1384.26,0.87,1216.47,1383.72,2333.0,5357.0,13.03
weak,weak,write,packed,chunked,222,8,4,1,1024,7449083904,1,1.4161,1.3855,1.4346,5260.3,222,7,32/32/32/32/32/32/30/0,222,1,1385.15,0.91,1227.87,1384.52,2334.0,5377.8,30.94
weak,weak,write,packed,chunked,223,8,4,1,1024,7482638336,1,1.4039,1.3712,1.4569,5329.8,223,7,32/32/32/32/32/32/31/0,223,1,1365.28,0.95,1199.68,1365.24,2330.0,5480.7,38.63
weak,weak,write,packed,chunked,224,8,4,1,1024,7516192768,1,1.3984,1.3711,1.4252,5374.9,224,7,32/32/32/32/32/32/32/0,224,1,1417.18,0.95,1255.44,1416.72,2335.0,5303.6,-18.79
weak,weak,write,packed,chunked,225,8,4,1,1024,7549747200,1,1.3898,1.3687,1.4141,5432.3,225,8,32/32/32/32/32/32/32/1,225,1,1377.26,0.75,1215.56,1376.76,2334.0,5481.7,12.53
weak,weak,write,packed,chunked,226,8,4,1,1024,7583301632,1,1.3894,1.3642,1.4317,5458.1,226,8,32/32/32/32/32/32/32/2,226,1,1361.12,0.91,1204.33,1361.12,2332.0,5571.4,28.25
weak,weak,write,packed,chunked,227,8,4,1,1024,7616856064,1,1.3906,1.365,1.4299,5477.6,227,8,32/32/32/32/32/32/32/3,227,1,1388.86,0.83,1227.76,1388.28,2334.0,5484.3,1.69
weak,weak,write,packed,chunked,228,8,4,1,1024,7650410496,1,1.4179,1.3912,1.4411,5395.6,228,8,32/32/32/32/32/32/32/4,228,1,1388.5,0.95,1214.51,1387.96,2333.0,5509.8,29.39
weak,weak,write,packed,chunked,229,8,4,1,1024,7683964928,1,1.4137,1.3801,1.4389,5435.3,229,8,32/32/32/32/32/32/32/5,229,1,1382.98,0.93,1216.14,1382.56,2333.0,5556.1,30.73
weak,weak,write,packed,chunked,230,8,4,1,1024,7717519360,1,1.4029,1.3961,1.4376,5501.1,230,8,32/32/32/32/32/32/32/6,230,1,1400.83,0.9,1226.75,1400.64,2334.0,5509.2,2.08
weak,weak,write,packed,chunked,231,8,4,1,1024,7751073792,1,1.4055,1.3859,1.4285,5514.7,231,8,32/32/32/32/32/32/32/7,231,1,1409.74,0.87,1220.88,1409.08,2335.0,5498.2,-4.21
weak,weak,write,packed,chunked,232,8,4,1,1024,7784628224,1,1.4225,1.3975,1.445,5472.6,232,8,32/32/32/32/32/32/32/8,232,1,1415.38,0.83,1221.07,1414.96,2331.0,5500.0,7.1
weak,weak,write,packed,chunked,233,8,4,1,1024,7818182656,1,1.4143,1.3962,1.4638,5528.1,233,8,32/32/32/32/32/32/32/9,233,1,1401.74,0.91,1220.31,1401.4,2333.0,5577.5,12.51
weak,weak,write,packed,chunked,234,8,4,1,1024,7851737088,1,1.4251,1.3997,1.4528,5509.7,234,8,32/32/32/32/32/32/32/10,234,1,1413.76,0.97,1244.56,1413.6,2335.0,5553.8,11.31
weak,weak,write,packed,chunked,235,8,4,1,1024,7885291520,1,1.4218,1.4117,1.4418,5546.0,235,8,32/32/32/32/32/32/32/11,235,1,1404.84,0.95,1219.37,1404.68,2334.0,5612.9,16.96
weak,weak,write,packed,chunked,236,8,4,1,1024,7918845952,1,1.4245,1.3996,1.4579,5559.1,236,8,32/32/32/32/32/32/32/12,236,1,1418.08,0.79,1244.45,1417.96,2335.0,5584.2,6.42
weak,weak,write,packed,chunked,237,8,4,1,1024,7952400384,1,1.4342,1.4202,1.4652,5544.7,237,8,32/32/32/32/32/32/32/13,237,1,1440.54,0.89,1246.32,1439.96,2338.0,5520.4,-6.31
weak,weak,write,packed,chunked,238,8,4,1,1024,7985954816,1,1.4336,1.4243,1.4541,5570.7,238,8,32/32/32/32/32/32/32/14,238,1,1421.14,0.87,1244.7,1420.68,2335.0,5619.4,12.43
weak,weak,write,packed,chunked,239,8,4,1,1024,8019509248,1,1.4516,1.4173,1.4955,5524.5,239,8,32/32/32/32/32/32/32/15,239,1,1411.28,0.95,1245.78,1411.12,2334.0,5682.4,40.33
weak,weak,write,packed,chunked,240,8,4,1,1024,8053063680,1,1.4532,1.4318,1.4847,5541.5,240,8,32/32/32/32/32/32/32/16,240,1,1478.74,1.01,1283.21,1478.2,2335.0,5445.9,-25.5
weak,weak,write,packed,chunked,241,8,4,1,1024,8086618112,1,1.4689,1.4388,1.5321,5505.2,241,8,32/32/32/32/32/32/32/17,241,1,1436.1,0.95,1240.27,1435.64,2333.0,5631.0,32.81
weak,weak,write,packed,chunked,242,8,4,1,1024,8120172544,1,1.4684,1.4553,1.5075,5530.0,242,8,32/32/32/32/32/32/32/18,242,1,1499.16,0.87,1308.35,1499.0,2334.0,5416.5,-30.78
weak,weak,write,packed,chunked,243,8,4,1,1024,8153726976,1,1.4801,1.4529,1.5026,5509.0,243,8,32/32/32/32/32/32/32/19,243,1,1474.36,0.9,1288.41,1474.2,2335.0,5530.4,5.72
weak,weak,write,packed,chunked,244,8,4,1,1024,8187281408,1,1.4887,1.4698,1.5165,5499.8,244,8,32/32/32/32/32/32/32/20,244,1,1481.18,0.93,1312.91,1480.72,2335.0,5527.5,7.48
weak,weak,write,packed,chunked,245,8,4,1,1024,8220835840,1,1.4819,1.4663,1.5042,5547.5,245,8,32/32/32/32/32/32/32/21,245,1,1498.22,0.99,1314.37,1497.68,2336.0,5487.1,-16.33
weak,weak,write,packed,chunked,246,8,4,1,1024,8254390272,1,1.4869,1.4673,1.5225,5551.4,246,8,32/32/32/32/32/32/32/22,246,1,1478.36,0.91,1316.15,1478.24,2335.0,5583.5,8.54
weak,weak,write,packed,chunked,247,8,4,1,1024,8287944704,1,1.4928,1.4676,1.5096,5552.0,247,8,32/32/32/32/32/32/32/23,247,1,1503.7,0.91,1313.71,1503.2,2338.0,5511.7,-10.92
weak,weak,write,packed,chunked,248,8,4,1,1024,8321499136,1,1.503,1.4815,1.5282,5536.7,248,8,32/32/32/32/32/32/32/24,248,1,1514.46,0.87,1325.69,1513.8,2338.0,5494.7,-11.48
weak,weak,write,packed,chunked,249,8,4,1,1024,8355053568,1,1.5026,1.4831,1.521,5560.4,249,8,32/32/32/32/32/32/32/25,249,1,1496.68,0.95,1353.72,1496.6,2337.0,5582.4,5.92
weak,weak,write,packed,chunked,250,8,4,1,1024,8388608000,1,1.5179,1.4967,1.5399,5526.6,250,8,32/32/32/32/32/32/32/26,250,1,1511.3,0.91,1359.52,1510.84,2338.0,5550.6,6.56
weak,weak,write,packed,chunked,251,8,4,1,1024,8422162432,1,1.5218,1.4929,1.5409,5534.2,251,8,32/32/32/32/32/32/32/27,251,1,1516.08,0.91,1362.84,1515.96,2334.0,5555.2,5.76
weak,weak,write,packed,chunked,252,8,4,1,1024,8455716864,1,1.4971,1.4834,1.5314,5648.2,252,8,32/32/32/32/32/32/32/28,252,1,1525.5,0.93,1353.8,1525.08,2337.0,5542.9,-28.44
weak,weak,write,packed,chunked,253,8,4,1,1024,8489271296,1,1.5155,1.4767,1.5493,5601.8,253,8,32/32/32/32/32/32/32/29,253,1,1470.92,0.87,1324.92,1470.76,2334.0,5771.4,44.54
weak,weak,write,packed,chunked,254,8,4,1,1024,8522825728,1,1.4999,1.4751,1.5293,5682.1,254,8,32/32/32/32/32/32/32/30,254,1,1468.52,0.85,1343.95,1468.36,2335.0,5803.7,31.42
weak,weak,write,packed,chunked,255,8,4,1,1024,8556380160,1,1.5061,1.4827,1.5637,5681.1,255,8,32/32/32/32/32/32/32/31,255,1,1476.46,0.95,1341.32,1475.88,2336.0,5795.2,29.66
weak,weak,write,packed,chunked,256,8,4,1,1024,8589934592,1,1.503,1.4733,1.5203,5715.1,256,8,32/32/32/32/32/32/32/32,256,1,1467.3,0.99,1338.37,1466.92,2337.0,5854.2,35.72
weak,weak,copy,rr,chunked,1,8,4,1,1024,67108864,1,1.0506,1.0471,1.0574,63.9,1,1,1/0/0/0/0/0/0/0,1,1,1043.48,0.0,1043.48,1043.48,2398.0,64.3,7.13
weak,weak,copy,rr,chunked,2,8,4,1,1024,134217728,1,1.0614,1.0554,1.0704,126.5,2,2,1/1/0/0/0/0/0/0,2,1,1053.0,0.04,1032.26,1052.96,2408.0,127.5,8.41
weak,weak,copy,rr,chunked,3,8,4,1,1024,201326592,1,1.0666,1.0596,1.0718,188.8,3,3,1/1/1/0/0/0/0/0,3,1,1060.45,0.61,1040.81,1059.84,2402.0,189.9,6.16
weak,weak,copy,rr,chunked,4,8,4,1,1024,268435456,1,1.0735,1.068,1.0779,250.1,4,4,1/1/1/1/0/0/0/0,4,1,1065.09,0.61,1043.63,1064.48,2399.0,252.0,8.4
weak,weak,copy,rr,chunked,5,8,4,1,1024,335544320,1,1.0808,1.0759,1.0907,310.5,5,5,1/1/1/1/1/0/0/0,5,1,1071.57,0.67,1050.74,1071.04,2406.0,313.1,9.26
weak,weak,copy,rr,chunked,6,8,4,1,1024,402653184,1,1.0862,1.082,1.094,370.7,6,6,1/1/1/1/1/1/0/0,6,1,1088.97,0.75,1063.84,1088.52,2400.0,369.8,-2.74
weak,weak,copy,rr,chunked,7,8,4,1,1024,469762048,1,1.0955,1.0901,1.0994,428.8,7,7,1/1/1/1/1/1/1/0,7,1,1094.59,0.77,1074.73,1093.88,2415.0,429.2,0.86
weak,weak,copy,rr,chunked,8,8,4,1,1024,536870912,1,1.1039,1.0988,1.1138,486.3,8,8,1/1/1/1/1/1/1/1,8,1,1094.81,0.73,1078.23,1094.28,2406.0,490.4,9.12
weak,weak,copy,rr,chunked,9,8,4,1,1024,603979776,1,1.1321,1.1257,1.1356,533.5,9,8,2/1/1/1/1/1/1/1,9,1,1127.4,0.75,1099.45,1126.84,2401.0,535.7,4.65
weak,weak,copy,rr,chunked,10,8,4,1,1024,671088640,1,1.1396,1.1321,1.1493,588.9,10,8,2/2/1/1/1/1/1/1,10,1,1127.52,0.73,1099.84,1126.8,2398.0,595.2,12.09
weak,weak,copy,rr,chunked,11,8,4,1,1024,738197504,1,1.1525,1.1412,1.1585,640.5,11,8,2/2/2/1/1/1/1/1,11,1,1148.77,0.85,1120.74,1148.24,2399.0,642.6,3.7
weak,weak,copy,rr,chunked,12,8,4,1,1024,805306368,1,1.1567,1.1533,1.1673,696.2,12,8,2/2/2/2/1/1/1/1,12,1,1152.45,0.91,1129.27,1151.88,2411.0,698.8,4.24
weak,weak,copy,rr,chunked,13,8,4,1,1024,872415232,1,1.1676,1.1603,1.185,747.2,13,8,2/2/2/2/2/1/1/1,13,1,1166.09,0.71,1139.3,1165.48,2404.0,748.2,1.54
weak,weak,copy,rr,chunked,14,8,4,1,1024,939524096,1,1.1785,1.1669,1.191,797.2,14,8,2/2/2/2/2/2/1/1,14,1,1170.29,0.67,1143.25,1169.72,2406.0,802.8,8.22
weak,weak,copy,rr,chunked,15,8,4,1,1024,1006632960,1,1.1881,1.1796,1.2164,847.3,15,8,2/2/2/2/2/2/2/1,15,1,1174.91,0.71,1158.75,1174.2,2405.0,856.8,13.18
weak,weak,copy,rr,chunked,16,8,4,1,1024,1073741824,1,1.1913,1.1862,1.203,901.4,16,8,2/2/2/2/2/2/2/2,16,1,1194.91,0.83,1166.94,1194.08,2401.0,898.6,-3.66
weak,weak,copy,rr,chunked,17,8,4,1,1024,1140850688,1,1.2278,1.2046,1.2457,929.2,17,8,3/2/2/2/2/2/2/2,17,1,1221.31,0.79,1193.05,1220.52,2414.0,934.1,6.52
weak,weak,copy,rr,chunked,18,8,4,1,1024,1207959552,1,1.2487,1.2338,1.2571,967.4,18,8,3/3/2/2/2/2/2/2,18,1,1238.23,0.79,1201.64,1237.44,2400.0,975.6,10.46
weak,weak,copy,rr,chunked,19,8,4,1,1024,1275068416,1,1.2686,1.2429,1.2734,1005.1,19,8,3/3/3/2/2/2/2/2,19,1,1261.03,0.63,1226.0,1260.4,2398.0,1011.1,7.54
weak,weak,copy,rr,chunked,20,8,4,1,1024,1342177280,1,1.2767,1.2706,1.2875,1051.3,20,8,3/3/3/3/2/2/2/2,20,1,1266.23,0.73,1230.01,1265.52,2400.0,1060.0,10.42
weak,weak,copy,rr,chunked,21,8,4,1,1024,1409286144,1,1.2975,1.2882,1.3097,1086.2,21,8,3/3/3/3/3/2/2/2,21,1,1291.47,0.81,1265.83,1290.68,2397.0,1091.2,6.02
weak,weak,copy,rr,chunked,22,8,4,1,1024,1476395008,1,1.3085,1.2959,1.3169,1128.3,22,8,3/3/3/3/3/3/2/2,22,1,1303.15,0.79,1289.06,1302.36,2404.0,1132.9,5.34
weak,weak,copy,rr,chunked,23,8,4,1,1024,1543503872,1,1.3313,1.3066,1.3428,1159.4,23,8,3/3/3/3/3/3/3/2,23,1,1327.07,0.83,1312.79,1326.28,2399.0,1163.1,4.26
weak,weak,copy,rr,chunked,24,8,4,1,1024,1610612736,1,1.3397,1.3284,1.3458,1202.3,24,8,3/3/3/3/3/3/3/3,24,1,1341.29,0.79,1327.99,1340.52,2398.0,1200.8,-1.64
weak,weak,copy,rr,chunked,25,8,4,1,1024,1677721600,1,1.3549,1.3448,1.3613,1238.3,25,8,4/3/3/3/3/3/3/3,25,1,1338.59,0.63,1319.6,1337.96,2404.0,1253.3,16.28
weak,weak,copy,rr,chunked,26,8,4,1,1024,1744830464,1,1.365,1.3573,1.3761,1278.3,26,8,4/4/3/3/3/3/3/3,26,1,1352.85,0.77,1334.94,1352.12,2397.0,1289.7,12.1
weak,weak,copy,rr,chunked,27,8,4,1,1024,1811939328,1,1.3779,1.3713,1.3875,1315.0,27,8,4/4/4/3/3/3/3/3,27,1,1367.03,0.71,1351.68,1366.36,2402.0,1325.5,10.86
weak,weak,copy,rr,chunked,28,8,4,1,1024,1879048192,1,1.3914,1.3864,1.3975,1350.5,28,8,4/4/4/4/3/3/3/3,28,1,1384.69,0.91,1368.06,1384.68,2408.0,1357.0,6.7
weak,weak,copy,rr,chunked,29,8,4,1,1024,1946157056,1,1.4012,1.396,1.4082,1388.9,29,8,4/4/4/4/4/3/3/3,29,1,1391.23,0.75,1376.59,1390.52,2397.0,1398.9,9.94
weak,weak,copy,rr,chunked,30,8,4,1,1024,2013265920,1,1.4054,1.4013,1.4112,1432.5,30,8,4/4/4/4/4/4/3/3,30,1,1406.11,0.71,1390.91,1405.56,2392.0,1431.8,-0.72
weak,weak,copy,rr,chunked,31,8,4,1,1024,2080374784,1,1.412,1.4073,1.4162,1473.3,31,8,4/4/4/4/4/4/4/3,31,1,1406.24,0.7,1391.52,1406.24,2398.0,1479.4,5.79
weak,weak,copy,rr,chunked,32,8,4,1,1024,2147483648,1,1.4127,1.3977,1.4285,1520.2,32,8,4/4/4/4/4/4/4/4,32,1,1392.58,0.79,1380.03,1391.92,2395.0,1542.1,20.09
weak,weak,copy,rr,chunked,33,8,4,1,1024,2214592512,1,1.4319,1.4241,1.4371,1546.6,33,8,5/4/4/4/4/4/4/4,33,1,1429.81,0.79,1415.39,1429.08,2392.0,1548.9,2.1
weak,weak,copy,rr,chunked,34,8,4,1,1024,2281701376,1,1.4444,1.4362,1.4549,1579.7,34,8,5/5/4/4/4/4/4/4,34,1,1439.79,0.89,1425.28,1439.04,2396.0,1584.7,4.63
weak,weak,copy,rr,chunked,35,8,4,1,1024,2348810240,1,1.4609,1.4516,1.4637,1607.8,35,8,5/5/5/4/4/4/4/4,35,1,1458.71,0.87,1442.69,1457.88,2399.0,1610.2,2.19
weak,weak,copy,rr,chunked,36,8,4,1,1024,2415919104,1,1.4688,1.4654,1.4766,1644.9,36,8,5/5/5/5/4/4/4/4,36,1,1471.67,0.71,1455.8,1470.96,2409.0,1641.6,-2.89
weak,weak,copy,rr,chunked,37,8,4,1,1024,2483027968,1,1.4855,1.4808,1.4907,1671.6,37,8,5/5/5/5/5/4/4/4,37,1,1483.59,0.71,1466.72,1482.88,2404.0,1673.7,1.87
weak,weak,copy,rr,chunked,38,8,4,1,1024,2550136832,1,1.4946,1.4837,1.5011,1706.2,38,8,5/5/5/5/5/5/4/4,38,1,1487.97,0.83,1473.13,1487.36,2401.0,1713.8,6.63
weak,weak,copy,rr,chunked,39,8,4,1,1024,2617245696,1,1.502,1.4951,1.5066,1742.5,39,8,5/5/5/5/5/5/5/4,39,1,1501.63,0.83,1483.65,1500.84,2403.0,1742.9,0.36
weak,weak,copy,rr,chunked,40,8,4,1,1024,2684354560,1,1.5113,1.5073,1.516,1776.1,40,8,5/5/5/5/5/5/5/5,40,1,1503.78,0.86,1488.18,1502.92,2407.0,1785.1,7.56
weak,weak,copy,rr,chunked,41,8,4,1,1024,2751463424,1,1.5221,1.5195,1.5296,1807.6,41,8,6/5/5/5/5/5/5/5,41,1,1518.75,0.71,1503.31,1518.08,2404.0,1811.7,3.39
weak,weak,copy,rr,chunked,42,8,4,1,1024,2818572288,1,1.5327,1.5289,1.5354,1838.9,42,8,6/6/5/5/5/5/5/5,42,1,1524.43,0.71,1509.33,1523.76,2403.0,1848.9,8.29
weak,weak,copy,rr,chunked,43,8,4,1,1024,2885681152,1,1.5404,1.5364,1.5463,1873.3,43,8,6/6/6/5/5/5/5/5,43,1,1537.03,0.71,1520.9,1536.32,2407.0,1877.4,3.37
weak,weak,copy,rr,chunked,44,8,4,1,1024,2952790016,1,1.5488,1.5453,1.5541,1906.5,44,8,6/6/6/6/5/5/5/5,44,1,1542.07,0.83,1526.71,1541.28,2407.0,1914.8,6.73
weak,weak,copy,rr,chunked,45,8,4,1,1024,3019898880,1,1.5618,1.5586,1.5651,1933.6,45,8,6/6/6/6/6/5/5/5,45,1,1557.39,0.79,1542.2,1556.64,2409.0,1939.1,4.45
weak,weak,copy,rr,chunked,46,8,4,1,1024,3087007744,1,1.5684,1.5606,1.5724,1968.3,46,8,6/6/6/6/6/6/5/5,46,1,1561.03,0.85,1545.73,1560.36,2403.0,1977.5,7.33
weak,weak,copy,rr,chunked,47,8,4,1,1024,3154116608,1,1.5775,1.5739,1.5817,1999.4,47,8,6/6/6/6/6/6/6/5,47,1,1575.79,0.71,1560.53,1575.08,2401.0,2001.6,1.73
weak,weak,copy,rr,chunked,48,8,4,1,1024,3221225472,1,1.5829,1.5726,1.6038,2035.0,48,8,6/6/6/6/6/6/6/6,48,1,1577.03,0.75,1561.45,1576.28,2394.0,2042.6,5.91
weak,weak,copy,rr,chunked,49,8,4,1,1024,3288334336,1,1.5938,1.5919,1.598,2063.2,49,8,7/6/6/6/6/6/6/6,49,1,1589.15,0.75,1561.81,1588.44,2400.0,2069.2,4.67
weak,weak,copy,rr,chunked,50,8,4,1,1024,3355443200,1,1.6032,1.5955,1.6135,2093.0,50,8,7/7/6/6/6/6/6/6,50,1,1594.99,0.79,1577.22,1594.2,2393.0,2103.7,8.17
weak,weak,copy,rr,chunked,51,8,4,1,1024,3422552064,1,1.6116,1.6026,1.6223,2123.7,51,8,7/7/7/6/6/6/6/6,51,1,1608.39,0.79,1592.16,1607.8,2395.0,2127.9,3.19
weak,weak,copy,rr,chunked,52,8,4,1,1024,3489660928,1,1.6196,1.6168,1.6313,2154.7,52,8,7/7/7/7/6/6/6/6,52,1,1617.07,0.75,1600.86,1616.32,2393.0,2158.0,2.49
weak,weak,copy,rr,chunked,53,8,4,1,1024,3556769792,1,1.6302,1.6237,1.636,2181.9,53,8,7/7/7/7/7/6/6/6,53,1,1629.13,0.59,1613.96,1628.6,2403.0,2183.2,1.03
weak,weak,copy,rr,chunked,54,8,4,1,1024,3623878656,1,1.641,1.6383,1.6458,2208.3,54,8,7/7/7/7/7/7/6/6,54,1,1634.57,0.67,1618.03,1633.96,2394.0,2217.0,6.45
weak,weak,copy,rr,chunked,55,8,4,1,1024,3690987520,1,1.6499,1.6441,1.66,2237.1,55,8,7/7/7/7/7/7/7/6,55,1,1642.06,0.79,1624.83,1641.72,2396.0,2247.8,7.82
weak,weak,copy,rr,chunked,56,8,4,1,1024,3758096384,1,1.6631,1.658,1.6809,2259.6,56,8,7/7/7/7/7/7/7/7,56,1,1657.43,0.71,1641.9,1656.8,2395.0,2267.4,5.71
weak,weak,copy,rr,chunked,57,8,4,1,1024,3825205248,1,1.6788,1.6581,1.6816,2278.6,57,8,8/7/7/7/7/7/7/7,57,1,1676.59,0.85,1659.13,1675.92,2403.0,2281.5,2.17
weak,weak,copy,rr,chunked,58,8,4,1,1024,3892314112,1,1.6859,1.676,1.6922,2308.7,58,8,8/8/7/7/7/7/7/7,58,1,1669.01,0.77,1652.86,1668.48,2406.0,2332.1,16.91
weak,weak,copy,rr,chunked,59,8,4,1,1024,3959422976,1,1.694,1.6864,1.7046,2337.3,59,8,8/8/8/7/7/7/7/7,59,1,1688.83,0.71,1655.51,1688.16,2396.0,2344.5,5.21
weak,weak,copy,rr,chunked,60,8,4,1,1024,4026531840,1,1.7021,1.6952,1.7145,2365.7,60,8,8/8/8/8/7/7/7/7,60,1,1690.29,0.75,1671.21,1689.64,2406.0,2382.2,11.79
weak,weak,copy,rr,chunked,61,8,4,1,1024,4093640704,1,1.7072,1.6988,1.7245,2397.9,61,8,8/8/8/8/8/7/7/7,61,1,1705.64,0.92,1688.13,1704.76,2396.0,2400.1,1.52
weak,weak,copy,rr,chunked,62,8,4,1,1024,4160749568,1,1.7175,1.6969,1.7369,2422.5,62,8,8/8/8/8/8/8/7/7,62,1,1717.37,0.85,1693.05,1716.56,2400.0,2422.7,0.17
weak,weak,copy,rr,chunked,63,8,4,1,1024,4227858432,1,1.7205,1.6933,1.7501,2457.4,63,8,8/8/8/8/8/8/8/7,63,1,1738.92,0.78,1684.19,1738.92,2403.0,2431.3,-18.46
weak,weak,copy,rr,chunked,64,8,4,1,1024,4294967296,1,1.7251,1.7189,1.7677,2489.7,64,8,8/8/8/8/8/8/8/8,64,1,1740.16,0.71,1679.68,1739.6,2404.0,2468.1,-15.04
weak,weak,copy,rr,chunked,65,8,4,1,1024,4362076160,1,1.7368,1.7192,1.7625,2511.6,65,8,9/8/8/8/8/8/8/8,65,1,1716.57,0.71,1681.25,1715.88,2398.0,2541.2,20.19
weak,weak,copy,rr,chunked,66,8,4,1,1024,4429185024,1,1.7445,1.7267,1.75,2538.9,66,8,9/9/8/8/8/8/8/8,66,1,1734.67,0.95,1685.06,1733.76,2391.0,2553.3,9.87
weak,weak,copy,rr,chunked,67,8,4,1,1024,4496293888,1,1.7415,1.7306,1.7589,2581.8,67,8,9/9/9/8/8/8/8/8,67,1,1744.17,0.83,1684.8,1743.56,2399.0,2577.9,-2.65
weak,weak,copy,rr,chunked,68,8,4,1,1024,4563402752,1,1.7543,1.744,1.7818,2601.3,68,8,9/9/9/9/8/8/8/8,68,1,1746.47,0.87,1690.95,1745.84,2408.0,2612.9,7.79
weak,weak,copy,rr,chunked,69,8,4,1,1024,4630511616,1,1.7462,1.7325,1.776,2651.8,69,8,9/9/9/9/9/8/8/8,69,1,1745.17,0.71,1696.08,1744.64,2400.0,2653.3,0.99
weak,weak,copy,rr,chunked,70,8,4,1,1024,4697620480,1,1.7586,1.7354,1.7675,2671.3,70,8,9/9/9/9/9/9/8/8,70,1,1757.56,0.82,1694.02,1757.48,2393.0,2672.8,1.0
weak,weak,copy,rr,chunked,71,8,4,1,1024,4764729344,1,1.7576,1.7321,1.7831,2710.9,71,8,9/9/9/9/9/9/9/8,71,1,1761.61,0.75,1697.77,1761.04,2407.0,2704.8,-4.01
weak,weak,copy,rr,chunked,72,8,4,1,1024,4831838208,1,1.7641,1.7498,1.7779,2739.0,72,8,9/9/9/9/9/9/9/9,72,1,1744.92,0.83,1700.37,1744.52,2383.0,2769.1,19.14
weak,weak,copy,rr,chunked,73,8,4,1,1024,4898947072,1,1.7671,1.7452,1.7827,2772.3,73,8,10/9/9/9/9/9/9/9,73,1,1768.21,0.83,1707.96,1767.72,2396.0,2770.6,-1.11
weak,weak,copy,rr,chunked,74,8,4,1,1024,4966055936,1,1.7808,1.7539,1.7883,2788.6,74,8,10/10/9/9/9/9/9/9,74,1,1782.05,0.83,1715.27,1781.48,2406.0,2786.7,-1.21
weak,weak,copy,rr,chunked,75,8,4,1,1024,5033164800,1,1.7819,1.7593,1.8125,2824.5,75,8,10/10/10/9/9/9/9/9,75,1,1769.65,0.83,1717.79,1768.84,2399.0,2844.2,12.29
weak,weak,copy,rr,chunked,76,8,4,1,1024,5100273664,1,1.7893,1.7815,1.7988,2850.4,76,8,10/10/10/10/9/9/9/9,76,1,1784.69,0.71,1718.62,1784.04,2388.0,2857.8,4.63
weak,weak,copy,rr,chunked,77,8,4,1,1024,5167382528,1,1.7881,1.7775,1.8027,2889.8,77,8,10/10/10/10/10/9/9/9,77,1,1775.09,0.83,1723.74,1774.36,2389.0,2911.1,13.03
weak,weak,copy,rr,chunked,78,8,4,1,1024,5234491392,1,1.791,1.7812,1.7985,2922.7,78,8,10/10/10/10/10/10/9/9,78,1,1776.08,0.98,1718.0,1776.04,2391.0,2947.2,14.88
weak,weak,copy,rr,chunked,79,8,4,1,1024,5301600256,1,1.7942,1.7792,1.8108,2954.9,79,8,10/10/10/10/10/10/10/9,79,1,1790.21,0.81,1728.2,1789.72,2405.0,2961.4,3.97
weak,weak,copy,rr,chunked,80,8,4,1,1024,5368709120,1,1.7942,1.7829,1.8055,2992.3,80,8,10/10/10/10/10/10/10/10,80,1,1777.81,0.79,1722.74,1777.16,2387.0,3019.8,16.39
weak,weak,copy,rr,chunked,81,8,4,1,1024,5435817984,1,1.8025,1.7895,1.8095,3015.8,81,8,11/10/10/10/10/10/10/10,81,1,1798.41,0.75,1724.82,1797.8,2389.0,3022.6,4.05
weak,weak,copy,rr,chunked,82,8,4,1,1024,5502926848,1,1.8076,1.7947,1.82,3044.3,82,8,11/11/10/10/10/10/10/10,82,1,1795.48,0.9,1730.33,1795.48,2397.0,3064.9,12.14
weak,weak,copy,rr,chunked,83,8,4,1,1024,5570035712,1,1.8076,1.7853,1.8157,3081.5,83,8,11/11/11/10/10/10/10/10,83,1,1807.49,0.93,1738.17,1806.6,2397.0,3081.6,0.11
weak,weak,copy,rr,chunked,84,8,4,1,1024,5637144576,1,1.8219,1.8118,1.8275,3094.1,84,8,11/11/11/11/10/10/10/10,84,1,1817.81,0.83,1763.22,1817.32,2395.0,3101.1,4.11
weak,weak,copy,rr,chunked,85,8,4,1,1024,5704253440,1,1.8225,1.8131,1.8415,3129.8,85,8,11/11/11/11/11/10/10/10,85,1,1836.65,0.87,1753.09,1836.08,2394.0,3105.8,-14.11
weak,weak,copy,rr,chunked,86,8,4,1,1024,5771362304,1,1.8261,1.8069,1.8559,3160.5,86,8,11/11/11/11/11/11/10/10,86,1,1818.0,0.75,1760.91,1817.56,2387.0,3174.6,8.08
weak,weak,copy,rr,chunked,87,8,4,1,1024,5838471168,1,1.8377,1.8039,1.8469,3177.1,87,8,11/11/11/11/11/11/11/10,87,1,1841.15,0.71,1757.91,1840.44,2399.0,3171.1,-3.47
weak,weak,copy,rr,chunked,88,8,4,1,1024,5905580032,1,1.8259,1.8019,1.8597,3234.4,88,8,11/11/11/11/11/11/11/11,88,1,1796.6,1.02,1742.84,1796.48,2393.0,3287.1,29.28
weak,weak,copy,rr,chunked,89,8,4,1,1024,5972688896,1,1.8417,1.8229,1.8485,3243.1,89,8,12/11/11/11/11/11/11/11,89,1,1835.77,0.75,1766.25,1835.32,2394.0,3253.5,5.89
weak,weak,copy,rr,chunked,90,8,4,1,1024,6039797760,1,1.8501,1.831,1.878,3264.6,90,8,12/12/11/11/11/11/11/11,90,1,1825.74,0.66,1757.74,1825.72,2394.0,3308.1,24.36
weak,weak,copy,rr,chunked,91,8,4,1,1024,6106906624,1,1.8529,1.8357,1.8677,3295.8,91,8,12/12/12/11/11/11/11/11,91,1,1847.2,0.79,1770.71,1846.64,2392.0,3306.0,5.72
weak,weak,copy,rr,chunked,92,8,4,1,1024,6174015488,1,1.8563,1.8381,1.8693,3325.9,92,8,12/12/12/12/11/11/11/11,92,1,1843.96,0.81,1771.7,1843.32,2396.0,3348.2,12.38
weak,weak,copy,rr,chunked,93,8,4,1,1024,6241124352,1,1.8662,1.8502,1.8744,3344.3,93,8,12/12/12/12/12/11/11/11,93,1,1869.49,0.75,1799.49,1868.96,2402.0,3338.4,-3.29
weak,weak,copy,rr,chunked,94,8,4,1,1024,6308233216,1,1.8724,1.8521,1.8808,3369.0,94,8,12/12/12/12/12/12/11/11,94,1,1875.99,0.87,1782.66,1875.16,2394.0,3362.6,-3.57
weak,weak,copy,rr,chunked,95,8,4,1,1024,6375342080,1,1.8711,1.8335,1.8835,3407.3,95,8,12/12/12/12/12/12/12/11,95,1,1839.55,0.75,1770.48,1838.84,2399.0,3465.7,31.53
weak,weak,copy,rr,chunked,96,8,4,1,1024,6442450944,1,1.8698,1.8511,1.8985,3445.5,96,8,12/12/12/12/12/12/12/12,96,1,1893.49,0.83,1793.24,1893.0,2394.0,3402.4,-23.69
weak,weak,copy,rr,chunked,97,8,4,1,1024,6509559808,1,1.8732,1.8602,1.8961,3475.1,97,8,13/12/12/12/12/12/12/12,97,1,1891.0,0.71,1796.05,1890.64,2402.0,3442.4,-17.78
weak,weak,copy,rr,chunked,98,8,4,1,1024,6576668672,1,1.8737,1.8045,1.8989,3509.9,98,8,13/13/12/12/12/12/12/12,98,1,1869.93,0.77,1809.52,1869.24,2395.0,3517.1,3.81
weak,weak,copy,rr,chunked,99,8,4,1,1024,6643777536,1,1.8971,1.8851,1.9125,3502.1,99,8,13/13/13/12/12/12/12/12,99,1,1896.61,0.81,1813.78,1895.84,2395.0,3503.0,0.47
weak,weak,copy,rr,chunked,100,8,4,1,1024,6710886400,1,1.9125,1.8935,1.9391,3509.0,100,8,13/13/13/13/12/12/12/12,100,1,1909.61,0.79,1817.41,1908.92,2394.0,3514.3,2.85
weak,weak,copy,rr,chunked,101,8,4,1,1024,6777995264,1,1.9027,1.8895,1.9298,3562.2,101,8,13/13/13/13/13/12/12/12,101,1,1898.13,0.79,1825.62,1897.68,2388.0,3570.9,4.61
weak,weak,copy,rr,chunked,102,8,4,1,1024,6845104128,1,1.8987,1.8683,1.9121,3605.1,102,8,13/13/13/13/13/13/12/12,102,1,1867.21,0.75,1798.54,1866.56,2398.0,3666.0,31.53
weak,weak,copy,rr,chunked,103,8,4,1,1024,6912212992,1,1.8787,1.8072,1.9101,3679.3,103,8,13/13/13/13/13/13/13/12,103,1,1802.17,0.87,1750.45,1801.44,2387.0,3835.5,76.53
weak,weak,copy,rr,chunked,104,8,4,1,1024,6979321856,1,1.8681,1.8039,1.906,3736.0,104,8,13/13/13/13/13/13/13/13,104,1,1818.25,0.73,1762.53,1817.56,2387.0,3838.5,49.87
weak,weak,copy,rr,chunked,105,8,4,1,1024,7046430720,1,1.8799,1.7995,1.9021,3748.3,105,8,14/13/13/13/13/13/13/13,105,1,1794.47,0.87,1743.28,1793.68,2395.0,3926.7,85.45
weak,weak,copy,rr,chunked,106,8,4,1,1024,7113539584,1,1.8988,1.8689,1.9097,3746.4,106,8,14/14/13/13/13/13/13/13,106,1,1904.6,0.73,1811.99,1904.52,2401.0,3734.9,-5.84
weak,weak,copy,rr,chunked,107,8,4,1,1024,7180648448,1,1.9066,1.8615,1.9525,3766.2,107,8,14/14/14/13/13/13/13/13,107,1,1883.29,0.83,1807.99,1882.96,2385.0,3812.8,23.29
weak,weak,copy,rr,chunked,108,8,4,1,1024,7247757312,1,1.9172,1.8924,1.9465,3780.3,108,8,14/14/14/14/13/13/13/13,108,1,1912.33,0.69,1840.35,1911.68,2385.0,3790.0,4.91
weak,weak,copy,rr,chunked,109,8,4,1,1024,7314866176,1,1.9109,1.8427,1.9241,3828.0,109,8,14/14/14/14/14/13/13/13,109,1,1837.29,0.79,1772.2,1836.56,2392.0,3981.3,73.59
weak,weak,copy,rr,chunked,110,8,4,1,1024,7381975040,1,1.893,1.8097,1.9425,3899.7,110,8,14/14/14/14/14/14/13/13,110,1,1833.27,0.75,1772.3,1832.6,2380.0,4026.7,59.71
weak,weak,copy,rr,chunked,111,8,4,1,1024,7449083904,1,1.8862,1.839,1.9329,3949.2,111,8,14/14/14/14/14/14/14/13,111,1,1882.29,0.95,1804.56,1881.52,2392.0,3957.5,3.93
weak,weak,copy,rr,chunked,112,8,4,1,1024,7516192768,1,1.882,1.8132,1.9246,3993.8,112,8,14/14/14/14/14/14/14/14,112,1,1872.43,0.87,1801.09,1871.6,2391.0,4014.1,9.53
weak,weak,copy,rr,chunked,113,8,4,1,1024,7583301632,1,1.8929,1.825,1.9226,4006.2,113,8,15/14/14/14/14/14/14/14,113,1,1883.71,0.75,1812.96,1883.0,2394.0,4025.7,9.19
weak,weak,copy,rr,chunked,114,8,4,1,1024,7650410496,1,1.8886,1.8444,1.9413,4050.9,114,8,15/15/14/14/14/14/14/14,114,1,1880.19,0.79,1800.58,1879.48,2390.0,4069.0,8.39
weak,weak,copy,rr,chunked,115,8,4,1,1024,7717519360,1,1.8958,1.8313,1.9166,4070.8,115,8,15/15/15/14/14/14/14/14,115,1,1911.42,0.92,1829.71,1911.4,2389.0,4037.6,-15.6
weak,weak,copy,rr,chunked,116,8,4,1,1024,7784628224,1,1.9122,1.8508,1.9533,4071.0,116,8,15/15/15/15/14/14/14/14,116,1,1908.91,0.83,1833.33,1908.36,2401.0,4078.0,3.31
weak,weak,copy,rr,chunked,117,8,4,1,1024,7851737088,1,1.9047,1.8338,1.9389,4122.4,117,8,15/15/15/15/15/14/14/14,117,1,1919.11,0.83,1835.69,1918.32,2396.0,4091.3,-14.45
weak,weak,copy,rr,chunked,118,8,4,1,1024,7918845952,1,1.888,1.8358,1.9254,4194.3,118,8,15/15/15/15/15/15/14/14,118,1,1905.29,0.83,1828.82,1904.76,2400.0,4156.2,-17.31
weak,weak,copy,rr,chunked,119,8,4,1,1024,7985954816,1,1.8851,1.8372,1.9242,4236.4,119,8,15/15/15/15/15/15/15/14,119,1,1919.29,0.79,1843.7,1918.64,2393.0,4160.9,-34.21
weak,weak,copy,rr,chunked,120,8,4,1,1024,8053063680,1,1.8792,1.8374,1.9041,4285.5,120,8,15/15/15/15/15/15/15/15,120,1,1831.52,0.79,1787.62,1830.96,2386.0,4396.9,47.64
weak,weak,copy,rr,chunked,121,8,4,1,1024,8120172544,1,1.8889,1.8534,1.9084,4299.0,121,8,16/15/15/15/15/15/15/15,121,1,1848.45,0.71,1800.49,1847.88,2392.0,4393.0,40.41
weak,weak,copy,rr,chunked,122,8,4,1,1024,8187281408,1,1.865,1.8501,1.9103,4390.0,122,8,16/16/15/15/15/15/15/15,122,1,1861.07,0.87,1812.91,1860.28,2388.0,4399.2,3.91
weak,weak,copy,rr,chunked,123,8,4,1,1024,8254390272,1,1.8934,1.8494,1.9319,4359.5,123,8,16/16/16/15/15/15/15/15,123,1,1880.23,0.95,1819.68,1879.36,2391.0,4390.1,13.19
weak,weak,copy,rr,chunked,124,8,4,1,1024,8321499136,1,1.9044,1.8561,1.9545,4369.7,124,8,16/16/16/16/15/15/15/15,124,1,1925.53,0.87,1861.34,1925.0,2391.0,4321.7,-21.15
weak,weak,copy,rr,chunked,125,8,4,1,1024,8388608000,1,1.8857,1.856,1.9197,4448.6,125,8,16/16/16/16/16/15/15/15,125,1,1878.03,0.85,1826.45,1877.28,2394.0,4466.7,7.63
weak,weak,copy,rr,chunked,126,8,4,1,1024,8455716864,1,1.8936,1.8726,1.9135,4465.4,126,8,16/16/16/16/16/16/15/15,126,1,1892.83,0.71,1839.35,1892.2,2400.0,4467.2,0.77
weak,weak,copy,rr,chunked,127,8,4,1,1024,8522825728,1,1.8977,1.8772,1.9218,4491.1,127,8,16/16/16/16/16/16/16/15,127,1,1916.81,0.83,1858.6,1916.08,2398.0,4446.4,-19.09
weak,weak,copy,rr,chunked,128,8,4,1,1024,8589934592,1,1.8953,1.8824,1.914,4532.1,128,8,16/16/16/16/16/16/16/16,128,1,1893.93,0.91,1850.67,1893.4,2392.0,4535.5,1.41
weak,weak,copy,rr,chunked,129,8,4,1,1024,8657043456,1,1.896,1.8868,1.9495,4566.0,129,8,17/16/16/16/16/16/16/16,129,1,1890.09,0.79,1845.76,1889.64,2406.0,4580.2,5.91
weak,weak,copy,rr,chunked,130,8,4,1,1024,8724152320,1,1.9108,1.8899,1.93,4565.8,130,8,17/17/16/16/16/16/16/16,130,1,1924.97,0.75,1877.8,1924.28,2386.0,4532.1,-14.21
weak,weak,copy,rr,chunked,131,8,4,1,1024,8791261184,1,1.9241,1.9023,1.9433,4569.0,131,8,17/17/17/16/16/16/16/16,131,1,1915.13,0.77,1866.06,1914.44,2386.0,4590.4,8.99
weak,weak,copy,rr,chunked,132,8,4,1,1024,8858370048,1,1.9321,1.9158,1.9526,4584.9,132,8,17/17/17/17/16/16/16/16,132,1,1942.45,0.71,1886.08,1941.8,2388.0,4560.4,-10.37
weak,weak,copy,rr,chunked,133,8,4,1,1024,8925478912,1,1.9408,1.914,1.9814,4598.8,133,8,17/17/17/17/17/16/16/16,133,1,1927.69,1.03,1883.08,1927.12,2390.0,4630.1,13.13
weak,weak,copy,rr,chunked,134,8,4,1,1024,8992587776,1,1.9478,1.9349,1.9942,4616.8,134,8,17/17/17/17/17/17/16/16,134,1,1937.79,0.95,1885.65,1936.92,2387.0,4640.6,10.01
weak,weak,copy,rr,chunked,135,8,4,1,1024,9059696640,1,1.9576,1.9432,1.9837,4628.1,135,8,17/17/17/17/17/17/17/16,135,1,1961.08,0.87,1901.3,1960.76,2390.0,4619.7,-3.52
weak,weak,copy,rr,chunked,136,8,4,1,1024,9126805504,1,1.9611,1.9352,1.9825,4653.9,136,8,17/17/17/17/17/17/17/17,136,1,1938.23,0.8,1891.38,1937.56,2395.0,4708.8,22.87
weak,weak,copy,rr,chunked,137,8,4,1,1024,9193914368,1,1.9853,1.9648,2.0105,4630.9,137,8,18/17/17/17/17/17/17/17,137,1,1983.73,0.83,1925.04,1983.16,2399.0,4634.7,1.61
weak,weak,copy,rr,chunked,138,8,4,1,1024,9261023232,1,1.9921,1.9644,2.0217,4648.9,138,8,18/18/17/17/17/17/17/17,138,1,1989.96,0.81,1927.82,1989.28,2399.0,4653.9,2.14
weak,weak,copy,rr,chunked,139,8,4,1,1024,9328132096,1,2.0068,1.9647,2.0315,4648.2,139,8,18/18/18/17/17/17/17/17,139,1,2026.43,0.87,1958.14,2025.64,2385.0,4603.2,-19.59
weak,weak,copy,rr,chunked,140,8,4,1,1024,9395240960,1,2.0227,1.9807,2.0442,4644.9,140,8,18/18/18/18/17/17/17/17,140,1,2033.65,0.87,1975.97,2032.92,2402.0,4619.9,-10.93
weak,weak,copy,rr,chunked,141,8,4,1,1024,9462349824,1,2.0229,2.0145,2.0403,4677.6,141,8,18/18/18/18/18/17/17/17,141,1,2015.52,0.81,1960.51,2014.8,2394.0,4694.7,7.4
weak,weak,copy,rr,chunked,142,8,4,1,1024,9529458688,1,2.037,2.0007,2.0653,4678.3,142,8,18/18/18/18/18/18/17/17,142,1,2033.21,0.63,1966.97,2032.84,2387.0,4686.9,3.75
weak,weak,copy,rr,chunked,143,8,4,1,1024,9596567552,1,2.0481,2.0398,2.0736,4685.5,143,8,18/18/18/18/18/18/18/17,143,1,2054.35,0.81,1991.85,2053.6,2393.0,4671.3,-6.21
weak,weak,copy,rr,chunked,144,8,4,1,1024,9663676416,1,2.0647,2.0353,2.0893,4680.4,144,8,18/18/18/18/18/18/18/18,144,1,2057.95,0.91,1985.15,2057.12,2396.0,4695.8,6.75
weak,weak,copy,rr,chunked,145,8,4,1,1024,9730785280,1,2.066,2.0342,2.0919,4710.1,145,8,19/18/18/18/18/18/18/18,145,1,2059.6,0.87,1992.73,2059.08,2388.0,4724.6,6.36
weak,weak,copy,rr,chunked,146,8,4,1,1024,9797894144,1,2.0865,2.0627,2.1052,4695.8,146,8,19/19/18/18/18/18/18/18,146,1,2061.72,0.91,1995.01,2061.32,2396.0,4752.3,24.8
weak,weak,copy,rr,chunked,147,8,4,1,1024,9865003008,1,2.0986,2.0797,2.1225,4700.7,147,8,19/19/19/18/18/18/18/18,147,1,2113.04,0.73,2039.76,2112.6,2398.0,4668.6,-14.4
weak,weak,copy,rr,chunked,148,8,4,1,1024,9932111872,1,2.1099,2.0863,2.1355,4707.3,148,8,19/19/19/19/18/18/18/18,148,1,2081.41,0.77,2014.52,2080.76,2391.0,4771.8,28.51
weak,weak,copy,rr,chunked,149,8,4,1,1024,9999220736,1,2.1289,2.1161,2.1744,4696.8,149,8,19/19/19/19/19/18/18/18,149,1,2169.37,0.75,2084.54,2168.76,2397.0,4609.3,-40.45
weak,weak,copy,rr,chunked,150,8,4,1,1024,10066329600,1,2.1566,2.1098,2.1777,4667.6,150,8,19/19/19/19/19/19/18/18,150,1,2167.63,0.87,2091.96,2166.88,2384.0,4643.9,-11.01
weak,weak,copy,rr,chunked,151,8,4,1,1024,10133438464,1,2.1561,2.1148,2.2083,4699.8,151,8,19/19/19/19/19/19/19/18,151,1,2145.13,0.87,2073.64,2144.32,2402.0,4723.9,11.01
weak,weak,copy,rr,chunked,152,8,4,1,1024,10200547328,1,2.1779,2.1645,2.2142,4683.7,152,8,19/19/19/19/19/19/19/19,152,1,2170.75,0.75,2095.67,2170.08,2383.0,4699.1,7.15
weak,weak,copy,rr,chunked,153,8,4,1,1024,10267656192,1,2.1951,2.1593,2.2253,4677.4,153,8,20/19/19/19/19/19/19/19,153,1,2220.29,0.79,2140.46,2219.68,2404.0,4624.5,-25.15
weak,weak,copy,rr,chunked,154,8,4,1,1024,10334765056,1,2.2181,2.1885,2.2327,4659.4,154,8,20/20/19/19/19/19/19/19,154,1,2209.63,0.83,2135.46,2208.84,2391.0,4677.1,8.43
weak,weak,copy,rr,chunked,155,8,4,1,1024,10401873920,1,2.2213,2.193,2.2475,4682.7,155,8,20/20/20/19/19/19/19/19,155,1,2234.32,0.91,2157.49,2233.96,2385.0,4655.5,-13.0
weak,weak,copy,rr,chunked,156,8,4,1,1024,10468982784,1,2.248,2.2272,2.2595,4657.1,156,8,20/20/20/20/19/19/19/19,156,1,2222.15,0.94,2149.22,2222.04,2403.0,4711.2,25.81
weak,weak,copy,rr,chunked,157,8,4,1,1024,10536091648,1,2.2518,2.2241,2.2793,4678.9,157,8,20/20/20/20/20/19/19/19,157,1,2241.61,0.87,2162.97,2241.16,2391.0,4700.2,10.23
weak,weak,copy,rr,chunked,158,8,4,1,1024,10603200512,1,2.2654,2.2212,2.3027,4680.4,158,8,20/20/20/20/20/20/19/19,158,1,2297.36,0.78,2219.59,2297.28,2386.0,4615.4,-31.92
weak,weak,copy,rr,chunked,159,8,4,1,1024,10670309376,1,2.293,2.2448,2.3081,4653.5,159,8,20/20/20/20/20/20/20/19,159,1,2240.12,0.75,2172.06,2239.56,2393.0,4763.3,52.84
weak,weak,copy,rr,chunked,160,8,4,1,1024,10737418240,1,2.3078,2.2829,2.3198,4652.7,160,8,20/20/20/20/20/20/20/20,160,1,2302.95,0.83,2226.14,2302.16,2388.0,4662.5,4.81
weak,weak,copy,rr,chunked,161,8,4,1,1024,10804527104,1,2.3129,2.2961,2.3412,4671.5,161,8,21/20/20/20/20/20/20/20,161,1,2300.36,0.87,2221.88,2299.92,2399.0,4696.9,12.52
weak,weak,copy,rr,chunked,162,8,4,1,1024,10871635968,1,2.3342,2.3052,2.3496,4657.6,162,8,21/21/20/20/20/20/20/20,162,1,2330.84,0.91,2250.73,2330.32,2393.0,4664.3,3.34
weak,weak,copy,rr,chunked,163,8,4,1,1024,10938744832,1,2.3408,2.3243,2.3574,4673.2,163,8,21/21/21/20/20/20/20/20,163,1,2329.4,0.87,2259.25,2329.28,2396.0,4695.9,11.36
weak,weak,copy,rr,chunked,164,8,4,1,1024,11005853696,1,2.3588,2.3396,2.3652,4665.8,164,8,21/21/21/21/20/20/20/20,164,1,2334.67,0.73,2261.89,2334.08,2397.0,4714.1,24.15
weak,weak,copy,rr,chunked,165,8,4,1,1024,11072962560,1,2.3764,2.3587,2.4095,4659.5,165,8,21/21/21/21/21/20/20/20,165,1,2369.32,0.79,2286.61,2368.84,2392.0,4673.5,7.12
weak,weak,copy,rr,chunked,166,8,4,1,1024,11140071424,1,2.3874,2.3711,2.4157,4666.2,166,8,21/21/21/21/21/21/20/20,166,1,2373.35,0.83,2302.2,2372.6,2386.0,4693.8,14.06
weak,weak,copy,rr,chunked,167,8,4,1,1024,11207180288,1,2.4122,2.3979,2.4356,4646.1,167,8,21/21/21/21/21/21/21/20,167,1,2399.05,0.91,2321.19,2399.04,2384.0,4671.5,13.14
weak,weak,copy,rr,chunked,168,8,4,1,1024,11274289152,1,2.4185,2.4047,2.4331,4661.7,168,8,21/21/21/21/21/21/21/21,168,1,2416.65,0.87,2336.77,2415.92,2398.0,4665.3,1.85
weak,weak,copy,rr,chunked,169,8,4,1,1024,11341398016,1,2.4409,2.4243,2.458,4646.5,169,8,22/21/21/21/21/21/21/21,169,1,2429.03,0.75,2354.85,2428.36,2395.0,4669.1,11.84
weak,weak,copy,rr,chunked,170,8,4,1,1024,11408506880,1,2.4511,2.4369,2.4977,4654.4,170,8,22/22/21/21/21/21/21/21,170,1,2431.93,0.77,2349.98,2431.24,2388.0,4691.1,19.22
weak,weak,copy,rr,chunked,171,8,4,1,1024,11475615744,1,2.4638,2.4483,2.4905,4657.7,171,8,22/22/22/21/21/21/21/21,171,1,2458.78,0.79,2383.83,2458.28,2396.0,4667.2,5.01
weak,weak,copy,rr,chunked,172,8,4,1,1024,11542724608,1,2.476,2.4533,2.5209,4661.9,172,8,22/22/22/22/21/21/21/21,172,1,2470.56,0.87,2394.43,2470.16,2393.0,4672.1,5.43
weak,weak,copy,rr,chunked,173,8,4,1,1024,11609833472,1,2.4942,2.4783,2.5225,4654.7,173,8,22/22/22/22/22/21/21/21,173,1,2505.43,0.87,2424.83,2504.64,2389.0,4633.9,-11.22
weak,weak,copy,rr,chunked,174,8,4,1,1024,11676942336,1,2.5118,2.4901,2.5291,4648.8,174,8,22/22/22/22/22/22/21/21,174,1,2490.31,0.95,2415.9,2489.44,2400.0,4689.0,21.5
weak,weak,copy,rr,chunked,175,8,4,1,1024,11744051200,1,2.5269,2.5176,2.5521,4647.5,175,8,22/22/22/22/22/22/22/21,175,1,2513.76,0.87,2435.59,2513.08,2385.0,4671.9,13.19
weak,weak,copy,rr,chunked,176,8,4,1,1024,11811160064,1,2.5404,2.5158,2.5622,4649.4,176,8,22/22/22/22/22/22/22/22,176,1,2538.83,0.87,2460.88,2538.04,2393.0,4652.2,1.54
weak,weak,copy,rr,chunked,177,8,4,1,1024,11878268928,1,2.5586,2.5318,2.5762,4642.4,177,8,23/22/22/22/22/22/22/22,177,1,2562.63,0.84,2480.29,2562.04,2381.0,4635.2,-4.0
weak,weak,copy,rr,chunked,178,8,4,1,1024,11945377792,1,2.574,2.5431,2.5909,4640.8,178,8,23/23/22/22/22/22/22/22,178,1,2573.81,0.87,2491.54,2573.12,2385.0,4641.1,0.2
weak,weak,copy,rr,chunked,179,8,4,1,1024,12012486656,1,2.5896,2.5685,2.6098,4638.7,179,8,23/23/23/22/22/22/22/22,179,1,2574.45,0.87,2503.56,2573.8,2381.0,4666.0,15.2
weak,weak,copy,rr,chunked,180,8,4,1,1024,12079595520,1,2.6072,2.5804,2.6437,4633.1,180,8,23/23/23/23/22/22/22/22,180,1,2596.78,0.76,2518.52,2596.36,2396.0,4651.8,10.47
weak,weak,copy,rr,chunked,181,8,4,1,1024,12146704384,1,2.6222,2.6075,2.6739,4632.3,181,8,23/23/23/23/23/22/22/22,181,1,2598.71,0.77,2528.14,2598.12,2397.0,4674.1,23.46
weak,weak,copy,rr,chunked,182,8,4,1,1024,12213813248,1,2.6298,2.6168,2.6538,4644.4,182,8,23/23/23/23/23/23/22/22,182,1,2622.41,0.83,2549.06,2621.76,2394.0,4657.5,7.38
weak,weak,copy,rr,chunked,183,8,4,1,1024,12280922112,1,2.6526,2.6317,2.6656,4629.8,183,8,23/23/23/23/23/23/23/22,183,1,2658.54,0.95,2582.19,2657.92,2389.0,4619.4,-5.93
weak,weak,copy,rr,chunked,184,8,4,1,1024,12348030976,1,2.6708,2.6457,2.6761,4623.3,184,8,23/23/23/23/23/23/23/23,184,1,2666.55,0.95,2583.1,2665.76,2392.0,4630.7,4.26
weak,weak,copy,rr,chunked,185,8,4,1,1024,12415139840,1,2.6849,2.6464,2.7096,4624.0,185,8,24/23/23/23/23/23/23/23,185,1,2667.27,0.73,2595.82,2667.2,2387.0,4654.6,17.66
weak,weak,copy,rr,chunked,186,8,4,1,1024,12482248704,1,2.7111,2.6927,2.73,4604.1,186,8,24/24/23/23/23/23/23/23,186,1,2725.0,0.83,2647.84,2724.96,2384.0,4580.6,-13.91
weak,weak,copy,rr,chunked,187,8,4,1,1024,12549357568,1,2.7164,2.7009,2.7303,4619.8,187,8,24/24/24/23/23/23/23/23,187,1,2708.17,0.79,2635.04,2707.6,2398.0,4633.9,8.26
weak,weak,copy,rr,chunked,188,8,4,1,1024,12616466432,1,2.7409,2.7033,2.7598,4603.0,188,8,24/24/24/24/23/23/23/23,188,1,2702.86,0.75,2626.99,2702.44,2391.0,4667.8,38.07
weak,weak,copy,rr,chunked,189,8,4,1,1024,12683575296,1,2.7483,2.7336,2.7663,4615.1,189,8,24/24/24/24/24/23/23/23,189,1,2746.74,0.87,2662.09,2746.36,2385.0,4617.7,1.53
weak,weak,copy,rr,chunked,190,8,4,1,1024,12750684160,1,2.759,2.7334,2.777,4621.4,190,8,24/24/24/24/24/24/23/23,190,1,2771.88,0.91,2685.9,2771.88,2392.0,4600.0,-12.83
weak,weak,copy,rr,chunked,191,8,4,1,1024,12817793024,1,2.7669,2.7549,2.7943,4632.5,191,8,24/24/24/24/24/24/24/23,191,1,2768.18,0.79,2701.51,2767.68,2391.0,4630.4,-1.25
weak,weak,copy,rr,chunked,192,8,4,1,1024,12884901888,1,2.7797,2.7633,2.8189,4635.4,192,8,24/24/24/24/24/24/24/24,192,1,2758.19,0.79,2681.01,2757.6,2390.0,4671.5,21.5
weak,weak,copy,rr,chunked,193,8,4,1,1024,12952010752,1,2.7919,2.7689,2.8133,4639.2,193,8,25/24/24/24/24/24/24/24,193,1,2763.79,0.79,2695.16,2763.04,2392.0,4686.3,28.1
weak,weak,copy,rr,chunked,194,8,4,1,1024,13019119616,1,2.8125,2.7927,2.8373,4628.9,194,8,25/25/24/24/24/24/24/24,194,1,2806.35,0.91,2729.68,2805.68,2393.0,4639.2,6.2
weak,weak,copy,rr,chunked,195,8,4,1,1024,13086228480,1,2.818,2.8054,2.8496,4643.8,195,8,25/25/25/24/24/24/24/24,195,1,2817.96,0.99,2722.38,2817.96,2388.0,4643.9,0.03
weak,weak,copy,rr,chunked,196,8,4,1,1024,13153337344,1,2.8325,2.7961,2.8635,4643.7,196,8,25/25/25/25/24/24/24/24,196,1,2827.06,0.93,2741.15,2826.68,2393.0,4652.7,5.45
weak,weak,copy,rr,chunked,197,8,4,1,1024,13220446208,1,2.8314,2.8115,2.8695,4669.2,197,8,25/25/25/25/25/24/24/24,197,1,2854.92,0.83,2759.77,2854.92,2379.0,4630.8,-23.53
weak,weak,copy,rr,chunked,198,8,4,1,1024,13287555072,1,2.8343,2.8105,2.8664,4688.0,198,8,25/25/25/25/25/25/24/24,198,1,2825.46,0.83,2732.2,2825.0,2392.0,4702.8,8.89
weak,weak,copy,rr,chunked,199,8,4,1,1024,13354663936,1,2.8626,2.8355,2.8849,4665.2,199,8,25/25/25/25/25/25/25/24,199,1,2853.46,0.83,2774.29,2852.84,2394.0,4680.2,9.17
weak,weak,copy,rr,chunked,200,8,4,1,1024,13421772800,1,2.8501,2.8321,2.9017,4709.2,200,8,25/25/25/25/25/25/25/25,200,1,2845.38,0.95,2763.07,2845.08,2392.0,4717.0,4.75
weak,weak,copy,rr,chunked,201,8,4,1,1024,13488881664,1,2.8774,2.8443,2.8946,4687.8,201,8,26/25/25/25/25/25/25/25,201,1,2871.15,0.87,2786.29,2870.96,2395.0,4698.1,6.28
weak,weak,copy,rr,chunked,202,8,4,1,1024,13555990528,1,2.885,2.8412,2.9195,4698.7,202,8,26/26/25/25/25/25/25/25,202,1,2914.28,0.95,2806.28,2914.28,2380.0,4651.6,-29.23
weak,weak,copy,rr,chunked,203,8,4,1,1024,13623099392,1,2.8803,2.8658,2.9296,4729.8,203,8,26/26/26/25/25/25/25/25,203,1,2867.72,0.84,2784.76,2867.68,2396.0,4750.5,12.55
weak,weak,copy,rr,chunked,204,8,4,1,1024,13690208256,1,2.9091,2.862,2.9297,4706.0,204,8,26/26/26/26/25/25/25/25,204,1,2857.1,0.79,2762.14,2856.56,2392.0,4791.6,51.97
weak,weak,copy,rr,chunked,205,8,4,1,1024,13757317120,1,2.9043,2.8578,2.9437,4736.9,205,8,26/26/26/26/26/25/25/25,205,1,2912.24,0.87,2826.1,2912.24,2395.0,4724.0,-7.95
weak,weak,copy,rr,chunked,206,8,4,1,1024,13824425984,1,2.92,2.8944,2.934,4734.5,206,8,26/26/26/26/26/26/25/25,206,1,2928.91,0.99,2829.19,2928.0,2389.0,4720.0,-8.96
weak,weak,copy,rr,chunked,207,8,4,1,1024,13891534848,1,2.9149,2.8788,2.9532,4765.7,207,8,26/26/26/26/26/26/26/25,207,1,2910.42,0.87,2811.36,2910.0,2390.0,4773.0,4.49
weak,weak,copy,rr,chunked,208,8,4,1,1024,13958643712,1,2.9219,2.8902,2.9398,4777.3,208,8,26/26/26/26/26/26/26/26,208,1,2929.85,0.83,2835.8,2929.32,2389.0,4764.3,-8.0
weak,weak,copy,rr,chunked,209,8,4,1,1024,14025752576,1,2.9399,2.9171,2.9816,4770.9,209,8,27/26/26/26/26/26/26/26,209,1,2914.08,0.75,2813.04,2914.0,2391.0,4813.1,25.77
weak,weak,copy,rr,chunked,210,8,4,1,1024,14092861440,1,2.9578,2.9144,2.9876,4764.6,210,8,27/27/26/26/26/26/26/26,210,1,2916.47,0.81,2817.33,2915.84,2392.0,4832.2,41.36
weak,weak,copy,rr,chunked,211,8,4,1,1024,14159970304,1,2.9715,2.9288,3.0028,4765.3,211,8,27/27/27/26/26/26/26/26,211,1,2967.48,0.91,2862.73,2967.48,2392.0,4771.7,3.99
weak,weak,copy,rr,chunked,212,8,4,1,1024,14227079168,1,2.9731,2.9432,3.0085,4785.2,212,8,27/27/27/27/26/26/26/26,212,1,2981.34,0.87,2874.48,2981.0,2383.0,4772.0,-8.23
weak,weak,copy,rr,chunked,213,8,4,1,1024,14294188032,1,2.9814,2.9493,3.0188,4794.5,213,8,27/27/27/27/27/26/26/26,213,1,2976.02,0.91,2884.56,2975.52,2385.0,4803.1,5.37
weak,weak,copy,rr,chunked,214,8,4,1,1024,14361296896,1,2.9805,2.953,3.0155,4818.4,214,8,27/27/27/27/27/27/26/26,214,1,2979.8,0.87,2871.09,2979.8,2391.0,4819.6,0.69
weak,weak,copy,rr,chunked,215,8,4,1,1024,14428405760,1,2.9869,2.9553,3.0435,4830.5,215,8,27/27/27/27/27/27/27/26,215,1,3038.32,0.75,2906.47,3038.24,2390.0,4748.8,-51.41
weak,weak,copy,rr,chunked,216,8,4,1,1024,14495514624,1,2.9813,2.9497,3.0228,4862.2,216,8,27/27/27/27/27/27/27/27,216,1,2963.83,0.91,2857.37,2963.16,2386.0,4890.8,17.44
weak,weak,copy,rr,chunked,217,8,4,1,1024,14562623488,1,2.9989,2.9655,3.0223,4856.0,217,8,28/27/27/27/27/27/27/27,217,1,2999.78,0.91,2902.42,2999.44,2383.0,4854.6,-0.87
weak,weak,copy,rr,chunked,218,8,4,1,1024,14629732352,1,3.0174,3.0037,3.0501,4848.5,218,8,28/28/27/27/27/27/27/27,218,1,2998.64,0.95,2903.83,2998.56,2379.0,4878.8,18.75
weak,weak,copy,rr,chunked,219,8,4,1,1024,14696841216,1,3.0225,2.9778,3.073,4862.5,219,8,28/28/28/27/27/27/27/27,219,1,2986.31,0.89,2887.59,2985.76,2385.0,4921.4,36.18
weak,weak,copy,rr,chunked,220,8,4,1,1024,14763950080,1,3.0361,3.0078,3.0859,4862.8,220,8,28/28/28/28/27/27/27/27,220,1,3016.24,0.83,2901.49,3016.2,2394.0,4894.8,19.85
weak,weak,copy,rr,chunked,221,8,4,1,1024,14831058944,1,3.0561,3.0318,3.088,4852.9,221,8,28/28/28/28/28/27/27/27,221,1,3052.08,0.75,2942.75,3052.08,2386.0,4859.3,4.05
weak,weak,copy,rr,chunked,222,8,4,1,1024,14898167808,1,3.0304,3.0063,3.0727,4916.3,222,8,28/28/28/28/28/28/27/27,222,1,3034.25,0.95,2926.58,3034.2,2395.0,4910.0,-3.88
weak,weak,copy,rr,chunked,223,8,4,1,1024,14965276672,1,3.07,3.0263,3.1156,4874.7,223,8,28/28/28/28/28/28/28/27,223,1,3068.28,0.95,2955.03,3068.16,2386.0,4877.4,1.69
weak,weak,copy,rr,chunked,224,8,4,1,1024,15032385536,1,3.0665,3.0373,3.0941,4902.1,224,8,28/28/28/28/28/28/28/28,224,1,3032.3,0.91,2945.25,3031.84,2391.0,4957.4,34.21
weak,weak,copy,rr,chunked,225,8,4,1,1024,15099494400,1,3.0715,3.0407,3.0934,4916.0,225,8,29/28/28/28/28/28/28/28,225,1,3067.57,0.83,2965.05,3066.88,2390.0,4922.3,3.92
weak,weak,copy,rr,chunked,226,8,4,1,1024,15166603264,1,3.0757,3.0527,3.099,4931.1,226,8,29/29/28/28/28/28/28/28,226,1,3077.92,0.83,2959.08,3077.84,2389.0,4927.5,-2.19
weak,weak,copy,rr,chunked,227,8,4,1,1024,15233712128,1,3.1034,3.0716,3.1242,4908.8,227,8,29/29/29/28/28/28/28/28,227,1,3119.36,0.83,2994.4,3119.32,2385.0,4883.6,-16.01
weak,weak,copy,rr,chunked,228,8,4,1,1024,15300820992,1,3.1105,3.0869,3.1544,4919.0,228,8,29/29/29/29/28/28/28/28,228,1,3092.42,0.95,2961.64,3091.8,2384.0,4947.8,18.11
weak,weak,copy,rr,chunked,229,8,4,1,1024,15367929856,1,3.1208,3.0845,3.1537,4924.4,229,8,29/29/29/29/29/28/28/28,229,1,3148.7,0.91,3014.95,3148.2,2390.0,4880.7,-27.91
weak,weak,copy,rr,chunked,230,8,4,1,1024,15435038720,1,3.1275,3.1142,3.1553,4935.3,230,8,29/29/29/29/29/29/28/28,230,1,3113.64,0.83,2995.26,3113.56,2388.0,4957.2,13.85
weak,weak,copy,rr,chunked,231,8,4,1,1024,15502147584,1,3.1183,3.0928,3.1502,4971.4,231,8,29/29/29/29/29/29/29/28,231,1,3131.39,0.83,3011.64,3130.88,2391.0,4950.6,-13.12
weak,weak,copy,rr,chunked,232,8,4,1,1024,15569256448,1,3.1115,3.0789,3.1648,5003.8,232,8,29/29/29/29/29/29/29/29,232,1,3073.95,0.79,2981.9,3073.2,2378.0,5064.9,37.56
weak,weak,copy,rr,chunked,233,8,4,1,1024,15636365312,1,3.1184,3.0949,3.1909,5014.3,233,8,30/29/29/29/29/29/29/29,233,1,3090.14,0.99,3006.12,3089.6,2385.0,5060.1,28.23
weak,weak,copy,rr,chunked,234,8,4,1,1024,15703474176,1,3.1854,3.1288,3.2477,4929.8,234,8,30/30/29/29/29/29/29/29,234,1,3179.68,1.03,3046.8,3179.6,2388.0,4938.7,5.71
weak,weak,copy,rr,chunked,235,8,4,1,1024,15770583040,1,3.1628,3.1115,3.2323,4986.3,235,8,30/30/30/29/29/29/29/29,235,1,3106.35,0.91,3006.55,3105.64,2388.0,5076.9,56.4
weak,weak,copy,rr,chunked,236,8,4,1,1024,15837691904,1,3.1916,3.1612,3.2659,4962.4,236,8,30/30/30/30/29/29/29/29,236,1,3188.69,0.92,3037.38,3187.96,2394.0,4966.8,2.86
weak,weak,copy,rr,chunked,237,8,4,1,1024,15904800768,1,3.1856,3.1423,3.277,4992.8,237,8,30/30/30/30/30/29/29/29,237,1,3178.58,0.85,3046.06,3178.08,2393.0,5003.7,6.97
weak,weak,copy,rr,chunked,238,8,4,1,1024,15971909632,1,3.1955,3.1572,3.23,4998.2,238,8,30/30/30/30/30/30/29/29,238,1,3182.83,0.81,3057.72,3182.16,2383.0,5018.1,12.68
weak,weak,copy,rr,chunked,239,8,4,1,1024,16039018496,1,3.2098,3.1484,3.2878,4996.9,239,8,30/30/30/30/30/30/30/29,239,1,3143.07,0.99,3038.55,3142.28,2384.0,5103.0,66.72
weak,weak,copy,rr,chunked,240,8,4,1,1024,16106127360,1,3.2154,3.1674,3.2419,5009.1,240,8,30/30/30/30/30/30/30/30,240,1,3184.48,0.95,3079.28,3184.4,2386.0,5057.7,30.91
weak,weak,copy,rr,chunked,241,8,4,1,1024,16173236224,1,3.2267,3.1774,3.245,5012.4,241,8,31/30/30/30/30/30/30/30,241,1,3226.82,0.87,3101.73,3226.32,2391.0,5012.1,-0.15
weak,weak,copy,rr,chunked,242,8,4,1,1024,16240345088,1,3.2521,3.2018,3.2826,4993.8,242,8,31/31/30/30/30/30/30/30,242,1,3242.36,0.79,3111.05,3242.36,2389.0,5008.8,9.77
weak,weak,copy,rr,chunked,243,8,4,1,1024,16307453952,1,3.2688,3.2086,3.2974,4988.8,243,8,31/31/31/30/30/30/30/30,243,1,3268.8,0.83,3124.59,3268.8,2389.0,4988.8,0.03
weak,weak,copy,rr,chunked,244,8,4,1,1024,16374562816,1,3.275,3.2306,3.3142,4999.8,244,8,31/31/31/31/30/30/30/30,244,1,3249.88,0.91,3113.97,3249.76,2389.0,5038.5,25.13
weak,weak,copy,rr,chunked,245,8,4,1,1024,16441671680,1,3.2773,3.2402,3.319,5016.9,245,8,31/31/31/31/31/30/30/30,245,1,3313.76,0.91,3176.88,3313.68,2389.0,4961.6,-36.49
weak,weak,copy,rr,chunked,246,8,4,1,1024,16508780544,1,3.2975,3.2502,3.3484,5006.5,246,8,31/31/31/31/31/31/30/30,246,1,3343.27,0.91,3197.36,3342.36,2382.0,4937.9,-45.8
weak,weak,copy,rr,chunked,247,8,4,1,1024,16575889408,1,3.2962,3.253,3.3749,5028.7,247,8,31/31/31/31/31/31/31/30,247,1,3369.82,0.79,3228.29,3369.32,2381.0,4918.9,-73.59
weak,weak,copy,rr,chunked,248,8,4,1,1024,16642998272,1,3.2795,3.267,3.3346,5074.9,248,8,31/31/31/31/31/31/31/31,248,1,3264.02,0.87,3149.34,3263.32,2381.0,5098.9,15.43
weak,weak,copy,rr,chunked,249,8,4,1,1024,16710107136,1,3.2902,3.2572,3.4192,5078.8,249,8,32/31/31/31/31/31/31/31,249,1,3271.28,0.96,3157.95,3271.24,2388.0,5108.1,18.89
weak,weak,copy,rr,chunked,250,8,4,1,1024,16777216000,1,3.3458,3.2839,3.3784,5014.4,250,8,32/32/31/31/31/31/31/31,250,1,3360.13,0.97,3233.59,3359.6,2389.0,4993.0,-14.3
weak,weak,copy,rr,chunked,251,8,4,1,1024,16844324864,1,3.3473,3.291,3.3898,5032.3,251,8,32/32/32/31/31/31/31/31,251,1,3354.64,0.91,3200.66,3354.52,2390.0,5021.2,-7.36
weak,weak,copy,rr,chunked,252,8,4,1,1024,16911433728,1,3.3538,3.3211,3.4214,5042.5,252,8,32/32/32/32/31/31/31/31,252,1,3330.08,0.95,3204.56,3330.08,2390.0,5078.4,23.7
weak,weak,copy,rr,chunked,253,8,4,1,1024,16978542592,1,3.3752,3.3401,3.4332,5030.3,253,8,32/32/32/32/32/31/31/31,253,1,3418.2,0.83,3258.59,3418.08,2393.0,4967.1,-42.96
weak,weak,copy,rr,chunked,254,8,4,1,1024,17045651456,1,3.393,3.3468,3.4373,5023.7,254,8,32/32/32/32/32/32/31/31,254,1,3394.19,0.83,3237.32,3393.6,2381.0,5022.0,-1.18
weak,weak,copy,rr,chunked,255,8,4,1,1024,17112760320,1,3.3801,3.355,3.4034,5062.7,255,8,32/32/32/32/32/32/32/31,255,1,3361.14,0.95,3242.9,3360.76,2389.0,5091.4,19.0
weak,weak,copy,rr,chunked,256,8,4,1,1024,17179869184,1,3.3785,3.3428,3.4388,5085.1,256,8,32/32/32/32/32/32/32/32,256,1,3388.21,0.93,3245.18,3387.44,2388.0,5070.5,-9.71
weak,weak,copy,packed,chunked,1,8,4,1,1024,67108864,1,1.0364,1.0305,1.0437,64.8,1,1,1/0/0/0/0/0/0/0,1,1,1031.36,0.0,1031.36,1031.36,2397.0,65.1,5.01
weak,weak,copy,packed,chunked,2,8,4,1,1024,134217728,1,1.0738,1.0675,1.0792,125.0,2,1,2/0/0/0/0/0/0/0,2,1,1069.28,0.0,1064.8,1069.28,2400.0,125.5,4.51
weak,weak,copy,packed,chunked,3,8,4,1,1024,201326592,1,1.0697,1.0607,1.0746,188.2,3,1,3/0/0/0/0/0/0/0,3,1,1059.4,0.0,1058.21,1059.4,2398.0,190.0,10.29
weak,weak,copy,packed,chunked,4,8,4,1,1024,268435456,1,1.0752,1.0659,1.08,249.7,4,1,4/0/0/0/0/0/0/0,4,1,1060.36,0.0,1058.64,1060.36,2402.0,253.2,14.83
weak,weak,copy,packed,chunked,5,8,4,1,1024,335544320,1,1.0782,1.0738,1.0843,311.2,5,1,5/0/0/0/0/0/0/0,5,1,1070.16,0.0,1067.42,1070.16,2394.0,313.5,8.05
weak,weak,copy,packed,chunked,6,8,4,1,1024,402653184,1,1.0957,1.0922,1.1036,367.5,6,1,6/0/0/0/0/0/0/0,6,1,1090.24,0.04,1085.02,1090.2,2407.0,369.3,5.47
weak,weak,copy,packed,chunked,7,8,4,1,1024,469762048,1,1.1013,1.0957,1.107,426.6,7,1,7/0/0/0/0/0/0/0,7,1,1100.88,0.04,1091.12,1100.84,2401.0,426.7,0.37
weak,weak,copy,packed,chunked,8,8,4,1,1024,536870912,1,1.1137,1.1093,1.1153,482.0,8,1,8/0/0/0/0/0/0/0,8,1,1107.12,0.04,1096.44,1107.08,2392.0,484.9,6.61
weak,weak,copy,packed,chunked,9,8,4,1,1024,603979776,1,1.1201,1.1154,1.1254,539.2,9,1,9/0/0/0/0/0/0/0,9,1,1115.64,0.04,1108.32,1115.6,2387.0,541.4,4.45
weak,weak,copy,packed,chunked,10,8,4,1,1024,671088640,1,1.1321,1.124,1.1394,592.8,10,1,10/0/0/0/0/0/0/0,10,1,1121.36,0.04,1109.79,1121.36,2396.0,598.5,10.73
weak,weak,copy,packed,chunked,11,8,4,1,1024,738197504,1,1.1349,1.1256,1.1457,650.5,11,1,11/0/0/0/0/0/0/0,11,1,1135.56,0.04,1119.01,1135.52,2395.0,650.1,-0.67
weak,weak,copy,packed,chunked,12,8,4,1,1024,805306368,1,1.1484,1.1405,1.1538,701.2,12,1,12/0/0/0/0/0/0/0,12,1,1137.88,0.04,1124.75,1137.84,2392.0,707.7,10.53
weak,weak,copy,packed,chunked,13,8,4,1,1024,872415232,1,1.1566,1.1511,1.1695,754.3,13,1,13/0/0/0/0/0/0/0,13,1,1146.4,0.04,1134.28,1146.36,2398.0,761.0,10.21
weak,weak,copy,packed,chunked,14,8,4,1,1024,939524096,1,1.1708,1.1636,1.1849,802.5,14,1,14/0/0/0/0/0/0/0,14,1,1159.44,0.08,1145.76,1159.36,2379.0,810.3,11.31
weak,weak,copy,packed,chunked,15,8,4,1,1024,1006632960,1,1.1927,1.1786,1.1954,844.0,15,1,15/0/0/0/0/0/0/0,15,1,1187.64,0.08,1162.19,1187.56,2406.0,847.6,5.09
weak,weak,copy,packed,chunked,16,8,4,1,1024,1073741824,1,1.2085,1.1959,1.2164,888.5,16,1,16/0/0/0/0/0/0/0,16,1,1199.92,0.08,1178.84,1199.88,2398.0,894.8,8.59
weak,weak,copy,packed,chunked,17,8,4,1,1024,1140850688,1,1.2225,1.2102,1.2285,933.2,17,1,17/0/0/0/0/0/0/0,17,1,1204.96,0.08,1183.06,1204.88,2390.0,946.8,17.57
weak,weak,copy,packed,chunked,18,8,4,1,1024,1207959552,1,1.2375,1.2304,1.2439,976.1,18,1,18/0/0/0/0/0/0/0,18,1,1231.96,0.08,1208.77,1231.92,2401.0,980.5,5.55
weak,weak,copy,packed,chunked,19,8,4,1,1024,1275068416,1,1.2459,1.2314,1.2594,1023.4,19,1,19/0/0/0/0/0/0/0,19,1,1233.92,0.08,1206.57,1233.88,2401.0,1033.3,11.99
weak,weak,copy,packed,chunked,20,8,4,1,1024,1342177280,1,1.2566,1.2451,1.2704,1068.1,20,1,20/0/0/0/0/0/0/0,20,1,1263.24,0.12,1239.34,1263.16,2379.0,1062.5,-6.63
weak,weak,copy,packed,chunked,21,8,4,1,1024,1409286144,1,1.2795,1.2707,1.2871,1101.5,21,1,21/0/0/0/0/0/0/0,21,1,1271.36,0.12,1251.07,1271.28,2407.0,1108.5,8.09
weak,weak,copy,packed,chunked,22,8,4,1,1024,1476395008,1,1.306,1.2984,1.319,1130.4,22,1,22/0/0/0/0/0/0/0,22,1,1298.88,0.12,1273.17,1298.8,2392.0,1136.7,7.15
weak,weak,copy,packed,chunked,23,8,4,1,1024,1543503872,1,1.3206,1.3072,1.3282,1168.8,23,1,23/0/0/0/0/0/0/0,23,1,1311.28,0.12,1288.51,1311.16,2397.0,1177.1,9.33
weak,weak,copy,packed,chunked,24,8,4,1,1024,1610612736,1,1.3517,1.34,1.3597,1191.6,24,1,24/0/0/0/0/0/0/0,24,1,1350.56,0.12,1337.97,1350.44,2399.0,1192.6,1.11
weak,weak,copy,packed,chunked,25,8,4,1,1024,1677721600,1,1.3806,1.3699,1.3877,1215.2,25,1,25/0/0/0/0/0/0/0,25,1,1364.44,0.12,1348.16,1364.44,2398.0,1229.6,16.13
weak,weak,copy,packed,chunked,26,8,4,1,1024,1744830464,1,1.4054,1.3979,1.4139,1241.6,26,1,26/0/0/0/0/0/0/0,26,1,1392.4,0.12,1374.92,1392.28,2379.0,1253.1,12.95
weak,weak,copy,packed,chunked,27,8,4,1,1024,1811939328,1,1.4372,1.4286,1.4434,1260.7,27,1,27/0/0/0/0/0/0/0,27,1,1434.36,0.12,1411.29,1434.36,2369.0,1263.2,2.87
weak,weak,copy,packed,chunked,28,8,4,1,1024,1879048192,1,1.4753,1.4673,1.4792,1273.7,28,1,28/0/0/0/0/0/0/0,28,1,1463.16,0.16,1440.2,1463.12,2391.0,1284.2,12.1
weak,weak,copy,packed,chunked,29,8,4,1,1024,1946157056,1,1.5117,1.5033,1.5191,1287.4,29,1,29/0/0/0/0/0/0/0,29,1,1497.84,0.16,1482.3,1497.76,2397.0,1299.3,13.84
weak,weak,copy,packed,chunked,30,8,4,1,1024,2013265920,1,1.5534,1.5438,1.5572,1296.0,30,1,30/0/0/0/0/0/0/0,30,1,1551.84,0.12,1526.59,1551.76,2395.0,1297.3,1.56
weak,weak,copy,packed,chunked,31,8,4,1,1024,2080374784,1,1.5989,1.5911,1.6069,1301.1,31,1,31/0/0/0/0/0/0/0,31,1,1591.28,0.12,1576.95,1591.24,2369.0,1307.4,7.6
weak,weak,copy,packed,chunked,32,8,4,1,1024,2147483648,1,1.6402,1.6354,1.6525,1309.3,32,1,32/0/0/0/0/0/0/0,32,1,1629.84,0.16,1621.66,1629.76,2398.0,1317.6,10.34
weak,weak,copy,packed,chunked,33,8,4,1,1024,2214592512,1,1.6448,1.6364,1.6539,1346.4,33,2,32/1/0/0/0/0/0/0,33,1,1641.6,0.52,1609.23,1641.2,2368.0,1349.0,3.18
weak,weak,copy,packed,chunked,34,8,4,1,1024,2281701376,1,1.643,1.6358,1.6542,1388.8,34,2,32/2/0/0/0/0/0/0,34,1,1636.0,0.68,1601.12,1635.32,2391.0,1394.7,6.98
weak,weak,copy,packed,chunked,35,8,4,1,1024,2348810240,1,1.6488,1.6412,1.6576,1424.6,35,2,32/3/0/0/0/0/0/0,35,1,1641.44,0.44,1594.79,1641.12,2369.0,1430.9,7.32
weak,weak,copy,packed,chunked,36,8,4,1,1024,2415919104,1,1.6485,1.6408,1.6547,1465.5,36,2,32/4/0/0/0/0/0/0,36,1,1640.88,0.68,1589.95,1640.32,2368.0,1472.3,7.6
weak,weak,copy,packed,chunked,37,8,4,1,1024,2483027968,1,1.6522,1.646,1.6604,1502.9,37,2,32/5/0/0/0/0/0/0,37,1,1649.96,0.56,1588.52,1649.52,2385.0,1504.9,2.2
weak,weak,copy,packed,chunked,38,8,4,1,1024,2550136832,1,1.6535,1.6513,1.6558,1542.3,38,2,32/6/0/0/0/0/0/0,38,1,1648.32,0.6,1586.48,1647.88,2383.0,1547.1,5.18
weak,weak,copy,packed,chunked,39,8,4,1,1024,2617245696,1,1.657,1.6432,1.661,1579.5,39,2,32/7/0/0/0/0/0/0,39,1,1652.8,0.68,1584.35,1652.24,2387.0,1583.5,4.24
weak,weak,copy,packed,chunked,40,8,4,1,1024,2684354560,1,1.6592,1.6531,1.6667,1617.8,40,2,32/8/0/0/0/0/0/0,40,1,1648.08,0.68,1575.26,1647.44,2385.0,1628.8,11.14
weak,weak,copy,packed,chunked,41,8,4,1,1024,2751463424,1,1.6615,1.6557,1.6703,1656.0,41,2,32/9/0/0/0/0/0/0,41,1,1661.56,0.56,1584.33,1661.0,2387.0,1656.0,-0.06
weak,weak,copy,packed,chunked,42,8,4,1,1024,2818572288,1,1.6667,1.6579,1.6721,1691.1,42,2,32/10/0/0/0/0/0/0,42,1,1661.2,0.8,1582.68,1660.44,2377.0,1696.7,5.54
weak,weak,copy,packed,chunked,43,8,4,1,1024,2885681152,1,1.6727,1.6686,1.6865,1725.1,43,2,32/11/0/0/0/0/0/0,43,1,1664.04,0.6,1580.47,1663.52,2385.0,1734.1,8.68
weak,weak,copy,packed,chunked,44,8,4,1,1024,2952790016,1,1.6765,1.6711,1.6951,1761.3,44,2,32/12/0/0/0/0/0/0,44,1,1666.84,0.2,1595.21,1666.72,2386.0,1771.5,9.64
weak,weak,copy,packed,chunked,45,8,4,1,1024,3019898880,1,1.6789,1.6769,1.6885,1798.8,45,2,32/13/0/0/0/0/0/0,45,1,1683.52,0.6,1592.64,1682.92,2387.0,1793.8,-4.64
weak,weak,copy,packed,chunked,46,8,4,1,1024,3087007744,1,1.6898,1.6838,1.702,1826.9,46,2,32/14/0/0/0/0/0/0,46,1,1692.68,0.2,1593.7,1692.52,2384.0,1823.7,-2.9
weak,weak,copy,packed,chunked,47,8,4,1,1024,3154116608,1,1.6914,1.686,1.6986,1864.8,47,2,32/15/0/0/0/0/0/0,47,1,1684.44,0.8,1589.02,1683.72,2377.0,1872.5,7.0
weak,weak,copy,packed,chunked,48,8,4,1,1024,3221225472,1,1.6986,1.6813,1.7044,1896.4,48,2,32/16/0/0/0/0/0/0,48,1,1694.68,0.56,1596.76,1694.16,2381.0,1900.8,3.88
weak,weak,copy,packed,chunked,49,8,4,1,1024,3288334336,1,1.7034,1.6921,1.7106,1930.4,49,2,32/17/0/0/0/0/0/0,49,1,1696.24,0.72,1602.57,1695.52,2383.0,1938.6,7.18
weak,weak,copy,packed,chunked,50,8,4,1,1024,3355443200,1,1.7077,1.6991,1.7261,1964.9,50,2,32/18/0/0/0/0/0/0,50,1,1697.76,0.68,1613.55,1697.2,2400.0,1976.4,9.94
weak,weak,copy,packed,chunked,51,8,4,1,1024,3422552064,1,1.7213,1.7096,1.7369,1988.4,51,2,32/19/0/0/0/0/0/0,51,1,1718.0,0.6,1627.75,1717.44,2387.0,1992.2,3.28
weak,weak,copy,packed,chunked,52,8,4,1,1024,3489660928,1,1.7252,1.7163,1.7352,2022.8,52,2,32/20/0/0/0/0/0/0,52,1,1729.6,0.72,1636.76,1729.0,2387.0,2017.6,-4.44
weak,weak,copy,packed,chunked,53,8,4,1,1024,3556769792,1,1.7337,1.7259,1.7423,2051.5,53,2,32/21/0/0/0/0/0/0,53,1,1736.76,0.6,1637.68,1736.2,2381.0,2047.9,-3.04
weak,weak,copy,packed,chunked,54,8,4,1,1024,3623878656,1,1.7446,1.7326,1.7554,2077.2,54,2,32/22/0/0/0/0/0/0,54,1,1745.76,0.68,1656.53,1745.16,2402.0,2075.8,-1.2
weak,weak,copy,packed,chunked,55,8,4,1,1024,3690987520,1,1.7538,1.7407,1.7637,2104.6,55,2,32/23/0/0/0/0/0/0,55,1,1752.44,0.52,1652.47,1751.92,2400.0,2106.2,1.32
weak,weak,copy,packed,chunked,56,8,4,1,1024,3758096384,1,1.7593,1.7488,1.7704,2136.1,56,2,32/24/0/0/0/0/0/0,56,1,1749.28,0.48,1657.73,1748.84,2403.0,2148.4,10.06
weak,weak,copy,packed,chunked,57,8,4,1,1024,3825205248,1,1.7688,1.7484,1.7758,2162.6,57,2,32/25/0/0/0/0/0/0,57,1,1768.6,0.52,1670.16,1768.08,2399.0,2162.8,0.2
weak,weak,copy,packed,chunked,58,8,4,1,1024,3892314112,1,1.7729,1.7655,1.7849,2195.5,58,2,32/26/0/0/0/0/0/0,58,1,1768.72,0.76,1700.96,1767.96,2401.0,2200.6,4.18
weak,weak,copy,packed,chunked,59,8,4,1,1024,3959422976,1,1.7883,1.7747,1.8018,2214.0,59,2,32/27/0/0/0/0/0/0,59,1,1782.96,0.84,1696.81,1782.24,2389.0,2220.7,5.36
weak,weak,copy,packed,chunked,60,8,4,1,1024,4026531840,1,1.7959,1.7782,1.8107,2242.0,60,2,32/28/0/0/0/0/0/0,60,1,1805.76,0.72,1709.18,1805.08,2402.0,2229.8,-9.82
weak,weak,copy,packed,chunked,61,8,4,1,1024,4093640704,1,1.8019,1.7895,1.8218,2271.8,61,2,32/29/0/0/0/0/0/0,61,1,1800.76,0.6,1727.09,1800.28,2401.0,2273.3,1.14
weak,weak,copy,packed,chunked,62,8,4,1,1024,4160749568,1,1.8154,1.8062,1.8279,2291.9,62,2,32/30/0/0/0/0/0/0,62,1,1810.52,0.56,1736.77,1810.0,2392.0,2298.1,4.9
weak,weak,copy,packed,chunked,63,8,4,1,1024,4227858432,1,1.832,1.8023,1.8413,2307.8,63,2,32/31/0/0/0/0/0/0,63,1,1797.44,0.64,1759.4,1796.88,2401.0,2352.2,34.54
weak,weak,copy,packed,chunked,64,8,4,1,1024,4294967296,1,1.8369,1.8245,1.8558,2338.2,64,2,32/32/0/0/0/0/0/0,64,1,1828.64,0.6,1772.65,1828.08,2401.0,2348.7,8.24
weak,weak,copy,packed,chunked,65,8,4,1,1024,4362076160,1,1.8403,1.8281,1.8577,2370.3,65,3,32/32/1/0/0/0/0/0,65,1,1846.6,0.76,1771.91,1845.96,2380.0,2362.2,-6.28
weak,weak,copy,packed,chunked,66,8,4,1,1024,4429185024,1,1.8514,1.8307,1.8622,2392.3,66,3,32/32/2/0/0/0/0/0,66,1,1852.12,0.52,1775.68,1851.68,2402.0,2391.4,-0.72
weak,weak,copy,packed,chunked,67,8,4,1,1024,4496293888,1,1.8425,1.8297,1.8589,2440.4,67,3,32/32/3/0/0/0/0/0,67,1,1827.2,0.57,1763.6,1826.8,2403.0,2460.8,15.28
weak,weak,copy,packed,chunked,68,8,4,1,1024,4563402752,1,1.8584,1.8418,1.8689,2455.6,68,3,32/32/4/0/0/0/0/0,68,1,1846.52,0.53,1784.23,1846.28,2379.0,2471.4,11.86
weak,weak,copy,packed,chunked,69,8,4,1,1024,4630511616,1,1.8608,1.8473,1.8767,2488.5,69,3,32/32/5/0/0/0/0/0,69,1,1871.76,0.6,1780.41,1871.28,2401.0,2473.9,-11.0
weak,weak,copy,packed,chunked,70,8,4,1,1024,4697620480,1,1.8593,1.8437,1.8634,2526.6,70,3,32/32/6/0/0/0/0/0,70,1,1848.64,0.65,1788.15,1848.16,2403.0,2541.1,10.62
weak,weak,copy,packed,chunked,71,8,4,1,1024,4764729344,1,1.8648,1.8563,1.8773,2555.1,71,3,32/32/7/0/0/0/0/0,71,1,1859.0,0.76,1790.36,1858.36,2404.0,2563.1,5.76
weak,weak,copy,packed,chunked,72,8,4,1,1024,4831838208,1,1.8675,1.8558,1.8726,2587.4,72,3,32/32/8/0/0/0/0/0,72,1,1850.8,0.6,1796.1,1850.28,2401.0,2610.7,16.68
weak,weak,copy,packed,chunked,73,8,4,1,1024,4898947072,1,1.8616,1.8507,1.8782,2631.6,73,3,32/32/9/0/0/0/0/0,73,1,1861.08,0.57,1791.07,1860.68,2382.0,2632.3,0.54
weak,weak,copy,packed,chunked,74,8,4,1,1024,4966055936,1,1.878,1.8674,1.8876,2644.4,74,3,32/32/10/0/0/0/0/0,74,1,1864.72,0.6,1800.39,1864.24,2392.0,2663.2,13.26
weak,weak,copy,packed,chunked,75,8,4,1,1024,5033164800,1,1.8825,1.8727,1.8933,2673.7,75,3,32/32/11/0/0/0/0/0,75,1,1871.8,0.68,1809.32,1871.16,2401.0,2688.9,10.66
weak,weak,copy,packed,chunked,76,8,4,1,1024,5100273664,1,1.8945,1.8812,1.9112,2692.1,76,3,32/32/12/0/0/0/0/0,76,1,1880.56,0.64,1813.44,1879.96,2401.0,2712.1,13.94
weak,weak,copy,packed,chunked,77,8,4,1,1024,5167382528,1,1.8966,1.892,1.9085,2724.6,77,3,32/32/13/0/0/0/0/0,77,1,1892.6,0.57,1817.69,1892.16,2382.0,2730.3,3.98
weak,weak,copy,packed,chunked,78,8,4,1,1024,5234491392,1,1.8976,1.8819,1.9071,2758.5,78,3,32/32/14/0/0/0/0/0,78,1,1882.52,0.65,1821.87,1882.0,2406.0,2780.6,15.08
weak,weak,copy,packed,chunked,79,8,4,1,1024,5301600256,1,1.8961,1.8853,1.9095,2796.0,79,3,32/32/15/0/0/0/0/0,79,1,1896.76,0.57,1827.49,1896.36,2380.0,2795.1,-0.64
weak,weak,copy,packed,chunked,80,8,4,1,1024,5368709120,1,1.8931,1.8815,1.9088,2836.0,80,3,32/32/16/0/0/0/0/0,80,1,1897.56,0.84,1824.85,1896.88,2401.0,2829.3,-4.48
weak,weak,copy,packed,chunked,81,8,4,1,1024,5435817984,1,1.8971,1.8872,1.9145,2865.3,81,3,32/32/17/0/0/0/0/0,81,1,1901.56,0.77,1817.0,1900.84,2404.0,2858.6,-4.46
weak,weak,copy,packed,chunked,82,8,4,1,1024,5502926848,1,1.9082,1.8858,1.9197,2883.8,82,3,32/32/18/0/0/0/0/0,82,1,1895.84,0.68,1832.38,1895.2,2380.0,2902.6,12.4
weak,weak,copy,packed,chunked,83,8,4,1,1024,5570035712,1,1.9111,1.9057,1.9222,2914.5,83,3,32/32/19/0/0/0/0/0,83,1,1900.64,0.56,1837.42,1900.16,2400.0,2930.6,10.5
weak,weak,copy,packed,chunked,84,8,4,1,1024,5637144576,1,1.9188,1.9121,1.9363,2937.8,84,3,32/32/20/0/0/0/0/0,84,1,1913.72,0.68,1845.76,1913.12,2384.0,2945.6,5.08
weak,weak,copy,packed,chunked,85,8,4,1,1024,5704253440,1,1.9228,1.9142,1.9371,2966.6,85,3,32/32/21/0/0/0/0/0,85,1,1919.64,0.57,1844.21,1919.24,2400.0,2971.5,3.2
weak,weak,copy,packed,chunked,86,8,4,1,1024,5771362304,1,1.9235,1.9125,1.9337,3000.5,86,3,32/32/22/0/0/0/0/0,86,1,1918.28,0.8,1839.48,1917.52,2378.0,3008.6,5.18
weak,weak,copy,packed,chunked,87,8,4,1,1024,5838471168,1,1.9101,1.9016,1.9227,3056.7,87,3,32/32/23/0/0/0/0/0,87,1,1896.56,0.73,1831.48,1896.08,2394.0,3078.5,13.5
weak,weak,copy,packed,chunked,88,8,4,1,1024,5905580032,1,1.9059,1.8995,1.9179,3098.5,88,3,32/32/24/0/0/0/0/0,88,1,1898.52,0.65,1834.56,1898.12,2385.0,3110.6,7.42
weak,weak,copy,packed,chunked,89,8,4,1,1024,5972688896,1,1.9153,1.9039,1.9249,3118.5,89,3,32/32/25/0/0/0/0/0,89,1,1912.0,0.65,1839.15,1911.56,2399.0,3123.8,3.26
weak,weak,copy,packed,chunked,90,8,4,1,1024,6039797760,1,1.928,1.9087,1.938,3132.7,90,3,32/32/26/0/0/0/0/0,90,1,1921.28,0.65,1847.51,1920.8,2393.0,3143.6,6.72
weak,weak,copy,packed,chunked,91,8,4,1,1024,6106906624,1,1.9284,1.9217,1.9476,3166.8,91,3,32/32/27/0/0/0/0/0,91,1,1919.08,0.73,1853.47,1918.52,2399.0,3182.2,9.32
weak,weak,copy,packed,chunked,92,8,4,1,1024,6174015488,1,1.9371,1.9123,1.9567,3187.2,92,3,32/32/28/0/0/0/0/0,92,1,1926.76,0.61,1869.41,1926.52,2381.0,3204.4,10.34
weak,weak,copy,packed,chunked,93,8,4,1,1024,6241124352,1,1.9418,1.9079,1.9507,3214.1,93,3,32/32/29/0/0/0/0/0,93,1,1929.44,0.65,1858.39,1929.0,2400.0,3234.7,12.34
weak,weak,copy,packed,chunked,94,8,4,1,1024,6308233216,1,1.9185,1.8979,1.9432,3288.0,94,3,32/32/30/0/0/0/0/0,94,1,1938.4,0.96,1861.44,1937.48,2399.0,3254.4,-19.86
weak,weak,copy,packed,chunked,95,8,4,1,1024,6375342080,1,1.9078,1.8907,1.9402,3341.8,95,3,32/32/31/0/0/0/0/0,95,1,1898.2,0.73,1842.8,1897.6,2388.0,3358.6,9.56
weak,weak,copy,packed,chunked,96,8,4,1,1024,6442450944,1,1.9221,1.891,1.9373,3351.8,96,3,32/32/32/0/0/0/0/0,96,1,1917.08,0.8,1849.67,1916.36,2381.0,3360.6,5.02
weak,weak,copy,packed,chunked,97,8,4,1,1024,6509559808,1,1.9058,1.8837,1.9275,3415.6,97,4,32/32/32/1/0/0/0/0,97,1,1922.08,0.61,1852.31,1921.84,2400.0,3386.7,-16.26
weak,weak,copy,packed,chunked,98,8,4,1,1024,6576668672,1,1.9104,1.8954,1.9552,3442.5,98,4,32/32/32/2/0/0/0/0,98,1,1893.84,0.73,1844.11,1893.32,2381.0,3472.7,16.6
weak,weak,copy,packed,chunked,99,8,4,1,1024,6643777536,1,1.9268,1.9131,1.9547,3448.1,99,4,32/32/32/3/0/0/0/0,99,1,1922.36,0.6,1857.7,1921.92,2381.0,3456.1,4.42
weak,weak,copy,packed,chunked,100,8,4,1,1024,6710886400,1,1.9439,1.9249,1.9705,3452.2,100,4,32/32/32/4/0/0/0/0,100,1,1920.0,0.77,1856.91,1919.52,2401.0,3495.3,23.92
weak,weak,copy,packed,chunked,101,8,4,1,1024,6777995264,1,1.9231,1.897,1.9375,3524.5,101,4,32/32/32/5/0/0/0/0,101,1,1911.08,0.84,1846.48,1910.28,2380.0,3546.7,12.04
weak,weak,copy,packed,chunked,102,8,4,1,1024,6845104128,1,1.9301,1.9066,1.9436,3546.5,102,4,32/32/32/6/0/0/0/0,102,1,1927.56,0.6,1856.27,1927.04,2386.0,3551.2,2.54
weak,weak,copy,packed,chunked,103,8,4,1,1024,6912212992,1,1.9085,1.8972,1.9435,3621.9,103,4,32/32/32/7/0/0/0/0,103,1,1905.0,0.53,1854.07,1904.64,2394.0,3628.5,3.46
weak,weak,copy,packed,chunked,104,8,4,1,1024,6979321856,1,1.9052,1.8939,1.9198,3663.3,104,4,32/32/32/8/0/0/0/0,104,1,1887.48,0.56,1837.35,1886.96,2399.0,3697.7,17.74
weak,weak,copy,packed,chunked,105,8,4,1,1024,7046430720,1,1.9171,1.9045,1.9277,3675.5,105,4,32/32/32/9/0/0/0/0,105,1,1921.56,0.77,1861.0,1921.12,2405.0,3667.0,-4.42
weak,weak,copy,packed,chunked,106,8,4,1,1024,7113539584,1,1.9212,1.9003,1.9344,3702.7,106,4,32/32/32/10/0/0/0/0,106,1,1919.76,0.77,1855.62,1919.2,2391.0,3705.4,1.4
weak,weak,copy,packed,chunked,107,8,4,1,1024,7180648448,1,1.9243,1.9031,1.969,3731.5,107,4,32/32/32/11/0/0/0/0,107,1,1917.76,0.77,1855.09,1917.08,2399.0,3744.3,6.58
weak,weak,copy,packed,chunked,108,8,4,1,1024,7247757312,1,1.9214,1.9077,1.9515,3772.2,108,4,32/32/32/12/0/0/0/0,108,1,1933.92,0.65,1866.24,1933.56,2383.0,3747.7,-12.56
weak,weak,copy,packed,chunked,109,8,4,1,1024,7314866176,1,1.9178,1.9087,1.9349,3814.2,109,4,32/32/32/13/0/0/0/0,109,1,1917.48,0.81,1850.84,1916.88,2381.0,3814.8,0.32
weak,weak,copy,packed,chunked,110,8,4,1,1024,7381975040,1,1.9196,1.9058,1.9311,3845.5,110,4,32/32/32/14/0/0/0/0,110,1,1926.04,0.65,1860.55,1925.56,2387.0,3832.7,-6.42
weak,weak,copy,packed,chunked,111,8,4,1,1024,7449083904,1,1.9205,1.9031,1.9313,3878.6,111,4,32/32/32/15/0/0/0/0,111,1,1918.72,0.81,1851.74,1918.24,2391.0,3882.3,1.82
weak,weak,copy,packed,chunked,112,8,4,1,1024,7516192768,1,1.9248,1.9112,1.9488,3905.0,112,4,32/32/32/16/0/0/0/0,112,1,1918.64,0.73,1856.91,1918.16,2399.0,3917.5,6.12
weak,weak,copy,packed,chunked,113,8,4,1,1024,7583301632,1,1.9189,1.9119,1.9423,3951.9,113,4,32/32/32/17/0/0/0/0,113,1,1909.96,0.8,1848.66,1909.28,2396.0,3970.4,8.96
weak,weak,copy,packed,chunked,114,8,4,1,1024,7650410496,1,1.9243,1.9081,1.9364,3975.7,114,4,32/32/32/18/0/0/0/0,114,1,1928.36,0.65,1861.91,1927.84,2400.0,3967.3,-4.08
weak,weak,copy,packed,chunked,115,8,4,1,1024,7717519360,1,1.9284,1.919,1.9392,4002.0,115,4,32/32/32/19/0/0/0/0,115,1,1918.12,0.69,1852.42,1917.52,2388.0,4023.5,10.28
weak,weak,copy,packed,chunked,116,8,4,1,1024,7784628224,1,1.9366,1.9263,1.9533,4019.7,116,4,32/32/32/20/0/0/0/0,116,1,1920.4,0.73,1857.43,1919.84,2383.0,4053.6,16.22
weak,weak,copy,packed,chunked,117,8,4,1,1024,7851737088,1,1.928,1.918,1.9521,4072.6,117,4,32/32/32/21/0/0/0/0,117,1,1946.96,0.77,1878.02,1946.44,2401.0,4032.8,-19.0
weak,weak,copy,packed,chunked,118,8,4,1,1024,7918845952,1,1.9492,1.931,1.9684,4062.7,118,4,32/32/32/22/0/0/0/0,118,1,1955.08,0.77,1875.67,1954.52,2403.0,4050.4,-5.92
weak,weak,copy,packed,chunked,119,8,4,1,1024,7985954816,1,1.9453,1.9262,1.9956,4105.2,119,4,32/32/32/23/0/0/0/0,119,1,1946.28,0.17,1874.19,1946.12,2405.0,4103.2,-0.96
weak,weak,copy,packed,chunked,120,8,4,1,1024,8053063680,1,1.9361,1.9255,1.9642,4159.4,120,4,32/32/32/24/0/0/0/0,120,1,1929.56,0.65,1867.69,1929.16,2392.0,4173.5,6.56
weak,weak,copy,packed,chunked,121,8,4,1,1024,8120172544,1,1.9492,1.9311,1.9658,4166.0,121,4,32/32/32/25/0/0/0/0,121,1,1932.36,0.65,1868.78,1931.8,2388.0,4202.2,16.8
weak,weak,copy,packed,chunked,122,8,4,1,1024,8187281408,1,1.9419,1.921,1.9896,4216.1,122,4,32/32/32/26/0/0/0/0,122,1,1929.56,0.89,1876.09,1928.88,2399.0,4243.1,12.34
weak,weak,copy,packed,chunked,123,8,4,1,1024,8254390272,1,1.9474,1.9357,1.9784,4238.6,123,4,32/32/32/27/0/0/0/0,123,1,1945.96,0.77,1879.86,1945.44,2380.0,4241.8,1.48
weak,weak,copy,packed,chunked,124,8,4,1,1024,8321499136,1,1.9533,1.931,1.9733,4260.3,124,4,32/32/32/28/0/0/0/0,124,1,1937.32,0.73,1879.75,1936.76,2401.0,4295.4,15.96
weak,weak,copy,packed,chunked,125,8,4,1,1024,8388608000,1,1.9468,1.9413,1.9637,4308.9,125,4,32/32/32/29/0/0/0/0,125,1,1950.16,0.61,1900.67,1949.72,2389.0,4301.5,-3.36
weak,weak,copy,packed,chunked,126,8,4,1,1024,8455716864,1,1.9528,1.9437,1.9725,4330.0,126,4,32/32/32/30/0/0/0/0,126,1,1947.28,0.73,1894.71,1946.76,2402.0,4342.3,5.54
weak,weak,copy,packed,chunked,127,8,4,1,1024,8522825728,1,1.9512,1.9411,1.9678,4368.1,127,4,32/32/32/31/0/0/0/0,127,1,1942.61,0.81,1898.63,1941.84,2398.0,4387.3,8.55
weak,weak,copy,packed,chunked,128,8,4,1,1024,8589934592,1,1.9599,1.9406,1.9737,4382.8,128,4,32/32/32/32/0/0/0/0,128,1,1961.56,0.81,1916.78,1960.96,2393.0,4379.1,-1.66
weak,weak,copy,packed,chunked,129,8,4,1,1024,8657043456,1,1.96,1.9413,1.9794,4416.8,129,5,32/32/32/32/1/0/0/0,129,1,1958.17,0.73,1910.71,1957.44,2401.0,4421.0,1.85
weak,weak,copy,packed,chunked,130,8,4,1,1024,8724152320,1,1.9721,1.9571,1.9946,4423.7,130,5,32/32/32/32/2/0/0/0,130,1,1963.72,0.79,1915.99,1963.56,2389.0,4442.7,8.42
weak,weak,copy,packed,chunked,131,8,4,1,1024,8791261184,1,1.972,1.9679,2.0,4458.0,131,5,32/32/32/32/3/0/0/0,131,1,1995.08,0.79,1941.8,1994.56,2392.0,4406.5,-23.04
weak,weak,copy,packed,chunked,132,8,4,1,1024,8858370048,1,1.9858,1.9712,2.0402,4460.9,132,5,32/32/32/32/4/0/0/0,132,1,1982.81,0.79,1930.97,1982.36,2398.0,4467.6,2.97
weak,weak,copy,packed,chunked,133,8,4,1,1024,8925478912,1,1.9881,1.9753,2.0267,4489.5,133,5,32/32/32/32/5/0/0/0,133,1,1993.25,0.77,1938.5,1992.64,2384.0,4477.9,-5.19
weak,weak,copy,packed,chunked,134,8,4,1,1024,8992587776,1,1.9964,1.9873,2.0085,4504.4,134,5,32/32/32/32/6/0/0/0,134,1,1990.2,0.73,1934.17,1989.6,2389.0,4518.4,6.2
weak,weak,copy,packed,chunked,135,8,4,1,1024,9059696640,1,1.9979,1.9812,2.0321,4534.5,135,5,32/32/32/32/7/0/0/0,135,1,1976.41,0.77,1933.91,1975.64,2392.0,4583.9,21.53
weak,weak,copy,packed,chunked,136,8,4,1,1024,9126805504,1,1.9945,1.9869,2.0147,4576.1,136,5,32/32/32/32/8/0/0/0,136,1,1980.8,0.24,1928.66,1980.72,2404.0,4607.6,13.66
weak,weak,copy,packed,chunked,137,8,4,1,1024,9193914368,1,2.0106,1.9826,2.025,4572.8,137,5,32/32/32/32/9/0/0/0,137,1,2003.25,0.79,1958.75,2002.68,2398.0,4589.5,7.31
weak,weak,copy,packed,chunked,138,8,4,1,1024,9261023232,1,2.0135,2.0017,2.0406,4599.5,138,5,32/32/32/32/10/0/0/0,138,1,1995.6,0.83,1948.08,1995.4,2402.0,4640.7,17.9
weak,weak,copy,packed,chunked,139,8,4,1,1024,9328132096,1,2.0224,2.0022,2.0636,4612.3,139,5,32/32/32/32/11/0/0/0,139,1,2009.81,0.73,1958.23,2009.12,2400.0,4641.3,12.63
weak,weak,copy,packed,chunked,140,8,4,1,1024,9395240960,1,2.0325,2.0011,2.0659,4622.5,140,5,32/32/32/32/12/0/0/0,140,1,2020.04,0.79,1967.88,2019.56,2392.0,4651.0,12.48
weak,weak,copy,packed,chunked,141,8,4,1,1024,9462349824,1,2.0358,2.0147,2.0616,4647.9,141,5,32/32/32/32/13/0/0/0,141,1,2020.89,0.95,1972.65,2020.24,2400.0,4682.3,14.93
weak,weak,copy,packed,chunked,142,8,4,1,1024,9529458688,1,2.0433,2.0249,2.0748,4663.8,142,5,32/32/32/32/14/0/0/0,142,1,2069.57,0.91,2001.23,2068.96,2387.0,4604.6,-26.27
weak,weak,copy,packed,chunked,143,8,4,1,1024,9596567552,1,2.0576,2.0314,2.0993,4664.0,143,5,32/32/32/32/15/0/0/0,143,1,2026.53,0.24,1976.36,2026.36,2388.0,4735.5,31.07
weak,weak,copy,packed,chunked,144,8,4,1,1024,9663676416,1,2.0609,2.0469,2.0723,4689.1,144,5,32/32/32/32/16/0/0/0,144,1,2055.05,0.84,1995.99,2054.32,2382.0,4702.4,5.85
weak,weak,copy,packed,chunked,145,8,4,1,1024,9730785280,1,2.062,2.0491,2.091,4719.1,145,5,32/32/32/32/17/0/0/0,145,1,2057.17,0.75,2002.33,2056.56,2398.0,4730.2,4.83
weak,weak,copy,packed,chunked,146,8,4,1,1024,9797894144,1,2.0735,2.0613,2.0846,4725.3,146,5,32/32/32/32/18/0/0/0,146,1,2072.05,0.85,2013.81,2071.28,2397.0,4728.6,1.45
weak,weak,copy,packed,chunked,147,8,4,1,1024,9865003008,1,2.0866,2.0723,2.1217,4727.7,147,5,32/32/32/32/19/0/0/0,147,1,2069.78,0.25,2011.14,2069.64,2381.0,4766.2,16.86
weak,weak,copy,packed,chunked,148,8,4,1,1024,9932111872,1,2.1088,2.0861,2.1431,4709.9,148,5,32/32/32/32/20/0/0/0,148,1,2102.28,0.87,2044.03,2101.8,2397.0,4724.4,6.5
weak,weak,copy,packed,chunked,149,8,4,1,1024,9999220736,1,2.1112,2.0939,2.1382,4736.2,149,5,32/32/32/32/21/0/0/0,149,1,2098.48,0.87,2044.11,2098.08,2396.0,4765.0,12.74
weak,weak,copy,packed,chunked,150,8,4,1,1024,10066329600,1,2.1105,2.1,2.1491,4769.5,150,5,32/32/32/32/22/0/0/0,150,1,2113.61,0.88,2052.74,2113.04,2381.0,4762.6,-3.07
weak,weak,copy,packed,chunked,151,8,4,1,1024,10133438464,1,2.1296,2.1098,2.1428,4758.4,151,5,32/32/32/32/23/0/0/0,151,1,2122.96,0.73,2062.97,2122.44,2394.0,4773.3,6.62
weak,weak,copy,packed,chunked,152,8,4,1,1024,10200547328,1,2.1489,2.1238,2.1677,4746.9,152,5,32/32/32/32/24/0/0/0,152,1,2146.36,0.91,2079.69,2146.0,2397.0,4752.5,2.52
weak,weak,copy,packed,chunked,153,8,4,1,1024,10267656192,1,2.1549,2.1435,2.1735,4764.8,153,5,32/32/32/32/25/0/0/0,153,1,2168.64,0.83,2097.85,2167.96,2394.0,4734.6,-13.76
weak,weak,copy,packed,chunked,154,8,4,1,1024,10334765056,1,2.1725,2.1497,2.1939,4757.2,154,5,32/32/32/32/26/0/0/0,154,1,2158.6,0.87,2100.14,2158.24,2389.0,4787.7,13.86
weak,weak,copy,packed,chunked,155,8,4,1,1024,10401873920,1,2.1836,2.1729,2.2073,4763.5,155,5,32/32/32/32/27/0/0/0,155,1,2170.88,0.81,2105.51,2170.16,2406.0,4791.5,12.76
weak,weak,copy,packed,chunked,156,8,4,1,1024,10468982784,1,2.2144,2.1783,2.2291,4727.6,156,5,32/32/32/32/28/0/0/0,156,1,2203.12,0.79,2146.77,2202.56,2399.0,4751.9,11.32
weak,weak,copy,packed,chunked,157,8,4,1,1024,10536091648,1,2.2249,2.1986,2.2425,4735.5,157,5,32/32/32/32/29/0/0/0,157,1,2214.52,0.75,2153.46,2213.96,2399.0,4757.7,10.38
weak,weak,copy,packed,chunked,158,8,4,1,1024,10603200512,1,2.2525,2.2232,2.2675,4707.3,158,5,32/32/32/32/30/0/0/0,158,1,2246.84,0.91,2180.81,2246.36,2402.0,4719.2,5.66
weak,weak,copy,packed,chunked,159,8,4,1,1024,10670309376,1,2.2762,2.2526,2.295,4687.8,159,5,32/32/32/32/31/0/0/0,159,1,2289.96,0.91,2203.43,2289.52,2390.0,4659.6,-13.8
weak,weak,copy,packed,chunked,160,8,4,1,1024,10737418240,1,2.2826,2.2609,2.3268,4704.1,160,5,32/32/32/32/32/0/0/0,160,1,2257.28,0.95,2192.08,2256.88,2396.0,4756.8,25.3
weak,weak,copy,packed,chunked,161,8,4,1,1024,10804527104,1,2.2993,2.2891,2.3421,4699.0,161,6,32/32/32/32/32/1/0/0,161,1,2304.91,0.83,2223.11,2304.08,2390.0,4687.6,-5.57
weak,weak,copy,packed,chunked,162,8,4,1,1024,10871635968,1,2.3135,2.2973,2.3513,4699.1,162,6,32/32/32/32/32/2/0/0,162,1,2346.44,0.87,2268.05,2345.8,2380.0,4633.2,-32.9
weak,weak,copy,packed,chunked,163,8,4,1,1024,10938744832,1,2.3274,2.3131,2.36,4700.0,163,6,32/32/32/32/32/3/0/0,163,1,2332.11,0.79,2255.2,2331.44,2385.0,4690.5,-4.73
weak,weak,copy,packed,chunked,164,8,4,1,1024,11005853696,1,2.3354,2.3303,2.3534,4712.7,164,6,32/32/32/32/32/4/0/0,164,1,2338.75,0.99,2263.89,2337.84,2389.0,4705.9,-3.39
weak,weak,copy,packed,chunked,165,8,4,1,1024,11072962560,1,2.35,2.3292,2.3677,4711.9,165,6,32/32/32/32/32/5/0/0,165,1,2337.88,0.95,2267.08,2337.08,2390.0,4736.3,12.14
weak,weak,copy,packed,chunked,166,8,4,1,1024,11140071424,1,2.3605,2.3407,2.383,4719.3,166,6,32/32/32/32/32/6/0/0,166,1,2364.84,0.87,2283.56,2364.12,2388.0,4710.7,-4.32
weak,weak,copy,packed,chunked,167,8,4,1,1024,11207180288,1,2.3718,2.3513,2.3879,4725.1,167,6,32/32/32/32/32/7/0/0,167,1,2366.84,0.83,2293.94,2366.28,2393.0,4735.1,5.0
weak,weak,copy,packed,chunked,168,8,4,1,1024,11274289152,1,2.3784,2.3628,2.4125,4740.2,168,6,32/32/32/32/32/8/0/0,168,1,2396.75,0.83,2320.17,2396.08,2395.0,4704.0,-18.3
weak,weak,copy,packed,chunked,169,8,4,1,1024,11341398016,1,2.3946,2.3778,2.4287,4736.3,169,6,32/32/32/32/32/9/0/0,169,1,2380.76,0.87,2300.13,2380.36,2396.0,4763.8,13.8
weak,weak,copy,packed,chunked,170,8,4,1,1024,11408506880,1,2.4119,2.387,2.4274,4730.1,170,6,32/32/32/32/32/10/0/0,170,1,2410.95,0.91,2337.6,2410.04,2394.0,4732.0,0.94
weak,weak,copy,packed,chunked,171,8,4,1,1024,11475615744,1,2.4141,2.4043,2.4439,4753.6,171,6,32/32/32/32/32/11/0/0,171,1,2416.11,0.91,2339.47,2415.36,2399.0,4749.6,-2.03
weak,weak,copy,packed,chunked,172,8,4,1,1024,11542724608,1,2.4411,2.4284,2.4605,4728.4,172,6,32/32/32/32/32/12/0/0,172,1,2437.63,0.85,2362.88,2436.88,2401.0,4735.2,3.5
weak,weak,copy,packed,chunked,173,8,4,1,1024,11609833472,1,2.4319,2.4293,2.4585,4774.0,173,6,32/32/32/32/32/13/0/0,173,1,2436.03,0.83,2366.3,2435.36,2404.0,4765.9,-4.16
weak,weak,copy,packed,chunked,174,8,4,1,1024,11676942336,1,2.4521,2.4334,2.475,4762.0,174,6,32/32/32/32/32/14/0/0,174,1,2457.63,0.83,2383.19,2456.92,2392.0,4751.3,-5.5
weak,weak,copy,packed,chunked,175,8,4,1,1024,11744051200,1,2.4673,2.4501,2.4998,4759.9,175,6,32/32/32/32/32/15/0/0,175,1,2465.19,0.91,2391.52,2464.44,2400.0,4764.0,2.1
weak,weak,copy,packed,chunked,176,8,4,1,1024,11811160064,1,2.4852,2.4654,2.494,4752.5,176,6,32/32/32/32/32/16/0/0,176,1,2481.03,0.87,2402.99,2480.52,2404.0,4760.6,4.2
weak,weak,copy,packed,chunked,177,8,4,1,1024,11878268928,1,2.4888,2.4813,2.5029,4772.6,177,6,32/32/32/32/32/17/0/0,177,1,2491.79,0.95,2415.54,2490.96,2396.0,4767.0,-2.94
weak,weak,copy,packed,chunked,178,8,4,1,1024,11945377792,1,2.5056,2.4847,2.5291,4767.5,178,6,32/32/32/32/32/18/0/0,178,1,2522.51,0.83,2443.01,2521.68,2385.0,4735.5,-16.9
weak,weak,copy,packed,chunked,179,8,4,1,1024,12012486656,1,2.5122,2.4889,2.5241,4781.6,179,6,32/32/32/32/32/19/0/0,179,1,2483.91,0.79,2409.68,2483.12,2396.0,4836.1,28.3
weak,weak,copy,packed,chunked,180,8,4,1,1024,12079595520,1,2.5203,2.5078,2.5603,4792.9,180,6,32/32/32/32/32/20/0/0,180,1,2516.63,0.91,2444.08,2515.84,2399.0,4799.9,3.7
weak,weak,copy,packed,chunked,181,8,4,1,1024,12146704384,1,2.5358,2.5197,2.5616,4790.2,181,6,32/32/32/32/32/21/0/0,181,1,2545.79,0.95,2469.82,2544.92,2397.0,4771.3,-10.02
weak,weak,copy,packed,chunked,182,8,4,1,1024,12213813248,1,2.5611,2.5314,2.5708,4768.9,182,6,32/32/32/32/32/22/0/0,182,1,2549.63,0.91,2482.69,2548.72,2393.0,4790.4,11.5
weak,weak,copy,packed,chunked,183,8,4,1,1024,12280922112,1,2.5744,2.5412,2.5936,4770.4,183,6,32/32/32/32/32/23/0/0,183,1,2571.51,0.87,2503.43,2570.72,2392.0,4775.8,2.88
weak,weak,copy,packed,chunked,184,8,4,1,1024,12348030976,1,2.575,2.5551,2.5954,4795.4,184,6,32/32/32/32/32/24/0/0,184,1,2584.55,0.79,2513.19,2583.8,2399.0,4777.6,-9.56
weak,weak,copy,packed,chunked,185,8,4,1,1024,12415139840,1,2.5954,2.5712,2.6307,4783.4,185,6,32/32/32/32/32/25/0/0,185,1,2589.91,0.83,2526.03,2589.2,2396.0,4793.7,5.54
weak,weak,copy,packed,chunked,186,8,4,1,1024,12482248704,1,2.6109,2.5923,2.6315,4780.7,186,6,32/32/32/32/32/26/0/0,186,1,2606.95,0.87,2533.69,2606.16,2389.0,4788.1,4.0
weak,weak,copy,packed,chunked,187,8,4,1,1024,12549357568,1,2.6217,2.5878,2.6588,4786.8,187,6,32/32/32/32/32/27/0/0,187,1,2619.59,0.87,2548.64,2618.8,2385.0,4790.6,2.08
weak,weak,copy,packed,chunked,188,8,4,1,1024,12616466432,1,2.6427,2.6059,2.6642,4774.0,188,6,32/32/32/32/32/28/0/0,188,1,2624.83,0.91,2562.71,2624.04,2393.0,4806.6,17.92
weak,weak,copy,packed,chunked,189,8,4,1,1024,12683575296,1,2.6567,2.634,2.6654,4774.2,189,6,32/32/32/32/32/29/0/0,189,1,2658.27,0.83,2584.37,2657.52,2375.0,4771.4,-1.56
weak,weak,copy,packed,chunked,190,8,4,1,1024,12750684160,1,2.6697,2.6397,2.6889,4776.1,190,6,32/32/32/32/32/30/0/0,190,1,2684.43,0.96,2604.29,2683.56,2390.0,4749.9,-14.74
weak,weak,copy,packed,chunked,191,8,4,1,1024,12817793024,1,2.6909,2.6654,2.7103,4763.3,191,6,32/32/32/32/32/31/0/0,191,1,2687.91,0.91,2612.09,2687.24,2397.0,4768.7,3.02
weak,weak,copy,packed,chunked,192,8,4,1,1024,12884901888,1,2.7096,2.6933,2.7351,4755.2,192,6,32/32/32/32/32/32/0/0,192,1,2701.15,0.95,2596.15,2700.4,2392.0,4770.2,8.5
weak,weak,copy,packed,chunked,193,8,4,1,1024,12952010752,1,2.7134,2.6926,2.7366,4773.3,193,7,32/32/32/32/32/32/1/0,193,1,2687.19,0.99,2590.76,2686.52,2383.0,4819.9,26.26
weak,weak,copy,packed,chunked,194,8,4,1,1024,13019119616,1,2.7302,2.6989,2.7467,4768.5,194,7,32/32/32/32/32/32/2/0,194,1,2726.95,0.83,2623.42,2726.4,2392.0,4774.2,3.26
weak,weak,copy,packed,chunked,195,8,4,1,1024,13086228480,1,2.7386,2.7133,2.7715,4778.5,195,7,32/32/32/32/32/32/3/0,195,1,2746.71,0.87,2624.93,2745.84,2396.0,4764.3,-8.12
weak,weak,copy,packed,chunked,196,8,4,1,1024,13153337344,1,2.7677,2.7229,2.8023,4752.4,196,7,32/32/32/32/32/32/4/0,196,1,2774.39,0.87,2660.15,2773.6,2391.0,4741.0,-6.66
weak,weak,copy,packed,chunked,197,8,4,1,1024,13220446208,1,2.7628,2.7455,2.7934,4785.2,197,7,32/32/32/32/32/32/5/0,197,1,2750.79,0.95,2641.7,2750.2,2388.0,4806.1,12.0
weak,weak,copy,packed,chunked,198,8,4,1,1024,13287555072,1,2.7774,2.7619,2.7999,4784.2,198,7,32/32/32/32/32/32/6/0,198,1,2778.67,0.95,2669.76,2777.88,2381.0,4782.0,-1.26
weak,weak,copy,packed,chunked,199,8,4,1,1024,13354663936,1,2.7992,2.7883,2.8271,4770.9,199,7,32/32/32/32/32/32/7/0,199,1,2821.79,0.95,2716.01,2821.16,2388.0,4732.7,-22.62
weak,weak,copy,packed,chunked,200,8,4,1,1024,13421772800,1,2.8161,2.8025,2.8397,4766.1,200,7,32/32/32/32/32/32/8/0,200,1,2818.31,0.83,2712.26,2817.76,2391.0,4762.3,-2.24
weak,weak,copy,packed,chunked,201,8,4,1,1024,13488881664,1,2.8276,2.8213,2.8455,4770.5,201,7,32/32/32/32/32/32/9/0,201,1,2816.31,0.87,2708.59,2815.56,2388.0,4789.6,11.26
weak,weak,copy,packed,chunked,202,8,4,1,1024,13555990528,1,2.8668,2.8198,2.8939,4728.6,202,7,32/32/32/32/32/32/10/0,202,1,2868.19,0.93,2764.11,2867.44,2393.0,4726.3,-1.4
weak,weak,copy,packed,chunked,203,8,4,1,1024,13623099392,1,2.8763,2.8588,2.901,4736.3,203,7,32/32/32/32/32/32/11/0,203,1,2895.87,0.95,2788.18,2894.96,2395.0,4704.3,-19.58
weak,weak,copy,packed,chunked,204,8,4,1,1024,13690208256,1,2.8824,2.8484,2.9025,4749.6,204,7,32/32/32/32/32/32/12/0,204,1,2863.07,0.95,2740.73,2862.36,2391.0,4781.7,19.32
weak,weak,copy,packed,chunked,205,8,4,1,1024,13757317120,1,2.9106,2.8938,2.9274,4726.6,205,7,32/32/32/32/32/32/13/0,205,1,2911.83,0.83,2813.73,2911.24,2392.0,4724.6,-1.22
weak,weak,copy,packed,chunked,206,8,4,1,1024,13824425984,1,2.9234,2.906,2.9919,4728.8,206,7,32/32/32/32/32/32/14/0,206,1,2915.47,0.87,2804.48,2914.84,2390.0,4741.7,7.96
weak,weak,copy,packed,chunked,207,8,4,1,1024,13891534848,1,2.9398,2.9126,2.9782,4725.3,207,7,32/32/32/32/32/32/15/0,207,1,2972.94,0.86,2879.14,2972.32,2390.0,4672.7,-33.13
weak,weak,copy,packed,chunked,208,8,4,1,1024,13958643712,1,2.938,2.9164,2.9706,4751.1,208,7,32/32/32/32/32/32/16/0,208,1,2933.71,0.91,2821.22,2932.96,2388.0,4758.0,4.24
weak,weak,copy,packed,chunked,209,8,4,1,1024,14025752576,1,2.97,2.9249,3.0208,4722.4,209,7,32/32/32/32/32/32/17/0,209,1,2934.83,0.95,2832.3,2934.2,2395.0,4779.1,35.2
weak,weak,copy,packed,chunked,210,8,4,1,1024,14092861440,1,2.9695,2.9386,2.9964,4745.8,210,7,32/32/32/32/32/32/18/0,210,1,2962.48,0.98,2842.92,2962.36,2390.0,4757.1,7.05
weak,weak,copy,packed,chunked,211,8,4,1,1024,14159970304,1,3.007,2.975,3.0787,4709.0,211,7,32/32/32/32/32/32/19/0,211,1,3004.47,0.81,2888.28,3003.88,2399.0,4713.0,2.54
weak,weak,copy,packed,chunked,212,8,4,1,1024,14227079168,1,3.0181,2.978,3.0484,4714.0,212,7,32/32/32/32/32/32/20/0,212,1,3033.11,0.79,2905.22,3032.6,2393.0,4690.6,-15.06
weak,weak,copy,packed,chunked,213,8,4,1,1024,14294188032,1,3.0388,2.961,3.0855,4703.9,213,7,32/32/32/32/32/32/21/0,213,1,3042.84,0.79,2932.14,3042.72,2393.0,4697.6,-4.07
weak,weak,copy,packed,chunked,214,8,4,1,1024,14361296896,1,3.0547,3.0158,3.0905,4701.3,214,7,32/32/32/32/32/32/22/0,214,1,3043.59,0.91,2930.53,3042.96,2394.0,4718.5,11.14
weak,weak,copy,packed,chunked,215,8,4,1,1024,14428405760,1,3.0646,3.0438,3.12,4708.1,215,7,32/32/32/32/32/32/23/0,215,1,3043.23,0.95,2935.75,3042.36,2391.0,4741.1,21.38
weak,weak,copy,packed,chunked,216,8,4,1,1024,14495514624,1,3.0721,3.0364,3.103,4718.4,216,7,32/32/32/32/32/32/24/0,216,1,3058.31,0.81,2945.44,3057.72,2391.0,4739.7,13.8
weak,weak,copy,packed,chunked,217,8,4,1,1024,14562623488,1,3.0968,3.065,3.1444,4702.5,217,7,32/32/32/32/32/32/25/0,217,1,3059.91,0.83,2947.22,3059.32,2391.0,4759.2,36.86
weak,weak,copy,packed,chunked,218,8,4,1,1024,14629732352,1,3.1032,3.086,3.1422,4714.4,218,7,32/32/32/32/32/32/26/0,218,1,3080.87,0.75,2965.28,3080.2,2394.0,4748.6,22.32
weak,weak,copy,packed,chunked,219,8,4,1,1024,14696841216,1,3.1187,3.0868,3.1693,4712.5,219,7,32/32/32/32/32/32/27/0,219,1,3108.36,1.03,2986.4,3108.28,2396.0,4728.2,10.33
weak,weak,copy,packed,chunked,220,8,4,1,1024,14763950080,1,3.1266,3.0678,3.143,4722.1,220,7,32/32/32/32/32/32/28/0,220,1,3118.84,0.91,3005.05,3118.72,2394.0,4733.8,7.75
weak,weak,copy,packed,chunked,221,8,4,1,1024,14831058944,1,3.1312,3.0942,3.1656,4736.6,221,7,32/32/32/32/32/32/29/0,221,1,3160.44,0.93,3025.51,3160.44,2391.0,4692.7,-29.29
weak,weak,copy,packed,chunked,222,8,4,1,1024,14898167808,1,3.1287,3.1058,3.1624,4761.8,222,7,32/32/32/32/32/32/30/0,222,1,3124.2,0.83,3013.71,3124.04,2395.0,4768.6,4.45
weak,weak,copy,packed,chunked,223,8,4,1,1024,14965276672,1,3.1471,3.0847,3.1659,4755.2,223,7,32/32/32/32/32/32/31/0,223,1,3146.76,0.83,3030.83,3146.68,2396.0,4755.8,0.37
weak,weak,copy,packed,chunked,224,8,4,1,1024,15032385536,1,3.1257,3.088,3.1587,4809.4,224,7,32/32/32/32/32/32/32/0,224,1,3127.44,0.87,3007.59,3127.28,2395.0,4806.6,-1.79
weak,weak,copy,packed,chunked,225,8,4,1,1024,15099494400,1,3.1342,3.0897,3.1611,4817.6,225,8,32/32/32/32/32/32/32/1,225,1,3155.98,0.94,3048.35,3155.92,2391.0,4784.4,-21.75
weak,weak,copy,packed,chunked,226,8,4,1,1024,15166603264,1,3.1565,3.1151,3.1817,4805.0,226,8,32/32/32/32/32/32/32/2,226,1,3137.4,0.83,3021.09,3137.28,2390.0,4834.1,19.05
weak,weak,copy,packed,chunked,227,8,4,1,1024,15233712128,1,3.1593,3.123,3.1895,4821.9,227,8,32/32/32/32/32/32/32/3,227,1,3184.4,0.99,3043.1,3184.28,2390.0,4783.9,-25.13
weak,weak,copy,packed,chunked,228,8,4,1,1024,15300820992,1,3.186,3.1486,3.21,4802.5,228,8,32/32/32/32/32/32/32/4,228,1,3144.03,0.96,3024.71,3143.2,2396.0,4866.6,42.0
weak,weak,copy,packed,chunked,229,8,4,1,1024,15367929856,1,3.1849,3.1424,3.2374,4825.3,229,8,32/32/32/32/32/32/32/5,229,1,3175.24,0.83,3049.49,3175.2,2388.0,4839.9,9.63
weak,weak,copy,packed,chunked,230,8,4,1,1024,15435038720,1,3.2001,3.1612,3.2756,4823.4,230,8,32/32/32/32/32/32/32/6,230,1,3195.13,1.0,3045.33,3195.0,2388.0,4830.8,4.92
weak,weak,copy,packed,chunked,231,8,4,1,1024,15502147584,1,3.2073,3.1896,3.2702,4833.4,231,8,32/32/32/32/32/32/32/7,231,1,3184.6,0.91,3049.75,3184.48,2388.0,4867.8,22.69
weak,weak,copy,packed,chunked,232,8,4,1,1024,15569256448,1,3.2261,3.1991,3.271,4826.1,232,8,32/32/32/32/32/32/32/8,232,1,3235.28,0.95,3064.22,3235.28,2390.0,4812.3,-9.23
weak,weak,copy,packed,chunked,233,8,4,1,1024,15636365312,1,3.2438,3.2042,3.2949,4820.5,233,8,32/32/32/32/32/32/32/9,233,1,3223.84,0.87,3049.57,3223.76,2388.0,4850.2,19.91
weak,weak,copy,packed,chunked,234,8,4,1,1024,15703474176,1,3.2558,3.2032,3.2809,4823.3,234,8,32/32/32/32/32/32/32/10,234,1,3260.0,0.83,3104.94,3259.84,2395.0,4817.0,-4.23
weak,weak,copy,packed,chunked,235,8,4,1,1024,15770583040,1,3.2653,3.225,3.2947,4829.8,235,8,32/32/32/32/32/32/32/11,235,1,3261.04,0.79,3077.53,3261.0,2394.0,4836.1,4.25
weak,weak,copy,packed,chunked,236,8,4,1,1024,15837691904,1,3.2796,3.2225,3.316,4829.2,236,8,32/32/32/32/32/32/32/12,236,1,3310.76,0.83,3104.59,3310.72,2393.0,4783.7,-31.19
weak,weak,copy,packed,chunked,237,8,4,1,1024,15904800768,1,3.2802,3.2485,3.3282,4848.8,237,8,32/32/32/32/32/32/32/13,237,1,3270.68,0.87,3091.33,3270.64,2397.0,4862.8,9.49
weak,weak,copy,packed,chunked,238,8,4,1,1024,15971909632,1,3.2931,3.262,3.316,4850.1,238,8,32/32/32/32/32/32/32/14,238,1,3288.39,0.98,3124.65,3288.28,2398.0,4857.1,4.72
weak,weak,copy,packed,chunked,239,8,4,1,1024,16039018496,1,3.3069,3.2843,3.3376,4850.1,239,8,32/32/32/32/32/32/32/15,239,1,3311.32,0.83,3131.15,3311.32,2388.0,4843.7,-4.41
weak,weak,copy,packed,chunked,240,8,4,1,1024,16106127360,1,3.3183,3.3024,3.3657,4853.7,240,8,32/32/32/32/32/32/32/16,240,1,3346.72,0.79,3154.58,3346.56,2390.0,4812.5,-28.4
weak,weak,copy,packed,chunked,241,8,4,1,1024,16173236224,1,3.3434,3.2887,3.3558,4837.4,241,8,32/32/32/32/32/32/32/17,241,1,3336.48,0.83,3155.71,3336.48,2399.0,4847.4,6.87
weak,weak,copy,packed,chunked,242,8,4,1,1024,16240345088,1,3.3406,3.3112,3.3741,4861.5,242,8,32/32/32/32/32/32/32/18,242,1,3312.56,0.95,3148.49,3312.44,2392.0,4902.7,28.07
weak,weak,copy,packed,chunked,243,8,4,1,1024,16307453952,1,3.3438,3.3232,3.3579,4876.9,243,8,32/32/32/32/32/32/32/19,243,1,3335.04,0.91,3166.01,3334.92,2387.0,4889.7,8.77
weak,weak,copy,packed,chunked,244,8,4,1,1024,16374562816,1,3.385,3.3402,3.4071,4837.4,244,8,32/32/32/32/32/32/32/20,244,1,3402.24,0.83,3183.62,3402.12,2394.0,4812.9,-17.25
weak,weak,copy,packed,chunked,245,8,4,1,1024,16441671680,1,3.3713,3.34,3.4446,4876.9,245,8,32/32/32/32/32/32/32/21,245,1,3335.2,0.87,3172.1,3335.08,2394.0,4929.7,36.14
weak,weak,copy,packed,chunked,246,8,4,1,1024,16508780544,1,3.3652,3.3539,3.4646,4905.7,246,8,32/32/32/32/32/32/32/22,246,1,3371.28,0.79,3206.33,3371.16,2392.0,4896.9,-6.08
weak,weak,copy,packed,chunked,247,8,4,1,1024,16575889408,1,3.3918,3.3394,3.4483,4887.0,247,8,32/32/32/32/32/32/32/23,247,1,3387.56,0.93,3229.02,3387.44,2390.0,4893.2,4.28
weak,weak,copy,packed,chunked,248,8,4,1,1024,16642998272,1,3.4145,3.3414,3.4566,4874.3,248,8,32/32/32/32/32/32/32/24,248,1,3417.12,0.89,3226.85,3417.12,2395.0,4870.5,-2.66
weak,weak,copy,packed,chunked,249,8,4,1,1024,16710107136,1,3.4245,3.3745,3.4881,4879.6,249,8,32/32/32/32/32/32/32/25,249,1,3420.88,0.97,3257.75,3420.84,2394.0,4884.7,3.62
weak,weak,copy,packed,chunked,250,8,4,1,1024,16777216000,1,3.4413,3.3675,3.4873,4875.3,250,8,32/32/32/32/32/32/32/26,250,1,3428.88,0.79,3264.95,3428.8,2399.0,4892.9,12.38
weak,weak,copy,packed,chunked,251,8,4,1,1024,16844324864,1,3.466,3.3831,3.5012,4859.8,251,8,32/32/32/32/32/32/32/27,251,1,3433.63,0.87,3281.24,3432.96,2393.0,4905.7,32.41
weak,weak,copy,packed,chunked,252,8,4,1,1024,16911433728,1,3.4774,3.4239,3.5216,4863.2,252,8,32/32/32/32/32/32/32/28,252,1,3459.88,0.89,3304.1,3459.8,2391.0,4887.9,17.52
weak,weak,copy,packed,chunked,253,8,4,1,1024,16978542592,1,3.4405,3.4065,3.5072,4934.9,253,8,32/32/32/32/32/32/32/29,253,1,3414.76,0.95,3280.99,3414.64,2390.0,4972.1,25.72
weak,weak,copy,packed,chunked,254,8,4,1,1024,17045651456,1,3.4259,3.3639,3.482,4975.5,254,8,32/32/32/32/32/32/32/30,254,1,3425.59,0.87,3284.92,3424.8,2393.0,4976.0,0.31
weak,weak,copy,packed,chunked,255,8,4,1,1024,17112760320,1,3.398,3.3651,3.4529,5036.1,255,8,32/32/32/32/32/32/32/31,255,1,3447.96,0.75,3322.19,3447.96,2399.0,4963.2,-49.94
weak,weak,copy,packed,chunked,256,8,4,1,1024,17179869184,1,3.3986,3.3611,3.4516,5055.0,256,8,32/32/32/32/32/32/32/32,256,1,3446.65,0.85,3321.55,3446.12,2390.0,4984.5,-48.09
weak_plain,weak,read,rr,chunked,1,8,4,1,1024,33554432,1,0.5578,0.554,0.5648,60.2,1,1,1/0/0/0/0/0/0/0,1,1,551.16,0.0,551.16,551.16,2394.0,60.9,6.65
weak_plain,weak,read,rr,chunked,8,8,4,1,1024,268435456,1,0.5629,0.558,0.5676,476.9,8,8,1/1/1/1/1/1/1/1,8,1,553.41,0.53,542.13,552.88,2407.0,485.1,9.52
weak_plain,weak,read,rr,chunked,32,8,4,1,1024,1073741824,1,0.5904,0.5864,0.595,1818.6,32,8,4/4/4/4/4/4/4/4,32,1,589.59,0.75,573.1,588.84,2401.0,1821.2,0.82
weak_plain,weak,read,rr,chunked,64,8,4,1,1024,2147483648,1,0.6348,0.6296,0.6451,3383.1,64,8,8/8/8/8/8/8/8/8,64,1,625.68,0.75,610.3,625.4,2393.0,3432.2,9.09
weak_plain,weak,read,rr,chunked,128,8,4,1,1024,4294967296,1,0.7827,0.7726,0.7972,5487.0,128,8,16/16/16/16/16/16/16/16,128,1,781.97,0.81,757.08,781.4,2397.0,5492.5,0.78
weak_plain,weak,read,rr,chunked,256,8,4,1,1024,8589934592,1,1.5122,1.4876,1.5986,5680.3,256,8,32/32/32/32/32/32/32/32,256,1,1502.77,0.83,1406.82,1502.16,2388.0,5716.1,9.47
strong,strong,read,rr,chunked,1,8,4,1,65536,2147483648,1,35.1934,35.0483,35.2383,61.0,1,1,1/0/0/0/0/0/0/0,1,1,35198.76,0.0,35198.76,35198.76,2397.0,61.0,-5.37
strong,strong,read,rr,chunked,2,8,4,1,32768,2147483648,1,17.665,17.5387,17.7058,121.6,2,2,1/1/0/0/0/0/0/0,2,1,17683.48,0.24,17348.18,17683.24,2397.0,121.4,-18.48
strong,strong,read,rr,chunked,3,8,4,1,21845,2147450880,1,11.8191,11.7813,11.8481,181.7,3,3,1/1/1/0/0/0/0/0,3,1,11805.76,0.49,11643.19,11805.4,2401.0,181.9,13.32
strong,strong,read,rr,chunked,4,8,4,1,16384,2147483648,1,8.8383,8.7895,8.881,243.0,4,4,1/1/1/1/0/0/0/0,4,1,8794.01,0.53,8591.05,8793.48,2399.0,244.2,44.3
strong,strong,read,rr,chunked,5,8,4,1,13107,2147450880,1,7.0902,7.056,7.1313,302.9,5,5,1/1/1/1/1/0/0/0,5,1,7052.07,0.59,6910.62,7051.48,2397.0,304.5,38.16
strong,strong,read,rr,chunked,6,8,4,1,10922,2147352576,1,5.9248,5.9001,5.9447,362.4,6,6,1/1/1/1/1/1/0/0,6,1,5920.69,0.13,5807.13,5920.56,2396.0,362.7,4.07
strong,strong,read,rr,chunked,7,8,4,1,9362,2147418112,1,5.0854,5.0617,5.1008,422.3,7,7,1/1/1/1/1/1/1/0,7,1,5057.58,0.86,4975.19,5056.72,2398.0,424.6,27.85
strong,strong,read,rr,chunked,8,8,4,1,8192,2147483648,1,4.4453,4.4365,4.4549,483.1,8,8,1/1/1/1/1/1/1/1,8,1,4436.45,0.71,4343.16,4436.04,2397.0,484.1,8.9
strong,strong,read,rr,chunked,9,8,4,1,7281,2147254272,1,3.9693,3.9508,3.9772,541.0,9,8,2/1/1/1/1/1/1/1,9,1,3947.04,0.71,3875.23,3946.56,2400.0,544.0,22.22
strong,strong,read,rr,chunked,10,8,4,1,6553,2147287040,1,3.5782,3.5678,3.5832,600.1,10,8,2/2/1/1/1/1/1/1,10,1,3563.93,0.63,3491.31,3563.4,2397.0,602.5,14.31
strong,strong,read,rr,chunked,11,8,4,1,5957,2147188736,1,3.2566,3.242,3.2784,659.3,11,8,2/2/2/1/1/1/1/1,11,1,3241.41,0.63,3173.98,3240.8,2398.0,662.4,15.22
strong,strong,read,rr,chunked,12,8,4,1,5461,2147352576,1,2.9904,2.9711,3.0018,718.1,12,8,2/2/2/2/1/1/1/1,12,1,2991.03,0.75,2925.62,2990.28,2396.0,717.9,-0.6
strong,strong,read,rr,chunked,13,8,4,1,5041,2147385344,1,2.7596,2.7524,2.7754,778.1,13,8,2/2/2/2/2/1/1/1,13,1,2763.16,0.79,2702.37,2762.68,2402.0,777.1,-3.55
strong,strong,read,rr,chunked,14,8,4,1,4681,2147418112,1,2.5706,2.5618,2.5836,835.4,14,8,2/2/2/2/2/2/1/1,14,1,2563.7,0.86,2500.4,2563.6,2399.0,837.6,6.91
strong,strong,read,rr,chunked,15,8,4,1,4369,2147450880,1,2.4102,2.4007,2.4216,891.0,15,8,2/2/2/2/2/2/2/1,15,1,2404.4,0.79,2356.05,2404.04,2405.0,893.1,5.83
strong,strong,read,rr,chunked,16,8,4,1,4096,2147483648,1,2.2819,2.2711,2.2974,941.1,16,8,2/2/2/2/2/2/2/2,16,1,2274.33,0.75,2225.46,2273.88,2400.0,944.2,7.55
strong,strong,read,rr,chunked,17,8,4,1,3855,2147450880,1,2.127,2.1217,2.1373,1009.6,17,8,3/2/2/2/2/2/2/2,17,1,2123.93,0.71,2081.87,2123.32,2402.0,1011.1,3.11
strong,strong,read,rr,chunked,18,8,4,1,3640,2146959360,1,2.0135,2.0059,2.0238,1066.3,18,8,3/3/2/2/2/2/2/2,18,1,2014.25,0.75,1967.68,2013.8,2402.0,1065.9,-0.77
strong,strong,read,rr,chunked,19,8,4,1,3449,2147319808,1,1.9113,1.9067,1.9261,1123.5,19,8,3/3/3/2/2/2/2/2,19,1,1906.9,0.86,1864.18,1906.08,2400.0,1126.1,4.44
strong,strong,read,rr,chunked,20,8,4,1,3276,2146959360,1,1.8227,1.8164,1.8303,1177.9,20,8,3/3/3/3/2/2/2/2,20,1,1826.21,0.75,1779.37,1825.76,2396.0,1175.6,-3.53
strong,strong,read,rr,chunked,21,8,4,1,3120,2146959360,1,1.7348,1.7313,1.7403,1237.6,21,8,3/3/3/3/3/2/2/2,21,1,1729.07,0.75,1697.05,1728.32,2399.0,1241.7,5.75
strong,strong,read,rr,chunked,22,8,4,1,2978,2146828288,1,1.6626,1.6554,1.6662,1291.2,22,8,3/3/3/3/3/3/2/2,22,1,1652.96,0.67,1615.56,1652.44,2406.0,1298.8,9.64
strong,strong,read,rr,chunked,23,8,4,1,2849,2147188736,1,1.5933,1.5883,1.6012,1347.6,23,8,3/3/3/3/3/3/3/2,23,1,1587.99,0.75,1551.69,1587.32,2396.0,1352.1,5.33
strong,strong,read,rr,chunked,24,8,4,1,2730,2146959360,1,1.5366,1.53,1.5461,1397.2,24,8,3/3/3/3/3/3/3/3,24,1,1542.16,0.81,1504.76,1541.8,2400.0,1392.2,-5.58
strong,strong,read,rr,chunked,25,8,4,1,2621,2147123200,1,1.4777,1.4665,1.4821,1453.0,25,8,4/3/3/3/3/3/3/3,25,1,1474.21,0.8,1439.4,1473.72,2405.0,1456.5,3.53
strong,strong,read,rr,chunked,26,8,4,1,2520,2146959360,1,1.4208,1.4162,1.4279,1511.1,26,8,4/4/3/3/3/3/3/3,26,1,1423.92,0.75,1387.36,1423.6,2408.0,1507.8,-3.16
strong,strong,read,rr,chunked,27,8,4,1,2427,2147254272,1,1.3721,1.3637,1.3763,1565.0,27,8,4/4/4/3/3/3/3/3,27,1,1372.25,0.59,1339.93,1371.76,2404.0,1564.8,-0.2
strong,strong,read,rr,chunked,28,8,4,1,2340,2146959360,1,1.326,1.3128,1.3305,1619.1,28,8,4/4/4/4/3/3/3/3,28,1,1309.17,0.73,1280.85,1308.48,2408.0,1639.9,16.82
strong,strong,read,rr,chunked,29,8,4,1,2259,2146664448,1,1.2797,1.2748,1.2855,1677.5,29,8,4/4/4/4/4/3/3/3,29,1,1275.21,0.63,1247.73,1274.68,2396.0,1683.4,4.5
strong,strong,read,rr,chunked,30,8,4,1,2184,2146959360,1,1.2422,1.2373,1.2554,1728.4,30,8,4/4/4/4/4/4/3/3,30,1,1238.65,0.87,1213.96,1238.2,2396.0,1733.3,3.54
strong,strong,read,rr,chunked,31,8,4,1,2114,2147418112,1,1.2012,1.1954,1.2051,1787.7,31,8,4/4/4/4/4/4/4/3,31,1,1195.77,0.79,1170.65,1195.04,2408.0,1795.8,5.44
strong,strong,read,rr,chunked,32,8,4,1,2048,2147483648,1,1.18,1.1698,1.1859,1819.9,32,8,4/4/4/4/4/4/4/4,32,1,1169.49,0.77,1142.83,1168.8,2409.0,1836.3,10.48
strong,strong,read,rr,chunked,33,8,4,1,1985,2146467840,1,1.1323,1.1253,1.1386,1895.7,33,8,5/4/4/4/4/4/4/4,33,1,1132.09,0.75,1105.08,1131.52,2403.0,1896.0,0.22
strong,strong,read,rr,chunked,34,8,4,1,1927,2146893824,1,1.1062,1.0999,1.1112,1940.8,34,8,5/5/4/4/4/4/4/4,34,1,1104.04,0.67,1078.08,1103.56,2395.0,1944.6,2.13
strong,strong,read,rr,chunked,35,8,4,1,1872,2146959360,1,1.0779,1.0687,1.0827,1991.9,35,8,5/5/5/4/4/4/4/4,35,1,1064.57,0.79,1043.69,1064.28,2399.0,2016.7,13.3
strong,strong,read,rr,chunked,36,8,4,1,1820,2146959360,1,1.052,1.0453,1.0573,2040.8,36,8,5/5/5/5/4/4/4/4,36,1,1041.52,0.83,1019.71,1041.0,2393.0,2061.4,10.51
strong,strong,read,rr,chunked,37,8,4,1,1771,2147188736,1,1.0277,1.0215,1.0342,2089.3,37,8,5/5/5/5/5/4/4/4,37,1,1026.47,0.79,997.66,1025.68,2403.0,2091.8,1.26
strong,strong,read,rr,chunked,38,8,4,1,1724,2146697216,1,1.0018,0.9958,1.0083,2142.9,38,8,5/5/5/5/5/5/4/4,38,1,1002.91,0.67,977.37,1002.28,2412.0,2140.5,-1.14
strong,strong,read,rr,chunked,39,8,4,1,1680,2146959360,1,0.9797,0.9762,0.983,2191.5,39,8,5/5/5/5/5/5/5/4,39,1,973.45,0.67,948.04,972.84,2395.0,2205.5,6.22
strong,strong,read,rr,chunked,40,8,4,1,1638,2146959360,1,0.9609,0.9531,0.9649,2234.2,40,8,5/5/5/5/5/5/5/5,40,1,958.95,0.75,934.81,958.24,2399.0,2238.9,2.0
strong,strong,read,rr,chunked,41,8,4,1,1598,2146893824,1,0.9361,0.9327,0.9458,2293.4,41,8,6/5/5/5/5/5/5/5,41,1,932.32,0.9,905.68,932.28,2403.0,2302.7,3.81
strong,strong,read,rr,chunked,42,8,4,1,1560,2146959360,1,0.9117,0.9056,0.922,2354.9,42,8,6/6/5/5/5/5/5/5,42,1,906.09,0.79,882.97,905.68,2403.0,2369.5,5.6
strong,strong,read,rr,chunked,43,8,4,1,1524,2147352576,1,0.8977,0.8926,0.9014,2392.0,43,8,6/6/6/5/5/5/5/5,43,1,893.39,0.91,872.98,892.48,2408.0,2403.6,4.34
strong,strong,read,rr,chunked,44,8,4,1,1489,2146828288,1,0.8759,0.8712,0.8808,2450.9,44,8,6/6/6/6/5/5/5/5,44,1,872.32,0.71,848.61,871.96,2409.0,2461.1,3.63
strong,strong,read,rr,chunked,45,8,4,1,1456,2146959360,1,0.8571,0.8532,0.8602,2504.8,45,8,6/6/6/6/6/5/5/5,45,1,852.43,0.67,830.11,851.76,2407.0,2518.6,4.72
strong,strong,read,rr,chunked,46,8,4,1,1424,2146435072,1,0.8411,0.8361,0.8471,2551.9,46,8,6/6/6/6/6/6/5/5,46,1,834.55,0.83,814.82,833.76,2408.0,2572.0,6.56
strong,strong,read,rr,chunked,47,8,4,1,1394,2146893824,1,0.8272,0.8224,0.83,2595.3,47,8,6/6/6/6/6/6/6/5,47,1,824.89,0.71,805.49,824.48,2405.0,2602.6,2.32
strong,strong,read,rr,chunked,48,8,4,1,1365,2146959360,1,0.8294,0.8218,0.835,2588.7,48,8,6/6/6/6/6/6/6/6,48,1,819.32,0.79,793.66,819.08,2396.0,2620.4,10.05
strong,strong,read,rr,chunked,49,8,4,1,1337,2146729984,1,0.7986,0.7948,0.8012,2688.0,49,8,7/6/6/6/6/6/6/6,49,1,797.32,0.75,777.1,796.6,2395.0,2692.4,1.33
strong,strong,read,rr,chunked,50,8,4,1,1310,2146304000,1,0.7845,0.7817,0.7929,2735.8,50,8,7/7/6/6/6/6/6/6,50,1,778.0,0.75,759.89,777.44,2392.0,2758.7,6.53
strong,strong,read,rr,chunked,51,8,4,1,1285,2147450880,1,0.7689,0.7646,0.7721,2793.0,51,8,7/7/7/6/6/6/6/6,51,1,766.25,0.65,749.35,765.6,2397.0,2802.5,2.62
strong,strong,read,rr,chunked,52,8,4,1,1260,2146959360,1,0.7592,0.754,0.7644,2828.0,52,8,7/7/7/7/6/6/6/6,52,1,751.85,0.87,732.54,751.32,2400.0,2855.6,7.34
strong,strong,read,rr,chunked,53,8,4,1,1236,2146566144,1,0.7446,0.7396,0.7494,2883.0,53,8,7/7/7/7/7/6/6/6,53,1,739.24,0.71,720.4,738.96,2404.0,2903.7,5.33
strong,strong,read,rr,chunked,54,8,4,1,1213,2146369536,1,0.7338,0.7278,0.7402,2924.8,54,8,7/7/7/7/7/7/6/6,54,1,734.63,0.79,712.86,733.88,2396.0,2921.7,-0.78
strong,strong,read,rr,chunked,55,8,4,1,1191,2146467840,1,0.7233,0.7158,0.728,2967.5,55,8,7/7/7/7/7/7/7/6,55,1,720.73,0.67,702.26,720.12,2399.0,2978.2,2.6
strong,strong,read,rr,chunked,56,8,4,1,1170,2146959360,1,0.7111,0.7076,0.7162,3019.0,56,8,7/7/7/7/7/7/7/7,56,1,711.31,0.79,693.73,710.6,2393.0,3018.3,-0.16
strong,strong,read,rr,chunked,57,8,4,1,1149,2146074624,1,0.6972,0.6946,0.7004,3078.2,57,8,8/7/7/7/7/7/7/7,57,1,695.05,0.87,679.25,694.24,2410.0,3087.7,2.14
strong,strong,read,rr,chunked,58,8,4,1,1129,2145714176,1,0.698,0.6935,0.7057,3074.1,58,8,8/8/7/7/7/7/7/7,58,1,696.83,0.87,674.9,696.0,2402.0,3079.3,1.18
strong,strong,read,rr,chunked,59,8,4,1,1110,2145976320,1,0.6764,0.6731,0.682,3172.6,59,8,8/8/8/7/7/7/7/7,59,1,677.23,0.79,661.54,676.48,2391.0,3168.8,-0.82
strong,strong,read,rr,chunked,60,8,4,1,1092,2146959360,1,0.6722,0.6682,0.6784,3193.8,60,8,8/8/8/8/7/7/7/7,60,1,668.32,0.72,649.66,667.6,2388.0,3212.5,3.91
strong,strong,read,rr,chunked,61,8,4,1,1074,2146762752,1,0.6604,0.6567,0.6647,3250.7,61,8,8/8/8/8/8/7/7/7,61,1,653.03,0.79,635.97,652.24,2397.0,3287.4,7.38
strong,strong,read,rr,chunked,62,8,4,1,1057,2147418112,1,0.6486,0.6465,0.6543,3310.6,62,8,8/8/8/8/8/8/7/7,62,1,643.07,0.71,627.21,642.36,2384.0,3339.3,5.58
strong,strong,read,rr,chunked,63,8,4,1,1040,2146959360,1,0.6379,0.6356,0.6416,3365.8,63,8,8/8/8/8/8/8/8/7,63,1,635.09,0.83,620.78,634.4,2391.0,3380.6,2.78
strong,strong,read,rr,chunked,64,8,4,1,1024,2147483648,1,0.6361,0.6316,0.6402,3375.9,64,8,8/8/8/8/8/8/8/8,64,1,627.71,0.79,613.88,626.96,2395.0,3421.1,8.42
strong,strong,read,rr,chunked,65,8,4,1,1008,2146959360,1,0.6238,0.6203,0.6309,3441.9,65,8,9/8/8/8/8/8/8/8,65,1,623.16,0.91,606.54,622.76,2398.0,3445.3,0.61
strong,strong,read,rr,chunked,66,8,4,1,992,2145386496,1,0.6169,0.6134,0.6194,3477.9,66,8,9/9/8/8/8/8/8/8,66,1,613.09,0.67,596.43,612.52,2394.0,3499.3,3.78
strong,strong,read,rr,chunked,67,8,4,1,978,2147155968,1,0.6108,0.6056,0.6139,3515.2,67,8,9/9/9/8/8/8/8/8,67,1,607.11,0.67,594.03,606.44,2402.0,3536.7,3.72
strong,strong,read,rr,chunked,68,8,4,1,963,2145779712,1,0.607,0.6034,0.6132,3534.8,68,8,9/9/9/9/8/8/8/8,68,1,600.09,0.79,582.78,599.4,2407.0,3575.8,6.96
strong,strong,read,rr,chunked,69,8,4,1,949,2145681408,1,0.5927,0.5907,0.6005,3620.3,69,8,9/9/9/9/9/8/8/8,69,1,596.56,0.85,578.52,596.28,2403.0,3596.8,-3.87
strong,strong,read,rr,chunked,70,8,4,1,936,2146959360,1,0.5891,0.5848,0.5938,3644.2,70,8,9/9/9/9/9/9/8/8,70,1,580.66,0.78,565.48,579.88,2400.0,3697.4,8.49
strong,strong,read,rr,chunked,71,8,4,1,923,2147385344,1,0.5834,0.5789,0.5909,3680.6,71,8,9/9/9/9/9/9/9/8,71,1,579.61,0.71,562.97,579.08,2399.0,3704.9,3.82
strong,strong,read,rr,chunked,72,8,4,1,910,2146959360,1,0.5843,0.5788,0.5884,3674.1,72,8,9/9/9/9/9/9/9/9,72,1,582.11,0.75,564.8,581.44,2405.0,3688.2,2.24
strong,strong,read,rr,chunked,73,8,4,1,897,2145681408,1,0.569,0.565,0.576,3771.2,73,8,10/9/9/9/9/9/9/9,73,1,561.53,0.76,545.84,561.0,2399.0,3821.1,7.44
strong,strong,read,rr,chunked,74,8,4,1,885,2145976320,1,0.5713,0.5669,0.5756,3756.4,74,8,10/10/9/9/9/9/9/9,74,1,562.81,0.75,543.03,562.16,2399.0,3813.0,8.48
strong,strong,read,rr,chunked,75,8,4,1,873,2145484800,1,0.5558,0.5531,0.5621,3860.1,75,8,10/10/10/9/9/9/9/9,75,1,551.13,0.79,535.6,550.6,2393.0,3892.9,4.68
strong,strong,read,rr,chunked,76,8,4,1,862,2146697216,1,0.554,0.5511,0.5638,3874.9,76,8,10/10/10/10/9/9/9/9,76,1,546.45,0.83,534.21,545.72,2395.0,3928.4,7.56
strong,strong,read,rr,chunked,77,8,4,1,851,2147188736,1,0.5432,0.54,0.5471,3953.0,77,8,10/10/10/10/10/9/9/9,77,1,541.37,0.75,526.74,540.8,2385.0,3966.2,1.82
strong,strong,read,rr,chunked,78,8,4,1,840,2146959360,1,0.5406,0.5392,0.5466,3971.2,78,8,10/10/10/10/10/10/9/9,78,1,539.87,0.67,524.83,539.24,2397.0,3976.8,0.76
strong,strong,read,rr,chunked,79,8,4,1,829,2146009088,1,0.5412,0.5336,0.5459,3965.2,79,8,10/10/10/10/10/10/10/9,79,1,536.95,0.75,521.38,536.36,2399.0,3996.7,4.26
strong,strong,read,rr,chunked,80,8,4,1,819,2146959360,1,0.5407,0.5376,0.55,3971.0,80,8,10/10/10/10/10/10/10/10,80,1,534.81,0.83,517.78,534.04,2401.0,4014.4,5.86
strong,strong,read,rr,chunked,81,8,4,1,809,2147254272,1,0.5269,0.523,0.5304,4075.1,81,8,11/10/10/10/10/10/10/10,81,1,521.51,0.83,503.98,520.72,2399.0,4117.4,5.42
strong,strong,read,rr,chunked,82,8,4,1,799,2146893824,1,0.5236,0.5197,0.528,4100.1,82,8,11/11/10/10/10/10/10/10,82,1,520.55,0.77,502.22,519.92,2393.0,4124.3,3.08
strong,strong,read,rr,chunked,83,8,4,1,789,2145878016,1,0.5174,0.5121,0.522,4147.4,83,8,11/11/11/10/10/10/10/10,83,1,514.36,0.82,499.91,514.36,2391.0,4171.9,3.05
strong,strong,read,rr,chunked,84,8,4,1,780,2146959360,1,0.5087,0.5044,0.5171,4220.6,84,8,11/11/11/11/10/10/10/10,84,1,509.11,0.85,495.29,509.04,2398.0,4217.1,-0.42
strong,strong,read,rr,chunked,85,8,4,1,771,2147450880,1,0.5017,0.499,0.5091,4280.5,85,8,11/11/11/11/11/10/10/10,85,1,498.17,0.83,484.69,498.12,2398.0,4310.7,3.51
strong,strong,read,rr,chunked,86,8,4,1,762,2147352576,1,0.5136,0.5093,0.5202,4180.9,86,8,11/11/11/11/11/11/10/10,86,1,506.47,0.79,489.56,505.96,2397.0,4239.8,7.14
strong,strong,read,rr,chunked,87,8,4,1,753,2146664448,1,0.4965,0.4922,0.5012,4323.2,87,8,11/11/11/11/11/11/11/10,87,1,490.99,0.91,474.34,490.12,2392.0,4372.1,5.56
strong,strong,read,rr,chunked,88,8,4,1,744,2145386496,1,0.4911,0.4883,0.498,4368.8,88,8,11/11/11/11/11/11/11/11,88,1,486.36,0.67,471.11,485.76,2406.0,4411.1,4.7
strong,strong,read,rr,chunked,89,8,4,1,736,2146435072,1,0.4893,0.4854,0.494,4386.9,89,8,12/11/11/11/11/11/11/11,89,1,481.6,0.75,465.38,481.08,2408.0,4456.9,7.69
strong,strong,read,rr,chunked,90,8,4,1,728,2146959360,1,0.4854,0.4814,0.4886,4423.0,90,8,12/12/11/11/11/11/11/11,90,1,482.21,0.81,470.36,481.48,2407.0,4452.3,3.19
strong,strong,read,rr,chunked,91,8,4,1,720,2146959360,1,0.4803,0.479,0.4859,4470.4,91,8,12/12/12/11/11/11/11/11,91,1,475.09,0.79,462.82,474.6,2386.0,4519.1,5.17
strong,strong,read,rr,chunked,92,8,4,1,712,2146435072,1,0.4781,0.4753,0.482,4489.5,92,8,12/12/12/12/11/11/11/11,92,1,471.13,0.69,457.53,471.08,2392.0,4555.9,6.98
strong,strong,read,rr,chunked,93,8,4,1,704,2145386496,1,0.4729,0.4715,0.4779,4537.0,93,8,12/12/12/12/12/11/11/11,93,1,469.17,0.83,458.78,468.6,2404.0,4572.7,3.69
strong,strong,read,rr,chunked,94,8,4,1,697,2146893824,1,0.4689,0.4664,0.4761,4578.3,94,8,12/12/12/12/12/12/11/11,94,1,464.8,0.73,450.67,464.2,2403.0,4619.0,4.12
strong,strong,read,rr,chunked,95,8,4,1,689,2144829440,1,0.466,0.464,0.4718,4602.6,95,8,12/12/12/12/12/12/12/11,95,1,461.88,0.83,446.95,461.48,2405.0,4643.7,4.12
strong,strong,read,rr,chunked,96,8,4,1,682,2145386496,1,0.4644,0.4592,0.4693,4619.3,96,8,12/12/12/12/12/12/12/12,96,1,460.69,0.75,448.83,460.16,2385.0,4656.9,3.75
strong,strong,read,rr,chunked,97,8,4,1,675,2145484800,1,0.4574,0.4545,0.4623,4690.8,97,8,13/12/12/12/12/12/12/12,97,1,455.92,0.79,439.5,455.64,2391.0,4705.8,1.46
strong,strong,read,rr,chunked,98,8,4,1,668,2145124352,1,0.4552,0.4531,0.4607,4712.8,98,8,13/13/12/12/12/12/12/12,98,1,449.73,0.91,433.93,449.16,2393.0,4769.8,5.43
strong,strong,read,rr,chunked,99,8,4,1,661,2144305152,1,0.4499,0.4458,0.4536,4765.7,99,8,13/13/13/12/12/12/12/12,99,1,447.53,0.71,430.85,447.0,2407.0,4791.4,2.42
strong,strong,read,rr,chunked,100,8,4,1,655,2146304000,1,0.4468,0.443,0.4534,4803.5,100,8,13/13/13/13/12/12/12/12,100,1,439.29,0.75,427.25,438.64,2398.0,4885.8,7.53
strong,strong,read,rr,chunked,101,8,4,1,648,2144600064,1,0.445,0.4404,0.4497,4819.5,101,8,13/13/13/13/13/12/12/12,101,1,445.79,0.71,427.46,445.12,2397.0,4810.8,-0.81
strong,strong,read,rr,chunked,102,8,4,1,642,2145779712,1,0.4418,0.4388,0.452,4856.9,102,8,13/13/13/13/13/13/12/12,102,1,436.93,0.77,422.83,436.52,2395.0,4911.0,4.87
strong,strong,read,rr,chunked,103,8,4,1,636,2146566144,1,0.4399,0.4348,0.4442,4879.6,103,8,13/13/13/13/13/13/13/12,103,1,438.83,0.95,425.01,437.92,2391.0,4891.6,1.08
strong,strong,read,rr,chunked,104,8,4,1,630,2146959360,1,0.4444,0.4411,0.447,4830.9,104,8,13/13/13/13/13/13/13/13,104,1,441.0,0.75,421.95,440.68,2380.0,4868.4,3.42
strong,strong,read,rr,chunked,105,8,4,1,624,2146959360,1,0.43,0.4274,0.436,4992.6,105,8,14/13/13/13/13/13/13/13,105,1,426.15,0.79,414.82,425.44,2399.0,5038.0,3.87
strong,strong,read,rr,chunked,106,8,4,1,618,2146566144,1,0.4304,0.4268,0.4363,4987.1,106,8,14/14/13/13/13/13/13/13,106,1,423.29,0.81,411.27,422.52,2392.0,5071.1,7.14
strong,strong,read,rr,chunked,107,8,4,1,612,2145779712,1,0.4252,0.4224,0.4299,5046.5,107,8,14/14/14/13/13/13/13/13,107,1,421.27,0.75,408.7,420.56,2382.0,5093.6,3.93
strong,strong,read,rr,chunked,108,8,4,1,606,2144600064,1,0.4224,0.4198,0.4286,5076.9,108,8,14/14/14/14/13/13/13/13,108,1,415.99,0.87,403.77,415.16,2390.0,5155.4,6.43
strong,strong,read,rr,chunked,109,8,4,1,601,2146598912,1,0.4202,0.4188,0.4252,5108.2,109,8,14/14/14/14/14/13/13/13,109,1,415.0,0.95,402.01,414.48,2396.0,5172.5,5.22
strong,strong,read,rr,chunked,110,8,4,1,595,2144665600,1,0.4168,0.4126,0.4232,5145.2,110,8,14/14/14/14/14/14/13/13,110,1,418.35,0.72,405.21,417.68,2404.0,5126.5,-1.53
strong,strong,read,rr,chunked,111,8,4,1,590,2145976320,1,0.4312,0.4292,0.4388,4976.7,111,8,14/14/14/14/14/14/14/13,111,1,425.99,0.67,406.66,425.36,2395.0,5037.6,5.21
strong,strong,read,rr,chunked,112,8,4,1,585,2146959360,1,0.4227,0.4192,0.4284,5079.3,112,8,14/14/14/14/14/14/14/14,112,1,415.64,0.75,402.05,414.96,2389.0,5165.4,7.04
strong,strong,read,rr,chunked,113,8,4,1,579,2143911936,1,0.4111,0.4076,0.4135,5215.3,113,8,15/14/14/14/14/14/14/14,113,1,403.83,0.91,390.62,402.92,2393.0,5308.9,7.25
strong,strong,read,rr,chunked,114,8,4,1,574,2144206848,1,0.4083,0.4054,0.4136,5252.0,114,8,15/15/14/14/14/14/14/14,114,1,402.45,0.91,388.61,401.72,2383.0,5327.9,5.81
strong,strong,read,rr,chunked,115,8,4,1,569,2144174080,1,0.4041,0.4001,0.4097,5306.5,115,8,15/15/15/14/14/14/14/14,115,1,400.73,0.87,387.74,400.16,2407.0,5350.7,3.33
strong,strong,read,rr,chunked,116,8,4,1,564,2143813632,1,0.401,0.3978,0.4059,5346.1,116,8,15/15/15/15/14/14/14/14,116,1,401.04,0.71,388.73,400.6,2382.0,5345.6,-0.04
strong,strong,read,rr,chunked,117,8,4,1,560,2146959360,1,0.4059,0.4037,0.4188,5289.1,117,8,15/15/15/15/15/14/14/14,117,1,399.93,0.75,385.97,399.28,2380.0,5368.3,5.99
strong,strong,read,rr,chunked,118,8,4,1,555,2145976320,1,0.3959,0.3925,0.401,5419.9,118,8,15/15/15/15/15/15/14/14,118,1,392.15,0.79,380.11,391.4,2397.0,5472.3,3.79
strong,strong,read,rr,chunked,119,8,4,1,550,2144665600,1,0.3967,0.3936,0.4054,5405.7,119,8,15/15/15/15/15/15/15/14,119,1,391.17,0.87,379.71,390.4,2393.0,5482.7,5.57
strong,strong,read,rr,chunked,120,8,4,1,546,2146959360,1,0.4038,0.3981,0.4082,5316.3,120,8,15/15/15/15/15/15/15/15,120,1,394.35,0.87,382.93,393.56,2387.0,5444.3,9.49
strong,strong,read,rr,chunked,121,8,4,1,541,2145026048,1,0.3974,0.391,0.4005,5397.9,121,8,16/15/15/15/15/15/15/15,121,1,393.93,0.83,373.68,393.16,2380.0,5445.2,3.45
strong,strong,read,rr,chunked,122,8,4,1,537,2146762752,1,0.3883,0.3856,0.3924,5528.0,122,8,16/16/15/15/15/15/15/15,122,1,383.64,0.63,372.2,383.2,2403.0,5595.8,4.7
strong,strong,read,rr,chunked,123,8,4,1,532,2144206848,1,0.388,0.3858,0.3928,5525.7,123,8,16/16/16/15/15/15/15/15,123,1,385.24,0.75,373.55,384.8,2381.0,5565.9,2.8
strong,strong,read,rr,chunked,124,8,4,1,528,2145386496,1,0.3861,0.3816,0.3891,5555.9,124,8,16/16/16/16/15/15/15/15,124,1,383.3,0.9,372.49,382.48,2398.0,5597.1,2.84
strong,strong,read,rr,chunked,125,8,4,1,524,2146304000,1,0.3935,0.3895,0.397,5454.1,125,8,16/16/16/16/16/15/15/15,125,1,385.79,0.91,371.58,384.88,2400.0,5563.4,7.73
strong,strong,read,rr,chunked,126,8,4,1,520,2146959360,1,0.3818,0.3794,0.3899,5623.8,126,8,16/16/16/16/16/16/15/15,126,1,375.77,0.83,363.62,375.32,2381.0,5713.5,5.99
strong,strong,read,rr,chunked,127,8,4,1,516,2147352576,1,0.4289,0.4208,0.4368,5006.4,127,8,16/16/16/16/16/16/16/15,127,1,417.21,0.87,398.89,416.48,2383.0,5146.9,11.71
strong,strong,read,rr,chunked,128,8,4,1,512,2147483648,1,0.3878,0.3848,0.393,5538.1,128,8,16/16/16/16/16/16/16/16,128,1,381.83,0.75,368.07,381.08,2381.0,5624.2,5.93
strong,strong,read,rr,chunked,129,8,4,1,508,2147352576,1,0.4264,0.4163,0.4362,5036.4,129,8,17/16/16/16/16/16/16/16,129,1,411.93,0.81,395.4,411.44,2376.0,5212.9,14.43
strong,strong,read,rr,chunked,130,8,4,1,504,2146959360,1,0.3737,0.3692,0.3785,5745.1,130,8,17/17/16/16/16/16/16/16,130,1,372.04,0.91,357.2,371.52,2390.0,5770.8,1.66
strong,strong,read,rr,chunked,131,8,4,1,500,2146304000,1,0.3801,0.377,0.3882,5646.6,131,8,17/17/17/16/16/16/16/16,131,1,375.65,0.91,363.98,375.12,2397.0,5713.6,4.45
strong,strong,read,rr,chunked,132,8,4,1,496,2145386496,1,0.37,0.3688,0.3744,5798.6,132,8,17/17/17/17/16/16/16/16,132,1,370.61,0.87,359.68,369.96,2390.0,5788.8,-0.63
strong,strong,read,rr,chunked,133,8,4,1,492,2144206848,1,0.3724,0.3692,0.3837,5757.1,133,8,17/17/17/17/17/16/16/16,133,1,368.89,0.73,358.62,368.2,2381.0,5812.6,3.55
strong,strong,read,rr,chunked,134,8,4,1,489,2147155968,1,0.369,0.3646,0.3721,5819.1,134,8,17/17/17/17/17/17/16/16,134,1,361.21,0.77,350.33,360.48,2394.0,5944.3,7.77
strong,strong,read,rr,chunked,135,8,4,1,485,2145484800,1,0.3658,0.3626,0.3708,5865.1,135,8,17/17/17/17/17/17/17/16,135,1,360.56,1.02,349.61,360.52,2396.0,5950.4,5.24
strong,strong,read,rr,chunked,136,8,4,1,481,2143551488,1,0.3709,0.3698,0.3748,5779.0,136,8,17/17/17/17/17/17/17/17,136,1,367.24,0.85,354.38,366.88,2385.0,5836.9,3.68
strong,strong,read,rr,chunked,137,8,4,1,478,2145845248,1,0.3635,0.3609,0.368,5903.2,137,8,18/17/17/17/17/17/17/17,137,1,360.31,0.95,347.47,359.44,2401.0,5955.6,3.19
strong,strong,read,rr,chunked,138,8,4,1,474,2143420416,1,0.3669,0.3628,0.3745,5842.5,138,8,18/18/17/17/17/17/17/17,138,1,359.09,0.71,346.41,358.44,2385.0,5969.0,7.77
strong,strong,read,rr,chunked,139,8,4,1,471,2145288192,1,0.3736,0.3712,0.3794,5741.8,139,8,18/18/18/17/17/17/17/17,139,1,370.41,0.94,353.78,370.2,2386.0,5791.7,3.21
strong,strong,read,rr,chunked,140,8,4,1,468,2146959360,1,0.3633,0.3593,0.3737,5909.5,140,8,18/18/18/18/17/17/17/17,140,1,362.12,0.75,347.73,361.48,2393.0,5928.9,1.18
strong,strong,read,rr,chunked,141,8,4,1,464,2143813632,1,0.3662,0.3633,0.3724,5853.8,141,8,18/18/18/18/18/17/17/17,141,1,361.85,0.87,350.27,361.12,2381.0,5924.6,4.37
strong,strong,read,rr,chunked,142,8,4,1,461,2145058816,1,0.3599,0.3578,0.3639,5960.8,142,8,18/18/18/18/18/18/17/17,142,1,356.2,0.87,345.86,355.84,2388.0,6022.1,3.66
strong,strong,read,rr,chunked,143,8,4,1,458,2146107392,1,0.3743,0.371,0.378,5733.6,143,8,18/18/18/18/18/18/18/17,143,1,374.21,0.87,358.78,373.48,2387.0,5735.0,0.09
strong,strong,read,rr,chunked,144,8,4,1,455,2146959360,1,0.3663,0.3615,0.3711,5861.8,144,8,18/18/18/18/18/18/18/18,144,1,365.93,0.67,353.54,365.32,2392.0,5867.1,0.33
strong,strong,read,rr,chunked,145,8,4,1,451,2142863360,1,0.3623,0.3572,0.3641,5914.2,145,8,19/18/18/18/18/18/18/18,145,1,354.63,0.87,342.81,353.88,2392.0,6042.5,7.69
strong,strong,read,rr,chunked,146,8,4,1,448,2143289344,1,0.3622,0.3595,0.3674,5916.7,146,8,19/19/18/18/18/18/18/18,146,1,356.43,0.92,341.19,355.56,2394.0,6013.2,5.81
strong,strong,read,rr,chunked,147,8,4,1,445,2143518720,1,0.3546,0.3522,0.3628,6044.8,147,8,19/19/19/18/18/18/18/18,147,1,351.69,0.95,340.71,351.08,2400.0,6094.9,2.91
strong,strong,read,rr,chunked,148,8,4,1,442,2143551488,1,0.3566,0.3538,0.3665,6010.3,148,8,19/19/19/19/18/18/18/18,148,1,350.63,0.79,339.25,349.84,2384.0,6113.4,6.01
strong,strong,read,rr,chunked,149,8,4,1,439,2143387648,1,0.3518,0.3485,0.3586,6092.6,149,8,19/19/19/19/19/18/18/18,149,1,347.15,0.87,335.81,346.32,2393.0,6174.2,4.65
strong,strong,read,rr,chunked,150,8,4,1,436,2143027200,1,0.3518,0.3508,0.3584,6091.2,150,8,19/19/19/19/19/19/18/18,150,1,347.47,0.75,337.55,346.76,2379.0,6167.5,4.35
strong,strong,read,rr,chunked,151,8,4,1,434,2147418112,1,0.3532,0.3501,0.3589,6079.5,151,8,19/19/19/19/19/19/19/18,151,1,347.49,0.75,336.83,346.92,2390.0,6179.8,5.73
strong,strong,read,rr,chunked,152,8,4,1,431,2146697216,1,0.3549,0.3523,0.362,6048.7,152,8,19/19/19/19/19/19/19/19,152,1,350.48,0.83,339.0,349.92,2388.0,6125.0,4.42
strong,strong,read,rr,chunked,153,8,4,1,428,2145779712,1,0.3509,0.3485,0.3558,6115.7,153,8,20/19/19/19/19/19/19/19,153,1,345.55,0.83,334.83,344.72,2371.0,6209.8,5.31
strong,strong,read,rr,chunked,154,8,4,1,425,2144665600,1,0.3503,0.3493,0.3553,6122.3,154,8,20/20/19/19/19/19/19/19,154,1,345.85,0.95,334.33,345.4,2386.0,6201.1,4.45
strong,strong,read,rr,chunked,155,8,4,1,422,2143354880,1,0.3514,0.3468,0.3568,6099.1,155,8,20/20/20/19/19/19/19/19,155,1,343.13,0.73,333.39,342.52,2396.0,6246.5,8.29
strong,strong,read,rr,chunked,156,8,4,1,420,2146959360,1,0.3554,0.3502,0.3592,6040.2,156,8,20/20/20/20/19/19/19/19,156,1,351.12,0.83,339.57,350.36,2400.0,6114.6,4.32
strong,strong,read,rr,chunked,157,8,4,1,417,2145288192,1,0.3508,0.3491,0.3579,6115.7,157,8,20/20/20/20/20/19/19/19,157,1,345.77,0.79,335.83,345.08,2390.0,6204.4,5.01
strong,strong,read,rr,chunked,158,8,4,1,414,2143420416,1,0.3507,0.3452,0.3562,6112.5,158,8,20/20/20/20/20/20/19/19,158,1,342.12,0.93,332.81,341.64,2394.0,6265.1,8.54
strong,strong,read,rr,chunked,159,8,4,1,412,2146566144,1,0.352,0.3495,0.3607,6098.1,159,8,20/20/20/20/20/20/20/19,159,1,345.44,0.75,334.72,345.32,2399.0,6214.0,6.56
strong,strong,read,rr,chunked,160,8,4,1,409,2144337920,1,0.3473,0.344,0.3549,6174.2,160,8,20/20/20/20/20/20/20/20,160,1,340.12,0.75,329.77,339.76,2390.0,6304.7,7.18
strong,strong,read,rr,chunked,161,8,4,1,407,2147188736,1,0.3478,0.3444,0.3527,6174.3,161,8,21/20/20/20/20/20/20/20,161,1,341.09,0.71,333.28,340.56,2387.0,6295.1,6.67
strong,strong,read,rr,chunked,162,8,4,1,404,2144600064,1,0.35,0.3464,0.3556,6128.1,162,8,21/21/20/20/20/20/20/20,162,1,343.91,0.83,332.94,343.08,2380.0,6235.9,6.05
strong,strong,read,rr,chunked,163,8,4,1,402,2147155968,1,0.3502,0.3476,0.3556,6131.9,163,8,21/21/21/20/20/20/20/20,163,1,346.21,0.93,334.25,345.76,2393.0,6201.9,3.95
strong,strong,read,rr,chunked,164,8,4,1,399,2144206848,1,0.358,0.3553,0.3636,5989.0,164,8,21/21/21/21/20/20/20/20,164,1,348.93,0.87,339.08,348.32,2389.0,6145.1,9.09
strong,strong,read,rr,chunked,165,8,4,1,397,2146467840,1,0.3454,0.3413,0.3533,6213.7,165,8,21/21/21/21/21/20/20/20,165,1,337.65,0.87,329.38,337.12,2382.0,6357.1,7.79
strong,strong,read,rr,chunked,166,8,4,1,394,2143158272,1,0.3465,0.3442,0.3515,6184.4,166,8,21/21/21/21/21/21/20/20,166,1,340.55,0.81,331.22,339.8,2397.0,6293.2,5.99
strong,strong,read,rr,chunked,167,8,4,1,392,2145124352,1,0.35,0.3483,0.3526,6129.2,167,8,21/21/21/21/21/21/21/20,167,1,344.53,0.81,332.75,344.0,2404.0,6226.2,5.45
strong,strong,read,rr,chunked,168,8,4,1,390,2146959360,1,0.3482,0.3456,0.3584,6165.8,168,8,21/21/21/21/21/21/21/21,168,1,344.83,0.81,333.69,344.12,2389.0,6226.1,3.37
strong,strong,read,rr,chunked,169,8,4,1,387,2143125504,1,0.399,0.3947,0.4052,5370.6,169,8,22/21/21/21/21/21/21/21,169,1,392.18,0.79,378.56,391.76,2391.0,5464.6,6.86
strong,strong,read,rr,chunked,170,8,4,1,385,2144665600,1,0.3567,0.3546,0.3642,6013.1,170,8,22/22/21/21/21/21/21/21,170,1,351.75,1.02,342.72,351.6,2389.0,6097.1,4.91
strong,strong,read,rr,chunked,171,8,4,1,383,2146074624,1,0.3585,0.3552,0.3646,5986.2,171,8,22/22/22/21/21/21/21/21,171,1,352.81,0.79,342.94,352.24,2390.0,6082.8,5.69
strong,strong,read,rr,chunked,172,8,4,1,381,2147352576,1,0.3882,0.3858,0.3966,5532.1,172,8,22/22/22/22/21/21/21/21,172,1,384.69,0.83,374.06,384.16,2380.0,5582.0,3.47
strong,strong,read,rr,chunked,173,8,4,1,378,2142830592,1,0.3453,0.3421,0.3562,6205.6,173,8,22/22/22/22/22/21/21/21,173,1,343.8,0.69,333.63,343.28,2389.0,6232.8,1.5
strong,strong,read,rr,chunked,174,8,4,1,376,2143813632,1,0.3501,0.347,0.3522,6124.1,174,8,22/22/22/22/22/22/21/21,174,1,348.01,0.83,337.69,347.24,2400.0,6160.2,2.05
strong,strong,read,rr,chunked,175,8,4,1,374,2144665600,1,0.3425,0.3392,0.345,6261.7,175,8,22/22/22/22/22/22/22/21,175,1,337.05,0.87,327.58,336.48,2389.0,6363.0,5.45
strong,strong,read,rr,chunked,176,8,4,1,372,2145386496,1,0.342,0.3391,0.3456,6273.4,176,8,22/22/22/22/22/22/22/22,176,1,336.63,0.91,327.85,335.76,2384.0,6373.1,5.35
strong,strong,read,rr,chunked,177,8,4,1,370,2145976320,1,0.3432,0.34,0.3508,6252.4,177,8,23/22/22/22/22/22/22/22,177,1,338.85,0.84,330.35,338.16,2395.0,6333.1,4.37
strong,strong,read,rr,chunked,178,8,4,1,368,2146435072,1,0.3503,0.3451,0.3602,6126.7,178,8,23/23/22/22/22/22/22/22,178,1,347.24,0.81,332.8,346.8,2390.0,6181.4,3.1
strong,strong,read,rr,chunked,179,8,4,1,366,2146762752,1,0.3442,0.3407,0.3483,6236.5,179,8,23/23/23/22/22/22/22/22,179,1,340.44,0.71,329.14,339.96,2377.0,6305.8,3.78
strong,strong,read,rr,chunked,180,8,4,1,364,2146959360,1,0.3475,0.3447,0.3542,6178.2,180,8,23/23/23/23/22/22/22/22,180,1,343.26,0.83,334.52,342.84,2387.0,6254.6,4.24
strong,strong,read,rr,chunked,181,8,4,1,362,2147024896,1,0.3551,0.3507,0.3601,6046.2,181,8,23/23/23/23/23/22/22/22,181,1,346.67,0.89,337.94,346.56,2399.0,6193.3,8.43
strong,strong,read,rr,chunked,182,8,4,1,360,2146959360,1,0.3473,0.3424,0.3582,6181.1,182,8,23/23/23/23/23/23/22/22,182,1,342.61,0.87,335.55,342.12,2385.0,6266.5,4.73
strong,strong,read,rr,chunked,183,8,4,1,358,2146762752,1,0.3432,0.3406,0.345,6254.7,183,8,23/23/23/23/23/23/23/22,183,1,339.32,0.76,330.02,339.32,2389.0,6326.7,3.9
strong,strong,read,rr,chunked,184,8,4,1,356,2146435072,1,0.3541,0.3513,0.3572,6061.3,184,8,23/23/23/23/23/23/23/23,184,1,346.76,0.75,337.08,346.32,2399.0,6190.0,7.36
strong,strong,read,rr,chunked,185,8,4,1,354,2145976320,1,0.3471,0.3444,0.3523,6183.2,185,8,24/23/23/23/23/23/23/23,185,1,343.12,0.93,333.85,342.72,2379.0,6254.3,3.94
strong,strong,read,rr,chunked,186,8,4,1,352,2145386496,1,0.3423,0.3381,0.345,6268.2,186,8,24/24/23/23/23/23/23/23,186,1,338.21,0.83,328.93,337.68,2388.0,6343.4,4.05
strong,strong,read,rr,chunked,187,8,4,1,350,2144665600,1,0.3489,0.3476,0.3541,6147.2,187,8,24/24/24/23/23/23/23/23,187,1,345.95,0.79,336.15,345.16,2387.0,6199.4,2.93
strong,strong,read,rr,chunked,188,8,4,1,348,2143813632,1,0.3463,0.3433,0.3538,6190.6,188,8,24/24/24/24/23/23/23/23,188,1,341.82,0.87,331.8,341.36,2399.0,6271.8,4.48
strong,strong,read,rr,chunked,189,8,4,1,346,2142830592,1,0.3449,0.3414,0.3565,6213.6,189,8,24/24/24/24/24/23/23/23,189,1,338.27,0.8,331.77,338.16,2391.0,6334.7,6.59
strong,strong,read,rr,chunked,190,8,4,1,344,2141716480,1,0.3661,0.3627,0.3696,5850.3,190,8,24/24/24/24/24/24/23/23,190,1,361.03,0.83,350.38,360.24,2398.0,5932.2,5.05
strong,strong,read,rr,chunked,191,8,4,1,343,2146729984,1,0.3425,0.3375,0.3476,6268.1,191,8,24/24/24/24/24/24/24/23,191,1,335.25,0.99,328.3,334.56,2387.0,6403.4,7.23
strong,strong,read,rr,chunked,192,8,4,1,341,2145386496,1,0.3383,0.3346,0.3446,6340.9,192,8,24/24/24/24/24/24/24/24,192,1,330.43,0.95,324.09,329.52,2389.0,6492.7,7.91
strong,strong,read,rr,chunked,193,8,4,1,339,2143911936,1,0.3546,0.3515,0.3633,6046.6,193,8,25/24/24/24/24/24/24/24,193,1,350.52,0.99,339.81,350.12,2404.0,6116.4,4.04
strong,strong,read,rr,chunked,194,8,4,1,337,2142306304,1,0.3423,0.339,0.3503,6257.8,194,8,25/25/24/24/24/24/24/24,194,1,335.93,0.79,327.93,335.44,2386.0,6377.2,6.41
strong,strong,read,rr,chunked,195,8,4,1,336,2146959360,1,0.3432,0.3372,0.3492,6255.3,195,8,25/25/25/24/24/24/24/24,195,1,334.17,0.81,328.24,334.08,2385.0,6424.8,9.05
strong,strong,read,rr,chunked,196,8,4,1,334,2145124352,1,0.3564,0.3524,0.3648,6018.1,196,8,25/25/25/25/24/24/24/24,196,1,351.98,0.87,335.57,351.44,2378.0,6094.4,4.46
strong,strong,read,rr,chunked,197,8,4,1,332,2143158272,1,0.3559,0.3505,0.367,6021.4,197,8,25/25/25/25/25/24/24/24,197,1,353.44,0.89,337.66,353.44,2383.0,6063.7,2.48
strong,strong,read,rr,chunked,198,8,4,1,330,2141061120,1,0.3462,0.3428,0.3558,6185.1,198,8,25/25/25/25/25/25/24/24,198,1,338.88,0.83,330.81,338.8,2389.0,6318.1,7.28
strong,strong,read,rr,chunked,199,8,4,1,329,2145353728,1,0.3468,0.3447,0.3506,6185.4,199,8,25/25/25/25/25/25/25/24,199,1,342.62,0.85,334.73,342.12,2393.0,6261.6,4.22
strong,strong,read,rr,chunked,200,8,4,1,327,2143027200,1,0.3396,0.3363,0.3462,6310.8,200,8,25/25/25/25/25/25/25/25,200,1,336.22,0.83,327.65,335.72,2395.0,6373.9,3.36
strong,strong,read,rr,chunked,201,8,4,1,326,2147155968,1,0.358,0.3529,0.3627,5997.2,201,8,26/25/25/25/25/25/25/25,201,1,349.12,0.79,334.03,348.6,2380.0,6150.2,8.9
strong,strong,read,rr,chunked,202,8,4,1,324,2144600064,1,0.35,0.3432,0.3551,6127.0,202,8,26/26/25/25/25/25/25/25,202,1,346.48,0.93,335.85,346.4,2383.0,6189.7,3.54
strong,strong,read,rr,chunked,203,8,4,1,322,2141913088,1,0.3477,0.3449,0.3534,6160.5,203,8,26/26/26/25/25/25/25/25,203,1,349.82,0.95,336.31,349.32,2393.0,6122.9,-2.14
strong,strong,read,rr,chunked,204,8,4,1,321,2145779712,1,0.3465,0.3417,0.3516,6193.4,204,8,26/26/26/26/25/25/25/25,204,1,343.8,0.83,333.39,343.76,2401.0,6241.4,2.66
strong,strong,read,rr,chunked,205,8,4,1,319,2142863360,1,0.3481,0.3424,0.3569,6155.1,205,8,26/26/26/26/26/25/25/25,205,1,353.18,0.83,333.18,352.48,2392.0,6067.3,-5.04
strong,strong,read,rr,chunked,206,8,4,1,318,2146566144,1,0.3491,0.3444,0.356,6148.4,206,8,26/26/26/26/26/26/25/25,206,1,348.94,0.84,335.42,348.36,2384.0,6151.7,0.18
strong,strong,read,rr,chunked,207,8,4,1,316,2143420416,1,0.3446,0.3382,0.3545,6219.6,207,8,26/26/26/26/26/26/26/25,207,1,343.79,0.87,330.12,342.96,2386.0,6234.7,0.83
strong,strong,read,rr,chunked,208,8,4,1,315,2146959360,1,0.3517,0.3463,0.3564,6104.5,208,8,26/26/26/26/26/26/26/26,208,1,352.59,0.91,340.54,352.0,2391.0,6089.1,-0.89
strong,strong,read,rr,chunked,209,8,4,1,313,2143584256,1,0.3427,0.338,0.3542,6254.2,209,8,27/26/26/26/26/26/26/26,209,1,350.16,0.83,332.55,350.08,2397.0,6121.7,-7.42
strong,strong,read,rr,chunked,210,8,4,1,312,2146959360,1,0.3503,0.3465,0.3558,6129.5,210,8,27/27/26/26/26/26/26/26,210,1,352.24,0.89,334.71,352.2,2389.0,6095.2,-1.98
strong,strong,read,rr,chunked,211,8,4,1,310,2143354880,1,0.3533,0.3433,0.3611,6066.3,211,8,27/27/27/26/26/26/26/26,211,1,357.24,0.75,337.83,357.16,2383.0,5999.8,-3.92
strong,strong,read,rr,chunked,212,8,4,1,309,2146566144,1,0.3504,0.3454,0.3538,6126.7,212,8,27/27/27/27/26/26/26/26,212,1,347.55,0.86,335.72,347.44,2394.0,6176.3,2.81
strong,strong,read,rr,chunked,213,8,4,1,307,2142732288,1,0.3444,0.3401,0.3525,6221.6,213,8,27/27/27/27/27/26/26/26,213,1,341.96,0.87,328.97,341.96,2384.0,6266.0,2.44
strong,strong,read,rr,chunked,214,8,4,1,306,2145779712,1,0.3457,0.3425,0.348,6206.3,214,8,27/27/27/27/27/27/26/26,214,1,343.36,0.91,328.13,343.32,2389.0,6249.4,2.38
strong,strong,read,rr,chunked,215,8,4,1,304,2141716480,1,0.3455,0.34,0.3521,6198.8,215,8,27/27/27/27/27/27/27/26,215,1,339.32,0.89,329.58,339.2,2391.0,6311.8,6.18
strong,strong,read,rr,chunked,216,8,4,1,303,2144600064,1,0.3477,0.3407,0.3556,6167.5,216,8,27/27/27/27/27/27/27/27,216,1,341.97,0.75,330.71,341.36,2391.0,6271.3,5.75
strong,strong,read,rr,chunked,217,8,4,1,302,2147418112,1,0.3446,0.3386,0.353,6231.2,217,8,28/27/27/27/27/27/27/27,217,1,340.75,0.75,330.35,340.12,2387.0,6302.0,3.87
strong,strong,read,rr,chunked,218,8,4,1,300,2143027200,1,0.3515,0.3473,0.3632,6096.4,218,8,28/28/27/27/27/27/27/27,218,1,350.28,0.71,334.04,350.2,2380.0,6118.0,1.24
strong,strong,read,rr,chunked,219,8,4,1,299,2145681408,1,0.3478,0.3407,0.3545,6168.5,219,8,28/28/28/27/27/27/27/27,219,1,350.0,0.83,331.53,349.96,2390.0,6130.5,-2.16
strong,strong,read,rr,chunked,220,8,4,1,297,2141061120,1,0.348,0.3391,0.3552,6152.1,220,8,28/28/28/28/27/27/27/27,220,1,346.52,0.87,332.26,346.52,2373.0,6178.8,1.5
strong,strong,read,rr,chunked,221,8,4,1,296,2143551488,1,0.3485,0.3418,0.3534,6151.4,221,8,28/28/28/28/28/27/27/27,221,1,344.64,0.87,330.96,344.56,2396.0,6219.7,3.82
strong,strong,read,rr,chunked,222,8,4,1,295,2145976320,1,0.3713,0.3678,0.3794,5780.2,222,8,28/28/28/28/28/28/27/27,222,1,367.39,0.79,347.41,366.92,2398.0,5841.1,3.87
strong,strong,read,rr,chunked,223,8,4,1,293,2141028352,1,0.3475,0.3412,0.3534,6160.5,223,8,28/28/28/28/28/28/28/27,223,1,345.92,0.83,329.1,345.92,2387.0,6189.4,1.62
strong,strong,read,rr,chunked,224,8,4,1,292,2143289344,1,0.3506,0.3437,0.3569,6113.8,224,8,28/28/28/28/28/28/28/28,224,1,342.36,0.99,327.83,342.24,2387.0,6260.3,8.2
strong,strong,read,rr,chunked,225,8,4,1,291,2145484800,1,0.3488,0.3442,0.3627,6151.7,225,8,29/28/28/28/28/28/28/28,225,1,344.88,0.83,331.26,344.8,2383.0,6221.0,3.88
strong,strong,read,rr,chunked,226,8,4,1,289,2140209152,1,0.3495,0.3446,0.357,6123.2,226,8,29/29/28/28/28/28/28/28,226,1,351.92,0.93,325.33,351.88,2387.0,6081.5,-2.4
strong,strong,read,rr,chunked,227,8,4,1,288,2142240768,1,0.3462,0.3418,0.3551,6188.5,227,8,29/29/29/28/28/28/28/28,227,1,347.28,0.77,326.1,347.2,2388.0,6168.6,-1.12
strong,strong,read,rr,chunked,228,8,4,1,287,2144206848,1,0.3499,0.3437,0.3602,6127.6,228,8,29/29/29/29/28/28/28/28,228,1,350.08,0.75,324.69,350.04,2387.0,6124.9,-0.16
strong,strong,read,rr,chunked,229,8,4,1,286,2146107392,1,0.3511,0.345,0.3571,6112.1,229,8,29/29/29/29/29/28/28/28,229,1,342.72,0.87,330.66,342.68,2380.0,6262.0,8.4
strong,strong,read,rr,chunked,230,8,4,1,284,2140405760,1,0.3416,0.3387,0.3518,6266.5,230,8,29/29/29/29/29/29/28/28,230,1,338.0,0.93,325.89,337.96,2391.0,6332.6,3.56
strong,strong,read,rr,chunked,231,8,4,1,283,2142142464,1,0.3435,0.3415,0.3499,6236.5,231,8,29/29/29/29/29/29/29/28,231,1,339.7,0.89,327.02,339.28,2373.0,6306.0,3.78
strong,strong,read,rr,chunked,232,8,4,1,282,2143813632,1,0.3436,0.3409,0.3631,6238.5,232,8,29/29/29/29/29/29/29/29,232,1,338.76,0.87,327.87,338.64,2392.0,6328.4,4.88
strong,strong,read,rr,chunked,233,8,4,1,281,2145419264,1,0.3488,0.3417,0.3541,6150.1,233,8,30/29/29/29/29/29/29/29,233,1,347.12,0.91,327.49,347.0,2394.0,6180.6,1.72
strong,strong,read,rr,chunked,234,8,4,1,280,2146959360,1,0.3557,0.3524,0.3612,6035.8,234,8,30/30/29/29/29/29/29/29,234,1,347.04,0.79,332.27,347.0,2394.0,6186.5,8.66
strong,strong,read,rr,chunked,235,8,4,1,278,2140733440,1,0.3521,0.3441,0.3607,6079.5,235,8,30/30/30/29/29/29/29/29,235,1,352.96,0.79,329.7,352.92,2386.0,6065.1,-0.84
strong,strong,read,rr,chunked,236,8,4,1,277,2142109696,1,0.3518,0.3445,0.3554,6088.6,236,8,30/30/30/30/29/29/29/29,236,1,340.5,0.91,328.19,340.16,2386.0,6291.1,11.32
strong,strong,read,rr,chunked,237,8,4,1,276,2143420416,1,0.3503,0.3433,0.3554,6119.5,237,8,30/30/30/30/30/29/29/29,237,1,343.3,0.89,329.12,342.72,2385.0,6243.6,6.96
strong,strong,read,rr,chunked,238,8,4,1,275,2144665600,1,0.3479,0.343,0.3574,6164.9,238,8,30/30/30/30/30/30/29/29,238,1,342.32,0.79,329.56,342.2,2393.0,6265.1,5.56
strong,strong,read,rr,chunked,239,8,4,1,274,2145845248,1,0.3617,0.3539,0.3698,5932.3,239,8,30/30/30/30/30/30/30/29,239,1,350.04,0.87,338.57,349.96,2396.0,6130.3,11.68
strong,strong,read,rr,chunked,240,8,4,1,273,2146959360,1,0.3493,0.3448,0.354,6146.0,240,8,30/30/30/30/30/30/30/30,240,1,342.78,0.79,329.73,342.2,2380.0,6263.4,6.54
strong,strong,read,rr,chunked,241,8,4,1,271,2140110848,1,0.348,0.3445,0.3597,6149.0,241,8,31/30/30/30/30/30/30/30,241,1,345.32,0.81,327.61,345.16,2392.0,6197.5,2.72
strong,strong,read,rr,chunked,242,8,4,1,270,2141061120,1,0.3569,0.3536,0.3642,5999.3,242,8,31/31/30/30/30/30/30/30,242,1,360.08,0.91,339.32,360.04,2396.0,5946.1,-3.2
strong,strong,read,rr,chunked,243,8,4,1,269,2141945856,1,0.3473,0.3445,0.3573,6167.4,243,8,31/31/31/30/30/30/30/30,243,1,340.52,0.99,325.07,340.44,2394.0,6290.2,6.78
strong,strong,read,rr,chunked,244,8,4,1,268,2142765056,1,0.3494,0.3484,0.3534,6132.3,244,8,31/31/31/31/30/30/30/30,244,1,347.32,0.85,326.39,347.2,2388.0,6169.4,2.1
strong,strong,read,rr,chunked,245,8,4,1,267,2143518720,1,0.3484,0.3445,0.3593,6152.4,245,8,31/31/31/31/31/30/30/30,245,1,344.54,0.85,326.91,344.48,2374.0,6221.4,3.86
strong,strong,read,rr,chunked,246,8,4,1,266,2144206848,1,0.3641,0.3535,0.3725,5889.0,246,8,31/31/31/31/31/31/30/30,246,1,359.42,0.75,338.88,358.92,2384.0,5965.7,4.68
strong,strong,read,rr,chunked,247,8,4,1,265,2144829440,1,0.3507,0.342,0.3642,6116.1,247,8,31/31/31/31/31/31/31/30,247,1,354.85,0.98,326.88,354.76,2387.0,6044.3,-4.17
strong,strong,read,rr,chunked,248,8,4,1,264,2145386496,1,0.347,0.3415,0.3585,6183.0,248,8,31/31/31/31/31/31/31/31,248,1,344.97,1.03,324.9,344.36,2379.0,6219.1,2.01
strong,strong,read,rr,chunked,249,8,4,1,263,2145878016,1,0.3523,0.3444,0.3605,6090.6,249,8,32/31/31/31/31/31/31/31,249,1,349.2,0.85,326.31,349.16,2392.0,6145.1,3.12
strong,strong,read,rr,chunked,250,8,4,1,262,2146304000,1,0.3685,0.3588,0.3754,5825.0,250,8,32/32/31/31/31/31/31/31,250,1,354.91,0.71,338.33,354.32,2393.0,6047.5,13.55
strong,strong,read,rr,chunked,251,8,4,1,261,2146664448,1,0.3514,0.3446,0.3653,6108.1,251,8,32/32/32/31/31/31/31/31,251,1,348.96,0.85,326.63,348.92,2394.0,6151.6,2.48
strong,strong,read,rr,chunked,252,8,4,1,260,2146959360,1,0.3529,0.3488,0.363,6084.4,252,8,32/32/32/32/31/31/31/31,252,1,358.88,0.95,320.93,358.84,2384.0,5982.4,-6.02
strong,strong,read,rr,chunked,253,8,4,1,259,2147188736,1,0.3525,0.3495,0.3566,6091.2,253,8,32/32/32/32/32/31/31/31,253,1,348.52,0.87,328.36,348.4,2377.0,6160.9,3.98
strong,strong,read,rr,chunked,254,8,4,1,258,2147352576,1,0.3909,0.3854,0.3977,5493.9,254,8,32/32/32/32/32/32/31/31,254,1,391.28,0.99,363.81,391.24,2387.0,5488.0,-0.42
strong,strong,read,rr,chunked,255,8,4,1,257,2147450880,1,0.3515,0.3444,0.3576,6109.0,255,8,32/32/32/32/32/32/32/31,255,1,346.91,0.9,329.53,346.72,2382.0,6190.2,4.61
strong,strong,read,rr,chunked,256,8,4,1,256,2147483648,1,0.3556,0.3476,0.3613,6039.3,256,8,32/32/32/32/32/32/32/32,256,1,355.49,0.88,334.64,354.92,2396.0,6040.9,0.09
strong,strong,read,packed,chunked,1,8,4,1,65536,2147483648,1,34.9694,34.3323,35.0668,61.4,1,1,1/0/0/0/0/0/0/0,1,1,35038.72,0.0,35038.72,35038.72,2398.0,61.3,-69.31
strong,strong,read,packed,chunked,2,8,4,1,32768,2147483648,1,17.6699,17.6485,17.6966,121.5,2,1,2/0/0/0/0/0/0/0,2,1,17662.28,0.0,17626.72,17662.28,2398.0,121.6,7.64
strong,strong,read,packed,chunked,3,8,4,1,21845,2147450880,1,11.7632,11.6328,11.7807,182.6,3,1,3/0/0/0/0/0/0/0,3,1,11628.36,0.0,11595.76,11628.36,2396.0,184.7,134.82
strong,strong,read,packed,chunked,4,8,4,1,16384,2147483648,1,8.8491,8.8278,8.8689,242.7,4,1,4/0/0/0/0/0/0/0,4,1,8854.28,0.0,8804.64,8854.28,2394.0,242.5,-5.21
strong,strong,read,packed,chunked,5,8,4,1,13107,2147450880,1,7.0603,7.0261,7.0904,304.2,5,1,5/0/0/0/0/0/0/0,5,1,7021.64,0.04,6990.97,7021.6,2396.0,305.8,38.65
strong,strong,read,packed,chunked,6,8,4,1,10922,2147352576,1,5.9292,5.9189,5.9493,362.2,6,1,6/0/0/0/0/0/0/0,6,1,5914.48,0.04,5864.01,5914.48,2390.0,363.1,14.7
strong,strong,read,packed,chunked,7,8,4,1,9362,2147418112,1,5.0654,5.0513,5.0833,423.9,7,1,7/0/0/0/0/0/0/0,7,1,5055.56,0.04,5023.26,5055.52,2396.0,424.8,9.87
strong,strong,read,packed,chunked,8,8,4,1,8192,2147483648,1,4.4818,4.4634,4.4992,479.2,8,1,8/0/0/0/0/0/0/0,8,1,4475.0,0.04,4448.83,4474.96,2397.0,479.9,6.85
strong,strong,read,packed,chunked,9,8,4,1,7281,2147254272,1,3.946,3.9307,3.9761,544.2,9,1,9/0/0/0/0/0/0/0,9,1,3938.6,0.04,3905.44,3938.56,2391.0,545.2,7.38
strong,strong,read,packed,chunked,10,8,4,1,6553,2147287040,1,3.5711,3.557,3.5818,601.3,10,1,10/0/0/0/0/0/0/0,10,1,3566.8,0.04,3536.94,3566.8,2395.0,602.0,4.34
strong,strong,read,packed,chunked,11,8,4,1,5957,2147188736,1,3.2634,3.2492,3.2758,658.0,11,1,11/0/0/0/0/0/0/0,11,1,3254.64,0.04,3232.35,3254.64,2391.0,659.7,8.77
strong,strong,read,packed,chunked,12,8,4,1,5461,2147352576,1,2.9919,2.9795,2.9979,717.7,12,1,12/0/0/0/0/0/0/0,12,1,2992.16,0.04,2974.6,2992.16,2394.0,717.7,-0.27
strong,strong,read,packed,chunked,13,8,4,1,5041,2147385344,1,2.7727,2.7633,2.7816,774.5,13,1,13/0/0/0/0/0/0/0,13,1,2768.48,0.04,2748.28,2768.48,2399.0,775.7,4.21
strong,strong,read,packed,chunked,14,8,4,1,4681,2147418112,1,2.5875,2.5798,2.6021,829.9,14,1,14/0/0/0/0/0/0/0,14,1,2586.08,0.08,2563.56,2586.0,2391.0,830.4,1.45
strong,strong,read,packed,chunked,15,8,4,1,4369,2147450880,1,2.4237,2.4169,2.4307,886.0,15,1,15/0/0/0/0/0/0/0,15,1,2426.36,0.08,2403.94,2426.28,2393.0,885.1,-2.66
strong,strong,read,packed,chunked,16,8,4,1,4096,2147483648,1,2.2995,2.2895,2.3038,933.9,16,1,16/0/0/0/0/0/0/0,16,1,2299.48,0.08,2285.66,2299.44,2386.0,933.9,0.04
strong,strong,read,packed,chunked,17,8,4,1,3855,2147450880,1,2.1587,2.1475,2.1693,994.8,17,1,17/0/0/0/0/0/0/0,17,1,2165.0,0.08,2145.74,2164.96,2379.0,991.9,-6.34
strong,strong,read,packed,chunked,18,8,4,1,3640,2146959360,1,2.0613,2.0528,2.0649,1041.5,18,1,18/0/0/0/0/0/0/0,18,1,2055.4,0.08,2042.18,2055.32,2397.0,1044.5,5.94
strong,strong,read,packed,chunked,19,8,4,1,3449,2147319808,1,1.9622,1.9549,1.9722,1094.3,19,1,19/0/0/0/0/0/0/0,19,1,1957.12,0.08,1945.83,1957.08,2394.0,1097.2,5.08
strong,strong,read,packed,chunked,20,8,4,1,3276,2146959360,1,1.8795,1.8733,1.8852,1142.3,20,1,20/0/0/0/0/0/0/0,20,1,1880.88,0.12,1865.84,1880.84,2371.0,1141.5,-1.38
strong,strong,read,packed,chunked,21,8,4,1,3120,2146959360,1,1.8044,1.7993,1.8138,1189.8,21,1,21/0/0/0/0/0/0/0,21,1,1805.08,0.08,1795.62,1805.04,2398.0,1189.4,-0.64
strong,strong,read,packed,chunked,22,8,4,1,2978,2146828288,1,1.7519,1.7448,1.7608,1225.4,22,1,22/0/0/0/0/0/0/0,22,1,1747.44,0.08,1733.45,1747.4,2383.0,1228.6,4.44
strong,strong,read,packed,chunked,23,8,4,1,2849,2147188736,1,1.7083,1.7035,1.7167,1256.9,23,1,23/0/0/0/0/0/0/0,23,1,1705.0,0.08,1693.57,1704.92,2390.0,1259.3,3.28
strong,strong,read,packed,chunked,24,8,4,1,2730,2146959360,1,1.6813,1.6669,1.689,1277.0,24,1,24/0/0/0/0/0/0/0,24,1,1684.68,0.08,1670.21,1684.68,2385.0,1274.4,-3.36
strong,strong,read,packed,chunked,25,8,4,1,2621,2147123200,1,1.6525,1.645,1.6621,1299.3,25,1,25/0/0/0/0/0/0/0,25,1,1649.64,0.12,1641.26,1649.6,2362.0,1301.6,2.84
strong,strong,read,packed,chunked,26,8,4,1,2520,2146959360,1,1.627,1.6238,1.6364,1319.6,26,1,26/0/0/0/0/0/0/0,26,1,1622.48,0.12,1612.78,1622.4,2405.0,1323.3,4.56
strong,strong,read,packed,chunked,27,8,4,1,2427,2147254272,1,1.6229,1.6164,1.6314,1323.1,27,1,27/0/0/0/0/0/0/0,27,1,1616.6,0.12,1603.95,1616.52,2395.0,1328.3,6.26
strong,strong,read,packed,chunked,28,8,4,1,2340,2146959360,1,1.6132,1.6045,1.6156,1330.8,28,1,28/0/0/0/0/0/0/0,28,1,1604.08,0.12,1593.8,1604.04,2370.0,1338.4,9.16
strong,strong,read,packed,chunked,29,8,4,1,2259,2146664448,1,1.6099,1.6041,1.6133,1333.4,29,1,29/0/0/0/0/0/0/0,29,1,1604.88,0.16,1595.73,1604.8,2386.0,1337.6,5.06
strong,strong,read,packed,chunked,30,8,4,1,2184,2146959360,1,1.607,1.6012,1.6103,1336.0,30,1,30/0/0/0/0/0/0/0,30,1,1603.96,0.12,1592.71,1603.96,2395.0,1338.5,3.02
strong,strong,read,packed,chunked,31,8,4,1,2114,2147418112,1,1.6061,1.6014,1.6099,1337.1,31,1,31/0/0/0/0/0/0/0,31,1,1603.24,0.16,1589.69,1603.08,2368.0,1339.4,2.84
strong,strong,read,packed,chunked,32,8,4,1,2048,2147483648,1,1.6041,1.5997,1.6061,1338.7,32,1,32/0/0/0/0/0/0/0,32,1,1598.32,0.12,1590.02,1598.32,2405.0,1343.6,5.82
strong,strong,read,packed,chunked,33,8,4,1,1985,2146467840,1,1.5543,1.5514,1.5576,1381.0,33,2,32/1/0/0/0/0/0/0,33,1,1550.12,0.56,1527.16,1549.6,2362.0,1384.7,4.14
strong,strong,read,packed,chunked,34,8,4,1,1927,2146893824,1,1.5095,1.5037,1.5137,1422.3,34,2,32/2/0/0/0/0/0/0,34,1,1504.92,0.48,1470.52,1504.48,2388.0,1426.6,4.58
strong,strong,read,packed,chunked,35,8,4,1,1872,2146959360,1,1.4682,1.4624,1.4727,1462.3,35,2,32/3/0/0/0/0/0/0,35,1,1463.0,0.52,1416.48,1462.52,2403.0,1467.5,5.24
strong,strong,read,packed,chunked,36,8,4,1,1820,2146959360,1,1.4261,1.4206,1.4291,1505.5,36,2,32/4/0/0/0/0/0/0,36,1,1416.52,0.48,1361.82,1416.04,2400.0,1515.7,9.53
strong,strong,read,packed,chunked,37,8,4,1,1771,2147188736,1,1.3869,1.3839,1.3906,1548.2,37,2,32/5/0/0/0/0/0/0,37,1,1382.52,0.52,1318.4,1382.04,2399.0,1553.1,4.39
strong,strong,read,packed,chunked,38,8,4,1,1724,2146697216,1,1.3526,1.3469,1.3549,1587.1,38,2,32/6/0/0/0/0/0/0,38,1,1348.28,0.68,1277.34,1347.72,2379.0,1592.2,4.33
strong,strong,read,packed,chunked,39,8,4,1,1680,2146959360,1,1.318,1.3147,1.322,1629.0,39,2,32/7/0/0/0/0/0/0,39,1,1310.84,0.48,1231.92,1310.52,2379.0,1637.9,7.11
strong,strong,read,packed,chunked,40,8,4,1,1638,2146959360,1,1.2859,1.2807,1.2889,1669.6,40,2,32/8/0/0/0/0/0/0,40,1,1283.0,0.2,1200.81,1282.96,2387.0,1673.4,2.93
strong,strong,read,packed,chunked,41,8,4,1,1598,2146893824,1,1.2517,1.2476,1.2597,1715.1,41,2,32/9/0/0/0/0/0/0,41,1,1247.88,0.36,1163.73,1247.64,2385.0,1720.4,3.85
strong,strong,read,packed,chunked,42,8,4,1,1560,2146959360,1,1.2245,1.2196,1.2257,1753.4,42,2,32/10/0/0/0/0/0/0,42,1,1221.4,0.52,1130.02,1221.0,2386.0,1757.8,3.07
strong,strong,read,packed,chunked,43,8,4,1,1524,2147352576,1,1.196,1.1915,1.2004,1795.4,43,2,32/11/0/0/0/0/0/0,43,1,1196.24,0.44,1103.13,1195.88,2373.0,1795.1,-0.23
strong,strong,read,packed,chunked,44,8,4,1,1489,2146828288,1,1.1651,1.1639,1.1713,1842.6,44,2,32/12/0/0/0/0/0/0,44,1,1160.92,0.56,1063.43,1160.44,2379.0,1849.2,4.17
strong,strong,read,packed,chunked,45,8,4,1,1456,2146959360,1,1.1425,1.1363,1.1476,1879.2,45,2,32/13/0/0/0/0/0/0,45,1,1139.76,0.48,1042.81,1139.32,2372.0,1883.7,2.71
strong,strong,read,packed,chunked,46,8,4,1,1424,2146435072,1,1.1178,1.1126,1.1253,1920.3,46,2,32/14/0/0/0/0/0/0,46,1,1112.56,0.44,1008.79,1112.28,2401.0,1929.3,5.21
strong,strong,read,packed,chunked,47,8,4,1,1394,2146893824,1,1.094,1.0915,1.0987,1962.4,47,2,32/15/0/0/0/0/0/0,47,1,1090.0,0.52,985.12,1089.6,2390.0,1969.6,4.01
strong,strong,read,packed,chunked,48,8,4,1,1365,2146959360,1,1.0722,1.0676,1.0746,2002.4,48,2,32/16/0/0/0/0/0/0,48,1,1070.08,0.48,967.73,1069.6,2407.0,2006.4,2.13
strong,strong,read,packed,chunked,49,8,4,1,1337,2146729984,1,1.0501,1.0466,1.0523,2044.4,49,2,32/17/0/0/0/0/0/0,49,1,1046.32,0.84,943.01,1045.56,2390.0,2051.7,3.73
strong,strong,read,packed,chunked,50,8,4,1,1310,2146304000,1,1.0291,1.0254,1.037,2085.5,50,2,32/18/0/0/0/0/0/0,50,1,1027.6,0.56,923.41,1027.16,2394.0,2088.7,1.53
strong,strong,read,packed,chunked,51,8,4,1,1285,2147450880,1,1.0092,1.005,1.0139,2127.9,51,2,32/19/0/0/0/0/0/0,51,1,1009.96,0.56,903.71,1009.44,2361.0,2126.3,-0.77
strong,strong,read,packed,chunked,52,8,4,1,1260,2146959360,1,0.9887,0.9849,0.9932,2171.6,52,2,32/20/0/0/0/0/0/0,52,1,982.16,0.6,881.81,981.64,2354.0,2186.0,6.51
strong,strong,read,packed,chunked,53,8,4,1,1236,2146566144,1,0.9735,0.9687,0.9763,2205.0,53,2,32/21/0/0/0/0/0/0,53,1,968.2,0.4,870.55,967.84,2370.0,2217.1,5.31
strong,strong,read,packed,chunked,54,8,4,1,1213,2146369536,1,0.9512,0.9481,0.9576,2256.4,54,2,32/22/0/0/0/0/0/0,54,1,946.2,0.72,848.28,945.56,2382.0,2268.4,5.05
strong,strong,read,packed,chunked,55,8,4,1,1191,2146467840,1,0.9368,0.9312,0.9403,2291.3,55,2,32/23/0/0/0/0/0/0,55,1,933.04,0.48,839.84,932.72,2407.0,2300.5,3.77
strong,strong,read,packed,chunked,56,8,4,1,1170,2146959360,1,0.9213,0.9152,0.924,2330.3,56,2,32/24/0/0/0/0/0/0,56,1,918.52,0.52,828.91,918.12,2408.0,2337.4,2.79
strong,strong,read,packed,chunked,57,8,4,1,1149,2146074624,1,0.9013,0.9003,0.904,2381.1,57,2,32/25/0/0/0/0/0/0,57,1,899.12,0.44,816.07,898.84,2394.0,2386.9,2.19
strong,strong,read,packed,chunked,58,8,4,1,1129,2145714176,1,0.885,0.8838,0.8914,2424.6,58,2,32/26/0/0/0/0/0/0,58,1,881.24,0.48,807.56,880.84,2385.0,2434.9,3.73
strong,strong,read,packed,chunked,59,8,4,1,1110,2145976320,1,0.872,0.8694,0.8773,2460.8,59,2,32/27/0/0/0/0/0/0,59,1,864.8,0.64,801.43,864.16,2369.0,2481.5,7.25
strong,strong,read,packed,chunked,60,8,4,1,1092,2146959360,1,0.8581,0.856,0.8612,2502.1,60,2,32/28/0/0/0/0/0/0,60,1,854.24,0.76,800.93,853.6,2377.0,2513.3,3.83
strong,strong,read,packed,chunked,61,8,4,1,1074,2146762752,1,0.8449,0.8432,0.8496,2540.9,61,2,32/29/0/0/0/0/0/0,61,1,842.0,0.56,801.38,841.52,2385.0,2549.6,2.87
strong,strong,read,packed,chunked,62,8,4,1,1057,2147418112,1,0.8296,0.8279,0.8387,2588.6,62,2,32/30/0/0/0/0/0/0,62,1,826.56,0.64,796.05,826.04,2388.0,2598.0,3.01
strong,strong,read,packed,chunked,63,8,4,1,1040,2146959360,1,0.819,0.8156,0.8243,2621.4,63,2,32/31/0/0/0/0/0/0,63,1,812.6,0.44,793.91,812.16,2374.0,2642.1,6.41
strong,strong,read,packed,chunked,64,8,4,1,1024,2147483648,1,0.8073,0.8042,0.811,2660.1,64,2,32/32/0/0/0/0/0/0,64,1,806.76,0.6,799.43,806.72,2375.0,2661.9,0.53
strong,strong,read,packed,chunked,65,8,4,1,1008,2146959360,1,0.7933,0.7908,0.7989,2706.2,65,3,32/32/1/0/0/0/0/0,65,1,789.96,0.56,779.16,789.84,2405.0,2717.8,3.39
strong,strong,read,packed,chunked,66,8,4,1,992,2145386496,1,0.7816,0.7794,0.7903,2744.8,66,3,32/32/2/0/0/0/0/0,66,1,778.4,0.61,767.9,778.12,2401.0,2756.1,3.21
strong,strong,read,packed,chunked,67,8,4,1,978,2147155968,1,0.7695,0.7666,0.7757,2790.2,67,3,32/32/3/0/0/0/0/0,67,1,762.8,0.68,749.45,762.24,2393.0,2814.8,6.73
strong,strong,read,packed,chunked,68,8,4,1,963,2145779712,1,0.7593,0.7568,0.764,2826.1,68,3,32/32/4/0/0/0/0/0,68,1,755.6,0.69,738.29,754.96,2405.0,2839.8,3.67
strong,strong,read,packed,chunked,69,8,4,1,949,2145681408,1,0.7478,0.7447,0.7527,2869.1,69,3,32/32/5/0/0/0/0/0,69,1,745.48,0.48,727.38,745.32,2393.0,2878.3,2.37
strong,strong,read,packed,chunked,70,8,4,1,936,2146959360,1,0.7365,0.7352,0.7436,2915.1,70,3,32/32/6/0/0/0/0/0,70,1,731.36,0.61,711.12,730.76,2406.0,2935.6,5.15
strong,strong,read,packed,chunked,71,8,4,1,923,2147385344,1,0.7281,0.7244,0.7337,2949.2,71,3,32/32/7/0/0/0/0/0,71,1,720.6,0.72,699.57,720.0,2390.0,2980.0,7.53
strong,strong,read,packed,chunked,72,8,4,1,910,2146959360,1,0.7173,0.7149,0.7216,2993.2,72,3,32/32/8/0/0/0/0/0,72,1,710.96,0.73,687.27,710.84,2396.0,3019.8,6.31
strong,strong,read,packed,chunked,73,8,4,1,897,2145681408,1,0.7067,0.704,0.712,3036.1,73,3,32/32/9/0/0/0/0/0,73,1,701.24,0.73,676.79,701.24,2363.0,3059.8,5.49
strong,strong,read,packed,chunked,74,8,4,1,885,2145976320,1,0.7003,0.6977,0.7066,3064.4,74,3,32/32/10/0/0/0/0/0,74,1,694.56,0.6,665.94,694.12,2383.0,3089.7,5.73
strong,strong,read,packed,chunked,75,8,4,1,873,2145484800,1,0.6877,0.6853,0.6953,3119.9,75,3,32/32/11/0/0/0/0/0,75,1,680.44,0.45,654.9,680.2,2390.0,3153.1,7.25
strong,strong,read,packed,chunked,76,8,4,1,862,2146697216,1,0.6795,0.676,0.6836,3159.3,76,3,32/32/12/0/0/0/0/0,76,1,674.36,0.53,645.35,673.96,2403.0,3183.3,5.13
strong,strong,read,packed,chunked,77,8,4,1,851,2147188736,1,0.6712,0.6684,0.675,3199.1,77,3,32/32/13/0/0/0/0/0,77,1,665.44,0.77,636.57,664.88,2384.0,3226.7,5.75
strong,strong,read,packed,chunked,78,8,4,1,840,2146959360,1,0.6665,0.6622,0.6697,3221.1,78,3,32/32/14/0/0/0/0/0,78,1,663.96,0.69,633.77,663.36,2396.0,3233.6,2.57
strong,strong,read,packed,chunked,79,8,4,1,829,2146009088,1,0.6549,0.6528,0.6614,3276.8,79,3,32/32/15/0/0/0/0/0,79,1,651.24,0.96,619.35,651.08,2404.0,3295.3,3.67
strong,strong,read,packed,chunked,80,8,4,1,819,2146959360,1,0.6469,0.6443,0.6532,3318.9,80,3,32/32/16/0/0/0/0/0,80,1,640.4,0.57,609.9,640.24,2363.0,3352.5,6.49
strong,strong,read,packed,chunked,81,8,4,1,809,2147254272,1,0.6395,0.635,0.6455,3357.5,81,3,32/32/17/0/0/0/0/0,81,1,638.4,0.56,606.76,637.96,2390.0,3363.5,1.15
strong,strong,read,packed,chunked,82,8,4,1,799,2146893824,1,0.6344,0.63,0.6378,3384.1,82,3,32/32/18/0/0/0/0/0,82,1,632.24,0.88,596.69,631.48,2383.0,3395.7,2.17
strong,strong,read,packed,chunked,83,8,4,1,789,2145878016,1,0.6235,0.6206,0.6293,3441.4,83,3,32/32/19/0/0/0/0/0,83,1,616.72,0.77,585.49,616.64,2405.0,3479.5,6.83
strong,strong,read,packed,chunked,84,8,4,1,780,2146959360,1,0.6176,0.616,0.6217,3476.3,84,3,32/32/20/0/0/0/0/0,84,1,614.12,0.69,582.39,613.6,2372.0,3496.0,3.49
strong,strong,read,packed,chunked,85,8,4,1,771,2147450880,1,0.6105,0.6064,0.6149,3517.7,85,3,32/32/21/0/0/0/0/0,85,1,604.76,0.73,572.7,604.2,2363.0,3550.9,5.71
strong,strong,read,packed,chunked,86,8,4,1,762,2147352576,1,0.6364,0.6279,0.6459,3374.0,86,3,32/32/22/0/0/0/0/0,86,1,633.84,0.69,602.64,633.72,2366.0,3387.8,2.61
strong,strong,read,packed,chunked,87,8,4,1,753,2146664448,1,0.596,0.5933,0.6016,3601.6,87,3,32/32/23/0/0/0/0/0,87,1,589.24,0.49,559.57,589.12,2390.0,3643.1,6.79
strong,strong,read,packed,chunked,88,8,4,1,744,2145386496,1,0.5921,0.5872,0.595,3623.1,88,3,32/32/24/0/0/0/0/0,88,1,590.04,0.64,558.14,589.44,2389.0,3636.0,2.11
strong,strong,read,packed,chunked,89,8,4,1,736,2146435072,1,0.5844,0.5821,0.5876,3672.6,89,3,32/32/25/0/0/0/0/0,89,1,583.48,0.61,556.59,583.04,2392.0,3678.7,0.97
strong,strong,read,packed,chunked,90,8,4,1,728,2146959360,1,0.5795,0.5763,0.5902,3704.8,90,3,32/32/26/0/0/0/0/0,90,1,573.2,0.8,546.68,572.56,2368.0,3745.6,6.31
strong,strong,read,packed,chunked,91,8,4,1,720,2146959360,1,0.573,0.5688,0.5822,3746.7,91,3,32/32/27/0/0/0/0/0,91,1,570.52,0.61,544.32,570.12,2363.0,3763.2,2.51
strong,strong,read,packed,chunked,92,8,4,1,712,2146435072,1,0.569,0.566,0.5754,3772.0,92,3,32/32/28/0/0/0/0/0,92,1,563.4,0.57,545.12,562.92,2390.0,3809.8,5.65
strong,strong,read,packed,chunked,93,8,4,1,704,2145386496,1,0.5691,0.564,0.5737,3769.5,93,3,32/32/29/0/0/0/0/0,93,1,565.96,0.65,547.03,565.64,2406.0,3790.7,3.19
strong,strong,read,packed,chunked,94,8,4,1,697,2146893824,1,0.5579,0.5546,0.5647,3848.1,94,3,32/32/30/0/0/0/0/0,94,1,552.72,0.76,537.48,551.96,2391.0,3884.2,5.19
strong,strong,read,packed,chunked,95,8,4,1,689,2144829440,1,0.5546,0.5526,0.5665,3867.6,95,3,32/32/31/0/0/0/0/0,95,1,550.32,0.69,537.74,549.72,2400.0,3897.4,4.25
strong,strong,read,packed,chunked,96,8,4,1,682,2145386496,1,0.5472,0.5439,0.5511,3920.5,96,3,32/32/32/0/0/0/0/0,96,1,540.01,0.73,534.43,539.36,2372.0,3972.9,7.22
strong,strong,read,packed,chunked,97,8,4,1,675,2145484800,1,0.5506,0.5483,0.5586,3896.9,97,4,32/32/32/1/0/0/0/0,97,1,546.48,0.73,536.97,545.84,2391.0,3926.0,4.09
strong,strong,read,packed,chunked,98,8,4,1,668,2145124352,1,0.5453,0.5415,0.5516,3934.1,98,4,32/32/32/2/0/0/0/0,98,1,540.01,0.81,531.9,539.76,2397.0,3972.4,5.26
strong,strong,read,packed,chunked,99,8,4,1,661,2144305152,1,0.5443,0.5426,0.5508,3939.2,99,4,32/32/32/3/0/0/0/0,99,1,538.36,0.69,529.56,537.84,2390.0,3983.0,5.99
strong,strong,read,packed,chunked,100,8,4,1,655,2146304000,1,0.5472,0.5449,0.5521,3922.2,100,4,32/32/32/4/0/0/0/0,100,1,544.96,0.77,537.03,544.32,2407.0,3938.5,2.27
strong,strong,read,packed,chunked,101,8,4,1,648,2144600064,1,0.5448,0.542,0.5503,3936.6,101,4,32/32/32/5/0/0/0/0,101,1,542.21,0.77,531.61,541.56,2400.0,3955.3,2.58
strong,strong,read,packed,chunked,102,8,4,1,642,2145779712,1,0.5465,0.5442,0.5512,3926.2,102,4,32/32/32/6/0/0/0/0,102,1,540.73,0.6,529.63,540.28,2371.0,3968.3,5.8
strong,strong,read,packed,chunked,103,8,4,1,636,2146566144,1,0.5457,0.5422,0.5504,3933.6,103,4,32/32/32/7/0/0/0/0,103,1,540.09,0.57,527.31,539.64,2394.0,3974.5,5.62
strong,strong,read,packed,chunked,104,8,4,1,630,2146959360,1,0.5473,0.5425,0.5526,3922.6,104,4,32/32/32/8/0/0/0/0,104,1,538.88,0.53,527.22,538.6,2405.0,3984.1,8.45
strong,strong,read,packed,chunked,105,8,4,1,624,2146959360,1,0.5441,0.5414,0.547,3945.6,105,4,32/32/32/9/0/0/0/0,105,1,537.61,0.65,527.1,537.12,2406.0,3993.5,6.54
strong,strong,read,packed,chunked,106,8,4,1,618,2146566144,1,0.5433,0.541,0.5485,3950.8,106,4,32/32/32/10/0/0/0/0,106,1,537.48,0.92,527.56,536.6,2377.0,3993.8,5.85
strong,strong,read,packed,chunked,107,8,4,1,612,2145779712,1,0.5424,0.5397,0.5477,3956.3,107,4,32/32/32/11/0/0/0/0,107,1,537.52,0.81,527.5,537.0,2372.0,3992.0,4.85
strong,strong,read,packed,chunked,108,8,4,1,606,2144600064,1,0.5423,0.5398,0.5452,3954.7,108,4,32/32/32/12/0/0/0/0,108,1,538.2,0.57,526.87,537.72,2394.0,3984.8,4.08
strong,strong,read,packed,chunked,109,8,4,1,601,2146598912,1,0.5422,0.5404,0.5446,3958.9,109,4,32/32/32/13/0/0/0/0,109,1,540.64,0.65,528.08,540.28,2375.0,3970.5,1.59
strong,strong,read,packed,chunked,110,8,4,1,595,2144665600,1,0.5407,0.5393,0.5461,3966.3,110,4,32/32/32/14/0/0/0/0,110,1,540.56,0.76,529.45,539.8,2393.0,3967.5,0.17
strong,strong,read,packed,chunked,111,8,4,1,590,2145976320,1,0.5464,0.5416,0.5526,3927.4,111,4,32/32/32/15/0/0/0/0,111,1,548.88,0.65,530.85,548.4,2384.0,3909.7,-2.47
strong,strong,read,packed,chunked,112,8,4,1,585,2146959360,1,0.5412,0.5393,0.5452,3967.1,112,4,32/32/32/16/0/0/0/0,112,1,538.65,0.69,524.02,537.96,2394.0,3985.8,2.54
strong,strong,read,packed,chunked,113,8,4,1,579,2143911936,1,0.5425,0.5384,0.5464,3951.9,113,4,32/32/32/17/0/0/0/0,113,1,534.41,0.65,523.83,533.84,2405.0,4011.7,8.1
strong,strong,read,packed,chunked,114,8,4,1,574,2144206848,1,0.5394,0.5366,0.5441,3975.0,114,4,32/32/32/18/0/0/0/0,114,1,532.65,0.65,522.19,532.08,2395.0,4025.5,6.78
strong,strong,read,packed,chunked,115,8,4,1,569,2144174080,1,0.5386,0.5357,0.5428,3980.8,115,4,32/32/32/19/0/0/0/0,115,1,531.96,0.72,521.92,531.36,2374.0,4030.7,6.67
strong,strong,read,packed,chunked,116,8,4,1,564,2143813632,1,0.5398,0.5374,0.5431,3971.7,116,4,32/32/32/20/0/0/0/0,116,1,533.73,0.8,522.86,533.12,2393.0,4016.7,6.04
strong,strong,read,packed,chunked,117,8,4,1,560,2146959360,1,0.5387,0.5381,0.5451,3985.5,117,4,32/32/32/21/0/0/0/0,117,1,534.29,0.77,523.13,533.72,2409.0,4018.3,4.4
strong,strong,read,packed,chunked,118,8,4,1,555,2145976320,1,0.5398,0.5376,0.5454,3975.8,118,4,32/32/32/22/0/0/0/0,118,1,534.16,0.69,523.43,533.72,2369.0,4017.5,5.61
strong,strong,read,packed,chunked,119,8,4,1,550,2144665600,1,0.5392,0.5364,0.5438,3977.6,119,4,32/32/32/23/0/0/0/0,119,1,534.2,0.64,523.51,533.64,2409.0,4014.7,4.99
strong,strong,read,packed,chunked,120,8,4,1,546,2146959360,1,0.5406,0.5364,0.5442,3971.4,120,4,32/32/32/24/0/0/0/0,120,1,537.49,0.57,525.88,536.92,2403.0,3994.4,3.12
strong,strong,read,packed,chunked,121,8,4,1,541,2145026048,1,0.5398,0.5384,0.5424,3973.8,121,4,32/32/32/25/0/0/0/0,121,1,534.61,0.77,522.36,533.96,2374.0,4012.3,5.18
strong,strong,read,packed,chunked,122,8,4,1,537,2146762752,1,0.5386,0.5362,0.5437,3985.5,122,4,32/32/32/26/0/0/0/0,122,1,537.96,0.8,526.55,537.24,2383.0,3990.6,0.68
strong,strong,read,packed,chunked,123,8,4,1,532,2144206848,1,0.5414,0.539,0.5456,3960.4,123,4,32/32/32/27/0/0/0/0,123,1,541.84,0.68,529.76,541.32,2397.0,3957.3,-0.43
strong,strong,read,packed,chunked,124,8,4,1,528,2145386496,1,0.54,0.5353,0.545,3972.7,124,4,32/32/32/28/0/0/0/0,124,1,535.65,0.69,525.81,535.04,2407.0,4005.2,4.38
strong,strong,read,packed,chunked,125,8,4,1,524,2146304000,1,0.5422,0.5397,0.5455,3958.8,125,4,32/32/32/29/0/0/0/0,125,1,535.73,0.61,522.97,535.24,2399.0,4006.3,6.44
strong,strong,read,packed,chunked,126,8,4,1,520,2146959360,1,0.5409,0.538,0.5444,3969.3,126,4,32/32/32/30/0/0/0/0,126,1,534.01,0.57,522.23,533.6,2398.0,4020.4,6.88
strong,strong,read,packed,chunked,127,8,4,1,516,2147352576,1,0.6136,0.6052,0.6232,3499.7,127,4,32/32/32/31/0/0/0/0,127,1,610.04,0.77,591.46,609.64,2399.0,3520.0,3.55
strong,strong,read,packed,chunked,128,8,4,1,512,2147483648,1,0.5421,0.539,0.5457,3961.4,128,4,32/32/32/32/0/0/0/0,128,1,535.17,0.77,524.62,534.48,2400.0,4012.7,6.94
strong,strong,read,packed,chunked,129,8,4,1,508,2147352576,1,0.5855,0.5762,0.5976,3667.4,129,5,32/32/32/32/1/0/0/0,129,1,573.81,0.71,555.31,573.64,2411.0,3742.3,11.72
strong,strong,read,packed,chunked,130,8,4,1,504,2146959360,1,0.5331,0.5278,0.539,4027.3,130,5,32/32/32/32/2/0/0/0,130,1,528.96,0.79,512.58,528.56,2382.0,4058.8,4.15
strong,strong,read,packed,chunked,131,8,4,1,500,2146304000,1,0.5291,0.5268,0.5335,4056.6,131,5,32/32/32/32/3/0/0/0,131,1,525.57,0.79,513.17,525.16,2378.0,4083.8,3.52
strong,strong,read,packed,chunked,132,8,4,1,496,2145386496,1,0.5267,0.5231,0.533,4073.2,132,5,32/32/32/32/4/0/0/0,132,1,519.17,0.83,503.73,518.64,2385.0,4132.3,7.54
strong,strong,read,packed,chunked,133,8,4,1,492,2144206848,1,0.5255,0.5216,0.528,4080.3,133,5,32/32/32/32/5/0/0/0,133,1,518.01,0.84,502.19,517.36,2390.0,4139.3,7.5
strong,strong,read,packed,chunked,134,8,4,1,489,2147155968,1,0.5203,0.5141,0.5258,4126.4,134,5,32/32/32/32/6/0/0/0,134,1,516.57,0.85,493.82,515.8,2396.0,4156.6,3.78
strong,strong,read,packed,chunked,135,8,4,1,485,2145484800,1,0.5169,0.5108,0.5232,4151.0,135,5,32/32/32/32/7/0/0/0,135,1,513.17,0.79,490.85,512.52,2402.0,4180.8,3.7
strong,strong,read,packed,chunked,136,8,4,1,481,2143551488,1,0.5125,0.5073,0.5165,4182.5,136,5,32/32/32/32/8/0/0/0,136,1,505.81,0.83,492.0,505.12,2395.0,4237.9,6.7
strong,strong,read,packed,chunked,137,8,4,1,478,2145845248,1,0.5096,0.5036,0.5133,4211.0,137,5,32/32/32/32/9/0/0/0,137,1,509.37,0.79,488.44,508.84,2400.0,4212.7,0.22
strong,strong,read,packed,chunked,138,8,4,1,474,2143420416,1,0.506,0.501,0.5135,4236.3,138,5,32/32/32/32/10/0/0/0,138,1,497.12,0.73,482.21,496.64,2402.0,4311.7,8.85
strong,strong,read,packed,chunked,139,8,4,1,471,2145288192,1,0.502,0.4979,0.5094,4273.4,139,5,32/32/32/32/11/0/0/0,139,1,495.45,0.79,479.18,494.92,2379.0,4330.0,6.56
strong,strong,read,packed,chunked,140,8,4,1,468,2146959360,1,0.4973,0.494,0.5028,4316.8,140,5,32/32/32/32/12/0/0/0,140,1,490.17,0.75,474.48,489.56,2399.0,4380.0,7.18
strong,strong,read,packed,chunked,141,8,4,1,464,2143813632,1,0.4969,0.4924,0.4994,4314.7,141,5,32/32/32/32/13/0/0/0,141,1,488.44,0.87,470.6,488.0,2399.0,4389.1,8.43
strong,strong,read,packed,chunked,142,8,4,1,461,2145058816,1,0.4939,0.4875,0.5071,4343.2,142,5,32/32/32/32/14/0/0/0,142,1,487.04,0.79,462.56,486.6,2402.0,4404.3,6.84
strong,strong,read,packed,chunked,143,8,4,1,458,2146107392,1,0.4925,0.4871,0.497,4357.5,143,5,32/32/32/32/15/0/0/0,143,1,488.61,0.83,466.38,488.16,2400.0,4392.3,3.89
strong,strong,read,packed,chunked,144,8,4,1,455,2146959360,1,0.4862,0.4806,0.4942,4416.1,144,5,32/32/32/32/16/0/0/0,144,1,481.98,0.67,460.06,481.4,2374.0,4454.5,4.19
strong,strong,read,packed,chunked,145,8,4,1,451,2142863360,1,0.4853,0.4798,0.4874,4415.7,145,5,32/32/32/32/17/0/0/0,145,1,479.6,0.77,459.62,479.04,2399.0,4468.0,5.68
strong,strong,read,packed,chunked,146,8,4,1,448,2143289344,1,0.4803,0.475,0.4832,4462.4,146,5,32/32/32/32/18/0/0/0,146,1,471.01,0.79,452.16,470.52,2392.0,4550.4,9.29
strong,strong,read,packed,chunked,147,8,4,1,445,2143518720,1,0.4796,0.4719,0.4883,4469.0,147,5,32/32/32/32/19/0/0/0,147,1,475.37,0.87,454.92,474.88,2398.0,4509.2,4.27
strong,strong,read,packed,chunked,148,8,4,1,442,2143551488,1,0.4744,0.469,0.481,4518.0,148,5,32/32/32/32/20/0/0/0,148,1,467.64,0.91,444.7,467.04,2397.0,4583.8,6.81
strong,strong,read,packed,chunked,149,8,4,1,439,2143387648,1,0.473,0.4676,0.4758,4531.4,149,5,32/32/32/32/21/0/0/0,149,1,471.96,0.87,434.66,471.32,2398.0,4541.5,1.04
strong,strong,read,packed,chunked,150,8,4,1,436,2143027200,1,0.4684,0.4641,0.4726,4575.5,150,5,32/32/32/32/22/0/0/0,150,1,468.38,0.79,440.18,468.04,2394.0,4575.4,-0.02
strong,strong,read,packed,chunked,151,8,4,1,434,2147418112,1,0.4639,0.4601,0.4688,4628.6,151,5,32/32/32/32/23/0/0/0,151,1,459.28,0.75,434.04,458.84,2397.0,4675.6,4.67
strong,strong,read,packed,chunked,152,8,4,1,431,2146697216,1,0.4666,0.4614,0.472,4600.3,152,5,32/32/32/32/24/0/0/0,152,1,462.5,0.91,432.37,461.92,2387.0,4641.5,4.14
strong,strong,read,packed,chunked,153,8,4,1,428,2145779712,1,0.4593,0.4542,0.4715,4671.8,153,5,32/32/32/32/25/0/0/0,153,1,456.45,0.83,433.93,456.0,2395.0,4701.0,2.85
strong,strong,read,packed,chunked,154,8,4,1,425,2144665600,1,0.4584,0.4533,0.4636,4678.7,154,5,32/32/32/32/26/0/0/0,154,1,450.08,0.87,423.74,449.72,2386.0,4765.1,8.31
strong,strong,read,packed,chunked,155,8,4,1,422,2143354880,1,0.4551,0.4506,0.4711,4709.4,155,5,32/32/32/32/27/0/0/0,155,1,451.74,0.81,419.85,451.24,2393.0,4744.7,3.38
strong,strong,read,packed,chunked,156,8,4,1,420,2146959360,1,0.454,0.4472,0.4693,4728.7,156,5,32/32/32/32/28/0/0/0,156,1,458.58,0.77,419.13,458.04,2385.0,4681.8,-4.55
strong,strong,read,packed,chunked,157,8,4,1,417,2145288192,1,0.4503,0.4428,0.4552,4764.1,157,5,32/32/32/32/29/0/0/0,157,1,438.96,0.71,415.69,438.4,2394.0,4887.2,11.34
strong,strong,read,packed,chunked,158,8,4,1,414,2143420416,1,0.4442,0.4434,0.4514,4825.1,158,5,32/32/32/32/30/0/0/0,158,1,436.17,0.95,414.74,435.56,2397.0,4914.2,8.05
strong,strong,read,packed,chunked,159,8,4,1,412,2146566144,1,0.4472,0.4419,0.4588,4800.0,159,5,32/32/32/32/31/0/0/0,159,1,442.72,0.87,408.52,442.68,2395.0,4848.6,4.48
strong,strong,read,packed,chunked,160,8,4,1,409,2144337920,1,0.4435,0.4406,0.4511,4835.2,160,5,32/32/32/32/32/0/0/0,160,1,441.26,0.81,413.15,440.68,2397.0,4859.6,2.22
strong,strong,read,packed,chunked,161,8,4,1,407,2147188736,1,0.4397,0.4359,0.4472,4883.3,161,6,32/32/32/32/32/1/0/0,161,1,432.12,0.93,406.36,431.64,2382.0,4969.0,7.58
strong,strong,read,packed,chunked,162,8,4,1,404,2144600064,1,0.4419,0.4333,0.4565,4853.5,162,6,32/32/32/32/32/2/0/0,162,1,436.08,0.85,408.5,436.08,2399.0,4917.9,5.78
strong,strong,read,packed,chunked,163,8,4,1,402,2147155968,1,0.4364,0.4314,0.4516,4920.3,163,6,32/32/32/32/32/3/0/0,163,1,433.98,0.95,399.56,433.6,2381.0,4947.6,2.4
strong,strong,read,packed,chunked,164,8,4,1,399,2144206848,1,0.4342,0.429,0.4447,4938.2,164,6,32/32/32/32/32/4/0/0,164,1,429.32,0.99,399.51,429.32,2399.0,4994.4,4.88
strong,strong,read,packed,chunked,165,8,4,1,397,2146467840,1,0.4351,0.4293,0.4455,4933.0,165,6,32/32/32/32/32/5/0/0,165,1,436.42,0.87,393.68,435.92,2389.0,4918.4,-1.3
strong,strong,read,packed,chunked,166,8,4,1,394,2143158272,1,0.4366,0.4238,0.4532,4908.5,166,6,32/32/32/32/32/6/0/0,166,1,435.86,0.75,393.42,435.24,2397.0,4917.1,0.76
strong,strong,read,packed,chunked,167,8,4,1,392,2145124352,1,0.4277,0.423,0.4387,5015.9,167,6,32/32/32/32/32/7/0/0,167,1,422.02,0.75,388.55,421.56,2388.0,5083.0,5.64
strong,strong,read,packed,chunked,168,8,4,1,390,2146959360,1,0.4342,0.4263,0.443,4944.6,168,6,32/32/32/32/32/8/0/0,168,1,431.5,0.79,390.76,431.0,2394.0,4975.6,2.7
strong,strong,read,packed,chunked,169,8,4,1,387,2143125504,1,0.4547,0.4495,0.4605,4713.6,169,6,32/32/32/32/32/9/0/0,169,1,449.78,0.87,402.88,449.4,2379.0,4764.8,4.88
strong,strong,read,packed,chunked,170,8,4,1,385,2144665600,1,0.4342,0.4299,0.4428,4938.8,170,6,32/32/32/32/32/10/0/0,170,1,426.66,0.95,386.68,426.12,2395.0,5026.6,7.58
strong,strong,read,packed,chunked,171,8,4,1,383,2146074624,1,0.436,0.4217,0.4406,4922.1,171,6,32/32/32/32/32/11/0/0,171,1,417.52,1.01,382.57,417.52,2390.0,5140.1,18.48
strong,strong,read,packed,chunked,172,8,4,1,381,2147352576,1,0.4389,0.4349,0.4438,4892.5,172,6,32/32/32/32/32/12/0/0,172,1,438.44,0.93,388.91,438.32,2397.0,4897.7,0.46
strong,strong,read,packed,chunked,173,8,4,1,378,2142830592,1,0.4161,0.4093,0.4298,5149.7,173,6,32/32/32/32/32/13/0/0,173,1,413.62,0.83,374.83,413.2,2374.0,5180.7,2.48
strong,strong,read,packed,chunked,174,8,4,1,376,2143813632,1,0.4247,0.416,0.4364,5048.0,174,6,32/32/32/32/32/14/0/0,174,1,414.38,0.95,374.28,413.92,2398.0,5173.5,10.3
strong,strong,read,packed,chunked,175,8,4,1,374,2144665600,1,0.418,0.4068,0.422,5131.0,175,6,32/32/32/32/32/15/0/0,175,1,411.1,1.03,375.82,410.68,2398.0,5216.9,6.88
strong,strong,read,packed,chunked,176,8,4,1,372,2145386496,1,0.411,0.4071,0.4186,5220.1,176,6,32/32/32/32/32/16/0/0,176,1,407.28,0.95,366.54,407.16,2376.0,5267.6,3.7
strong,strong,read,packed,chunked,177,8,4,1,370,2145976320,1,0.4085,0.4041,0.4221,5253.3,177,6,32/32/32/32/32/17/0/0,177,1,418.22,0.83,367.98,417.68,2381.0,5131.2,-9.72
strong,strong,read,packed,chunked,178,8,4,1,368,2146435072,1,0.4116,0.4054,0.4174,5214.8,178,6,32/32/32/32/32/18/0/0,178,1,412.68,0.83,367.49,412.6,2400.0,5201.2,-1.07
strong,strong,read,packed,chunked,179,8,4,1,366,2146762752,1,0.4092,0.406,0.414,5245.9,179,6,32/32/32/32/32/19/0/0,179,1,407.24,0.81,359.04,407.16,2390.0,5271.5,1.98
strong,strong,read,packed,chunked,180,8,4,1,364,2146959360,1,0.4078,0.4019,0.4171,5264.9,180,6,32/32/32/32/32/20/0/0,180,1,403.82,0.87,364.75,403.44,2389.0,5316.6,3.96
strong,strong,read,packed,chunked,181,8,4,1,362,2147024896,1,0.4085,0.4004,0.4213,5255.3,181,6,32/32/32/32/32/21/0/0,181,1,417.22,0.91,369.45,416.88,2380.0,5146.0,-8.68
strong,strong,read,packed,chunked,182,8,4,1,360,2146959360,1,0.4036,0.3948,0.4128,5320.0,182,6,32/32/32/32/32/22/0/0,182,1,394.86,0.95,357.49,394.48,2389.0,5437.3,8.7
strong,strong,read,packed,chunked,183,8,4,1,358,2146762752,1,0.3983,0.3944,0.402,5389.2,183,6,32/32/32/32/32/23/0/0,183,1,394.42,0.89,358.08,393.88,2389.0,5442.8,3.92
strong,strong,read,packed,chunked,184,8,4,1,356,2146435072,1,0.3995,0.396,0.4109,5372.7,184,6,32/32/32/32/32/24/0/0,184,1,401.42,0.87,358.58,400.84,2373.0,5347.1,-1.92
strong,strong,read,packed,chunked,185,8,4,1,354,2145976320,1,0.3948,0.392,0.4046,5435.0,185,6,32/32/32/32/32/25/0/0,185,1,393.28,0.95,350.86,393.16,2387.0,5456.6,1.56
strong,strong,read,packed,chunked,186,8,4,1,352,2145386496,1,0.3911,0.3865,0.3973,5485.7,186,6,32/32/32/32/32/26/0/0,186,1,386.8,0.81,351.52,386.76,2380.0,5546.5,4.28
strong,strong,read,packed,chunked,187,8,4,1,350,2144665600,1,0.395,0.3879,0.4081,5429.2,187,6,32/32/32/32/32/27/0/0,187,1,390.1,0.91,354.15,389.6,2373.0,5497.7,4.92
strong,strong,read,packed,chunked,188,8,4,1,348,2143813632,1,0.393,0.3865,0.3983,5454.7,188,6,32/32/32/32/32/28/0/0,188,1,391.72,0.83,350.45,391.64,2389.0,5472.8,1.3
strong,strong,read,packed,chunked,189,8,4,1,346,2142830592,1,0.3921,0.3836,0.3978,5464.7,189,6,32/32/32/32/32/29/0/0,189,1,390.66,0.87,360.57,390.0,2381.0,5485.2,1.46
strong,strong,read,packed,chunked,190,8,4,1,344,2141716480,1,0.3962,0.3864,0.4049,5405.0,190,6,32/32/32/32/32/30/0/0,190,1,383.78,0.91,359.39,383.64,2389.0,5580.6,12.46
strong,strong,read,packed,chunked,191,8,4,1,343,2146729984,1,0.3837,0.3797,0.3914,5594.8,191,6,32/32/32/32/32/31/0/0,191,1,379.15,0.91,352.46,378.4,2397.0,5662.0,4.55
strong,strong,read,packed,chunked,192,8,4,1,341,2145386496,1,0.3849,0.3798,0.3936,5574.4,192,6,32/32/32/32/32/32/0/0,192,1,380.28,0.91,348.43,380.28,2367.0,5641.6,4.58
strong,strong,read,packed,chunked,193,8,4,1,339,2143911936,1,0.3887,0.3848,0.3937,5515.8,193,7,32/32/32/32/32/32/1/0,193,1,381.16,0.87,354.36,381.08,2390.0,5624.7,7.52
strong,strong,read,packed,chunked,194,8,4,1,337,2142306304,1,0.3823,0.3782,0.39,5603.4,194,7,32/32/32/32/32/32/2/0,194,1,379.19,0.81,350.09,379.04,2389.0,5649.7,3.13
strong,strong,read,packed,chunked,195,8,4,1,336,2146959360,1,0.3846,0.3768,0.3903,5582.5,195,7,32/32/32/32/32/32/3/0,195,1,380.64,0.75,342.45,380.52,2371.0,5640.4,3.94
strong,strong,read,packed,chunked,196,8,4,1,334,2145124352,1,0.3795,0.3763,0.3884,5652.4,196,7,32/32/32/32/32/32/4/0,196,1,375.12,0.79,347.0,375.0,2385.0,5718.5,4.38
strong,strong,read,packed,chunked,197,8,4,1,332,2143158272,1,0.3762,0.375,0.3861,5696.8,197,7,32/32/32/32/32/32/5/0,197,1,372.72,0.87,342.5,372.56,2373.0,5750.0,3.48
strong,strong,read,packed,chunked,198,8,4,1,330,2141061120,1,0.3831,0.3727,0.3889,5588.7,198,7,32/32/32/32/32/32/6/0,198,1,375.04,0.99,339.45,375.04,2388.0,5708.9,8.06
strong,strong,read,packed,chunked,199,8,4,1,329,2145353728,1,0.3843,0.3696,0.3916,5581.9,199,7,32/32/32/32/32/32/7/0,199,1,383.76,0.75,341.2,383.64,2384.0,5590.4,0.58
strong,strong,read,packed,chunked,200,8,4,1,327,2143027200,1,0.3778,0.3725,0.381,5672.3,200,7,32/32/32/32/32/32/8/0,200,1,368.83,0.79,341.53,368.24,2397.0,5810.3,8.97
strong,strong,read,packed,chunked,201,8,4,1,326,2147155968,1,0.377,0.3718,0.383,5694.7,201,7,32/32/32/32/32/32/9/0,201,1,368.04,0.79,343.66,368.04,2388.0,5834.0,9.0
strong,strong,read,packed,chunked,202,8,4,1,324,2144600064,1,0.371,0.3652,0.385,5779.9,202,7,32/32/32/32/32/32/10/0,202,1,381.0,0.87,333.72,380.96,2392.0,5628.9,-9.96
strong,strong,read,packed,chunked,203,8,4,1,322,2141913088,1,0.3728,0.3668,0.3782,5746.0,203,7,32/32/32/32/32/32/11/0,203,1,369.44,0.91,340.01,369.32,2402.0,5797.7,3.32
strong,strong,read,packed,chunked,204,8,4,1,321,2145779712,1,0.3725,0.3674,0.3795,5760.7,204,7,32/32/32/32/32/32/12/0,204,1,367.79,0.95,341.44,367.08,2398.0,5834.3,4.69
strong,strong,read,packed,chunked,205,8,4,1,319,2142863360,1,0.371,0.365,0.3751,5775.2,205,7,32/32/32/32/32/32/13/0,205,1,367.44,0.83,341.63,367.36,2380.0,5831.9,3.6
strong,strong,read,packed,chunked,206,8,4,1,318,2146566144,1,0.3735,0.3683,0.3844,5747.4,206,7,32/32/32/32/32/32/14/0,206,1,364.95,0.79,336.59,364.32,2378.0,5881.8,8.53
strong,strong,read,packed,chunked,207,8,4,1,316,2143420416,1,0.3687,0.3611,0.3753,5813.7,207,7,32/32/32/32/32/32/15/0,207,1,371.56,0.79,338.91,371.52,2393.0,5768.7,-2.88
strong,strong,read,packed,chunked,208,8,4,1,315,2146959360,1,0.3666,0.362,0.3718,5856.0,208,7,32/32/32/32/32/32/16/0,208,1,362.83,0.95,339.59,362.08,2395.0,5917.3,3.79
strong,strong,read,packed,chunked,209,8,4,1,313,2143584256,1,0.3662,0.3644,0.3734,5852.9,209,7,32/32/32/32/32/32/17/0,209,1,362.32,0.95,329.36,362.2,2374.0,5916.3,3.92
strong,strong,read,packed,chunked,210,8,4,1,312,2146959360,1,0.3697,0.3607,0.3818,5807.2,210,7,32/32/32/32/32/32/18/0,210,1,358.32,0.79,331.72,358.2,2385.0,5991.7,11.38
strong,strong,read,packed,chunked,211,8,4,1,310,2143354880,1,0.3669,0.364,0.3894,5842.1,211,7,32/32/32/32/32/32/19/0,211,1,368.52,0.79,328.61,368.48,2401.0,5816.1,-1.64
strong,strong,read,packed,chunked,212,8,4,1,309,2146566144,1,0.3651,0.359,0.3758,5879.0,212,7,32/32/32/32/32/32/20/0,212,1,355.16,0.75,331.28,355.08,2381.0,6043.9,9.96
strong,strong,read,packed,chunked,213,8,4,1,307,2142732288,1,0.3615,0.3552,0.3785,5927.9,213,7,32/32/32/32/32/32/21/0,213,1,359.68,0.77,326.97,359.6,2375.0,5957.3,1.78
strong,strong,read,packed,chunked,214,8,4,1,306,2145779712,1,0.3613,0.3564,0.3692,5939.3,214,7,32/32/32/32/32/32/22/0,214,1,352.56,0.87,328.02,352.4,2389.0,6086.3,8.72
strong,strong,read,packed,chunked,215,8,4,1,304,2141716480,1,0.3643,0.353,0.3782,5879.6,215,7,32/32/32/32/32/32/23/0,215,1,363.16,0.91,328.67,363.16,2376.0,5897.4,1.1
strong,strong,read,packed,chunked,216,8,4,1,303,2144600064,1,0.3652,0.353,0.3705,5872.7,216,7,32/32/32/32/32/32/24/0,216,1,366.6,0.79,329.39,366.52,2381.0,5850.0,-1.42
strong,strong,read,packed,chunked,217,8,4,1,302,2147418112,1,0.3653,0.3566,0.3727,5877.8,217,7,32/32/32/32/32/32/25/0,217,1,357.36,0.87,331.58,357.24,2386.0,6009.1,7.98
strong,strong,read,packed,chunked,218,8,4,1,300,2143027200,1,0.3584,0.352,0.3747,5980.0,218,7,32/32/32/32/32/32/26/0,218,1,364.36,0.87,328.05,364.32,2385.0,5881.6,-6.0
strong,strong,read,packed,chunked,219,8,4,1,299,2145681408,1,0.364,0.3529,0.37,5894.3,219,7,32/32/32/32/32/32/27/0,219,1,362.96,0.87,333.4,362.88,2378.0,5911.6,1.06
strong,strong,read,packed,chunked,220,8,4,1,297,2141061120,1,0.3611,0.3546,0.371,5928.9,220,7,32/32/32/32/32/32/28/0,220,1,349.96,0.95,331.49,349.84,2386.0,6118.0,11.16
strong,strong,read,packed,chunked,221,8,4,1,296,2143551488,1,0.3698,0.3594,0.3807,5796.1,221,7,32/32/32/32/32/32/29/0,221,1,375.0,0.91,335.42,374.96,2392.0,5716.1,-5.18
strong,strong,read,packed,chunked,222,8,4,1,295,2145976320,1,0.4029,0.381,0.4104,5326.3,222,7,32/32/32/32/32/32/30/0,222,1,405.76,0.75,358.76,405.64,2377.0,5288.8,-2.86
strong,strong,read,packed,chunked,223,8,4,1,293,2141028352,1,0.3581,0.3461,0.3722,5979.5,223,7,32/32/32/32/32/32/31/0,223,1,342.52,0.84,325.01,342.36,2381.0,6250.8,15.54
strong,strong,read,packed,chunked,224,8,4,1,292,2143289344,1,0.3635,0.351,0.3699,5896.2,224,7,32/32/32/32/32/32/32/0,224,1,355.44,0.91,326.01,355.36,2379.0,6030.0,8.06
strong,strong,read,packed,chunked,225,8,4,1,291,2145484800,1,0.3608,0.3536,0.372,5946.4,225,8,32/32/32/32/32/32/32/1,225,1,353.64,0.87,332.75,353.64,2386.0,6066.9,7.16
strong,strong,read,packed,chunked,226,8,4,1,289,2140209152,1,0.3583,0.3527,0.3656,5973.5,226,8,32/32/32/32/32/32/32/2,226,1,350.28,0.91,326.54,350.16,2388.0,6110.0,8.0
strong,strong,read,packed,chunked,227,8,4,1,288,2142240768,1,0.3542,0.3428,0.3674,6047.4,227,8,32/32/32/32/32/32/32/3,227,1,363.32,0.77,322.59,363.28,2379.0,5896.3,-9.08
strong,strong,read,packed,chunked,228,8,4,1,287,2144206848,1,0.3652,0.3504,0.3756,5871.3,228,8,32/32/32/32/32/32/32/4,228,1,365.84,0.81,332.58,365.72,2385.0,5861.1,-0.64
strong,strong,read,packed,chunked,229,8,4,1,286,2146107392,1,0.3682,0.3547,0.3848,5828.3,229,8,32/32/32/32/32/32/32/5,229,1,373.6,0.83,331.84,373.48,2381.0,5744.4,-5.38
strong,strong,read,packed,chunked,230,8,4,1,284,2140405760,1,0.3552,0.3462,0.3725,6025.9,230,8,32/32/32/32/32/32/32/6,230,1,342.28,0.87,323.64,342.24,2388.0,6253.4,12.92
strong,strong,read,packed,chunked,231,8,4,1,283,2142142464,1,0.3676,0.3519,0.3776,5827.9,231,8,32/32/32/32/32/32/32/7,231,1,365.48,0.99,334.09,365.4,2383.0,5861.2,2.08
strong,strong,read,packed,chunked,232,8,4,1,282,2143813632,1,0.3666,0.355,0.3745,5847.1,232,8,32/32/32/32/32/32/32/8,232,1,362.36,0.91,329.47,362.24,2385.0,5916.3,4.28
strong,strong,read,packed,chunked,233,8,4,1,281,2145419264,1,0.3647,0.3544,0.3718,5882.3,233,8,32/32/32/32/32/32/32/9,233,1,355.92,0.87,332.95,355.8,2390.0,6027.8,8.8
strong,strong,read,packed,chunked,234,8,4,1,280,2146959360,1,0.3641,0.3575,0.378,5896.2,234,8,32/32/32/32/32/32/32/10,234,1,374.08,0.83,324.51,374.04,2389.0,5739.3,-9.96
strong,strong,read,packed,chunked,235,8,4,1,278,2140733440,1,0.3634,0.3505,0.3803,5890.8,235,8,32/32/32/32/32/32/32/11,235,1,350.52,0.79,327.94,350.48,2378.0,6107.3,12.88
strong,strong,read,packed,chunked,236,8,4,1,277,2142109696,1,0.3611,0.3475,0.3692,5931.5,236,8,32/32/32/32/32/32/32/12,236,1,358.44,0.89,322.62,358.32,2384.0,5976.2,2.7
strong,strong,read,packed,chunked,237,8,4,1,276,2143420416,1,0.3593,0.348,0.3704,5965.2,237,8,32/32/32/32/32/32/32/13,237,1,355.24,0.91,324.13,355.2,2386.0,6033.7,4.08
strong,strong,read,packed,chunked,238,8,4,1,275,2144665600,1,0.3644,0.36,0.374,5885.7,238,8,32/32/32/32/32/32/32/14,238,1,356.12,0.95,327.14,356.04,2387.0,6022.3,8.26
strong,strong,read,packed,chunked,239,8,4,1,274,2145845248,1,0.3722,0.3599,0.3825,5765.5,239,8,32/32/32/32/32/32/32/15,239,1,355.98,0.75,336.59,355.44,2391.0,6028.0,16.2
strong,strong,read,packed,chunked,240,8,4,1,273,2146959360,1,0.3599,0.3561,0.365,5965.0,240,8,32/32/32/32/32/32/32/16,240,1,359.2,0.89,324.03,359.12,2390.0,5977.1,0.72
strong,strong,read,packed,chunked,241,8,4,1,271,2140110848,1,0.36,0.3513,0.369,5944.0,241,8,32/32/32/32/32/32/32/17,241,1,356.48,0.95,326.52,356.44,2381.0,6003.5,3.56
strong,strong,read,packed,chunked,242,8,4,1,270,2141061120,1,0.3672,0.354,0.3743,5831.4,242,8,32/32/32/32/32/32/32/18,242,1,367.76,0.87,331.32,367.76,2387.0,5821.9,-0.6
strong,strong,read,packed,chunked,243,8,4,1,269,2141945856,1,0.3586,0.3518,0.3669,5973.4,243,8,32/32/32/32/32/32/32/19,243,1,359.16,0.95,323.76,359.0,2389.0,5963.8,-0.58
strong,strong,read,packed,chunked,244,8,4,1,268,2142765056,1,0.359,0.3518,0.3638,5968.3,244,8,32/32/32/32/32/32/32/20,244,1,359.0,0.87,321.68,358.88,2399.0,5968.7,0.02
strong,strong,read,packed,chunked,245,8,4,1,267,2143518720,1,0.3592,0.3469,0.3657,5967.1,245,8,32/32/32/32/32/32/32/21,245,1,356.84,0.79,325.86,356.8,2381.0,6006.9,2.38
strong,strong,read,packed,chunked,246,8,4,1,266,2144206848,1,0.3572,0.3486,0.3734,6003.4,246,8,32/32/32/32/32/32/32/22,246,1,363.92,0.75,323.78,363.8,2379.0,5892.0,-6.76
strong,strong,read,packed,chunked,247,8,4,1,265,2144829440,1,0.3537,0.3502,0.366,6063.9,247,8,32/32/32/32/32/32/32/23,247,1,351.56,0.95,326.67,351.44,2385.0,6100.9,2.14
strong,strong,read,packed,chunked,248,8,4,1,264,2145386496,1,0.3532,0.3471,0.364,6073.4,248,8,32/32/32/32/32/32/32/24,248,1,359.96,0.87,326.09,359.96,2397.0,5960.1,-6.72
strong,strong,read,packed,chunked,249,8,4,1,263,2145878016,1,0.3571,0.3496,0.3727,6009.1,249,8,32/32/32/32/32/32/32/25,249,1,354.6,0.79,331.61,354.48,2384.0,6051.5,2.5
strong,strong,read,packed,chunked,250,8,4,1,262,2146304000,1,0.3608,0.3529,0.3734,5948.3,250,8,32/32/32/32/32/32/32/26,250,1,358.19,0.83,340.94,357.6,2385.0,5992.1,2.63
strong,strong,read,packed,chunked,251,8,4,1,261,2146664448,1,0.3538,0.3461,0.365,6066.7,251,8,32/32/32/32/32/32/32/27,251,1,350.58,0.87,327.23,350.16,2404.0,6123.2,3.26
strong,strong,read,packed,chunked,252,8,4,1,260,2146959360,1,0.3493,0.3397,0.3508,6146.7,252,8,32/32/32/32/32/32/32/28,252,1,346.92,0.95,326.43,346.84,2383.0,6188.6,2.36
strong,strong,read,packed,chunked,253,8,4,1,259,2147188736,1,0.3631,0.3553,0.3711,5912.8,253,8,32/32/32/32/32/32/32/29,253,1,361.2,0.95,338.7,361.12,2395.0,5944.6,1.94
strong,strong,read,packed,chunked,254,8,4,1,258,2147352576,1,0.385,0.3819,0.3972,5577.5,254,8,32/32/32/32/32/32/32/30,254,1,385.28,0.87,351.52,385.28,2391.0,5573.5,-0.28
strong,strong,read,packed,chunked,255,8,4,1,257,2147450880,1,0.3645,0.353,0.3771,5891.1,255,8,32/32/32/32/32/32/32/31,255,1,355.1,0.91,343.02,354.52,2391.0,6047.5,9.42
strong,strong,read,packed,chunked,256,8,4,1,256,2147483648,1,0.3516,0.3488,0.3572,6107.0,256,8,32/32/32/32/32/32/32/32,256,1,348.72,0.93,331.33,348.6,2385.0,6158.2,2.92
strong,strong,write,rr,chunked,1,8,4,1,65536,2147483648,1,14.0153,14.0105,14.0252,153.2,1,1,1/0/0/0/0/0/0/0,1,1,14006.92,0.0,14006.92,14006.92,2396.0,153.3,8.39
strong,strong,write,rr,chunked,2,8,4,1,32768,2147483648,1,7.0082,6.9921,7.016,306.4,2,2,1/1/0/0/0/0/0/0,2,1,6986.08,0.44,6979.14,6985.64,2402.0,307.4,22.15
strong,strong,write,rr,chunked,3,8,4,1,21845,2147450880,1,4.6634,4.6618,4.6662,460.5,3,3,1/1/1/0/0/0/0/0,3,1,4656.48,0.49,4650.88,4656.04,2404.0,461.2,6.95
strong,strong,write,rr,chunked,4,8,4,1,16384,2147483648,1,3.5035,3.5007,3.5119,613.0,4,4,1/1/1/1/0/0/0/0,4,1,3499.0,0.45,3492.16,3498.6,2402.0,613.7,4.48
strong,strong,write,rr,chunked,5,8,4,1,13107,2147450880,1,2.8221,2.8017,2.8353,761.0,5,5,1/1/1/1/1/0/0/0,5,1,2813.51,0.64,2802.76,2812.92,2396.0,763.3,8.54
strong,strong,write,rr,chunked,6,8,4,1,10922,2147352576,1,2.3438,2.3297,2.3542,916.2,6,6,1/1/1/1/1/1/0/0,6,1,2340.43,0.63,2329.79,2339.8,2401.0,917.5,3.39
strong,strong,write,rr,chunked,7,8,4,1,9362,2147418112,1,2.0076,2.0011,2.0181,1069.6,7,7,1/1/1/1/1/1/1/0,7,1,2012.15,0.83,1999.29,2011.32,2399.0,1067.2,-4.51
strong,strong,write,rr,chunked,8,8,4,1,8192,2147483648,1,1.7602,1.7517,1.7653,1220.0,8,8,1/1/1/1/1/1/1/1,8,1,1758.69,0.83,1746.04,1758.2,2398.0,1221.1,1.55
strong,strong,write,rr,chunked,9,8,4,1,7281,2147254272,1,1.7116,1.6919,1.7283,1254.5,9,8,2/1/1/1/1/1/1/1,9,1,1722.36,0.79,1589.78,1721.92,2391.0,1246.7,-10.78
strong,strong,write,rr,chunked,10,8,4,1,6553,2147287040,1,1.4137,1.4094,1.4186,1518.9,10,8,2/2/1/1/1/1/1/1,10,1,1412.36,0.69,1400.05,1411.84,2400.0,1520.4,1.36
strong,strong,write,rr,chunked,11,8,4,1,5957,2147188736,1,1.4018,1.3865,1.4047,1531.8,11,8,2/2/2/1/1/1/1/1,11,1,1395.33,0.79,1321.94,1394.64,2404.0,1538.8,6.44
strong,strong,write,rr,chunked,12,8,4,1,5461,2147352576,1,1.2762,1.2679,1.288,1682.6,12,8,2/2/2/2/1/1/1/1,12,1,1276.69,0.67,1186.43,1276.04,2396.0,1682.0,-0.5
strong,strong,write,rr,chunked,13,8,4,1,5041,2147385344,1,1.1902,1.1815,1.1971,1804.2,13,8,2/2/2/2/2/1/1/1,13,1,1181.29,0.71,1121.13,1180.88,2399.0,1817.8,8.9
strong,strong,write,rr,chunked,14,8,4,1,4681,2147418112,1,1.0917,1.0795,1.1037,1967.1,14,8,2/2/2/2/2/2/1/1,14,1,1094.37,0.83,1012.08,1093.84,2404.0,1962.2,-2.68
strong,strong,write,rr,chunked,15,8,4,1,4369,2147450880,1,1.0216,1.0029,1.0305,2102.0,15,8,2/2/2/2/2/2/2/1,15,1,1014.65,0.83,958.85,1014.12,2409.0,2116.4,6.98
strong,strong,write,rr,chunked,16,8,4,1,4096,2147483648,1,0.9399,0.9069,0.9596,2284.9,16,8,2/2/2/2/2/2/2/2,16,1,946.81,0.79,885.42,946.16,2393.0,2268.1,-6.94
strong,strong,write,rr,chunked,17,8,4,1,3855,2147450880,1,0.9083,0.8879,0.9121,2364.2,17,8,3/2/2/2/2/2/2/2,17,1,900.65,0.73,849.11,899.92,2393.0,2384.3,7.66
strong,strong,write,rr,chunked,18,8,4,1,3640,2146959360,1,0.8723,0.8492,0.8817,2461.3,18,8,3/3/2/2/2/2/2/2,18,1,858.25,0.94,802.92,858.12,2406.0,2501.6,14.04
strong,strong,write,rr,chunked,19,8,4,1,3449,2147319808,1,0.8332,0.8218,0.8412,2577.2,19,8,3/3/3/2/2/2/2/2,19,1,827.01,0.79,765.83,826.68,2400.0,2596.5,6.2
strong,strong,write,rr,chunked,20,8,4,1,3276,2146959360,1,0.7899,0.7866,0.7948,2718.1,20,8,3/3/3/3/2/2/2/2,20,1,784.2,0.79,733.74,783.56,2401.0,2737.8,5.67
strong,strong,write,rr,chunked,21,8,4,1,3120,2146959360,1,0.7554,0.7488,0.7664,2842.1,21,8,3/3/3/3/3/2/2/2,21,1,743.04,0.69,698.31,742.52,2404.0,2889.4,12.37
strong,strong,write,rr,chunked,22,8,4,1,2978,2146828288,1,0.7198,0.7142,0.7254,2982.5,22,8,3/3/3/3/3/3/2/2,22,1,717.91,0.63,676.39,717.32,2390.0,2990.4,1.9
strong,strong,write,rr,chunked,23,8,4,1,2849,2147188736,1,0.6904,0.6863,0.6938,3109.9,23,8,3/3/3/3/3/3/3/2,23,1,684.8,0.73,646.63,684.12,2398.0,3135.5,5.63
strong,strong,write,rr,chunked,24,8,4,1,2730,2146959360,1,0.6624,0.6598,0.6707,3241.1,24,8,3/3/3/3/3/3/3/3,24,1,661.17,0.83,624.79,660.64,2394.0,3247.2,1.26
strong,strong,write,rr,chunked,25,8,4,1,2621,2147123200,1,0.6508,0.6434,0.6568,3299.0,25,8,4/3/3/3/3/3/3/3,25,1,640.52,0.83,604.61,640.04,2399.0,3352.2,10.33
strong,strong,write,rr,chunked,26,8,4,1,2520,2146959360,1,0.6279,0.6214,0.636,3419.1,26,8,4/4/3/3/3/3/3/3,26,1,616.85,0.86,582.81,616.72,2403.0,3480.5,11.08
strong,strong,write,rr,chunked,27,8,4,1,2427,2147254272,1,0.606,0.6004,0.6083,3543.1,27,8,4/4/4/3/3/3/3/3,27,1,597.85,0.71,563.44,597.2,2407.0,3591.6,8.2
strong,strong,write,rr,chunked,28,8,4,1,2340,2146959360,1,0.5852,0.5811,0.5898,3668.8,28,8,4/4/4/4/3/3/3/3,28,1,582.6,0.75,553.99,582.0,2406.0,3685.1,2.59
strong,strong,write,rr,chunked,29,8,4,1,2259,2146664448,1,0.5656,0.5606,0.5696,3795.5,29,8,4/4/4/4/4/3/3/3,29,1,554.77,0.71,535.89,554.28,2391.0,3869.5,10.82
strong,strong,write,rr,chunked,30,8,4,1,2184,2146959360,1,0.5479,0.5443,0.5502,3918.5,30,8,4/4/4/4/4/4/3/3,30,1,538.55,0.67,523.81,538.12,2392.0,3986.6,9.36
strong,strong,write,rr,chunked,31,8,4,1,2114,2147418112,1,0.5292,0.527,0.5343,4057.5,31,8,4/4/4/4/4/4/4/3,31,1,523.92,0.71,508.54,523.92,2389.0,4098.8,5.32
strong,strong,write,rr,chunked,32,8,4,1,2048,2147483648,1,0.5143,0.511,0.5181,4175.5,32,8,4/4/4/4/4/4/4/4,32,1,507.62,0.79,492.6,507.12,2400.0,4230.5,6.69
strong,strong,write,rr,chunked,33,8,4,1,1985,2146467840,1,0.5254,0.4983,0.5325,4085.4,33,8,5/4/4/4/4/4/4/4,33,1,492.48,0.83,480.39,492.04,2399.0,4358.5,32.93
strong,strong,write,rr,chunked,34,8,4,1,1927,2146893824,1,0.5153,0.5114,0.5222,4166.1,34,8,5/5/4/4/4/4/4/4,34,1,509.4,0.79,473.73,509.36,2379.0,4214.6,5.93
strong,strong,write,rr,chunked,35,8,4,1,1872,2146959360,1,0.5104,0.5069,0.5141,4206.4,35,8,5/5/5/4/4/4/4/4,35,1,505.29,0.67,463.17,504.64,2381.0,4249.0,5.11
strong,strong,write,rr,chunked,36,8,4,1,1820,2146959360,1,0.4984,0.4893,0.5019,4307.3,36,8,5/5/5/5/4/4/4/4,36,1,493.13,0.71,452.51,492.48,2392.0,4353.7,5.32
strong,strong,write,rr,chunked,37,8,4,1,1771,2147188736,1,0.4858,0.4819,0.4887,4419.7,37,8,5/5/5/5/5/4/4/4,37,1,480.05,0.71,441.31,479.44,2374.0,4472.8,5.78
strong,strong,write,rr,chunked,38,8,4,1,1724,2146697216,1,0.4742,0.4687,0.4788,4527.3,38,8,5/5/5/5/5/5/4/4,38,1,466.57,0.83,432.49,466.0,2391.0,4601.0,7.6
strong,strong,write,rr,chunked,39,8,4,1,1680,2146959360,1,0.4641,0.4599,0.4674,4626.4,39,8,5/5/5/5/5/5/5/4,39,1,457.91,0.87,428.83,457.08,2380.0,4688.6,6.15
strong,strong,write,rr,chunked,40,8,4,1,1638,2146959360,1,0.4578,0.4466,0.4608,4689.3,40,8,5/5/5/5/5/5/5/5,40,1,452.29,0.93,423.52,451.76,2357.0,4746.9,5.56
strong,strong,write,rr,chunked,41,8,4,1,1598,2146893824,1,0.4522,0.4419,0.4597,4748.0,41,8,6/5/5/5/5/5/5/5,41,1,436.01,0.75,412.26,435.4,2371.0,4924.0,16.16
strong,strong,write,rr,chunked,42,8,4,1,1560,2146959360,1,0.4437,0.4406,0.4499,4839.1,42,8,6/6/5/5/5/5/5/5,42,1,437.97,0.69,406.21,437.28,2371.0,4902.1,5.69
strong,strong,write,rr,chunked,43,8,4,1,1524,2147352576,1,0.4595,0.4534,0.4622,4672.8,43,8,6/6/6/5/5/5/5/5,43,1,452.53,0.75,402.46,451.88,2372.0,4745.2,7.01
strong,strong,write,rr,chunked,44,8,4,1,1489,2146828288,1,0.454,0.4454,0.4594,4728.9,44,8,6/6/6/6/5/5/5/5,44,1,440.81,0.87,393.83,440.16,2355.0,4870.2,13.18
strong,strong,write,rr,chunked,45,8,4,1,1456,2146959360,1,0.4505,0.4472,0.4551,4765.5,45,8,6/6/6/6/6/5/5/5,45,1,445.81,0.83,390.77,445.28,2351.0,4815.9,4.71
strong,strong,write,rr,chunked,46,8,4,1,1424,2146435072,1,0.4491,0.4431,0.4528,4778.9,46,8,6/6/6/6/6/6/5/5,46,1,442.85,0.71,387.4,442.2,2351.0,4846.9,6.29
strong,strong,write,rr,chunked,47,8,4,1,1394,2146893824,1,0.4422,0.4391,0.4472,4854.5,47,8,6/6/6/6/6/6/6/5,47,1,435.29,0.71,381.49,434.68,2352.0,4932.1,6.95
strong,strong,write,rr,chunked,48,8,4,1,1365,2146959360,1,0.4382,0.4299,0.4461,4899.2,48,8,6/6/6/6/6/6/6/6,48,1,430.45,0.71,369.96,429.84,2371.0,4987.7,7.77
strong,strong,write,rr,chunked,49,8,4,1,1337,2146729984,1,0.4411,0.4326,0.446,4867.2,49,8,7/6/6/6/6/6/6/6,49,1,426.57,0.87,367.32,426.04,2368.0,5032.5,14.49
strong,strong,write,rr,chunked,50,8,4,1,1310,2146304000,1,0.4323,0.4286,0.4377,4964.6,50,8,7/7/6/6/6/6/6/6,50,1,422.89,0.87,360.2,422.32,2361.0,5075.3,9.43
strong,strong,write,rr,chunked,51,8,4,1,1285,2147450880,1,0.4392,0.4336,0.4447,4889.6,51,8,7/7/7/6/6/6/6/6,51,1,430.45,0.91,360.4,429.84,2361.0,4988.9,8.73
strong,strong,write,rr,chunked,52,8,4,1,1260,2146959360,1,0.437,0.4307,0.4401,4913.1,52,8,7/7/7/7/6/6/6/6,52,1,432.77,0.71,359.88,432.2,2353.0,4961.0,4.22
strong,strong,write,rr,chunked,53,8,4,1,1236,2146566144,1,0.4302,0.4265,0.4355,4989.4,53,8,7/7/7/7/7/6/6/6,53,1,425.61,0.71,353.68,424.96,2352.0,5043.5,4.61
strong,strong,write,rr,chunked,54,8,4,1,1213,2146369536,1,0.4276,0.423,0.4318,5019.3,54,8,7/7/7/7/7/7/6/6,54,1,421.53,0.79,346.59,421.0,2350.0,5091.9,6.09
strong,strong,write,rr,chunked,55,8,4,1,1191,2146467840,1,0.4268,0.4201,0.4334,5028.7,55,8,7/7/7/7/7/7/7/6,55,1,415.57,0.95,343.77,414.92,2350.0,5165.1,11.27
strong,strong,write,rr,chunked,56,8,4,1,1170,2146959360,1,0.4258,0.4232,0.4296,5042.1,56,8,7/7/7/7/7/7/7/7,56,1,418.13,0.87,341.53,417.6,2348.0,5134.7,7.67
strong,strong,write,rr,chunked,57,8,4,1,1149,2146074624,1,0.4225,0.4147,0.425,5079.4,57,8,8/7/7/7/7/7/7/7,57,1,409.85,0.79,336.06,409.28,2350.0,5236.2,12.65
strong,strong,write,rr,chunked,58,8,4,1,1129,2145714176,1,0.4173,0.4114,0.428,5142.3,58,8,8/8/7/7/7/7/7/7,58,1,412.25,0.71,331.35,411.64,2349.0,5204.9,5.01
strong,strong,write,rr,chunked,59,8,4,1,1110,2145976320,1,0.4119,0.4093,0.4138,5210.4,59,8,8/8/8/7/7/7/7/7,59,1,405.13,0.79,332.04,404.48,2351.0,5297.0,6.73
strong,strong,write,rr,chunked,60,8,4,1,1092,2146959360,1,0.4094,0.4041,0.4156,5244.1,60,8,8/8/8/8/7/7/7/7,60,1,400.29,0.91,326.08,399.88,2347.0,5363.5,9.11
strong,strong,write,rr,chunked,61,8,4,1,1074,2146762752,1,0.4077,0.4041,0.4093,5265.8,61,8,8/8/8/8/8/7/7/7,61,1,400.61,0.91,324.18,400.04,2344.0,5358.7,7.07
strong,strong,write,rr,chunked,62,8,4,1,1057,2147418112,1,0.4063,0.4028,0.4107,5284.7,62,8,8/8/8/8/8/8/7/7,62,1,403.61,0.83,322.27,403.12,2342.0,5320.5,2.73
strong,strong,write,rr,chunked,63,8,4,1,1040,2146959360,1,0.3982,0.3898,0.4037,5391.9,63,8,8/8/8/8/8/8/8/7,63,1,388.45,0.67,327.46,387.8,2345.0,5527.0,9.73
strong,strong,write,rr,chunked,64,8,4,1,1024,2147483648,1,0.4135,0.4038,0.4343,5193.4,64,8,8/8/8/8/8/8/8/8,64,1,409.54,0.79,366.71,408.88,2350.0,5243.6,3.96
strong,strong,write,rr,chunked,65,8,4,1,1008,2146959360,1,0.3915,0.3809,0.396,5483.9,65,8,9/8/8/8/8/8/8/8,65,1,385.52,0.75,334.76,385.48,2350.0,5569.0,5.98
strong,strong,write,rr,chunked,66,8,4,1,992,2145386496,1,0.3863,0.3829,0.3926,5553.3,66,8,9/9/8/8/8/8/8/8,66,1,378.66,0.83,324.37,378.16,2349.0,5665.7,7.66
strong,strong,write,rr,chunked,67,8,4,1,978,2147155968,1,0.4107,0.4086,0.4172,5228.0,67,8,9/9/9/8/8/8/8/8,67,1,408.25,0.83,308.71,407.72,2343.0,5259.4,2.46
strong,strong,write,rr,chunked,68,8,4,1,963,2145779712,1,0.4027,0.3967,0.4071,5328.2,68,8,9/9/9/9/8/8/8/8,68,1,397.53,0.83,308.47,397.04,2342.0,5397.8,5.19
strong,strong,write,rr,chunked,69,8,4,1,949,2145681408,1,0.3994,0.3975,0.4037,5371.9,69,8,9/9/9/9/9/8/8/8,69,1,393.64,0.76,305.35,393.56,2341.0,5450.9,5.78
strong,strong,write,rr,chunked,70,8,4,1,936,2146959360,1,0.3987,0.3945,0.4032,5384.3,70,8,9/9/9/9/9/9/8/8,70,1,394.45,0.67,297.7,393.88,2338.0,5442.9,4.29
strong,strong,write,rr,chunked,71,8,4,1,923,2147385344,1,0.3922,0.3888,0.3994,5475.2,71,8,9/9/9/9/9/9/9/8,71,1,390.29,0.83,303.71,389.8,2340.0,5502.0,1.91
strong,strong,write,rr,chunked,72,8,4,1,910,2146959360,1,0.3876,0.3829,0.3947,5538.5,72,8,9/9/9/9/9/9/9/9,72,1,384.01,0.91,297.04,383.52,2340.0,5590.9,3.63
strong,strong,write,rr,chunked,73,8,4,1,897,2145681408,1,0.3798,0.376,0.3852,5650.0,73,8,10/9/9/9/9/9/9/9,73,1,376.5,0.79,306.8,376.04,2342.0,5699.0,3.26
strong,strong,write,rr,chunked,74,8,4,1,885,2145976320,1,0.382,0.38,0.3868,5618.3,74,8,10/10/9/9/9/9/9/9,74,1,374.17,0.73,296.86,373.48,2342.0,5735.3,7.79
strong,strong,write,rr,chunked,75,8,4,1,873,2145484800,1,0.3904,0.3844,0.3957,5495.6,75,8,10/10/10/9/9/9/9/9,75,1,382.09,0.75,306.48,381.52,2345.0,5615.1,8.31
strong,strong,write,rr,chunked,76,8,4,1,862,2146697216,1,0.3896,0.3869,0.3932,5509.9,76,8,10/10/10/10/9/9/9/9,76,1,381.65,0.79,293.36,381.16,2338.0,5624.8,7.95
strong,strong,write,rr,chunked,77,8,4,1,851,2147188736,1,0.3863,0.3816,0.3897,5558.9,77,8,10/10/10/10/10/9/9/9,77,1,382.5,0.91,299.95,382.08,2336.0,5613.6,3.76
strong,strong,write,rr,chunked,78,8,4,1,840,2146959360,1,0.3859,0.3832,0.3895,5564.0,78,8,10/10/10/10/10/10/9/9,78,1,376.66,0.83,292.89,376.32,2336.0,5700.0,9.2
strong,strong,write,rr,chunked,79,8,4,1,829,2146009088,1,0.3795,0.3758,0.383,5654.8,79,8,10/10/10/10/10/10/10/9,79,1,369.58,0.83,296.98,369.08,2337.0,5806.6,9.92
strong,strong,write,rr,chunked,80,8,4,1,819,2146959360,1,0.3722,0.3688,0.3773,5768.2,80,8,10/10/10/10/10/10/10/10,80,1,362.94,0.83,302.91,362.44,2338.0,5915.5,9.26
strong,strong,write,rr,chunked,81,8,4,1,809,2147254272,1,0.3734,0.3704,0.3744,5749.9,81,8,11/10/10/10/10/10/10/10,81,1,364.33,0.77,296.3,363.76,2343.0,5893.7,9.11
strong,strong,write,rr,chunked,82,8,4,1,799,2146893824,1,0.3705,0.3669,0.3776,5795.1,82,8,11/11/10/10/10/10/10/10,82,1,365.37,0.87,290.2,364.8,2344.0,5875.9,5.09
strong,strong,write,rr,chunked,83,8,4,1,789,2145878016,1,0.3768,0.374,0.3805,5694.9,83,8,11/11/11/10/10/10/10/10,83,1,369.18,0.75,296.8,368.8,2345.0,5812.6,7.62
strong,strong,write,rr,chunked,84,8,4,1,780,2146959360,1,0.3983,0.3952,0.4024,5389.7,84,8,11/11/11/11/10/10/10/10,84,1,390.34,0.83,296.07,390.0,2338.0,5500.2,8.0
strong,strong,write,rr,chunked,85,8,4,1,771,2147450880,1,0.3962,0.3894,0.4012,5419.5,85,8,11/11/11/11/11/10/10/10,85,1,390.7,0.75,296.72,390.28,2337.0,5496.4,5.54
strong,strong,write,rr,chunked,86,8,4,1,762,2147352576,1,0.3862,0.3763,0.3942,5559.6,86,8,11/11/11/11/11/11/10/10,86,1,380.22,0.75,302.77,379.76,2340.0,5647.7,6.02
strong,strong,write,rr,chunked,87,8,4,1,753,2146664448,1,0.3926,0.3899,0.3963,5468.3,87,8,11/11/11/11/11/11/11/10,87,1,383.53,0.82,294.98,382.96,2336.0,5597.1,9.03
strong,strong,write,rr,chunked,88,8,4,1,744,2145386496,1,0.3807,0.3772,0.3872,5635.0,88,8,11/11/11/11/11/11/11/11,88,1,373.46,0.83,295.81,373.08,2338.0,5744.6,7.26
strong,strong,write,rr,chunked,89,8,4,1,736,2146435072,1,0.3829,0.3791,0.392,5605.1,89,8,12/11/11/11/11/11/11/11,89,1,376.9,0.87,292.14,376.32,2343.0,5695.0,6.04
strong,strong,write,rr,chunked,90,8,4,1,728,2146959360,1,0.377,0.3718,0.3801,5695.4,90,8,12/12/11/11/11/11/11/11,90,1,370.14,0.87,296.4,369.56,2344.0,5800.4,6.82
strong,strong,write,rr,chunked,91,8,4,1,720,2146959360,1,0.3851,0.3826,0.3906,5574.7,91,8,12/12/12/11/11/11/11/11,91,1,384.5,0.63,291.56,384.16,2342.0,5583.8,0.62
strong,strong,write,rr,chunked,92,8,4,1,712,2146435072,1,0.3848,0.3818,0.3892,5578.6,92,8,12/12/12/12/11/11/11/11,92,1,375.9,0.75,291.53,375.32,2336.0,5710.1,8.86
strong,strong,write,rr,chunked,93,8,4,1,704,2145386496,1,0.38,0.376,0.3832,5645.1,93,8,12/12/12/12/12/11/11/11,93,1,372.14,0.79,296.7,371.52,2334.0,5765.0,7.9
strong,strong,write,rr,chunked,94,8,4,1,697,2146893824,1,0.3759,0.3727,0.3798,5711.6,94,8,12/12/12/12/12/12/11/11,94,1,370.02,0.87,296.98,369.72,2333.0,5802.1,5.86
strong,strong,write,rr,chunked,95,8,4,1,689,2144829440,1,0.3746,0.3699,0.3796,5725.9,95,8,12/12/12/12/12/12/12/11,95,1,364.02,0.89,293.26,363.56,2335.0,5892.1,10.56
strong,strong,write,rr,chunked,96,8,4,1,682,2145386496,1,0.3706,0.3654,0.3848,5788.3,96,8,12/12/12/12/12/12/12/12,96,1,363.42,0.75,303.79,363.0,2336.0,5903.3,7.22
strong,strong,write,rr,chunked,97,8,4,1,675,2145484800,1,0.3673,0.3639,0.3724,5840.9,97,8,13/12/12/12/12/12/12/12,97,1,357.94,0.79,302.89,357.32,2347.0,5994.0,9.38
strong,strong,write,rr,chunked,98,8,4,1,668,2145124352,1,0.3689,0.3652,0.3728,5815.5,98,8,13/13/12/12/12/12/12/12,98,1,363.34,0.71,287.47,362.88,2343.0,5903.9,5.52
strong,strong,write,rr,chunked,99,8,4,1,661,2144305152,1,0.3647,0.3575,0.3712,5880.2,99,8,13/13/13/12/12/12/12/12,99,1,356.22,0.83,308.88,355.72,2348.0,6019.6,8.44
strong,strong,write,rr,chunked,100,8,4,1,655,2146304000,1,0.3833,0.3789,0.3866,5598.9,100,8,13/13/13/13/12/12/12/12,100,1,377.46,0.95,298.55,377.08,2334.0,5686.2,5.88
strong,strong,write,rr,chunked,101,8,4,1,648,2144600064,1,0.3871,0.3828,0.3932,5540.7,101,8,13/13/13/13/13/12/12/12,101,1,383.7,0.87,294.41,383.16,2336.0,5589.3,3.36
strong,strong,write,rr,chunked,102,8,4,1,642,2145779712,1,0.3797,0.3762,0.3821,5650.6,102,8,13/13/13/13/13/13/12/12,102,1,375.82,0.79,288.73,375.36,2335.0,5709.6,3.92
strong,strong,write,rr,chunked,103,8,4,1,636,2146566144,1,0.3805,0.374,0.3838,5641.4,103,8,13/13/13/13/13/13/13/12,103,1,373.5,0.75,291.52,372.88,2336.0,5747.2,7.0
strong,strong,write,rr,chunked,104,8,4,1,630,2146959360,1,0.3799,0.3764,0.3838,5651.0,104,8,13/13/13/13/13/13/13/13,104,1,373.82,0.75,289.75,373.36,2337.0,5743.3,6.1
strong,strong,write,rr,chunked,105,8,4,1,624,2146959360,1,0.3777,0.374,0.3832,5684.5,105,8,14/13/13/13/13/13/13/13,105,1,370.66,0.91,286.65,370.36,2341.0,5792.3,7.02
strong,strong,write,rr,chunked,106,8,4,1,618,2146566144,1,0.3676,0.365,0.3724,5839.3,106,8,14/14/13/13/13/13/13/13,106,1,364.98,0.91,289.33,364.48,2341.0,5881.3,2.62
strong,strong,write,rr,chunked,107,8,4,1,612,2145779712,1,0.3693,0.3673,0.3728,5811.0,107,8,14/14/14/13/13/13/13/13,107,1,363.02,0.89,288.54,362.68,2340.0,5910.9,6.24
strong,strong,write,rr,chunked,108,8,4,1,606,2144600064,1,0.3649,0.3606,0.3715,5877.2,108,8,14/14/14/14/13/13/13/13,108,1,359.58,0.75,296.49,359.08,2337.0,5964.2,5.32
strong,strong,write,rr,chunked,109,8,4,1,601,2146598912,1,0.3592,0.3555,0.3639,5976.0,109,8,14/14/14/14/14/13/13/13,109,1,350.58,0.75,298.96,350.0,2334.0,6123.0,8.62
strong,strong,write,rr,chunked,110,8,4,1,595,2144665600,1,0.3572,0.3516,0.3618,6003.7,110,8,14/14/14/14/14/14/13/13,110,1,356.06,0.89,294.88,355.64,2336.0,6023.3,1.16
strong,strong,write,rr,chunked,111,8,4,1,590,2145976320,1,0.3551,0.3518,0.3581,6043.6,111,8,14/14/14/14/14/14/14/13,111,1,349.54,0.91,300.5,349.12,2337.0,6139.4,5.54
strong,strong,write,rr,chunked,112,8,4,1,585,2146959360,1,0.3584,0.3547,0.3618,5990.7,112,8,14/14/14/14/14/14/14/14,112,1,348.86,0.91,302.79,348.28,2338.0,6154.2,9.52
strong,strong,write,rr,chunked,113,8,4,1,579,2143911936,1,0.3544,0.3497,0.3572,6050.0,113,8,15/14/14/14/14/14/14/14,113,1,346.94,0.75,294.27,346.52,2343.0,6179.5,7.42
strong,strong,write,rr,chunked,114,8,4,1,574,2144206848,1,0.3525,0.3504,0.3562,6083.1,114,8,15/15/14/14/14/14/14/14,114,1,350.22,0.79,296.41,349.6,2345.0,6122.5,2.26
strong,strong,write,rr,chunked,115,8,4,1,569,2144174080,1,0.357,0.3523,0.3631,6006.0,115,8,15/15/15/14/14/14/14/14,115,1,347.42,0.83,292.67,346.96,2344.0,6171.7,9.58
strong,strong,write,rr,chunked,116,8,4,1,564,2143813632,1,0.3768,0.3723,0.3818,5689.2,116,8,15/15/15/15/14/14/14/14,116,1,374.14,0.93,298.09,373.72,2340.0,5730.0,2.68
strong,strong,write,rr,chunked,117,8,4,1,560,2146959360,1,0.3772,0.3744,0.3809,5692.4,117,8,15/15/15/15/15/14/14/14,117,1,370.62,0.91,292.46,370.24,2334.0,5792.9,6.54
strong,strong,write,rr,chunked,118,8,4,1,555,2145976320,1,0.3732,0.3682,0.3782,5749.5,118,8,15/15/15/15/15/15/14/14,118,1,367.3,0.87,294.08,366.92,2334.0,5842.6,5.94
strong,strong,write,rr,chunked,119,8,4,1,550,2144665600,1,0.3696,0.367,0.3742,5802.3,119,8,15/15/15/15/15/15/15/14,119,1,363.98,0.84,297.58,363.52,2336.0,5892.3,5.64
strong,strong,write,rr,chunked,120,8,4,1,546,2146959360,1,0.3666,0.3627,0.3691,5856.4,120,8,15/15/15/15/15/15/15/15,120,1,358.06,0.75,295.9,357.56,2341.0,5996.1,8.54
strong,strong,write,rr,chunked,121,8,4,1,541,2145026048,1,0.3657,0.363,0.3734,5865.1,121,8,16/15/15/15/15/15/15/15,121,1,360.82,0.87,294.38,360.32,2344.0,5944.9,4.9
strong,strong,write,rr,chunked,122,8,4,1,537,2146762752,1,0.3642,0.357,0.3694,5894.4,122,8,16/16/15/15/15/15/15/15,122,1,350.97,0.9,292.43,350.88,2345.0,6116.7,13.23
strong,strong,write,rr,chunked,123,8,4,1,532,2144206848,1,0.3734,0.3683,0.3876,5742.9,123,8,16/16/16/15/15/15/15/15,123,1,364.33,0.86,310.29,364.2,2347.0,5885.3,9.03
strong,strong,write,rr,chunked,124,8,4,1,528,2145386496,1,0.3702,0.3663,0.3728,5795.8,124,8,16/16/16/16/15/15/15/15,124,1,361.18,0.77,299.0,360.72,2338.0,5939.9,8.98
strong,strong,write,rr,chunked,125,8,4,1,524,2146304000,1,0.376,0.3638,0.3842,5707.9,125,8,16/16/16/16/16/15/15/15,125,1,358.1,0.75,312.99,357.68,2339.0,5993.6,17.92
strong,strong,write,rr,chunked,126,8,4,1,520,2146959360,1,0.3654,0.3604,0.3694,5874.9,126,8,16/16/16/16/16/16/15/15,126,1,357.7,0.71,298.52,357.16,2339.0,6002.1,7.74
strong,strong,write,rr,chunked,127,8,4,1,516,2147352576,1,0.3857,0.3736,0.3926,5566.8,127,8,16/16/16/16/16/16/16/15,127,1,385.19,0.85,349.56,384.44,2342.0,5574.8,0.55
strong,strong,write,rr,chunked,128,8,4,1,512,2147483648,1,0.4363,0.4288,0.4431,4921.8,128,8,16/16/16/16/16/16/16/16,128,1,422.63,0.87,386.33,421.88,2348.0,5081.2,13.69
strong,strong,write,rr,chunked,129,8,4,1,508,2147352576,1,0.3823,0.3663,0.3918,5616.6,129,8,17/16/16/16/16/16/16/16,129,1,360.37,0.91,331.69,359.76,2352.0,5958.7,21.95
strong,strong,write,rr,chunked,130,8,4,1,504,2146959360,1,0.3576,0.3546,0.3623,6004.4,130,8,17/17/16/16/16/16/16/16,130,1,348.74,0.75,297.56,348.28,2347.0,6156.3,8.82
strong,strong,write,rr,chunked,131,8,4,1,500,2146304000,1,0.3675,0.3614,0.383,5839.9,131,8,17/17/17/16/16/16/16/16,131,1,356.08,0.81,315.3,356.08,2346.0,6027.6,11.44
strong,strong,write,rr,chunked,132,8,4,1,496,2145386496,1,0.3701,0.3669,0.3799,5796.4,132,8,17/17/17/17/16/16/16/16,132,1,372.9,0.71,306.4,372.44,2339.0,5753.2,-2.78
strong,strong,write,rr,chunked,133,8,4,1,492,2144206848,1,0.3763,0.372,0.3862,5697.8,133,8,17/17/17/17/17/16/16/16,133,1,365.75,0.9,314.96,365.64,2338.0,5862.5,10.57
strong,strong,write,rr,chunked,134,8,4,1,489,2147155968,1,0.3711,0.3638,0.3762,5786.5,134,8,17/17/17/17/17/17/16/16,134,1,366.54,0.79,292.38,366.28,2337.0,5857.9,4.52
strong,strong,write,rr,chunked,135,8,4,1,485,2145484800,1,0.3657,0.3622,0.3715,5866.1,135,8,17/17/17/17/17/17/17/16,135,1,358.71,0.74,300.22,358.64,2335.0,5981.1,7.03
strong,strong,write,rr,chunked,136,8,4,1,481,2143551488,1,0.3652,0.3594,0.3664,5869.5,136,8,17/17/17/17/17/17/17/17,136,1,357.02,0.79,295.66,356.4,2339.0,6004.0,8.18
strong,strong,write,rr,chunked,137,8,4,1,478,2145845248,1,0.3636,0.3566,0.3667,5901.0,137,8,18/17/17/17/17/17/17/17,137,1,357.86,0.75,305.08,357.44,2346.0,5996.3,5.78
strong,strong,write,rr,chunked,138,8,4,1,474,2143420416,1,0.3578,0.3537,0.3631,5991.2,138,8,18/18/17/17/17/17/17/17,138,1,348.18,0.87,293.64,347.84,2344.0,6156.1,9.58
strong,strong,write,rr,chunked,139,8,4,1,471,2145288192,1,0.3568,0.3534,0.36,6011.8,139,8,18/18/18/17/17/17/17/17,139,1,348.92,0.91,296.74,348.84,2344.0,6148.4,7.92
strong,strong,write,rr,chunked,140,8,4,1,468,2146959360,1,0.3567,0.3528,0.3658,6019.6,140,8,18/18/18/18/17/17/17/17,140,1,348.94,0.91,298.03,348.64,2335.0,6152.8,7.72
strong,strong,write,rr,chunked,141,8,4,1,464,2143813632,1,0.3556,0.3523,0.3601,6028.0,141,8,18/18/18/18/18/17/17/17,141,1,348.06,0.75,293.26,347.56,2336.0,6159.3,7.58
strong,strong,write,rr,chunked,142,8,4,1,461,2145058816,1,0.3513,0.3484,0.358,6106.7,142,8,18/18/18/18/18/18/17/17,142,1,345.9,0.81,297.5,345.44,2336.0,6201.4,5.36
strong,strong,write,rr,chunked,143,8,4,1,458,2146107392,1,0.3525,0.3491,0.355,6088.2,143,8,18/18/18/18/18/18/18/17,143,1,347.46,0.79,296.58,346.88,2339.0,6176.6,5.04
strong,strong,write,rr,chunked,144,8,4,1,455,2146959360,1,0.3577,0.3502,0.3608,6002.7,144,8,18/18/18/18/18/18/18/18,144,1,351.58,0.89,300.91,351.2,2338.0,6106.6,6.08
strong,strong,write,rr,chunked,145,8,4,1,451,2142863360,1,0.3487,0.3472,0.3551,6144.5,145,8,19/18/18/18/18/18/18/18,145,1,348.26,0.91,299.65,347.68,2344.0,6153.1,0.48
strong,strong,write,rr,chunked,146,8,4,1,448,2143289344,1,0.3489,0.3449,0.3576,6142.9,146,8,19/19/18/18/18/18/18/18,146,1,342.74,0.75,295.28,342.36,2347.0,6253.4,6.16
strong,strong,write,rr,chunked,147,8,4,1,445,2143518720,1,0.3514,0.3469,0.3581,6099.9,147,8,19/19/19/18/18/18/18/18,147,1,351.22,0.79,306.21,350.56,2347.0,6103.1,0.18
strong,strong,write,rr,chunked,148,8,4,1,442,2143551488,1,0.3684,0.3646,0.3699,5817.9,148,8,19/19/19/19/18/18/18/18,148,1,360.98,0.83,297.05,360.32,2338.0,5938.1,7.46
strong,strong,write,rr,chunked,149,8,4,1,439,2143387648,1,0.366,0.362,0.3696,5856.2,149,8,19/19/19/19/19/18/18/18,149,1,358.66,0.95,301.03,358.24,2336.0,5976.1,7.34
strong,strong,write,rr,chunked,150,8,4,1,436,2143027200,1,0.3628,0.3533,0.3659,5907.2,150,8,19/19/19/19/19/19/18/18,150,1,359.3,0.87,297.07,358.96,2337.0,5964.5,3.48
strong,strong,write,rr,chunked,151,8,4,1,434,2147418112,1,0.3629,0.3496,0.3701,5917.0,151,8,19/19/19/19/19/19/19/18,151,1,359.99,0.94,297.69,359.88,2336.0,5965.2,2.93
strong,strong,write,rr,chunked,152,8,4,1,431,2146697216,1,0.3591,0.3546,0.362,5977.9,152,8,19/19/19/19/19/19/19/19,152,1,348.62,0.81,301.82,348.04,2338.0,6157.7,10.48
strong,strong,write,rr,chunked,153,8,4,1,428,2145779712,1,0.3576,0.3543,0.3638,6000.1,153,8,20/19/19/19/19/19/19/19,153,1,348.38,0.87,303.28,347.92,2345.0,6159.3,9.24
strong,strong,write,rr,chunked,154,8,4,1,425,2144665600,1,0.3537,0.3485,0.3613,6062.8,154,8,20/20/19/19/19/19/19/19,154,1,342.58,0.85,297.85,342.08,2346.0,6260.3,11.16
strong,strong,write,rr,chunked,155,8,4,1,422,2143354880,1,0.3606,0.3536,0.3678,5943.8,155,8,20/20/20/19/19/19/19/19,155,1,358.69,0.94,299.78,358.52,2345.0,5975.5,1.91
strong,strong,write,rr,chunked,156,8,4,1,420,2146959360,1,0.3614,0.3557,0.3671,5941.3,156,8,20/20/20/20/19/19/19/19,156,1,357.9,0.87,298.58,357.56,2336.0,5998.8,3.46
strong,strong,write,rr,chunked,157,8,4,1,417,2145288192,1,0.3612,0.3545,0.3641,5939.0,157,8,20/20/20/20/20/19/19/19,157,1,351.86,0.83,304.44,351.48,2335.0,6097.0,9.36
strong,strong,write,rr,chunked,158,8,4,1,414,2143420416,1,0.3557,0.3496,0.3622,6026.5,158,8,20/20/20/20/20/20/19/19,158,1,353.9,0.79,297.67,353.48,2336.0,6056.6,1.76
strong,strong,write,rr,chunked,159,8,4,1,412,2146566144,1,0.3551,0.3516,0.3628,6045.6,159,8,20/20/20/20/20/20/20/19,159,1,347.74,0.79,300.46,347.24,2334.0,6172.9,7.32
strong,strong,write,rr,chunked,160,8,4,1,409,2144337920,1,0.3561,0.3478,0.3608,6021.0,160,8,20/20/20/20/20/20/20/20,160,1,341.58,0.93,307.51,341.56,2339.0,6277.7,14.56
strong,strong,write,rr,chunked,161,8,4,1,407,2147188736,1,0.358,0.3507,0.3626,5998.3,161,8,21/20/20/20/20/20/20/20,161,1,346.5,0.83,304.25,346.16,2345.0,6196.8,11.46
strong,strong,write,rr,chunked,162,8,4,1,404,2144600064,1,0.3516,0.3469,0.3631,6099.8,162,8,21/21/20/20/20/20/20/20,162,1,345.18,0.91,297.83,344.68,2346.0,6213.0,6.4
strong,strong,write,rr,chunked,163,8,4,1,402,2147155968,1,0.3485,0.3434,0.3572,6160.4,163,8,21/21/21/20/20/20/20/20,163,1,339.3,0.79,300.6,338.96,2347.0,6328.2,9.24
strong,strong,write,rr,chunked,164,8,4,1,399,2144206848,1,0.3655,0.362,0.3742,5866.1,164,8,21/21/21/21/20/20/20/20,164,1,356.18,0.83,307.77,355.56,2339.0,6020.0,9.34
strong,strong,write,rr,chunked,165,8,4,1,397,2146467840,1,0.3729,0.3637,0.3886,5755.8,165,8,21/21/21/21/21/20/20/20,165,1,357.92,0.79,313.85,357.92,2338.0,5997.1,15.0
strong,strong,write,rr,chunked,166,8,4,1,394,2143158272,1,0.3594,0.3548,0.3744,5963.1,166,8,21/21/21/21/21/21/20/20,166,1,348.98,0.93,295.56,348.68,2334.0,6141.2,10.42
strong,strong,write,rr,chunked,167,8,4,1,392,2145124352,1,0.3608,0.3534,0.3638,5945.7,167,8,21/21/21/21/21/21/21/20,167,1,354.06,0.91,300.58,353.72,2336.0,6058.6,6.72
strong,strong,write,rr,chunked,168,8,4,1,390,2146959360,1,0.3593,0.3568,0.3632,5975.3,168,8,21/21/21/21/21/21/21/21,168,1,352.71,0.98,297.65,352.68,2333.0,6087.0,6.59
strong,strong,write,rr,chunked,169,8,4,1,387,2143125504,1,0.3804,0.3742,0.3905,5633.2,169,8,22/21/21/21/21/21/21/21,169,1,368.66,0.87,322.63,368.2,2346.0,5813.3,11.78
strong,strong,write,rr,chunked,170,8,4,1,385,2144665600,1,0.3689,0.363,0.3774,5813.6,170,8,22/22/21/21/21/21/21/21,170,1,362.61,0.83,316.84,362.32,2347.0,5914.5,6.29
strong,strong,write,rr,chunked,171,8,4,1,383,2146074624,1,0.3791,0.371,0.3877,5661.5,171,8,22/22/22/21/21/21/21/21,171,1,366.64,0.84,318.5,366.56,2345.0,5853.4,12.42
strong,strong,write,rr,chunked,172,8,4,1,381,2147352576,1,0.377,0.3632,0.3836,5696.1,172,8,22/22/22/22/21/21/21/21,172,1,370.74,0.91,324.26,370.24,2342.0,5792.1,6.24
strong,strong,write,rr,chunked,173,8,4,1,378,2142830592,1,0.3559,0.3538,0.3642,6021.5,173,8,22/22/22/22/22/21/21/21,173,1,347.34,0.89,297.75,346.96,2336.0,6169.3,8.52
strong,strong,write,rr,chunked,174,8,4,1,376,2143813632,1,0.3521,0.3444,0.3625,6087.9,174,8,22/22/22/22/22/22/21/21,174,1,342.66,0.83,296.42,342.28,2334.0,6256.4,9.48
strong,strong,write,rr,chunked,175,8,4,1,374,2144665600,1,0.352,0.3465,0.3536,6093.4,175,8,22/22/22/22/22/22/22/21,175,1,345.46,0.79,301.41,345.04,2334.0,6208.1,6.5
strong,strong,write,rr,chunked,176,8,4,1,372,2145386496,1,0.3511,0.3418,0.3554,6110.7,176,8,22/22/22/22/22/22/22/22,176,1,336.26,0.87,302.29,335.72,2334.0,6380.1,14.82
strong,strong,write,rr,chunked,177,8,4,1,370,2145976320,1,0.349,0.346,0.3531,6148.2,177,8,23/22/22/22/22/22/22/22,177,1,341.66,0.91,300.85,341.24,2344.0,6281.0,7.38
strong,strong,write,rr,chunked,178,8,4,1,368,2146435072,1,0.3499,0.3433,0.3572,6134.4,178,8,23/23/22/22/22/22/22/22,178,1,342.3,0.91,300.44,342.04,2342.0,6270.6,7.6
strong,strong,write,rr,chunked,179,8,4,1,366,2146762752,1,0.3544,0.3474,0.3576,6057.4,179,8,23/23/23/22/22/22/22/22,179,1,349.02,0.95,306.55,348.44,2345.0,6150.8,5.38
strong,strong,write,rr,chunked,180,8,4,1,364,2146959360,1,0.3622,0.355,0.3655,5927.5,180,8,23/23/23/23/22/22/22/22,180,1,357.9,0.71,302.77,357.32,2335.0,5998.8,4.3
strong,strong,write,rr,chunked,181,8,4,1,362,2147024896,1,0.3627,0.3571,0.3675,5919.8,181,8,23/23/23/23/23/22/22/22,181,1,356.58,0.79,307.75,356.16,2336.0,6021.2,6.1
strong,strong,write,rr,chunked,182,8,4,1,360,2146959360,1,0.3605,0.3568,0.374,5956.1,182,8,23/23/23/23/23/23/22/22,182,1,360.22,0.84,301.39,359.56,2337.0,5960.1,0.24
strong,strong,write,rr,chunked,183,8,4,1,358,2146762752,1,0.3604,0.3536,0.3617,5956.5,183,8,23/23/23/23/23/23/23/22,183,1,355.18,0.95,299.61,354.6,2336.0,6044.2,5.22
strong,strong,write,rr,chunked,184,8,4,1,356,2146435072,1,0.3587,0.3531,0.3634,5983.5,184,8,23/23/23/23/23/23/23/23,184,1,347.26,0.93,302.05,346.92,2334.0,6181.1,11.46
strong,strong,write,rr,chunked,185,8,4,1,354,2145976320,1,0.3548,0.35,0.3581,6048.7,185,8,24/23/23/23/23/23/23/23,185,1,349.7,0.84,305.24,349.28,2343.0,6136.6,5.08
strong,strong,write,rr,chunked,186,8,4,1,352,2145386496,1,0.354,0.3499,0.3624,6061.0,186,8,24/24/23/23/23/23/23/23,186,1,349.42,0.83,303.95,348.92,2341.0,6139.9,4.54
strong,strong,write,rr,chunked,187,8,4,1,350,2144665600,1,0.3552,0.3494,0.3649,6037.9,187,8,24/24/24/23/23/23/23/23,187,1,348.62,0.83,304.05,348.08,2343.0,6151.9,6.58
strong,strong,write,rr,chunked,188,8,4,1,348,2143813632,1,0.3572,0.35,0.3637,6002.0,188,8,24/24/24/24/23/23/23/23,188,1,357.02,0.87,305.26,356.64,2337.0,6004.7,0.16
strong,strong,write,rr,chunked,189,8,4,1,346,2142830592,1,0.355,0.3498,0.3637,6036.4,189,8,24/24/24/24/24/23/23/23,189,1,349.45,1.06,301.58,349.16,2337.0,6132.0,5.53
strong,strong,write,rr,chunked,190,8,4,1,344,2141716480,1,0.36,0.3513,0.3697,5949.8,190,8,24/24/24/24/24/24/23/23,190,1,349.28,0.99,310.71,349.28,2333.0,6131.8,10.68
strong,strong,write,rr,chunked,191,8,4,1,343,2146729984,1,0.3537,0.3492,0.3558,6069.3,191,8,24/24/24/24/24/24/24/23,191,1,349.38,0.87,307.06,348.8,2331.0,6144.4,4.32
strong,strong,write,rr,chunked,192,8,4,1,341,2145386496,1,0.3564,0.3493,0.3659,6018.9,192,8,24/24/24/24/24/24/24/24,192,1,349.34,0.81,307.35,348.8,2337.0,6141.3,7.1
strong,strong,write,rr,chunked,193,8,4,1,339,2143911936,1,0.3521,0.3466,0.3581,6089.2,193,8,25/24/24/24/24/24/24/24,193,1,340.66,0.87,305.31,340.16,2342.0,6293.4,11.42
strong,strong,write,rr,chunked,194,8,4,1,337,2142306304,1,0.3493,0.3435,0.3528,6132.7,194,8,25/25/24/24/24/24/24/24,194,1,337.5,0.95,303.66,336.88,2345.0,6347.6,11.82
strong,strong,write,rr,chunked,195,8,4,1,336,2146959360,1,0.3528,0.3476,0.363,6084.7,195,8,25/25/25/24/24/24/24/24,195,1,351.06,0.95,305.57,350.64,2344.0,6115.6,1.78
strong,strong,write,rr,chunked,196,8,4,1,334,2145124352,1,0.3636,0.3544,0.3669,5900.3,196,8,25/25/25/25/24/24/24/24,196,1,356.7,0.95,302.17,356.16,2335.0,6013.8,6.86
strong,strong,write,rr,chunked,197,8,4,1,332,2143158272,1,0.3602,0.35,0.3694,5949.5,197,8,25/25/25/25/25/24/24/24,197,1,361.03,0.82,305.27,360.96,2336.0,5936.2,-0.81
strong,strong,write,rr,chunked,198,8,4,1,330,2141061120,1,0.3563,0.3488,0.371,6008.4,198,8,25/25/25/25/25/25/24/24,198,1,342.98,0.87,297.72,342.44,2334.0,6242.5,13.36
strong,strong,write,rr,chunked,199,8,4,1,329,2145353728,1,0.3592,0.3519,0.3689,5971.9,199,8,25/25/25/25/25/25/25/24,199,1,346.13,0.86,307.25,346.04,2334.0,6198.1,13.11
strong,strong,write,rr,chunked,200,8,4,1,327,2143027200,1,0.3559,0.3496,0.3648,6022.0,200,8,25/25/25/25/25/25/25/25,200,1,346.66,0.95,301.14,346.16,2332.0,6181.9,9.2
strong,strong,write,rr,chunked,201,8,4,1,326,2147155968,1,0.3542,0.3487,0.3583,6061.9,201,8,26/25/25/25/25/25/25/25,201,1,345.14,0.89,306.57,344.68,2341.0,6221.1,9.06
strong,strong,write,rr,chunked,202,8,4,1,324,2144600064,1,0.3551,0.3484,0.3626,6039.4,202,8,26/26/25/25/25/25/25/25,202,1,346.14,0.81,303.58,345.64,2342.0,6195.8,8.96
strong,strong,write,rr,chunked,203,8,4,1,322,2141913088,1,0.3574,0.3488,0.364,5993.0,203,8,26/26/26/25/25/25/25/25,203,1,348.58,0.87,306.5,347.88,2342.0,6144.7,8.82
strong,strong,write,rr,chunked,204,8,4,1,321,2145779712,1,0.3548,0.3467,0.3666,6047.4,204,8,26/26/26/26/25/25/25/25,204,1,349.13,0.79,305.35,348.56,2333.0,6146.1,5.69
strong,strong,write,rr,chunked,205,8,4,1,319,2142863360,1,0.353,0.3504,0.3697,6070.0,205,8,26/26/26/26/26/25/25/25,205,1,361.7,0.99,301.56,361.24,2334.0,5924.4,-8.68
strong,strong,write,rr,chunked,206,8,4,1,318,2146566144,1,0.3577,0.3493,0.363,6001.0,206,8,26/26/26/26/26/26/25/25,206,1,352.98,0.87,308.41,352.56,2336.0,6081.3,4.72
strong,strong,write,rr,chunked,207,8,4,1,316,2143420416,1,0.353,0.348,0.3595,6072.3,207,8,26/26/26/26/26/26/26/25,207,1,348.18,0.87,304.71,347.72,2337.0,6156.1,4.8
strong,strong,write,rr,chunked,208,8,4,1,315,2146959360,1,0.3541,0.3472,0.3612,6062.7,208,8,26/26/26/26/26/26/26/26,208,1,350.7,0.83,310.89,350.32,2334.0,6121.9,3.42
strong,strong,write,rr,chunked,209,8,4,1,313,2143584256,1,0.3549,0.3499,0.3606,6039.9,209,8,27/26/26/26/26/26/26/26,209,1,354.92,0.8,306.95,354.8,2343.0,6039.6,-0.02
strong,strong,write,rr,chunked,210,8,4,1,312,2146959360,1,0.3523,0.3468,0.3576,6093.4,210,8,27/27/26/26/26/26/26/26,210,1,346.9,0.99,307.15,346.56,2342.0,6189.0,5.44
strong,strong,write,rr,chunked,211,8,4,1,310,2143354880,1,0.3561,0.3468,0.3609,6018.6,211,8,27/27/27/26/26/26/26/26,211,1,340.86,0.97,302.81,340.4,2343.0,6288.1,15.26
strong,strong,write,rr,chunked,212,8,4,1,309,2146566144,1,0.3587,0.3537,0.3652,5983.9,212,8,27/27/27/27/26/26/26/26,212,1,357.02,0.89,303.5,356.56,2332.0,6012.5,1.7
strong,strong,write,rr,chunked,213,8,4,1,307,2142732288,1,0.3617,0.3515,0.3751,5924.0,213,8,27/27/27/27/27/26/26/26,213,1,351.02,0.83,307.24,350.52,2331.0,6104.3,10.68
strong,strong,write,rr,chunked,214,8,4,1,306,2145779712,1,0.3659,0.353,0.372,5863.7,214,8,27/27/27/27/27/27/26/26,214,1,347.16,0.87,306.97,347.04,2331.0,6181.0,18.78
strong,strong,write,rr,chunked,215,8,4,1,304,2141716480,1,0.3564,0.3535,0.3671,6009.9,215,8,27/27/27/27/27/27/27/26,215,1,350.32,0.77,307.82,350.32,2334.0,6113.6,6.04
strong,strong,write,rr,chunked,216,8,4,1,303,2144600064,1,0.3581,0.3484,0.3662,5988.1,216,8,27/27/27/27/27/27/27/27,216,1,356.18,0.95,309.14,355.56,2335.0,6021.1,1.96
strong,strong,write,rr,chunked,217,8,4,1,302,2147418112,1,0.3567,0.35,0.3641,6020.2,217,8,28/27/27/27/27/27/27/27,217,1,356.14,0.93,306.87,355.68,2341.0,6029.7,0.56
strong,strong,write,rr,chunked,218,8,4,1,300,2143027200,1,0.3586,0.3482,0.366,5975.7,218,8,28/28/27/27/27/27/27/27,218,1,344.8,0.95,305.46,344.72,2342.0,6215.3,13.82
strong,strong,write,rr,chunked,219,8,4,1,299,2145681408,1,0.3576,0.3505,0.3643,6000.2,219,8,28/28/28/27/27/27/27/27,219,1,354.98,0.81,315.01,354.64,2343.0,6044.5,2.62
strong,strong,write,rr,chunked,220,8,4,1,297,2141061120,1,0.3587,0.355,0.3608,5968.6,220,8,28/28/28/28/27/27/27/27,220,1,353.9,0.85,305.21,353.36,2336.0,6049.9,4.82
strong,strong,write,rr,chunked,221,8,4,1,296,2143551488,1,0.3568,0.3465,0.363,6008.3,221,8,28/28/28/28/28/27/27/27,221,1,350.82,0.96,304.2,350.24,2334.0,6110.1,5.94
strong,strong,write,rr,chunked,222,8,4,1,295,2145976320,1,0.3616,0.3553,0.3686,5934.0,222,8,28/28/28/28/28/28/27/27,222,1,362.63,0.91,316.7,362.0,2337.0,5917.8,-0.99
strong,strong,write,rr,chunked,223,8,4,1,293,2141028352,1,0.352,0.3427,0.363,6081.7,223,8,28/28/28/28/28/28/28/27,223,1,336.69,0.95,303.96,335.92,2332.0,6359.0,15.35
strong,strong,write,rr,chunked,224,8,4,1,292,2143289344,1,0.3566,0.3466,0.3629,6010.3,224,8,28/28/28/28/28/28/28/28,224,1,349.65,0.82,301.86,349.64,2336.0,6129.8,6.95
strong,strong,write,rr,chunked,225,8,4,1,291,2145484800,1,0.3566,0.3515,0.3646,6015.8,225,8,29/28/28/28/28/28/28/28,225,1,350.33,0.83,309.72,349.72,2345.0,6124.2,6.31
strong,strong,write,rr,chunked,226,8,4,1,289,2140209152,1,0.3516,0.3472,0.3581,6086.7,226,8,29/29/28/28/28/28/28/28,226,1,340.91,0.82,305.62,340.84,2343.0,6277.9,10.71
strong,strong,write,rr,chunked,227,8,4,1,288,2142240768,1,0.3503,0.3456,0.3563,6114.7,227,8,29/29/29/28/28/28/28/28,227,1,343.66,0.93,304.24,343.24,2341.0,6233.6,6.68
strong,strong,write,rr,chunked,228,8,4,1,287,2144206848,1,0.3554,0.3494,0.362,6032.8,228,8,29/29/29/29/28/28/28/28,228,1,355.78,0.95,305.63,355.48,2334.0,6026.8,-0.36
strong,strong,write,rr,chunked,229,8,4,1,286,2146107392,1,0.3606,0.3538,0.3646,5952.1,229,8,29/29/29/29/29/28/28/28,229,1,354.5,0.87,309.97,354.16,2334.0,6053.9,6.06
strong,strong,write,rr,chunked,230,8,4,1,284,2140405760,1,0.3594,0.3485,0.3714,5955.4,230,8,29/29/29/29/29/29/28/28,230,1,355.9,0.85,301.6,355.44,2335.0,6014.1,3.5
strong,strong,write,rr,chunked,231,8,4,1,283,2142142464,1,0.3592,0.3509,0.3666,5964.2,231,8,29/29/29/29/29/29/29/28,231,1,349.42,0.87,309.83,348.72,2335.0,6130.6,9.74
strong,strong,write,rr,chunked,232,8,4,1,282,2143813632,1,0.3541,0.3495,0.3669,6054.9,232,8,29/29/29/29/29/29/29/29,232,1,349.04,0.9,304.26,349.0,2330.0,6142.0,5.02
strong,strong,write,rr,chunked,233,8,4,1,281,2145419264,1,0.3548,0.351,0.3599,6047.1,233,8,30/29/29/29/29/29/29/29,233,1,349.94,0.87,306.11,349.52,2339.0,6130.8,4.84
strong,strong,write,rr,chunked,234,8,4,1,280,2146959360,1,0.3592,0.3494,0.3644,5977.3,234,8,30/30/29/29/29/29/29/29,234,1,351.52,0.95,312.57,351.44,2343.0,6107.6,7.66
strong,strong,write,rr,chunked,235,8,4,1,278,2140733440,1,0.3608,0.3542,0.3669,5933.6,235,8,30/30/30/29/29/29/29/29,235,1,355.31,1.02,305.66,355.16,2342.0,6025.0,5.47
strong,strong,write,rr,chunked,236,8,4,1,277,2142109696,1,0.3564,0.352,0.3664,6010.3,236,8,30/30/30/30/29/29/29/29,236,1,359.55,0.9,304.12,359.48,2333.0,5957.8,-3.15
strong,strong,write,rr,chunked,237,8,4,1,276,2143420416,1,0.3595,0.3533,0.375,5962.2,237,8,30/30/30/30/30/29/29/29,237,1,348.16,0.79,308.52,348.08,2331.0,6156.4,11.34
strong,strong,write,rr,chunked,238,8,4,1,275,2144665600,1,0.352,0.3467,0.3597,6092.4,238,8,30/30/30/30/30/30/29/29,238,1,340.7,0.95,306.39,340.2,2330.0,6294.9,11.32
strong,strong,write,rr,chunked,239,8,4,1,274,2145845248,1,0.3601,0.3529,0.3696,5959.3,239,8,30/30/30/30/30/30/30/29,239,1,347.26,0.95,309.31,346.64,2333.0,6179.4,12.82
strong,strong,write,rr,chunked,240,8,4,1,273,2146959360,1,0.3599,0.3498,0.3653,5965.0,240,8,30/30/30/30/30/30/30/30,240,1,359.56,0.95,316.53,359.48,2331.0,5971.1,0.36
strong,strong,write,rr,chunked,241,8,4,1,271,2140110848,1,0.3511,0.3478,0.3643,6094.7,241,8,31/30/30/30/30/30/30/30,241,1,358.32,0.87,305.14,358.28,2343.0,5972.6,-7.18
strong,strong,write,rr,chunked,242,8,4,1,270,2141061120,1,0.3587,0.3496,0.3659,5969.2,242,8,31/31/30/30/30/30/30/30,242,1,355.99,0.81,317.25,355.32,2344.0,6014.4,2.69
strong,strong,write,rr,chunked,243,8,4,1,269,2141945856,1,0.3547,0.347,0.3617,6038.7,243,8,31/31/31/30/30/30/30/30,243,1,350.88,1.05,311.5,350.76,2343.0,6104.5,3.82
strong,strong,write,rr,chunked,244,8,4,1,268,2142765056,1,0.3641,0.3541,0.3794,5884.4,244,8,31/31/31/31/30/30/30/30,244,1,363.54,0.95,316.58,363.0,2336.0,5894.2,0.6
strong,strong,write,rr,chunked,245,8,4,1,267,2143518720,1,0.357,0.3503,0.3601,6003.5,245,8,31/31/31/31/31/30/30/30,245,1,350.94,0.95,303.89,350.6,2332.0,6107.9,6.1
strong,strong,write,rr,chunked,246,8,4,1,266,2144206848,1,0.3602,0.3537,0.3723,5953.4,246,8,31/31/31/31/31/31/30/30,246,1,352.46,0.99,314.21,351.92,2334.0,6083.5,7.7
strong,strong,write,rr,chunked,247,8,4,1,265,2144829440,1,0.3582,0.3495,0.3636,5988.1,247,8,31/31/31/31/31/31/31/30,247,1,343.78,0.87,306.46,343.16,2330.0,6239.0,14.4
strong,strong,write,rr,chunked,248,8,4,1,264,2145386496,1,0.3796,0.3646,0.3911,5651.9,248,8,31/31/31/31/31/31/31/31,248,1,364.46,0.87,324.5,363.76,2336.0,5886.5,15.12
strong,strong,write,rr,chunked,249,8,4,1,263,2145878016,1,0.3553,0.3498,0.3588,6040.2,249,8,32/31/31/31/31/31/31/31,249,1,352.54,0.91,303.71,352.16,2341.0,6086.9,2.72
strong,strong,write,rr,chunked,250,8,4,1,262,2146304000,1,0.3714,0.3582,0.3773,5779.2,250,8,32/32/31/31/31/31/31/31,250,1,358.12,1.03,318.33,358.0,2343.0,5993.3,13.26
strong,strong,write,rr,chunked,251,8,4,1,261,2146664448,1,0.3639,0.3564,0.3788,5899.0,251,8,32/32/32/31/31/31/31/31,251,1,362.14,0.95,312.63,361.6,2340.0,5927.7,1.76
strong,strong,write,rr,chunked,252,8,4,1,260,2146959360,1,0.3638,0.3574,0.3794,5902.1,252,8,32/32/32/32/31/31/31/31,252,1,353.34,0.75,317.24,352.88,2335.0,6076.2,10.42
strong,strong,write,rr,chunked,253,8,4,1,259,2147188736,1,0.3607,0.3514,0.3692,5953.4,253,8,32/32/32/32/32/31/31/31,253,1,353.46,0.91,314.81,352.88,2333.0,6074.8,7.2
strong,strong,write,rr,chunked,254,8,4,1,258,2147352576,1,0.4135,0.396,0.4261,5193.6,254,8,32/32/32/32/32/32/31/31,254,1,403.42,0.95,360.04,402.96,2341.0,5322.9,10.04
strong,strong,write,rr,chunked,255,8,4,1,257,2147450880,1,0.3743,0.3648,0.3912,5737.8,255,8,32/32/32/32/32/32/32/31,255,1,358.62,0.77,325.25,358.08,2333.0,5988.1,15.64
strong,strong,write,rr,chunked,256,8,4,1,256,2147483648,1,0.4022,0.3957,0.4051,5339.3,256,8,32/32/32/32/32/32/32/32,256,1,395.22,0.99,346.43,394.88,2339.0,5433.6,6.98
strong,strong,write,packed,chunked,1,8,4,1,65536,2147483648,1,14.0231,14.0081,14.0294,153.1,1,1,1/0/0/0/0/0/0/0,1,1,14005.4,0.0,14005.4,14005.4,2396.0,153.3,17.71
strong,strong,write,packed,chunked,2,8,4,1,32768,2147483648,1,7.0055,6.9852,7.0266,306.5,2,1,2/0/0/0/0/0/0/0,2,1,7020.08,0.0,7020.08,7020.08,2390.0,305.9,-14.63
strong,strong,write,packed,chunked,3,8,4,1,21845,2147450880,1,5.232,5.2196,5.2493,410.4,3,1,3/0/0/0/0/0/0/0,3,1,5224.8,0.04,5082.23,5224.76,2400.0,411.0,7.23
strong,strong,write,packed,chunked,4,8,4,1,16384,2147483648,1,4.0488,4.0091,4.0568,530.4,4,1,4/0/0/0/0/0/0/0,4,1,4045.0,0.04,3975.77,4045.0,2393.0,530.9,3.76
strong,strong,write,packed,chunked,5,8,4,1,13107,2147450880,1,3.4528,3.4306,3.4695,622.0,5,1,5/0/0/0/0/0/0/0,5,1,3463.04,0.0,3285.15,3463.04,2389.0,620.1,-10.28
strong,strong,write,packed,chunked,6,8,4,1,10922,2147352576,1,2.891,2.887,2.9172,742.8,6,1,6/0/0/0/0/0/0/0,6,1,2884.52,0.04,2772.36,2884.52,2401.0,744.4,6.53
strong,strong,write,packed,chunked,7,8,4,1,9362,2147418112,1,2.5144,2.5057,2.5296,854.0,7,1,7/0/0/0/0/0/0/0,7,1,2507.0,0.0,2460.61,2507.0,2389.0,856.6,7.45
strong,strong,write,packed,chunked,8,8,4,1,8192,2147483648,1,2.29,2.2669,2.3003,937.8,8,1,8/0/0/0/0/0/0/0,8,1,2260.48,0.04,2224.93,2260.48,2401.0,950.0,29.48
strong,strong,write,packed,chunked,9,8,4,1,7281,2147254272,1,2.1789,2.1634,2.1931,985.5,9,1,9/0/0/0/0/0/0/0,9,1,2176.16,0.04,2072.83,2176.16,2382.0,986.7,2.72
strong,strong,write,packed,chunked,10,8,4,1,6553,2147287040,1,1.955,1.9411,1.9779,1098.4,10,1,10/0/0/0/0/0/0/0,10,1,1959.24,0.04,1921.84,1959.24,2372.0,1096.0,-4.28
strong,strong,write,packed,chunked,11,8,4,1,5957,2147188736,1,1.8587,1.8427,1.8804,1155.2,11,1,11/0/0/0/0/0/0/0,11,1,1846.68,0.04,1795.17,1846.64,2398.0,1162.7,11.98
strong,strong,write,packed,chunked,12,8,4,1,5461,2147352576,1,1.7379,1.725,1.7526,1235.6,12,1,12/0/0/0/0/0/0/0,12,1,1732.16,0.04,1715.51,1732.16,2389.0,1239.7,5.72
strong,strong,write,packed,chunked,13,8,4,1,5041,2147385344,1,1.7615,1.7438,1.7652,1219.0,13,1,13/0/0/0/0/0/0/0,13,1,1754.8,0.04,1669.49,1754.8,2381.0,1223.7,6.74
strong,strong,write,packed,chunked,14,8,4,1,4681,2147418112,1,1.6451,1.6427,1.6489,1305.3,14,1,14/0/0/0/0/0/0/0,14,1,1638.44,0.08,1629.2,1638.36,2389.0,1310.6,6.68
strong,strong,write,packed,chunked,15,8,4,1,4369,2147450880,1,1.7256,1.7219,1.7298,1244.5,15,1,15/0/0/0/0/0/0/0,15,1,1715.52,0.04,1622.89,1715.52,2407.0,1251.8,10.06
strong,strong,write,packed,chunked,16,8,4,1,4096,2147483648,1,1.6422,1.6399,1.6449,1307.7,16,1,16/0/0/0/0/0/0/0,16,1,1634.96,0.08,1629.4,1634.88,2370.0,1313.5,7.24
strong,strong,write,packed,chunked,17,8,4,1,3855,2147450880,1,1.7083,1.7033,1.7102,1257.1,17,1,17/0/0/0/0/0/0/0,17,1,1702.8,0.08,1621.09,1702.76,2378.0,1261.1,5.52
strong,strong,write,packed,chunked,18,8,4,1,3640,2146959360,1,1.6404,1.639,1.6417,1308.8,18,1,18/0/0/0/0/0/0/0,18,1,1634.32,0.08,1628.42,1634.32,2405.0,1313.7,6.06
strong,strong,write,packed,chunked,19,8,4,1,3449,2147319808,1,1.696,1.694,1.6986,1266.1,19,1,19/0/0/0/0/0/0/0,19,1,1688.4,0.08,1615.24,1688.36,2402.0,1271.8,7.62
strong,strong,write,packed,chunked,20,8,4,1,3276,2146959360,1,1.6405,1.639,1.6453,1308.8,20,1,20/0/0/0/0/0/0/0,20,1,1633.6,0.12,1625.64,1633.56,2361.0,1314.3,6.86
strong,strong,write,packed,chunked,21,8,4,1,3120,2146959360,1,1.6836,1.6815,1.6851,1275.3,21,1,21/0/0/0/0/0/0/0,21,1,1676.76,0.08,1615.66,1676.76,2389.0,1280.4,6.8
strong,strong,write,packed,chunked,22,8,4,1,2978,2146828288,1,1.641,1.6383,1.6438,1308.3,22,1,22/0/0/0/0/0/0/0,22,1,1634.68,0.12,1625.61,1634.64,2405.0,1313.3,6.3
strong,strong,write,packed,chunked,23,8,4,1,2849,2147188736,1,1.6785,1.6769,1.6813,1279.2,23,1,23/0/0/0/0/0/0/0,23,1,1672.8,0.08,1616.71,1672.76,2364.0,1283.6,5.7
strong,strong,write,packed,chunked,24,8,4,1,2730,2146959360,1,1.6405,1.6384,1.6447,1308.7,24,1,24/0/0/0/0/0/0/0,24,1,1633.56,0.12,1628.94,1633.52,2391.0,1314.3,6.92
strong,strong,write,packed,chunked,25,8,4,1,2621,2147123200,1,1.677,1.6693,1.6792,1280.4,25,1,25/0/0/0/0/0/0/0,25,1,1664.72,0.12,1614.36,1664.72,2397.0,1289.8,12.26
strong,strong,write,packed,chunked,26,8,4,1,2520,2146959360,1,1.6397,1.6378,1.6484,1309.3,26,1,26/0/0/0/0/0/0/0,26,1,1631.4,0.12,1628.45,1631.36,2404.0,1316.0,8.34
strong,strong,write,packed,chunked,27,8,4,1,2427,2147254272,1,1.6686,1.6667,1.6704,1286.9,27,1,27/0/0/0/0/0/0/0,27,1,1661.0,0.12,1614.08,1660.96,2402.0,1292.7,7.6
strong,strong,write,packed,chunked,28,8,4,1,2340,2146959360,1,1.6385,1.6378,1.6429,1310.3,28,1,28/0/0/0/0/0/0/0,28,1,1633.2,0.12,1629.13,1633.08,2367.0,1314.6,5.32
strong,strong,write,packed,chunked,29,8,4,1,2259,2146664448,1,1.6615,1.6604,1.6707,1292.0,29,1,29/0/0/0/0/0/0/0,29,1,1658.8,0.16,1614.58,1658.8,2364.0,1294.1,2.74
strong,strong,write,packed,chunked,30,8,4,1,2184,2146959360,1,1.6409,1.6381,1.6457,1308.4,30,1,30/0/0/0/0/0/0/0,30,1,1630.96,0.12,1627.26,1630.92,2400.0,1316.4,9.96
strong,strong,write,packed,chunked,31,8,4,1,2114,2147418112,1,1.662,1.661,1.6647,1292.1,31,1,31/0/0/0/0/0/0/0,31,1,1654.68,0.16,1614.96,1654.52,2404.0,1297.8,7.28
strong,strong,write,packed,chunked,32,8,4,1,2048,2147483648,1,1.6411,1.6383,1.6481,1308.5,32,1,32/0/0/0/0/0/0/0,32,1,1635.08,0.12,1623.72,1634.96,2401.0,1313.4,6.04
strong,strong,write,packed,chunked,33,8,4,1,1985,2146467840,1,1.5913,1.5879,1.5941,1348.9,33,2,32/1/0/0/0/0/0/0,33,1,1582.2,0.6,1544.31,1581.72,2356.0,1356.6,9.06
strong,strong,write,packed,chunked,34,8,4,1,1927,2146893824,1,1.5439,1.5417,1.5449,1390.5,34,2,32/2/0/0/0/0/0/0,34,1,1538.52,0.64,1461.7,1537.92,2402.0,1395.4,5.42
strong,strong,write,packed,chunked,35,8,4,1,1872,2146959360,1,1.4994,1.4982,1.5019,1431.9,35,2,32/3/0/0/0/0/0/0,35,1,1495.32,0.56,1392.42,1494.76,2353.0,1435.8,4.1
strong,strong,write,packed,chunked,36,8,4,1,1820,2146959360,1,1.4579,1.4573,1.4586,1472.6,36,2,32/4/0/0/0/0/0/0,36,1,1451.04,0.24,1331.29,1450.8,2393.0,1479.6,6.89
strong,strong,write,packed,chunked,37,8,4,1,1771,2147188736,1,1.419,1.4179,1.4195,1513.2,37,2,32/5/0/0/0/0/0/0,37,1,1413.12,0.68,1271.51,1412.44,2395.0,1519.5,5.85
strong,strong,write,packed,chunked,38,8,4,1,1724,2146697216,1,1.3908,1.3876,1.3941,1543.5,38,2,32/6/0/0/0/0/0/0,38,1,1383.48,0.24,1227.64,1383.28,2370.0,1551.7,7.34
strong,strong,write,packed,chunked,39,8,4,1,1680,2146959360,1,1.3836,1.3814,1.3863,1551.7,39,2,32/7/0/0/0/0/0/0,39,1,1375.44,0.64,1202.95,1374.84,2349.0,1560.9,8.19
strong,strong,write,packed,chunked,40,8,4,1,1638,2146959360,1,1.3595,1.3582,1.3616,1579.3,40,2,32/8/0/0/0/0/0/0,40,1,1354.16,0.8,1176.13,1353.36,2371.0,1585.5,5.29
strong,strong,write,packed,chunked,41,8,4,1,1598,2146893824,1,1.326,1.32,1.3291,1619.1,41,2,32/9/0/0/0/0/0/0,41,1,1317.24,0.76,1141.52,1316.52,2401.0,1629.8,8.75
strong,strong,write,packed,chunked,42,8,4,1,1560,2146959360,1,1.3073,1.3058,1.3102,1642.3,42,2,32/10/0/0/0/0/0/0,42,1,1300.28,0.6,1127.77,1299.68,2356.0,1651.2,6.99
strong,strong,write,packed,chunked,43,8,4,1,1524,2147352576,1,1.276,1.2735,1.2809,1682.8,43,2,32/11/0/0/0/0/0/0,43,1,1267.4,0.2,1099.85,1267.28,2356.0,1694.3,8.63
strong,strong,write,packed,chunked,44,8,4,1,1489,2146828288,1,1.2536,1.2463,1.2591,1712.6,44,2,32/12/0/0/0/0/0/0,44,1,1250.24,0.44,1094.94,1249.92,2370.0,1717.1,3.31
strong,strong,write,packed,chunked,45,8,4,1,1456,2146959360,1,1.2288,1.2229,1.2339,1747.2,45,2,32/13/0/0/0/0/0/0,45,1,1223.24,0.52,1072.45,1222.84,2382.0,1755.1,5.53
strong,strong,write,packed,chunked,46,8,4,1,1424,2146435072,1,1.2098,1.2015,1.2151,1774.2,46,2,32/14/0/0/0/0/0/0,46,1,1205.44,0.72,1072.63,1204.8,2400.0,1780.6,4.35
strong,strong,write,packed,chunked,47,8,4,1,1394,2146893824,1,1.1866,1.1774,1.1901,1809.3,47,2,32/15/0/0/0/0/0/0,47,1,1182.52,0.56,1056.46,1182.08,2363.0,1815.5,4.07
strong,strong,write,packed,chunked,48,8,4,1,1365,2146959360,1,1.1729,1.1616,1.177,1830.5,48,2,32/16/0/0/0/0/0/0,48,1,1170.96,0.48,1062.35,1170.56,2402.0,1833.5,1.95
strong,strong,write,packed,chunked,49,8,4,1,1337,2146729984,1,1.1459,1.141,1.153,1873.5,49,2,32/17/0/0/0/0/0/0,49,1,1146.8,0.44,1048.57,1146.44,2382.0,1871.9,-0.95
strong,strong,write,packed,chunked,50,8,4,1,1310,2146304000,1,1.1391,1.1259,1.1457,1884.3,50,2,32/18/0/0/0/0/0/0,50,1,1136.04,0.76,1056.31,1135.4,2366.0,1889.3,3.01
strong,strong,write,packed,chunked,51,8,4,1,1285,2147450880,1,1.1207,1.1133,1.123,1916.2,51,2,32/19/0/0/0/0/0/0,51,1,1113.88,0.68,1046.5,1113.32,2405.0,1927.9,6.79
strong,strong,write,packed,chunked,52,8,4,1,1260,2146959360,1,1.1025,1.0898,1.1114,1947.3,52,2,32/20/0/0/0/0/0/0,52,1,1100.96,0.64,1057.32,1100.4,2388.0,1950.1,1.57
strong,strong,write,packed,chunked,53,8,4,1,1236,2146566144,1,1.0881,1.0781,1.0936,1972.9,53,2,32/21/0/0/0/0/0/0,53,1,1083.2,0.76,1048.12,1082.56,2375.0,1981.7,4.85
strong,strong,write,packed,chunked,54,8,4,1,1213,2146369536,1,1.0755,1.073,1.0789,1995.7,54,2,32/22/0/0/0/0/0/0,54,1,1070.12,0.52,1061.65,1069.72,2408.0,2005.7,5.35
strong,strong,write,packed,chunked,55,8,4,1,1191,2146467840,1,1.0945,1.0873,1.1086,1961.2,55,2,32/23/0/0/0/0/0/0,55,1,1082.36,0.72,1050.3,1082.28,2357.0,1983.1,12.11
strong,strong,write,packed,chunked,56,8,4,1,1170,2146959360,1,1.0913,1.0855,1.0954,1967.3,56,2,32/24/0/0/0/0/0/0,56,1,1089.36,0.48,1046.88,1089.36,2386.0,1970.8,1.95
strong,strong,write,packed,chunked,57,8,4,1,1149,2146074624,1,1.1174,1.1138,1.1236,1920.6,57,2,32/25/0/0/0/0/0/0,57,1,1116.88,0.4,1037.8,1116.84,2385.0,1921.5,0.53
strong,strong,write,packed,chunked,58,8,4,1,1129,2145714176,1,1.1094,1.1039,1.1141,1934.2,58,2,32/26/0/0/0/0/0/0,58,1,1098.04,0.56,1039.55,1098.0,2384.0,1954.1,11.33
strong,strong,write,packed,chunked,59,8,4,1,1110,2145976320,1,1.1342,1.132,1.1379,1892.0,59,2,32/27/0/0/0/0/0/0,59,1,1127.04,0.48,1033.78,1127.04,2380.0,1904.1,7.17
strong,strong,write,packed,chunked,60,8,4,1,1092,2146959360,1,1.1288,1.1246,1.1329,1902.0,60,2,32/28/0/0/0/0/0/0,60,1,1121.24,0.56,1032.37,1121.2,2400.0,1914.8,7.55
strong,strong,write,packed,chunked,61,8,4,1,1074,2146762752,1,1.1509,1.1472,1.1547,1865.2,61,2,32/29/0/0/0/0/0/0,61,1,1148.96,0.68,1023.83,1148.96,2366.0,1868.4,1.97
strong,strong,write,packed,chunked,62,8,4,1,1057,2147418112,1,1.1489,1.1438,1.1522,1869.1,62,2,32/30/0/0/0/0/0/0,62,1,1138.32,0.72,1027.52,1138.32,2383.0,1886.5,10.57
strong,strong,write,packed,chunked,63,8,4,1,1040,2146959360,1,1.1673,1.1633,1.1704,1839.3,63,2,32/31/0/0/0/0/0/0,63,1,1162.16,0.84,1021.5,1162.12,2407.0,1847.4,5.09
strong,strong,write,packed,chunked,64,8,4,1,1024,2147483648,1,1.1627,1.1596,1.1648,1847.0,64,2,32/32/0/0/0/0/0/0,64,1,1154.16,0.56,1025.54,1154.08,2387.0,1860.6,8.53
strong,strong,write,packed,chunked,65,8,4,1,1008,2146959360,1,1.146,1.1426,1.1492,1873.5,65,3,32/32/1/0/0/0/0/0,65,1,1137.0,0.53,997.55,1136.96,2383.0,1888.3,8.95
strong,strong,write,packed,chunked,66,8,4,1,992,2145386496,1,1.1276,1.1238,1.1354,1902.6,66,3,32/32/2/0/0/0/0/0,66,1,1121.36,0.56,970.25,1121.32,2367.0,1913.2,6.27
strong,strong,write,packed,chunked,67,8,4,1,978,2147155968,1,1.1082,1.1057,1.1149,1937.6,67,3,32/32/3/0/0/0/0/0,67,1,1101.12,0.56,945.72,1101.08,2406.0,1950.0,7.03
strong,strong,write,packed,chunked,68,8,4,1,963,2145779712,1,1.0934,1.0895,1.0961,1962.4,68,3,32/32/4/0/0/0/0/0,68,1,1087.28,0.61,922.71,1087.28,2381.0,1973.5,6.15
strong,strong,write,packed,chunked,69,8,4,1,949,2145681408,1,1.0791,1.0742,1.0831,1988.4,69,3,32/32/5/0/0/0/0/0,69,1,1069.08,0.65,900.73,1069.08,2393.0,2007.0,10.01
strong,strong,write,packed,chunked,70,8,4,1,936,2146959360,1,1.0639,1.0613,1.0719,2018.0,70,3,32/32/6/0/0/0/0/0,70,1,1057.4,0.69,878.25,1057.4,2399.0,2030.4,6.49
strong,strong,write,packed,chunked,71,8,4,1,923,2147385344,1,1.049,1.0446,1.0539,2047.0,71,3,32/32/7/0/0/0/0/0,71,1,1043.76,0.72,857.88,1043.76,2396.0,2057.4,5.27
strong,strong,write,packed,chunked,72,8,4,1,910,2146959360,1,1.0353,1.0333,1.0376,2073.9,72,3,32/32/8/0/0/0/0/0,72,1,1028.64,0.45,839.32,1028.64,2393.0,2087.2,6.61
strong,strong,write,packed,chunked,73,8,4,1,897,2145681408,1,1.0206,1.0162,1.0243,2102.4,73,3,32/32/9/0/0/0/0/0,73,1,1012.88,0.57,820.46,1012.84,2393.0,2118.4,7.71
strong,strong,write,packed,chunked,74,8,4,1,885,2145976320,1,1.0056,1.0013,1.012,2133.9,74,3,32/32/10/0/0/0/0/0,74,1,1003.16,0.53,802.05,1003.08,2395.0,2139.2,2.49
strong,strong,write,packed,chunked,75,8,4,1,873,2145484800,1,0.9898,0.986,0.9941,2167.6,75,3,32/32/11/0/0/0/0/0,75,1,984.24,0.65,785.44,984.24,2370.0,2179.8,5.55
strong,strong,write,packed,chunked,76,8,4,1,862,2146697216,1,0.9815,0.975,0.9836,2187.1,76,3,32/32/12/0/0/0/0/0,76,1,970.24,0.65,773.36,970.08,2403.0,2212.5,11.29
strong,strong,write,packed,chunked,77,8,4,1,851,2147188736,1,0.9677,0.9638,0.9724,2218.9,77,3,32/32/13/0/0/0/0/0,77,1,962.24,0.68,754.65,962.12,2382.0,2231.4,5.43
strong,strong,write,packed,chunked,78,8,4,1,840,2146959360,1,0.9575,0.9533,0.9612,2242.1,78,3,32/32/14/0/0/0/0/0,78,1,947.88,0.56,744.06,947.76,2371.0,2265.0,9.67
strong,strong,write,packed,chunked,79,8,4,1,829,2146009088,1,0.9438,0.9419,0.9502,2273.7,79,3,32/32/15/0/0/0/0/0,79,1,937.08,0.57,732.24,936.96,2368.0,2290.1,6.75
strong,strong,write,packed,chunked,80,8,4,1,819,2146959360,1,0.9332,0.9306,0.936,2300.7,80,3,32/32/16/0/0/0/0/0,80,1,924.52,0.73,721.56,924.4,2392.0,2322.2,8.67
strong,strong,write,packed,chunked,81,8,4,1,809,2147254272,1,0.9199,0.9159,0.9302,2334.3,81,3,32/32/17/0/0/0/0/0,81,1,917.4,0.69,710.98,917.28,2356.0,2340.6,2.49
strong,strong,write,packed,chunked,82,8,4,1,799,2146893824,1,0.9106,0.9042,0.9132,2357.6,82,3,32/32/18/0/0/0/0/0,82,1,898.24,0.65,703.18,898.12,2394.0,2390.1,12.39
strong,strong,write,packed,chunked,83,8,4,1,789,2145878016,1,0.8985,0.8952,0.9002,2388.2,83,3,32/32/19/0/0/0/0/0,83,1,893.4,0.57,693.84,893.28,2371.0,2401.9,5.13
strong,strong,write,packed,chunked,84,8,4,1,780,2146959360,1,0.8871,0.8816,0.8914,2420.1,84,3,32/32/20/0/0/0/0/0,84,1,881.72,0.65,686.37,881.56,2382.0,2435.0,5.41
strong,strong,write,packed,chunked,85,8,4,1,771,2147450880,1,0.8767,0.8723,0.8783,2449.5,85,3,32/32/21/0/0/0/0/0,85,1,867.16,0.73,680.21,867.04,2396.0,2476.4,9.53
strong,strong,write,packed,chunked,86,8,4,1,762,2147352576,1,0.8616,0.8597,0.8654,2492.1,86,3,32/32/22/0/0/0/0/0,86,1,855.68,0.61,673.18,855.56,2406.0,2509.5,5.97
strong,strong,write,packed,chunked,87,8,4,1,753,2146664448,1,0.856,0.8511,0.8616,2507.8,87,3,32/32/23/0/0/0/0/0,87,1,853.6,0.76,668.27,853.48,2406.0,2514.8,2.39
strong,strong,write,packed,chunked,88,8,4,1,744,2145386496,1,0.8465,0.8402,0.8498,2534.5,88,3,32/32/24/0/0/0/0/0,88,1,837.72,0.64,665.91,837.64,2392.0,2561.0,8.77
strong,strong,write,packed,chunked,89,8,4,1,736,2146435072,1,0.8364,0.8312,0.8396,2566.2,89,3,32/32/25/0/0/0/0/0,89,1,833.6,0.57,658.98,833.52,2381.0,2574.9,2.83
strong,strong,write,packed,chunked,90,8,4,1,728,2146959360,1,0.829,0.8221,0.8333,2589.9,90,3,32/32/26/0/0/0/0/0,90,1,822.28,0.61,654.33,822.16,2389.0,2611.0,6.69
strong,strong,write,packed,chunked,91,8,4,1,720,2146959360,1,0.819,0.8144,0.8235,2621.3,91,3,32/32/27/0/0/0/0/0,91,1,813.08,0.2,652.29,812.96,2387.0,2640.5,5.95
strong,strong,write,packed,chunked,92,8,4,1,712,2146435072,1,0.8109,0.8055,0.814,2646.8,92,3,32/32/28/0/0/0/0/0,92,1,799.88,0.72,647.78,799.76,2377.0,2683.4,11.07
strong,strong,write,packed,chunked,93,8,4,1,704,2145386496,1,0.8019,0.8001,0.8052,2675.2,93,3,32/32/29/0/0/0/0/0,93,1,794.32,0.69,642.12,794.28,2380.0,2700.9,7.63
strong,strong,write,packed,chunked,94,8,4,1,697,2146893824,1,0.7908,0.7867,0.7988,2714.7,94,3,32/32/30/0/0/0/0/0,94,1,784.56,0.69,637.73,784.44,2367.0,2736.4,6.29
strong,strong,write,packed,chunked,95,8,4,1,689,2144829440,1,0.7853,0.7792,0.7907,2731.3,95,3,32/32/31/0/0/0/0/0,95,1,775.8,0.57,635.5,775.68,2371.0,2764.7,9.49
strong,strong,write,packed,chunked,96,8,4,1,682,2145386496,1,0.7767,0.7743,0.7784,2762.2,96,3,32/32/32/0/0/0/0/0,96,1,772.36,0.81,639.42,772.2,2386.0,2777.7,4.35
strong,strong,write,packed,chunked,97,8,4,1,675,2145484800,1,0.7679,0.7647,0.7751,2793.9,97,4,32/32/32/1/0/0/0/0,97,1,761.88,0.81,623.55,761.76,2349.0,2816.0,6.05
strong,strong,write,packed,chunked,98,8,4,1,668,2145124352,1,0.759,0.7545,0.7667,2826.4,98,4,32/32/32/2/0/0/0/0,98,1,752.68,0.69,612.87,752.6,2347.0,2850.0,6.29
strong,strong,write,packed,chunked,99,8,4,1,661,2144305152,1,0.7519,0.7463,0.755,2851.8,99,4,32/32/32/3/0/0/0/0,99,1,743.88,0.65,601.5,743.72,2364.0,2882.6,8.03
strong,strong,write,packed,chunked,100,8,4,1,655,2146304000,1,0.7477,0.7458,0.7521,2870.7,100,4,32/32/32/4/0/0/0/0,100,1,741.76,0.73,590.94,741.64,2382.0,2893.5,5.91
strong,strong,write,packed,chunked,101,8,4,1,648,2144600064,1,0.7373,0.7312,0.7397,2908.6,101,4,32/32/32/5/0/0/0/0,101,1,732.8,0.65,581.86,732.72,2386.0,2926.6,4.53
strong,strong,write,packed,chunked,102,8,4,1,642,2145779712,1,0.7317,0.7258,0.7344,2932.6,102,4,32/32/32/6/0/0/0/0,102,1,723.4,0.68,573.62,723.28,2391.0,2966.2,8.29
strong,strong,write,packed,chunked,103,8,4,1,636,2146566144,1,0.7249,0.7207,0.7292,2961.3,103,4,32/32/32/7/0/0/0/0,103,1,719.88,0.73,568.18,719.88,2387.0,2981.8,4.99
strong,strong,write,packed,chunked,104,8,4,1,630,2146959360,1,0.7186,0.7141,0.7212,2987.5,104,4,32/32/32/8/0/0/0/0,104,1,714.84,0.61,565.85,714.8,2396.0,3003.4,3.81
strong,strong,write,packed,chunked,105,8,4,1,624,2146959360,1,0.7103,0.704,0.7166,3022.5,105,4,32/32/32/9/0/0/0/0,105,1,699.52,0.69,556.28,699.48,2375.0,3069.2,10.81
strong,strong,write,packed,chunked,106,8,4,1,618,2146566144,1,0.7057,0.7014,0.7084,3041.9,106,4,32/32/32/10/0/0/0/0,106,1,695.0,0.2,550.72,694.92,2391.0,3088.6,10.67
strong,strong,write,packed,chunked,107,8,4,1,612,2145779712,1,0.6984,0.6922,0.7032,3072.2,107,4,32/32/32/11/0/0/0/0,107,1,693.04,0.65,544.93,692.96,2390.0,3096.2,5.41
strong,strong,write,packed,chunked,108,8,4,1,606,2144600064,1,0.693,0.6833,0.6972,3094.6,108,4,32/32/32/12/0/0/0/0,108,1,689.96,0.77,543.31,689.92,2406.0,3108.3,3.05
strong,strong,write,packed,chunked,109,8,4,1,601,2146598912,1,0.6858,0.68,0.6929,3130.2,109,4,32/32/32/13/0/0/0/0,109,1,674.16,0.73,537.22,674.04,2373.0,3184.1,11.61
strong,strong,write,packed,chunked,110,8,4,1,595,2144665600,1,0.6777,0.6734,0.6827,3164.8,110,4,32/32/32/14/0/0/0/0,110,1,671.84,0.68,533.26,671.76,2361.0,3192.2,5.83
strong,strong,write,packed,chunked,111,8,4,1,590,2145976320,1,0.6725,0.6661,0.6772,3190.8,111,4,32/32/32/15/0/0/0/0,111,1,670.48,0.65,528.31,670.4,2376.0,3200.7,2.07
strong,strong,write,packed,chunked,112,8,4,1,585,2146959360,1,0.6668,0.6617,0.6704,3219.7,112,4,32/32/32/16/0/0/0/0,112,1,655.64,0.78,529.92,655.64,2405.0,3274.6,11.19
strong,strong,write,packed,chunked,113,8,4,1,579,2143911936,1,0.6592,0.6551,0.6661,3252.3,113,4,32/32/32/17/0/0/0/0,113,1,651.76,0.85,524.42,651.72,2398.0,3289.4,7.45
strong,strong,write,packed,chunked,114,8,4,1,574,2144206848,1,0.654,0.6493,0.6599,3278.7,114,4,32/32/32/18/0/0/0/0,114,1,647.76,0.69,524.42,647.72,2348.0,3310.2,6.23
strong,strong,write,packed,chunked,115,8,4,1,569,2144174080,1,0.6476,0.6435,0.6519,3311.1,115,4,32/32/32/19/0/0/0/0,115,1,644.04,0.77,521.32,644.04,2370.0,3329.3,3.53
strong,strong,write,packed,chunked,116,8,4,1,564,2143813632,1,0.6436,0.6378,0.6483,3331.1,116,4,32/32/32/20/0/0/0/0,116,1,631.6,0.24,523.42,631.6,2391.0,3394.3,11.97
strong,strong,write,packed,chunked,117,8,4,1,560,2146959360,1,0.6404,0.6338,0.642,3352.4,117,4,32/32/32/21/0/0/0/0,117,1,634.2,0.69,521.01,634.12,2406.0,3385.3,6.23
strong,strong,write,packed,chunked,118,8,4,1,555,2145976320,1,0.6337,0.6283,0.6376,3386.5,118,4,32/32/32/22/0/0/0/0,118,1,626.32,0.81,522.88,626.24,2359.0,3426.3,7.37
strong,strong,write,packed,chunked,119,8,4,1,550,2144665600,1,0.6281,0.6225,0.632,3414.4,119,4,32/32/32/23/0/0/0/0,119,1,620.36,0.77,519.13,620.36,2377.0,3457.1,7.77
strong,strong,write,packed,chunked,120,8,4,1,546,2146959360,1,0.623,0.6182,0.6272,3446.0,120,4,32/32/32/24/0/0/0/0,120,1,616.2,0.81,522.12,616.16,2391.0,3484.2,6.83
strong,strong,write,packed,chunked,121,8,4,1,541,2145026048,1,0.6181,0.6124,0.6214,3470.5,121,4,32/32/32/25/0/0/0/0,121,1,614.44,0.61,516.83,614.4,2347.0,3491.0,3.63
strong,strong,write,packed,chunked,122,8,4,1,537,2146762752,1,0.6136,0.6111,0.6181,3498.7,122,4,32/32/32/26/0/0/0/0,122,1,606.68,0.73,516.56,606.64,2391.0,3538.5,6.91
strong,strong,write,packed,chunked,123,8,4,1,532,2144206848,1,0.6077,0.6024,0.6109,3528.4,123,4,32/32/32/27/0/0/0/0,123,1,603.44,0.73,513.0,603.36,2391.0,3553.3,4.27
strong,strong,write,packed,chunked,124,8,4,1,528,2145386496,1,0.6018,0.5986,0.6054,3565.1,124,4,32/32/32/28/0/0/0/0,124,1,594.32,0.2,516.7,594.28,2348.0,3609.8,7.45
strong,strong,write,packed,chunked,125,8,4,1,524,2146304000,1,0.5996,0.5931,0.604,3579.5,125,4,32/32/32/29/0/0/0/0,125,1,592.56,0.77,514.6,592.56,2380.0,3622.1,7.05
strong,strong,write,packed,chunked,126,8,4,1,520,2146959360,1,0.5961,0.5906,0.599,3601.9,126,4,32/32/32/30/0/0/0/0,126,1,588.44,0.81,513.19,588.36,2375.0,3648.6,7.63
strong,strong,write,packed,chunked,127,8,4,1,516,2147352576,1,0.5901,0.5866,0.5944,3638.9,127,4,32/32/32/31/0/0/0/0,127,1,583.2,0.65,516.15,583.16,2350.0,3682.0,6.91
strong,strong,write,packed,chunked,128,8,4,1,512,2147483648,1,0.5898,0.582,0.5922,3640.9,128,4,32/32/32/32/0/0/0/0,128,1,585.76,0.76,516.08,585.68,2375.0,3666.1,4.07
strong,strong,write,packed,chunked,129,8,4,1,508,2147352576,1,0.5804,0.579,0.5854,3699.7,129,5,32/32/32/32/1/0/0/0,129,1,574.44,0.79,506.68,574.4,2397.0,3738.2,5.97
strong,strong,write,packed,chunked,130,8,4,1,504,2146959360,1,0.5798,0.5762,0.583,3702.9,130,5,32/32/32/32/2/0/0/0,130,1,574.0,0.73,501.46,573.96,2378.0,3740.3,5.81
strong,strong,write,packed,chunked,131,8,4,1,500,2146304000,1,0.5748,0.5726,0.5799,3733.8,131,5,32/32/32/32/3/0/0/0,131,1,567.86,0.89,490.39,567.36,2387.0,3779.6,6.97
strong,strong,write,packed,chunked,132,8,4,1,496,2145386496,1,0.571,0.5687,0.5743,3757.1,132,5,32/32/32/32/4/0/0/0,132,1,568.46,0.81,484.32,568.12,2388.0,3774.0,2.57
strong,strong,write,packed,chunked,133,8,4,1,492,2144206848,1,0.5647,0.5622,0.5667,3796.9,133,5,32/32/32/32/5/0/0/0,133,1,558.7,0.79,477.32,558.44,2393.0,3837.9,6.03
strong,strong,write,packed,chunked,134,8,4,1,489,2147155968,1,0.5629,0.5602,0.5649,3814.1,134,5,32/32/32/32/6/0/0/0,134,1,555.18,0.81,475.74,554.8,2379.0,3867.5,7.77
strong,strong,write,packed,chunked,135,8,4,1,485,2145484800,1,0.5576,0.5556,0.5617,3847.7,135,5,32/32/32/32/7/0/0/0,135,1,549.67,0.25,467.0,549.6,2373.0,3903.2,7.94
strong,strong,write,packed,chunked,136,8,4,1,481,2143551488,1,0.5536,0.5498,0.5567,3872.0,136,5,32/32/32/32/8/0/0/0,136,1,549.98,0.77,463.74,549.6,2383.0,3897.5,3.63
strong,strong,write,packed,chunked,137,8,4,1,478,2145845248,1,0.5495,0.5472,0.5541,3904.8,137,5,32/32/32/32/9/0/0/0,137,1,541.58,0.65,455.48,541.16,2394.0,3962.2,7.97
strong,strong,write,packed,chunked,138,8,4,1,474,2143420416,1,0.5453,0.5395,0.5484,3930.4,138,5,32/32/32/32/10/0/0/0,138,1,541.87,0.74,451.85,541.44,2371.0,3955.6,3.48
strong,strong,write,packed,chunked,139,8,4,1,471,2145288192,1,0.5408,0.5388,0.5449,3967.1,139,5,32/32/32/32/11/0/0/0,139,1,533.82,0.91,444.89,533.48,2388.0,4018.7,6.95
strong,strong,write,packed,chunked,140,8,4,1,468,2146959360,1,0.5392,0.5362,0.5418,3982.0,140,5,32/32/32/32/12/0/0/0,140,1,530.46,0.95,440.78,530.28,2388.0,4047.4,8.71
strong,strong,write,packed,chunked,141,8,4,1,464,2143813632,1,0.5343,0.5279,0.5382,4012.6,141,5,32/32/32/32/13/0/0/0,141,1,529.76,0.75,439.54,529.64,2348.0,4046.8,4.51
strong,strong,write,packed,chunked,142,8,4,1,461,2145058816,1,0.5314,0.5269,0.5328,4036.4,142,5,32/32/32/32/14/0/0/0,142,1,524.22,0.69,431.64,523.76,2362.0,4091.9,7.2
strong,strong,write,packed,chunked,143,8,4,1,458,2146107392,1,0.5273,0.5212,0.5301,4070.1,143,5,32/32/32/32/15/0/0/0,143,1,521.82,0.75,427.24,521.2,2365.0,4112.7,5.47
strong,strong,write,packed,chunked,144,8,4,1,455,2146959360,1,0.5226,0.5206,0.5275,4108.2,144,5,32/32/32/32/16/0/0/0,144,1,517.6,0.79,426.44,517.48,2360.0,4147.9,5.01
strong,strong,write,packed,chunked,145,8,4,1,451,2142863360,1,0.518,0.5159,0.5214,4136.9,145,5,32/32/32/32/17/0/0/0,145,1,515.32,0.83,423.11,515.2,2350.0,4158.3,2.66
strong,strong,write,packed,chunked,146,8,4,1,448,2143289344,1,0.5153,0.5096,0.5185,4159.4,146,5,32/32/32/32/18/0/0/0,146,1,503.7,0.77,418.27,503.2,2358.0,4255.1,11.59
strong,strong,write,packed,chunked,147,8,4,1,445,2143518720,1,0.5121,0.5092,0.5145,4185.9,147,5,32/32/32/32/19/0/0/0,147,1,505.52,0.75,413.59,505.4,2365.0,4240.2,6.57
strong,strong,write,packed,chunked,148,8,4,1,442,2143551488,1,0.5086,0.5054,0.5113,4214.6,148,5,32/32/32/32/20/0/0/0,148,1,502.88,0.85,411.29,502.72,2358.0,4262.6,5.73
strong,strong,write,packed,chunked,149,8,4,1,439,2143387648,1,0.5047,0.4993,0.5087,4247.0,149,5,32/32/32/32/21/0/0/0,149,1,497.82,0.79,410.71,497.44,2358.0,4305.5,6.87
strong,strong,write,packed,chunked,150,8,4,1,436,2143027200,1,0.5011,0.4978,0.5052,4276.6,150,5,32/32/32/32/22/0/0/0,150,1,492.9,0.83,408.1,492.52,2334.0,4347.8,8.21
strong,strong,write,packed,chunked,151,8,4,1,434,2147418112,1,0.4988,0.4967,0.5028,4305.5,151,5,32/32/32/32/23/0/0/0,151,1,494.7,0.83,409.05,494.36,2337.0,4340.8,4.07
strong,strong,write,packed,chunked,152,8,4,1,431,2146697216,1,0.4958,0.4918,0.4987,4329.4,152,5,32/32/32/32/24/0/0/0,152,1,489.9,0.79,407.34,489.64,2359.0,4381.9,5.94
strong,strong,write,packed,chunked,153,8,4,1,428,2145779712,1,0.491,0.4883,0.4957,4370.5,153,5,32/32/32/32/25/0/0/0,153,1,485.32,0.79,400.35,485.24,2358.0,4421.4,5.64
strong,strong,write,packed,chunked,154,8,4,1,425,2144665600,1,0.489,0.4864,0.4917,4386.1,154,5,32/32/32/32/26/0/0/0,154,1,480.42,0.87,399.08,479.96,2332.0,4464.1,8.55
strong,strong,write,packed,chunked,155,8,4,1,422,2143354880,1,0.486,0.4815,0.4874,4410.0,155,5,32/32/32/32/27/0/0/0,155,1,475.74,0.91,397.72,475.44,2333.0,4505.3,10.29
strong,strong,write,packed,chunked,156,8,4,1,420,2146959360,1,0.4811,0.4796,0.4854,4462.7,156,5,32/32/32/32/28/0/0/0,156,1,475.14,0.87,396.2,474.92,2331.0,4518.6,5.95
strong,strong,write,packed,chunked,157,8,4,1,417,2145288192,1,0.4792,0.4766,0.482,4477.0,157,5,32/32/32/32/29/0/0/0,157,1,473.8,0.87,394.22,473.76,2333.0,4527.8,5.38
strong,strong,write,packed,chunked,158,8,4,1,414,2143420416,1,0.475,0.4731,0.4776,4512.0,158,5,32/32/32/32/30/0/0/0,158,1,467.36,0.83,393.56,467.24,2332.0,4586.2,7.69
strong,strong,write,packed,chunked,159,8,4,1,412,2146566144,1,0.4727,0.4712,0.4742,4540.6,159,5,32/32/32/32/31/0/0/0,159,1,468.4,0.85,392.26,468.28,2334.0,4582.8,4.34
strong,strong,write,packed,chunked,160,8,4,1,409,2144337920,1,0.4693,0.4662,0.4711,4569.4,160,5,32/32/32/32/32/0/0/0,160,1,460.34,0.95,392.72,459.88,2332.0,4658.2,8.94
strong,strong,write,packed,chunked,161,8,4,1,407,2147188736,1,0.4685,0.4662,0.4714,4582.9,161,6,32/32/32/32/32/1/0/0,161,1,462.16,1.03,390.83,462.04,2334.0,4646.0,6.36
strong,strong,write,packed,chunked,162,8,4,1,404,2144600064,1,0.4639,0.4605,0.4709,4623.1,162,6,32/32/32/32/32/2/0/0,162,1,459.86,1.03,387.47,459.48,2334.0,4663.6,4.02
strong,strong,write,packed,chunked,163,8,4,1,402,2147155968,1,0.4616,0.4584,0.4641,4651.7,163,6,32/32/32/32/32/3/0/0,163,1,452.54,0.83,382.03,452.16,2332.0,4744.7,9.04
strong,strong,write,packed,chunked,164,8,4,1,399,2144206848,1,0.4575,0.4551,0.4626,4687.2,164,6,32/32/32/32/32/4/0/0,164,1,450.68,0.87,377.32,450.6,2332.0,4757.7,6.78
strong,strong,write,packed,chunked,165,8,4,1,397,2146467840,1,0.4555,0.4511,0.4598,4711.9,165,6,32/32/32/32/32/5/0/0,165,1,445.04,0.83,372.82,444.92,2330.0,4823.1,10.5
strong,strong,write,packed,chunked,166,8,4,1,394,2143158272,1,0.4522,0.4504,0.4567,4738.9,166,6,32/32/32/32/32/6/0/0,166,1,448.08,0.91,367.14,448.04,2330.0,4783.0,4.16
strong,strong,write,packed,chunked,167,8,4,1,392,2145124352,1,0.4506,0.4483,0.4558,4760.8,167,6,32/32/32/32/32/7/0/0,167,1,441.14,0.95,366.44,440.8,2330.0,4862.7,9.44
strong,strong,write,packed,chunked,168,8,4,1,390,2146959360,1,0.448,0.4447,0.4508,4792.7,168,6,32/32/32/32/32/8/0/0,168,1,441.98,0.91,365.03,441.72,2329.0,4857.6,5.98
strong,strong,write,packed,chunked,169,8,4,1,387,2143125504,1,0.4618,0.4566,0.4694,4640.4,169,6,32/32/32/32/32/9/0/0,169,1,462.58,0.79,393.19,462.12,2335.0,4633.0,-0.74
strong,strong,write,packed,chunked,170,8,4,1,385,2144665600,1,0.4431,0.4412,0.445,4840.5,170,6,32/32/32/32/32/10/0/0,170,1,437.2,0.83,360.12,437.12,2328.0,4905.5,5.86
strong,strong,write,packed,chunked,171,8,4,1,383,2146074624,1,0.4407,0.438,0.4454,4870.1,171,6,32/32/32/32/32/11/0/0,171,1,432.02,0.83,358.31,431.64,2326.0,4967.5,8.64
strong,strong,write,packed,chunked,172,8,4,1,381,2147352576,1,0.4475,0.4451,0.4533,4798.9,172,6,32/32/32/32/32/12/0/0,172,1,440.42,0.99,367.18,440.08,2329.0,4875.7,7.05
strong,strong,write,packed,chunked,173,8,4,1,378,2142830592,1,0.4356,0.4335,0.4404,4919.2,173,6,32/32/32/32/32/13/0/0,173,1,429.34,0.95,355.68,429.0,2325.0,4991.0,6.26
strong,strong,write,packed,chunked,174,8,4,1,376,2143813632,1,0.434,0.4308,0.4406,4940.1,174,6,32/32/32/32/32/14/0/0,174,1,430.46,0.87,357.15,430.08,2325.0,4980.3,3.5
strong,strong,write,packed,chunked,175,8,4,1,374,2144665600,1,0.4322,0.4286,0.4359,4962.6,175,6,32/32/32/32/32/15/0/0,175,1,425.28,0.87,353.15,425.28,2327.0,5042.9,6.88
strong,strong,write,packed,chunked,176,8,4,1,372,2145386496,1,0.4301,0.4272,0.4345,4988.3,176,6,32/32/32/32/32/16/0/0,176,1,424.98,0.88,352.84,424.36,2330.0,5048.2,5.1
strong,strong,write,packed,chunked,177,8,4,1,370,2145976320,1,0.4284,0.4255,0.4298,5009.0,177,6,32/32/32/32/32/17/0/0,177,1,423.82,0.95,354.07,423.32,2330.0,5063.4,4.6
strong,strong,write,packed,chunked,178,8,4,1,368,2146435072,1,0.424,0.4229,0.4297,5062.3,178,6,32/32/32/32/32/18/0/0,178,1,417.18,0.91,352.43,416.68,2330.0,5145.1,6.83
strong,strong,write,packed,chunked,179,8,4,1,366,2146762752,1,0.4228,0.419,0.4283,5077.9,179,6,32/32/32/32/32/19/0/0,179,1,417.78,0.87,351.53,417.44,2326.0,5138.5,4.98
strong,strong,write,packed,chunked,180,8,4,1,364,2146959360,1,0.4213,0.4177,0.4252,5096.5,180,6,32/32/32/32/32/20/0/0,180,1,412.06,0.81,351.7,411.6,2327.0,5210.3,9.2
strong,strong,write,packed,chunked,181,8,4,1,362,2147024896,1,0.4193,0.4168,0.4258,5120.2,181,6,32/32/32/32/32/21/0/0,181,1,412.66,0.81,352.62,412.2,2323.0,5202.9,6.66
strong,strong,write,packed,chunked,182,8,4,1,360,2146959360,1,0.4174,0.4139,0.4204,5143.1,182,6,32/32/32/32/32/22/0/0,182,1,407.98,0.79,350.3,407.48,2315.0,5262.4,9.46
strong,strong,write,packed,chunked,183,8,4,1,358,2146762752,1,0.4145,0.4117,0.4182,5179.6,183,6,32/32/32/32/32/23/0/0,183,1,407.66,0.99,352.14,407.6,2317.0,5266.1,6.8
strong,strong,write,packed,chunked,184,8,4,1,356,2146435072,1,0.4129,0.409,0.4213,5197.9,184,6,32/32/32/32/32/24/0/0,184,1,407.54,0.99,353.17,407.2,2318.0,5266.8,5.4
strong,strong,write,packed,chunked,185,8,4,1,354,2145976320,1,0.4111,0.408,0.4196,5220.0,185,6,32/32/32/32/32/25/0/0,185,1,401.78,0.83,348.24,401.44,2320.0,5341.2,9.32
strong,strong,write,packed,chunked,186,8,4,1,352,2145386496,1,0.4087,0.4056,0.4156,5249.2,186,6,32/32/32/32/32/26/0/0,186,1,402.7,0.79,349.46,402.08,2318.0,5327.5,6.0
strong,strong,write,packed,chunked,187,8,4,1,350,2144665600,1,0.4083,0.4042,0.4128,5252.6,187,6,32/32/32/32/32/27/0/0,187,1,399.98,0.83,347.55,399.56,2323.0,5361.9,8.32
strong,strong,write,packed,chunked,188,8,4,1,348,2143813632,1,0.4038,0.4015,0.4068,5309.3,188,6,32/32/32/32/32/28/0/0,188,1,400.9,0.95,352.82,400.4,2323.0,5347.5,2.88
strong,strong,write,packed,chunked,189,8,4,1,346,2142830592,1,0.4003,0.3993,0.4072,5353.0,189,6,32/32/32/32/32/29/0/0,189,1,393.62,0.87,346.34,393.36,2325.0,5443.9,6.68
strong,strong,write,packed,chunked,190,8,4,1,344,2141716480,1,0.4047,0.4014,0.4097,5291.8,190,6,32/32/32/32/32/30/0/0,190,1,397.42,0.87,351.32,397.04,2326.0,5389.1,7.3
strong,strong,write,packed,chunked,191,8,4,1,343,2146729984,1,0.3987,0.3965,0.404,5384.8,191,6,32/32/32/32/32/31/0/0,191,1,393.94,0.91,348.82,393.32,2324.0,5449.4,4.72
strong,strong,write,packed,chunked,192,8,4,1,341,2145386496,1,0.3978,0.395,0.403,5393.3,192,6,32/32/32/32/32/32/0/0,192,1,390.82,0.91,349.09,390.28,2320.0,5489.4,6.96
strong,strong,write,packed,chunked,193,8,4,1,339,2143911936,1,0.396,0.3927,0.403,5414.4,193,7,32/32/32/32/32/32/1/0,193,1,390.54,0.81,347.11,390.08,2327.0,5489.6,5.42
strong,strong,write,packed,chunked,194,8,4,1,337,2142306304,1,0.3915,0.3892,0.3958,5471.4,194,7,32/32/32/32/32/32/2/0,194,1,383.34,0.91,338.73,382.96,2320.0,5588.5,8.2
strong,strong,write,packed,chunked,195,8,4,1,336,2146959360,1,0.3899,0.3873,0.3951,5505.8,195,7,32/32/32/32/32/32/3/0,195,1,382.72,1.03,337.78,382.68,2323.0,5609.7,7.22
strong,strong,write,packed,chunked,196,8,4,1,334,2145124352,1,0.3898,0.3872,0.3981,5503.4,196,7,32/32/32/32/32/32/4/0,196,1,381.18,0.99,335.15,380.84,2323.0,5627.6,8.6
strong,strong,write,packed,chunked,197,8,4,1,332,2143158272,1,0.3869,0.3855,0.394,5538.7,197,7,32/32/32/32/32/32/5/0,197,1,382.42,0.83,333.46,382.0,2322.0,5604.2,4.52
strong,strong,write,packed,chunked,198,8,4,1,330,2141061120,1,0.384,0.3805,0.387,5575.3,198,7,32/32/32/32/32/32/6/0,198,1,374.78,0.83,326.74,374.52,2321.0,5712.8,9.24
strong,strong,write,packed,chunked,199,8,4,1,329,2145353728,1,0.383,0.3796,0.3878,5601.1,199,7,32/32/32/32/32/32/7/0,199,1,376.24,0.87,326.13,376.24,2326.0,5702.1,6.78
strong,strong,write,packed,chunked,200,8,4,1,327,2143027200,1,0.3814,0.3778,0.388,5618.8,200,7,32/32/32/32/32/32/8/0,200,1,375.06,0.95,324.2,374.4,2321.0,5713.8,6.34
strong,strong,write,packed,chunked,201,8,4,1,326,2147155968,1,0.3802,0.3766,0.3876,5646.8,201,7,32/32/32/32/32/32/9/0,201,1,373.94,0.95,322.11,373.36,2322.0,5742.0,6.3
strong,strong,write,packed,chunked,202,8,4,1,324,2144600064,1,0.3806,0.3777,0.386,5634.1,202,7,32/32/32/32/32/32/10/0,202,1,379.7,0.83,325.5,379.16,2322.0,5648.1,0.94
strong,strong,write,packed,chunked,203,8,4,1,322,2141913088,1,0.3864,0.3802,0.3936,5543.8,203,7,32/32/32/32/32/32/11/0,203,1,380.1,0.85,329.12,379.6,2328.0,5635.1,6.26
strong,strong,write,packed,chunked,204,8,4,1,321,2145779712,1,0.3833,0.3813,0.3884,5598.4,204,7,32/32/32/32/32/32/12/0,204,1,378.62,0.93,328.59,377.72,2327.0,5667.4,4.66
strong,strong,write,packed,chunked,205,8,4,1,319,2142863360,1,0.3804,0.3764,0.3832,5632.8,205,7,32/32/32/32/32/32/13/0,205,1,375.98,1.03,321.74,375.56,2326.0,5699.4,4.44
strong,strong,write,packed,chunked,206,8,4,1,318,2146566144,1,0.3856,0.3796,0.3957,5567.3,206,7,32/32/32/32/32/32/14/0,206,1,385.71,0.87,334.71,384.92,2329.0,5565.2,-0.15
strong,strong,write,packed,chunked,207,8,4,1,316,2143420416,1,0.3763,0.3732,0.3796,5696.3,207,7,32/32/32/32/32/32/15/0,207,1,367.22,0.89,314.99,366.76,2324.0,5836.9,9.06
strong,strong,write,packed,chunked,208,8,4,1,315,2146959360,1,0.3761,0.3709,0.3838,5708.7,208,7,32/32/32/32/32/32/16/0,208,1,372.98,0.87,314.44,372.6,2325.0,5756.2,3.1
strong,strong,write,packed,chunked,209,8,4,1,313,2143584256,1,0.3766,0.3733,0.3844,5692.2,209,7,32/32/32/32/32/32/17/0,209,1,367.3,0.83,312.85,366.88,2325.0,5836.1,9.28
strong,strong,write,packed,chunked,210,8,4,1,312,2146959360,1,0.377,0.3742,0.3794,5694.5,210,7,32/32/32/32/32/32/18/0,210,1,371.58,0.88,318.6,371.12,2324.0,5777.9,5.44
strong,strong,write,packed,chunked,211,8,4,1,310,2143354880,1,0.3742,0.3706,0.3772,5727.8,211,7,32/32/32/32/32/32/19/0,211,1,365.22,0.91,311.98,364.8,2323.0,5868.7,8.98
strong,strong,write,packed,chunked,212,8,4,1,309,2146566144,1,0.376,0.3734,0.3801,5709.2,212,7,32/32/32/32/32/32/20/0,212,1,370.02,0.99,311.56,369.68,2324.0,5801.2,5.96
strong,strong,write,packed,chunked,213,8,4,1,307,2142732288,1,0.3748,0.372,0.3791,5716.3,213,7,32/32/32/32/32/32/21/0,213,1,373.42,0.92,319.49,372.92,2325.0,5738.1,1.42
strong,strong,write,packed,chunked,214,8,4,1,306,2145779712,1,0.3726,0.3701,0.3778,5758.9,214,7,32/32/32/32/32/32/22/0,214,1,367.98,0.91,311.6,367.52,2323.0,5831.2,4.62
strong,strong,write,packed,chunked,215,8,4,1,304,2141716480,1,0.373,0.3702,0.3752,5742.4,215,7,32/32/32/32/32/32/23/0,215,1,364.46,0.87,312.2,364.04,2324.0,5876.4,8.5
strong,strong,write,packed,chunked,216,8,4,1,303,2144600064,1,0.3735,0.3684,0.3836,5742.1,216,7,32/32/32/32/32/32/24/0,216,1,365.42,0.91,312.0,364.96,2325.0,5868.9,8.06
strong,strong,write,packed,chunked,217,8,4,1,302,2147418112,1,0.3751,0.3707,0.384,5725.2,217,7,32/32/32/32/32/32/25/0,217,1,366.82,0.95,314.91,366.44,2325.0,5854.1,8.26
strong,strong,write,packed,chunked,218,8,4,1,300,2143027200,1,0.3718,0.3658,0.3825,5763.9,218,7,32/32/32/32/32/32/26/0,218,1,376.54,0.99,316.66,376.0,2325.0,5691.4,-4.74
strong,strong,write,packed,chunked,219,8,4,1,299,2145681408,1,0.3735,0.3701,0.3774,5745.0,219,7,32/32/32/32/32/32/27/0,219,1,367.46,0.87,315.54,367.0,2323.0,5839.2,6.02
strong,strong,write,packed,chunked,220,8,4,1,297,2141061120,1,0.3716,0.3652,0.3791,5762.3,220,7,32/32/32/32/32/32/28/0,220,1,371.76,0.87,311.17,371.68,2324.0,5759.3,-0.2
strong,strong,write,packed,chunked,221,8,4,1,296,2143551488,1,0.371,0.3664,0.3738,5777.7,221,7,32/32/32/32/32/32/29/0,221,1,363.9,0.83,314.38,363.52,2326.0,5890.5,7.1
strong,strong,write,packed,chunked,222,8,4,1,295,2145976320,1,0.3778,0.3751,0.3844,5679.8,222,7,32/32/32/32/32/32/30/0,222,1,371.66,1.03,323.6,371.2,2329.0,5774.0,6.16
strong,strong,write,packed,chunked,223,8,4,1,293,2141028352,1,0.3702,0.3654,0.375,5783.4,223,7,32/32/32/32/32/32/31/0,223,1,367.62,0.95,317.18,367.16,2324.0,5824.0,2.58
strong,strong,write,packed,chunked,224,8,4,1,292,2143289344,1,0.3705,0.3648,0.3748,5784.8,224,7,32/32/32/32/32/32/32/0,224,1,359.54,0.89,314.23,358.96,2325.0,5961.2,10.96
strong,strong,write,packed,chunked,225,8,4,1,291,2145484800,1,0.3739,0.3688,0.3803,5737.8,225,8,32/32/32/32/32/32/32/1,225,1,367.58,0.87,319.52,366.96,2327.0,5836.8,6.34
strong,strong,write,packed,chunked,226,8,4,1,289,2140209152,1,0.3689,0.3666,0.372,5802.2,226,8,32/32/32/32/32/32/32/2,226,1,362.33,0.9,312.78,362.28,2329.0,5906.8,6.53
strong,strong,write,packed,chunked,227,8,4,1,288,2142240768,1,0.3635,0.3608,0.3731,5893.6,227,8,32/32/32/32/32/32/32/3,227,1,356.33,1.06,306.47,356.24,2328.0,6012.0,7.15
strong,strong,write,packed,chunked,228,8,4,1,287,2144206848,1,0.3689,0.3643,0.3756,5812.4,228,8,32/32/32/32/32/32/32/4,228,1,367.34,0.93,314.81,366.96,2331.0,5837.1,1.56
strong,strong,write,packed,chunked,229,8,4,1,286,2146107392,1,0.3649,0.3615,0.3702,5880.6,229,8,32/32/32/32/32/32/32/5,229,1,355.58,0.95,307.05,355.28,2330.0,6035.5,9.36
strong,strong,write,packed,chunked,230,8,4,1,284,2140405760,1,0.3628,0.3587,0.3668,5899.3,230,8,32/32/32/32/32/32/32/6,230,1,357.7,0.87,304.14,357.28,2330.0,5983.8,5.12
strong,strong,write,packed,chunked,231,8,4,1,283,2142142464,1,0.3654,0.3612,0.381,5862.7,231,8,32/32/32/32/32/32/32/7,231,1,356.38,0.87,310.09,355.8,2329.0,6010.8,9.0
strong,strong,write,packed,chunked,232,8,4,1,282,2143813632,1,0.3659,0.3596,0.3718,5859.6,232,8,32/32/32/32/32/32/32/8,232,1,355.72,0.93,304.39,355.6,2330.0,6026.7,10.14
strong,strong,write,packed,chunked,233,8,4,1,281,2145419264,1,0.3636,0.3577,0.379,5900.8,233,8,32/32/32/32/32/32/32/9,233,1,356.54,0.95,305.23,356.04,2330.0,6017.3,7.04
strong,strong,write,packed,chunked,234,8,4,1,280,2146959360,1,0.3636,0.3598,0.3724,5904.0,234,8,32/32/32/32/32/32/32/10,234,1,355.3,0.95,307.02,354.92,2331.0,6042.7,8.34
strong,strong,write,packed,chunked,235,8,4,1,278,2140733440,1,0.3672,0.3616,0.3766,5829.8,235,8,32/32/32/32/32/32/32/11,235,1,360.42,0.87,304.65,360.0,2330.0,5939.6,6.78
strong,strong,write,packed,chunked,236,8,4,1,277,2142109696,1,0.366,0.3598,0.3709,5852.4,236,8,32/32/32/32/32/32/32/12,236,1,360.46,0.85,307.72,360.0,2330.0,5942.7,5.56
strong,strong,write,packed,chunked,237,8,4,1,276,2143420416,1,0.3638,0.3582,0.3684,5892.3,237,8,32/32/32/32/32/32/32/13,237,1,351.3,0.91,302.72,350.72,2328.0,6101.4,12.46
strong,strong,write,packed,chunked,238,8,4,1,275,2144665600,1,0.3644,0.3592,0.3712,5885.1,238,8,32/32/32/32/32/32/32/14,238,1,363.34,0.91,308.49,362.92,2330.0,5902.6,1.08
strong,strong,write,packed,chunked,239,8,4,1,274,2145845248,1,0.3657,0.3621,0.3717,5868.0,239,8,32/32/32/32/32/32/32/15,239,1,359.36,0.99,306.93,359.36,2330.0,5971.3,6.32
strong,strong,write,packed,chunked,240,8,4,1,273,2146959360,1,0.3642,0.358,0.3691,5894.9,240,8,32/32/32/32/32/32/32/16,240,1,358.5,0.91,305.39,358.08,2331.0,5988.7,5.7
strong,strong,write,packed,chunked,241,8,4,1,271,2140110848,1,0.3629,0.356,0.3703,5896.5,241,8,32/32/32/32/32/32/32/17,241,1,358.32,0.87,308.31,358.2,2332.0,5972.6,4.62
strong,strong,write,packed,chunked,242,8,4,1,270,2141061120,1,0.3624,0.3573,0.3711,5908.6,242,8,32/32/32/32/32/32/32/18,242,1,359.7,0.87,303.27,359.32,2333.0,5952.4,2.66
strong,strong,write,packed,chunked,243,8,4,1,269,2141945856,1,0.3618,0.3536,0.3718,5919.5,243,8,32/32/32/32/32/32/32/19,243,1,355.14,0.87,308.53,354.52,2330.0,6031.3,6.7
strong,strong,write,packed,chunked,244,8,4,1,268,2142765056,1,0.36,0.3552,0.3644,5951.7,244,8,32/32/32/32/32/32/32/20,244,1,358.39,0.87,310.5,357.68,2332.0,5978.9,1.63
strong,strong,write,packed,chunked,245,8,4,1,267,2143518720,1,0.3622,0.3577,0.3736,5917.3,245,8,32/32/32/32/32/32/32/21,245,1,356.26,0.99,306.44,355.92,2331.0,6016.7,5.98
strong,strong,write,packed,chunked,246,8,4,1,266,2144206848,1,0.3625,0.3563,0.3702,5915.0,246,8,32/32/32/32/32/32/32/22,246,1,355.1,0.91,312.59,354.72,2331.0,6038.3,7.4
strong,strong,write,packed,chunked,247,8,4,1,265,2144829440,1,0.3613,0.3566,0.366,5936.7,247,8,32/32/32/32/32/32/32/23,247,1,358.9,0.83,312.38,358.28,2333.0,5976.1,2.38
strong,strong,write,packed,chunked,248,8,4,1,264,2145386496,1,0.36,0.3526,0.3832,5958.7,248,8,32/32/32/32/32/32/32/24,248,1,355.32,0.87,311.96,355.32,2333.0,6037.9,4.72
strong,strong,write,packed,chunked,249,8,4,1,263,2145878016,1,0.3669,0.3602,0.3727,5849.2,249,8,32/32/32/32/32/32/32/25,249,1,360.84,0.99,312.57,360.84,2331.0,5946.9,6.02
strong,strong,write,packed,chunked,250,8,4,1,262,2146304000,1,0.3619,0.3539,0.3716,5931.2,250,8,32/32/32/32/32/32/32/26,250,1,358.46,1.01,314.01,357.88,2335.0,5987.6,3.4
strong,strong,write,packed,chunked,251,8,4,1,261,2146664448,1,0.3668,0.3632,0.3751,5851.7,251,8,32/32/32/32/32/32/32/27,251,1,357.34,1.03,310.64,356.92,2334.0,6007.3,9.5
strong,strong,write,packed,chunked,252,8,4,1,260,2146959360,1,0.3569,0.3517,0.3662,6015.9,252,8,32/32/32/32/32/32/32/28,252,1,353.1,0.87,310.39,352.4,2335.0,6080.3,3.78
strong,strong,write,packed,chunked,253,8,4,1,259,2147188736,1,0.3786,0.371,0.3882,5670.7,253,8,32/32/32/32/32/32/32/29,253,1,365.07,0.83,325.54,364.32,2338.0,5881.6,13.57
strong,strong,write,packed,chunked,254,8,4,1,258,2147352576,1,0.3913,0.3848,0.4132,5487.1,254,8,32/32/32/32/32/32/32/30,254,1,395.84,0.87,343.07,395.76,2335.0,5424.8,-4.5
strong,strong,write,packed,chunked,255,8,4,1,257,2147450880,1,0.403,0.3895,0.4275,5328.3,255,8,32/32/32/32/32/32/32/31,255,1,395.86,0.95,346.7,395.56,2339.0,5424.8,7.16
strong,strong,write,packed,chunked,256,8,4,1,256,2147483648,1,0.3481,0.3416,0.3566,6169.8,256,8,32/32/32/32/32/32/32/32,256,1,340.64,0.95,301.8,340.64,2328.0,6304.3,7.42
strong,strong,copy,rr,chunked,1,8,4,1,65536,4294967296,1,66.9528,66.7678,67.1717,64.1,1,1,1/0/0/0/0/0/0/0,1,1,67000.48,0.0,67000.48,67000.48,2398.0,64.1,-47.7
strong,strong,copy,rr,chunked,2,8,4,1,32768,4294967296,1,33.8564,33.7514,33.9851,126.9,2,2,1/1/0/0/0/0/0/0,2,1,33943.76,0.48,33313.54,33943.28,2396.0,126.5,-87.34
strong,strong,copy,rr,chunked,3,8,4,1,21845,4294901760,1,22.7846,22.6749,22.8168,188.5,3,3,1/1/1/0/0/0/0/0,3,1,22783.96,0.68,22506.84,22783.28,2401.0,188.5,0.68
strong,strong,copy,rr,chunked,4,8,4,1,16384,4294967296,1,17.1581,17.0919,17.2141,250.3,4,4,1/1/1/1/0/0/0/0,4,1,17137.85,0.73,16796.72,17137.12,2397.0,250.6,20.29
strong,strong,copy,rr,chunked,5,8,4,1,13107,4294901760,1,13.8955,13.861,13.9446,309.1,5,5,1/1/1/1/1/0/0/0,5,1,13912.23,0.79,13683.54,13911.44,2396.0,308.7,-16.72
strong,strong,copy,rr,chunked,6,8,4,1,10922,4294705152,1,11.6724,11.6412,11.6844,367.9,6,6,1/1/1/1/1/1/0/0,6,1,11678.56,0.83,11471.13,11678.16,2396.0,367.7,-6.12
strong,strong,copy,rr,chunked,7,8,4,1,9362,4294836224,1,10.0638,10.0402,10.0885,426.8,7,7,1/1/1/1/1/1/1/0,7,1,10056.95,0.75,9899.17,10056.2,2398.0,427.1,6.9
strong,strong,copy,rr,chunked,8,8,4,1,8192,4294967296,1,8.8799,8.8466,8.9045,483.7,8,8,1/1/1/1/1/1/1/1,8,1,8878.23,0.71,8725.11,8877.52,2397.0,483.8,1.7
strong,strong,copy,rr,chunked,9,8,4,1,7281,4294508544,1,8.0141,7.9646,8.0278,535.9,9,8,2/1/1/1/1/1/1/1,9,1,7992.48,0.71,7829.9,7992.16,2396.0,537.3,21.66
strong,strong,copy,rr,chunked,10,8,4,1,6553,4294574080,1,7.2436,7.2174,7.2742,592.9,10,8,2/2/1/1/1/1/1/1,10,1,7257.6,0.79,7137.75,7257.04,2396.0,591.7,-14.04
strong,strong,copy,rr,chunked,11,8,4,1,5957,4294377472,1,6.6473,6.6226,6.6667,646.0,11,8,2/2/2/1/1/1/1/1,11,1,6617.65,0.79,6511.19,6617.12,2401.0,648.9,29.66
strong,strong,copy,rr,chunked,12,8,4,1,5461,4294705152,1,6.1778,6.1474,6.2069,695.2,12,8,2/2/2/2/1/1/1/1,12,1,6176.52,0.79,6037.34,6176.08,2401.0,695.3,1.24
strong,strong,copy,rr,chunked,13,8,4,1,5041,4294770688,1,5.7421,5.7213,5.7601,747.9,13,8,2/2/2/2/2/1/1/1,13,1,5741.89,0.63,5632.52,5741.36,2396.0,748.0,0.21
strong,strong,copy,rr,chunked,14,8,4,1,4681,4294836224,1,5.3679,5.3497,5.3916,800.1,14,8,2/2/2/2/2/2/1/1,14,1,5362.89,0.67,5259.91,5362.32,2403.0,800.8,5.05
strong,strong,copy,rr,chunked,15,8,4,1,4369,4294901760,1,5.0807,5.0556,5.0947,845.3,15,8,2/2/2/2/2/2/2/1,15,1,5063.67,0.67,4965.6,5063.0,2400.0,848.2,17.06
strong,strong,copy,rr,chunked,16,8,4,1,4096,4294967296,1,4.8641,4.8495,4.8973,883.0,16,8,2/2/2/2/2/2/2/2,16,1,4860.03,0.83,4772.14,4859.2,2398.0,883.7,4.04
strong,strong,copy,rr,chunked,17,8,4,1,3855,4294901760,1,4.5572,4.53,4.577,942.4,17,8,3/2/2/2/2/2/2/2,17,1,4554.45,0.91,4457.33,4554.08,2403.0,943.0,2.8
strong,strong,copy,rr,chunked,18,8,4,1,3640,4293918720,1,4.3252,4.2992,4.3444,992.8,18,8,3/3/2/2/2/2/2/2,18,1,4339.51,0.73,4259.55,4338.88,2397.0,989.5,-14.3
strong,strong,copy,rr,chunked,19,8,4,1,3449,4294639616,1,4.1515,4.1264,4.1656,1034.5,19,8,3/3/3/2/2/2/2/2,19,1,4140.76,0.63,4075.49,4140.36,2403.0,1037.2,10.74
strong,strong,copy,rr,chunked,20,8,4,1,3276,4293918720,1,3.9787,3.9688,3.9895,1079.2,20,8,3/3/3/3/2/2/2/2,20,1,3982.24,0.74,3909.53,3982.24,2405.0,1078.3,-3.58
strong,strong,copy,rr,chunked,21,8,4,1,3120,4293918720,1,3.8461,3.8288,3.8698,1116.4,21,8,3/3/3/3/3/2/2/2,21,1,3838.43,0.79,3782.09,3837.64,2403.0,1118.7,7.67
strong,strong,copy,rr,chunked,22,8,4,1,2978,4293656576,1,3.6981,3.6742,3.7116,1161.1,22,8,3/3/3/3/3/3/2/2,22,1,3691.89,0.83,3637.17,3691.16,2399.0,1163.0,6.19
strong,strong,copy,rr,chunked,23,8,4,1,2849,4294377472,1,3.5858,3.5691,3.5918,1197.6,23,8,3/3/3/3/3/3/3/2,23,1,3581.96,0.83,3527.64,3581.4,2402.0,1198.9,3.86
strong,strong,copy,rr,chunked,24,8,4,1,2730,4293918720,1,3.4969,3.4869,3.5141,1227.9,24,8,3/3/3/3/3/3/3/3,24,1,3482.04,0.67,3434.96,3481.52,2396.0,1233.2,14.82
strong,strong,copy,rr,chunked,25,8,4,1,2621,4294246400,1,3.3583,3.3457,3.3728,1278.7,25,8,4/3/3/3/3/3/3/3,25,1,3340.77,0.71,3294.89,3340.12,2402.0,1285.4,17.51
strong,strong,copy,rr,chunked,26,8,4,1,2520,4293918720,1,3.2327,3.2263,3.2474,1328.3,26,8,4/4/3/3/3/3/3/3,26,1,3226.17,0.71,3175.91,3225.56,2400.0,1331.0,6.48
strong,strong,copy,rr,chunked,27,8,4,1,2427,4294508544,1,3.1536,3.1408,3.1712,1361.8,27,8,4/4/4/3/3/3/3/3,27,1,3145.16,0.91,3101.49,3144.56,2397.0,1365.4,8.41
strong,strong,copy,rr,chunked,28,8,4,1,2340,4293918720,1,3.0596,3.0537,3.0683,1403.4,28,8,4/4/4/4/3/3/3/3,28,1,3057.15,0.85,3015.53,3056.44,2409.0,1404.5,2.44
strong,strong,copy,rr,chunked,29,8,4,1,2259,4293328896,1,2.991,2.9794,3.005,1435.4,29,8,4/4/4/4/4/3/3/3,29,1,2995.92,0.83,2942.55,2995.6,2397.0,1433.1,-4.97
strong,strong,copy,rr,chunked,30,8,4,1,2184,4293918720,1,2.9121,2.899,2.9261,1474.5,30,8,4/4/4/4/4/4/3/3,30,1,2905.29,0.71,2868.02,2904.68,2401.0,1478.0,6.76
strong,strong,copy,rr,chunked,31,8,4,1,2114,4294836224,1,2.8153,2.8115,2.821,1525.5,31,8,4/4/4/4/4/4/4/3,31,1,2812.08,0.71,2769.64,2811.64,2400.0,1527.3,3.21
strong,strong,copy,rr,chunked,32,8,4,1,2048,4294967296,1,2.8985,2.8917,2.9132,1481.8,32,8,4/4/4/4/4/4/4/4,32,1,2895.29,0.83,2881.16,2894.68,2406.0,1483.4,3.2
strong,strong,copy,rr,chunked,33,8,4,1,1985,4292935680,1,2.6665,2.6618,2.6755,1609.9,33,8,5/4/4/4/4/4/4/4,33,1,2658.75,0.67,2631.93,2658.64,2397.0,1614.6,7.76
strong,strong,copy,rr,chunked,34,8,4,1,1927,4293787648,1,2.6247,2.6176,2.6396,1635.9,34,8,5/5/4/4/4/4/4/4,34,1,2613.37,0.83,2577.64,2612.76,2403.0,1643.0,11.3
strong,strong,copy,rr,chunked,35,8,4,1,1872,4293918720,1,2.5584,2.5546,2.5944,1678.3,35,8,5/5/5/4/4/4/4/4,35,1,2554.24,0.76,2517.37,2553.48,2392.0,1681.1,4.21
strong,strong,copy,rr,chunked,36,8,4,1,1820,4293918720,1,2.4991,2.4876,2.5018,1718.2,36,8,5/5/5/5/4/4/4/4,36,1,2482.95,0.73,2447.74,2482.36,2406.0,1729.4,16.12
strong,strong,copy,rr,chunked,37,8,4,1,1771,4294377472,1,2.4595,2.4484,2.4753,1746.0,37,8,5/5/5/5/5/4/4/4,37,1,2454.2,0.67,2415.42,2453.56,2403.0,1749.8,5.35
strong,strong,copy,rr,chunked,38,8,4,1,1724,4293394432,1,2.3866,2.3803,2.4082,1799.0,38,8,5/5/5/5/5/5/4/4,38,1,2380.63,0.81,2346.33,2379.84,2404.0,1803.5,5.95
strong,strong,copy,rr,chunked,39,8,4,1,1680,4293918720,1,2.3519,2.3457,2.377,1825.7,39,8,5/5/5/5/5/5/5/4,39,1,2344.29,0.79,2315.36,2343.64,2398.0,1831.6,7.61
strong,strong,copy,rr,chunked,40,8,4,1,1638,4293918720,1,2.305,2.2981,2.3132,1862.8,40,8,5/5/5/5/5/5/5/5,40,1,2300.93,0.85,2269.15,2300.4,2392.0,1866.2,4.11
strong,strong,copy,rr,chunked,41,8,4,1,1598,4293787648,1,2.2687,2.2602,2.2834,1892.6,41,8,6/5/5/5/5/5/5/5,41,1,2260.15,0.71,2214.74,2259.44,2397.0,1899.8,8.53
strong,strong,copy,rr,chunked,42,8,4,1,1560,4293918720,1,2.2175,2.2094,2.2305,1936.4,42,8,6/6/5/5/5/5/5/5,42,1,2209.43,0.79,2158.47,2208.64,2402.0,1943.5,8.09
strong,strong,copy,rr,chunked,43,8,4,1,1524,4294705152,1,2.1623,2.1585,2.1657,1986.1,43,8,6/6/6/5/5/5/5/5,43,1,2155.33,0.75,2116.21,2154.68,2401.0,1992.6,7.01
strong,strong,copy,rr,chunked,44,8,4,1,1489,4293656576,1,2.1545,2.1156,2.1591,1992.9,44,8,6/6/6/6/5/5/5/5,44,1,2150.33,0.79,2086.8,2149.64,2399.0,1996.7,4.17
strong,strong,copy,rr,chunked,45,8,4,1,1456,4293918720,1,2.1153,2.1079,2.1246,2029.9,45,8,6/6/6/6/6/5/5/5,45,1,2117.25,0.83,2056.46,2116.8,2406.0,2028.1,-1.93
strong,strong,copy,rr,chunked,46,8,4,1,1424,4292870144,1,2.0818,2.0749,2.0869,2062.1,46,8,6/6/6/6/6/6/5/5,46,1,2078.77,0.75,2015.52,2078.12,2403.0,2065.1,3.05
strong,strong,copy,rr,chunked,47,8,4,1,1394,4293787648,1,2.0658,2.0465,2.0732,2078.5,47,8,6/6/6/6/6/6/6/5,47,1,2052.2,0.63,2002.53,2051.64,2397.0,2092.3,13.58
strong,strong,copy,rr,chunked,48,8,4,1,1365,4293918720,1,1.9983,1.995,2.0029,2148.7,48,8,6/6/6/6/6/6/6/6,48,1,1996.07,0.67,1976.79,1995.6,2395.0,2151.2,2.27
strong,strong,copy,rr,chunked,49,8,4,1,1337,4293459968,1,1.9955,1.9897,1.9995,2151.6,49,8,7/6/6/6/6/6/6/6,49,1,1988.16,0.87,1924.68,1987.6,2405.0,2159.5,7.32
strong,strong,copy,rr,chunked,50,8,4,1,1310,4292608000,1,1.9541,1.938,1.9651,2196.8,50,8,7/7/6/6/6/6/6/6,50,1,1960.43,0.83,1892.96,1959.64,2390.0,2189.6,-6.37
strong,strong,copy,rr,chunked,51,8,4,1,1285,4294901760,1,1.9322,1.9271,1.9365,2222.8,51,8,7/7/7/6/6/6/6/6,51,1,1930.15,0.75,1865.74,1929.4,2408.0,2225.2,2.01
strong,strong,copy,rr,chunked,52,8,4,1,1260,4293918720,1,1.8953,1.8913,1.9015,2265.5,52,8,7/7/7/7/6/6/6/6,52,1,1889.25,0.67,1826.21,1888.68,2389.0,2272.8,6.09
strong,strong,copy,rr,chunked,53,8,4,1,1236,4293132288,1,1.8732,1.865,1.8855,2291.9,53,8,7/7/7/7/7/6/6/6,53,1,1860.33,0.72,1802.05,1859.68,2395.0,2307.7,12.83
strong,strong,copy,rr,chunked,54,8,4,1,1213,4292739072,1,1.8378,1.8319,1.8442,2335.8,54,8,7/7/7/7/7/7/6/6,54,1,1830.97,0.75,1775.93,1830.32,2406.0,2344.5,6.81
strong,strong,copy,rr,chunked,55,8,4,1,1191,4292935680,1,1.8148,1.8049,1.8197,2365.5,55,8,7/7/7/7/7/7/7/6,55,1,1814.63,0.87,1745.6,1813.76,2398.0,2365.7,0.19
strong,strong,copy,rr,chunked,56,8,4,1,1170,4293918720,1,1.804,1.7897,1.8089,2380.2,56,8,7/7/7/7/7/7/7/7,56,1,1796.55,0.85,1728.64,1795.88,2394.0,2390.1,7.43
strong,strong,copy,rr,chunked,57,8,4,1,1149,4292149248,1,1.763,1.7545,1.7676,2434.5,57,8,8/7/7/7/7/7/7/7,57,1,1762.9,0.75,1703.49,1762.28,2411.0,2434.7,0.14
strong,strong,copy,rr,chunked,58,8,4,1,1129,4291428352,1,1.7301,1.7259,1.7364,2480.5,58,8,8/8/7/7/7/7/7/7,58,1,1731.78,0.71,1668.97,1731.24,2395.0,2478.0,-1.7
strong,strong,copy,rr,chunked,59,8,4,1,1110,4291952640,1,1.7188,1.7157,1.7243,2497.1,59,8,8/8/8/7/7/7/7/7,59,1,1712.52,0.75,1654.58,1712.0,2392.0,2506.2,6.24
strong,strong,copy,rr,chunked,60,8,4,1,1092,4293918720,1,1.7154,1.7083,1.7183,2503.2,60,8,8/8/8/8/7/7/7/7,60,1,1710.76,0.79,1642.22,1710.36,2399.0,2509.9,4.62
strong,strong,copy,rr,chunked,61,8,4,1,1074,4293525504,1,1.6781,1.6751,1.6854,2558.6,61,8,8/8/8/8/8/7/7/7,61,1,1672.29,0.79,1617.93,1671.76,2396.0,2567.5,5.79
strong,strong,copy,rr,chunked,62,8,4,1,1057,4294836224,1,1.6568,1.6517,1.6629,2592.3,62,8,8/8/8/8/8/8/7/7,62,1,1649.29,0.83,1583.86,1648.72,2403.0,2604.1,7.49
strong,strong,copy,rr,chunked,63,8,4,1,1040,4293918720,1,1.6233,1.6125,1.6285,2645.2,63,8,8/8/8/8/8/8/8/7,63,1,1621.43,0.74,1568.2,1621.32,2406.0,2648.2,1.85
strong,strong,copy,rr,chunked,64,8,4,1,1024,4294967296,1,1.7306,1.7266,1.751,2481.8,64,8,8/8/8/8/8/8/8/8,64,1,1721.59,0.73,1693.5,1721.0,2404.0,2494.8,8.97
strong,strong,copy,rr,chunked,65,8,4,1,1008,4293918720,1,1.5922,1.5871,1.6143,2696.9,65,8,9/8/8/8/8/8/8/8,65,1,1592.64,0.71,1528.31,1592.12,2397.0,2696.1,-0.44
strong,strong,copy,rr,chunked,66,8,4,1,992,4290772992,1,1.5794,1.5715,1.5836,2716.8,66,8,9/9/8/8/8/8/8/8,66,1,1572.04,0.83,1507.7,1571.6,2390.0,2729.4,7.34
strong,strong,copy,rr,chunked,67,8,4,1,978,4294311936,1,1.5641,1.558,1.5749,2745.5,67,8,9/9/9/8/8/8/8/8,67,1,1560.72,0.79,1498.32,1560.32,2394.0,2751.5,3.4
strong,strong,copy,rr,chunked,68,8,4,1,963,4291559424,1,1.5576,1.5502,1.5621,2755.2,68,8,9/9/9/9/8/8/8/8,68,1,1551.12,0.87,1484.01,1550.72,2401.0,2766.7,6.52
strong,strong,copy,rr,chunked,69,8,4,1,949,4291362816,1,1.5254,1.5226,1.5425,2813.2,69,8,9/9/9/9/9/8/8/8,69,1,1520.07,0.79,1461.32,1519.32,2396.0,2823.1,5.37
strong,strong,copy,rr,chunked,70,8,4,1,936,4293918720,1,1.5101,1.5059,1.5143,2843.5,70,8,9/9/9/9/9/9/8/8,70,1,1502.72,0.75,1445.37,1502.36,2394.0,2857.4,7.36
strong,strong,copy,rr,chunked,71,8,4,1,923,4294770688,1,1.4975,1.4881,1.5102,2867.9,71,8,9/9/9/9/9/9/9/8,71,1,1492.29,0.86,1445.71,1492.08,2388.0,2878.0,5.23
strong,strong,copy,rr,chunked,72,8,4,1,910,4293918720,1,1.4976,1.4947,1.5002,2867.3,72,8,9/9/9/9/9/9/9/9,72,1,1493.68,0.79,1423.64,1493.44,2392.0,2874.7,3.88
strong,strong,copy,rr,chunked,73,8,4,1,897,4291362816,1,1.4724,1.4624,1.484,2914.5,73,8,10/9/9/9/9/9/9/9,73,1,1467.53,0.75,1404.67,1467.08,2393.0,2924.2,4.87
strong,strong,copy,rr,chunked,74,8,4,1,885,4291952640,1,1.4648,1.4623,1.4763,2930.1,74,8,10/10/9/9/9/9/9/9,74,1,1457.2,0.73,1396.32,1457.04,2391.0,2945.3,7.6
strong,strong,copy,rr,chunked,75,8,4,1,873,4290969600,1,1.4376,1.4287,1.4505,2984.7,75,8,10/10/10/9/9/9/9/9,75,1,1434.53,0.71,1387.63,1433.92,2394.0,2991.2,3.11
strong,strong,copy,rr,chunked,76,8,4,1,862,4293394432,1,1.4362,1.4299,1.4391,2989.5,76,8,10/10/10/10/9/9/9/9,76,1,1434.15,0.69,1360.97,1433.52,2397.0,2993.7,2.02
strong,strong,copy,rr,chunked,77,8,4,1,851,4294377472,1,1.4051,1.3979,1.42,3056.2,77,8,10/10/10/10/10/9/9/9,77,1,1407.39,0.83,1345.62,1406.56,2400.0,3051.3,-2.26
strong,strong,copy,rr,chunked,78,8,4,1,840,4293918720,1,1.3987,1.3884,1.4071,3069.9,78,8,10/10/10/10/10/10/9/9,78,1,1391.17,0.83,1344.05,1390.44,2393.0,3086.6,7.56
strong,strong,copy,rr,chunked,79,8,4,1,829,4292018176,1,1.3969,1.3896,1.412,3072.6,79,8,10/10/10/10/10/10/10/9,79,1,1390.67,0.65,1335.75,1390.64,2403.0,3086.3,6.21
strong,strong,copy,rr,chunked,80,8,4,1,819,4293918720,1,1.386,1.3699,1.4079,3098.0,80,8,10/10/10/10/10/10/10/10,80,1,1379.16,0.71,1324.59,1378.68,2392.0,3113.4,6.85
strong,strong,copy,rr,chunked,81,8,4,1,809,4294508544,1,1.3612,1.3545,1.3762,3154.9,81,8,11/10/10/10/10/10/10/10,81,1,1350.27,0.75,1302.7,1349.56,2402.0,3180.5,10.94
strong,strong,copy,rr,chunked,82,8,4,1,799,4293787648,1,1.3533,1.3469,1.3602,3172.8,82,8,11/11/10/10/10/10/10/10,82,1,1348.85,0.83,1285.65,1348.16,2390.0,3183.3,4.46
strong,strong,copy,rr,chunked,83,8,4,1,789,4291756032,1,1.3464,1.3356,1.3542,3187.5,83,8,11/11/11/10/10/10/10/10,83,1,1341.69,0.85,1276.62,1340.88,2397.0,3198.8,4.72
strong,strong,copy,rr,chunked,84,8,4,1,780,4293918720,1,1.32,1.3141,1.3335,3252.9,84,8,11/11/11/11/10/10/10/10,84,1,1310.28,0.86,1265.48,1310.28,2391.0,3277.1,9.73
strong,strong,copy,rr,chunked,85,8,4,1,771,4294901760,1,1.3001,1.2945,1.315,3303.5,85,8,11/11/11/11/11/10/10/10,85,1,1290.41,0.73,1247.25,1289.72,2393.0,3328.3,9.68
strong,strong,copy,rr,chunked,86,8,4,1,762,4294705152,1,1.3309,1.3248,1.3353,3227.0,86,8,11/11/11/11/11/11/10/10,86,1,1321.92,0.73,1254.03,1321.48,2388.0,3248.8,8.95
strong,strong,copy,rr,chunked,87,8,4,1,753,4293328896,1,1.2773,1.2662,1.2829,3361.4,87,8,11/11/11/11/11/11/11/10,87,1,1271.19,0.74,1228.82,1271.04,2398.0,3377.4,6.06
strong,strong,copy,rr,chunked,88,8,4,1,744,4290772992,1,1.2773,1.2587,1.2938,3359.2,88,8,11/11/11/11/11/11/11/11,88,1,1289.03,0.87,1229.57,1288.24,2398.0,3328.7,-11.7
strong,strong,copy,rr,chunked,89,8,4,1,736,4292870144,1,1.2583,1.2493,1.2734,3411.6,89,8,12/11/11/11/11/11/11/11,89,1,1248.52,0.83,1200.2,1248.12,2401.0,3438.4,9.81
strong,strong,copy,rr,chunked,90,8,4,1,728,4293918720,1,1.2748,1.2701,1.2791,3368.3,90,8,12/12/11/11/11/11/11/11,90,1,1271.25,0.89,1209.03,1270.84,2398.0,3377.7,3.54
strong,strong,copy,rr,chunked,91,8,4,1,720,4293918720,1,1.257,1.2507,1.2637,3416.0,91,8,12/12/12/11/11/11/11/11,91,1,1256.11,0.77,1204.42,1255.48,2396.0,3418.4,0.88
strong,strong,copy,rr,chunked,92,8,4,1,712,4292870144,1,1.2434,1.2299,1.2566,3452.5,92,8,12/12/12/12/11/11/11/11,92,1,1231.01,0.75,1180.67,1230.36,2386.0,3487.3,12.4
strong,strong,copy,rr,chunked,93,8,4,1,704,4290772992,1,1.2189,1.2005,1.2343,3520.3,93,8,12/12/12/12/12/11/11/11,93,1,1198.41,0.67,1169.63,1197.88,2397.0,3580.4,20.44
strong,strong,copy,rr,chunked,94,8,4,1,697,4293787648,1,1.24,1.2159,1.2493,3462.6,94,8,12/12/12/12/12/12/11/11,94,1,1226.8,0.79,1170.38,1226.44,2396.0,3500.0,13.23
strong,strong,copy,rr,chunked,95,8,4,1,689,4289658880,1,1.2211,1.2033,1.236,3513.1,95,8,12/12/12/12/12/12/12/11,95,1,1231.31,0.91,1172.02,1230.44,2394.0,3483.8,-10.26
strong,strong,copy,rr,chunked,96,8,4,1,682,4290772992,1,1.1698,1.1624,1.1855,3667.9,96,8,12/12/12/12/12/12/12/12,96,1,1157.13,0.69,1133.21,1156.52,2394.0,3708.1,12.68
strong,strong,copy,rr,chunked,97,8,4,1,675,4290969600,1,1.1731,1.151,1.1954,3658.0,97,8,13/12/12/12/12/12/12/12,97,1,1158.93,0.73,1127.86,1158.24,2395.0,3702.5,14.12
strong,strong,copy,rr,chunked,98,8,4,1,668,4290248704,1,1.1754,1.1576,1.1945,3650.1,98,8,13/13/12/12/12/12/12/12,98,1,1173.21,0.75,1127.05,1172.6,2395.0,3656.8,2.16
strong,strong,copy,rr,chunked,99,8,4,1,661,4288610304,1,1.1444,1.1319,1.1737,3747.6,99,8,13/13/13/12/12/12/12/12,99,1,1139.11,0.87,1103.47,1138.28,2389.0,3764.9,5.26
strong,strong,copy,rr,chunked,100,8,4,1,655,4292608000,1,1.1983,1.1917,1.2087,3582.2,100,8,13/13/13/13/12/12/12/12,100,1,1195.69,0.87,1130.67,1195.2,2396.0,3590.1,2.62
strong,strong,copy,rr,chunked,101,8,4,1,648,4289200128,1,1.1661,1.1583,1.1702,3678.2,101,8,13/13/13/13/13/12/12/12,101,1,1165.2,0.87,1108.93,1164.84,2403.0,3681.1,0.91
strong,strong,copy,rr,chunked,102,8,4,1,642,4291559424,1,1.1234,1.1059,1.1345,3820.0,102,8,13/13/13/13/13/13/12/12,102,1,1117.16,0.78,1081.36,1117.08,2404.0,3841.5,6.27
strong,strong,copy,rr,chunked,103,8,4,1,636,4293132288,1,1.1582,1.1506,1.1657,3706.8,103,8,13/13/13/13/13/13/13/12,103,1,1145.66,0.75,1093.69,1145.24,2399.0,3747.3,12.53
strong,strong,copy,rr,chunked,104,8,4,1,630,4293918720,1,1.1227,1.1163,1.1419,3824.5,104,8,13/13/13/13/13/13/13/13,104,1,1116.36,0.75,1073.2,1115.8,2394.0,3846.4,6.37
strong,strong,copy,rr,chunked,105,8,4,1,624,4293918720,1,1.1116,1.0876,1.1252,3862.7,105,8,14/13/13/13/13/13/13/13,105,1,1119.17,0.95,1068.56,1118.48,2386.0,3836.7,-7.54
strong,strong,copy,rr,chunked,106,8,4,1,618,4293132288,1,1.0969,1.0749,1.1125,3914.0,106,8,14/14/13/13/13/13/13/13,106,1,1103.49,0.75,1054.8,1102.8,2389.0,3890.5,-6.62
strong,strong,copy,rr,chunked,107,8,4,1,612,4291559424,1,1.0608,1.0528,1.0684,4045.8,107,8,14/14/14/13/13/13/13/13,107,1,1047.67,0.83,1024.88,1046.84,2396.0,4096.3,13.08
strong,strong,copy,rr,chunked,108,8,4,1,606,4289200128,1,1.0698,1.0529,1.0928,4009.3,108,8,14/14/14/14/13/13/13/13,108,1,1060.99,0.75,1030.37,1060.24,2397.0,4042.6,8.82
strong,strong,copy,rr,chunked,109,8,4,1,601,4293197824,1,1.0609,1.0524,1.0767,4046.7,109,8,14/14/14/14/14/13/13/13,109,1,1057.85,0.75,1025.15,1057.24,2401.0,4058.4,3.06
strong,strong,copy,rr,chunked,110,8,4,1,595,4289331200,1,1.0513,1.033,1.0669,4080.2,110,8,14/14/14/14/14/14/13/13,110,1,1039.23,0.87,1011.42,1038.36,2401.0,4127.4,12.02
strong,strong,copy,rr,chunked,111,8,4,1,590,4291952640,1,1.0958,1.0737,1.1076,3916.9,111,8,14/14/14/14/14/14/14/13,111,1,1081.73,0.85,1036.01,1080.92,2401.0,3967.7,14.02
strong,strong,copy,rr,chunked,112,8,4,1,585,4293918720,1,1.032,1.0289,1.0367,4160.7,112,8,14/14/14/14/14/14/14/14,112,1,1031.87,0.87,999.83,1031.08,2405.0,4161.3,0.14
strong,strong,copy,rr,chunked,113,8,4,1,579,4287823872,1,1.0313,1.0131,1.0475,4157.6,113,8,15/14/14/14/14/14/14/14,113,1,1008.15,0.71,980.89,1007.52,2399.0,4253.2,23.16
strong,strong,copy,rr,chunked,114,8,4,1,574,4288413696,1,1.02,1.0095,1.0362,4204.3,114,8,15/15/14/14/14/14/14/14,114,1,1004.52,0.75,975.67,1004.04,2391.0,4269.1,15.49
strong,strong,copy,rr,chunked,115,8,4,1,569,4288348160,1,1.0124,1.0017,1.021,4235.8,115,8,15/15/15/14/14/14/14/14,115,1,1015.41,0.73,980.93,1014.88,2406.0,4223.3,-3.0
strong,strong,copy,rr,chunked,116,8,4,1,564,4287627264,1,1.0018,0.9919,1.0201,4280.1,116,8,15/15/15/15/14/14/14/14,116,1,986.93,0.89,960.49,986.08,2381.0,4344.4,14.82
strong,strong,copy,rr,chunked,117,8,4,1,560,4293918720,1,1.0266,1.0148,1.0439,4182.5,117,8,15/15/15/15/15/14/14/14,117,1,1020.29,0.87,981.28,1019.48,2381.0,4208.5,6.34
strong,strong,copy,rr,chunked,118,8,4,1,555,4291952640,1,0.986,0.9797,1.0085,4352.9,118,8,15/15/15/15/15/15/14/14,118,1,979.11,0.84,954.46,978.28,2385.0,4383.5,6.88
strong,strong,copy,rr,chunked,119,8,4,1,550,4289331200,1,0.992,0.9853,1.0067,4323.8,119,8,15/15/15/15/15/15/15/14,119,1,1001.85,0.79,959.66,1001.2,2400.0,4281.4,-9.82
strong,strong,copy,rr,chunked,120,8,4,1,546,4293918720,1,1.0097,0.9931,1.0213,4252.5,120,8,15/15/15/15/15/15/15/15,120,1,1005.87,0.75,970.67,1005.16,2403.0,4268.9,3.86
strong,strong,copy,rr,chunked,121,8,4,1,541,4290052096,1,0.9738,0.9676,0.9832,4405.7,121,8,16/15/15/15/15/15/15/15,121,1,963.31,0.93,936.04,962.52,2389.0,4453.4,10.44
strong,strong,copy,rr,chunked,122,8,4,1,537,4293525504,1,0.9653,0.9505,0.9754,4447.8,122,8,16/16/15/15/15/15/15/15,122,1,960.8,0.91,935.0,960.48,2376.0,4468.7,4.51
strong,strong,copy,rr,chunked,123,8,4,1,532,4288413696,1,0.9657,0.9586,0.9746,4440.8,123,8,16/16/16/15/15/15/15/15,123,1,960.21,0.79,934.25,959.72,2378.0,4466.1,5.48
strong,strong,copy,rr,chunked,124,8,4,1,528,4290772992,1,0.9598,0.9576,0.9694,4470.3,124,8,16/16/16/16/15/15/15/15,124,1,952.76,0.86,923.63,952.64,2403.0,4503.5,7.07
strong,strong,copy,rr,chunked,125,8,4,1,524,4292608000,1,0.9654,0.9572,0.9705,4446.4,125,8,16/16/16/16/16/15/15/15,125,1,952.81,0.84,928.82,952.16,2394.0,4505.2,12.6
strong,strong,copy,rr,chunked,126,8,4,1,520,4293918720,1,0.9407,0.9282,0.9506,4564.6,126,8,16/16/16/16/16/16/15/15,126,1,936.45,0.83,906.84,935.76,2388.0,4585.3,4.26
strong,strong,copy,rr,chunked,127,8,4,1,516,4294705152,1,1.0084,0.9932,1.0191,4258.8,127,8,16/16/16/16/16/16/16/15,127,1,1002.69,0.87,956.12,1002.64,2396.0,4283.2,5.74
strong,strong,copy,rr,chunked,128,8,4,1,512,4294967296,1,1.0875,1.0767,1.096,3949.6,128,8,16/16/16/16/16/16/16/16,128,1,1071.76,0.83,1055.67,1071.32,2391.0,4007.4,15.69
strong,strong,copy,rr,chunked,129,8,4,1,508,4294705152,1,1.0019,0.9935,1.0227,4286.4,129,8,17/16/16/16/16/16/16/16,129,1,1017.43,0.98,963.44,1017.28,2391.0,4221.1,-15.5
strong,strong,copy,rr,chunked,130,8,4,1,504,4293918720,1,0.9232,0.9126,0.9395,4651.1,130,8,17/17/16/16/16/16/16/16,130,1,913.6,0.77,888.1,912.96,2404.0,4700.0,9.61
strong,strong,copy,rr,chunked,131,8,4,1,500,4292608000,1,0.9426,0.9349,0.9535,4553.8,131,8,17/17/17/16/16/16/16/16,131,1,933.51,0.75,910.19,932.8,2382.0,4598.4,9.14
strong,strong,copy,rr,chunked,132,8,4,1,496,4290772992,1,0.9229,0.9168,0.9304,4649.4,132,8,17/17/17/17/16/16/16/16,132,1,912.01,0.75,886.88,911.4,2394.0,4704.7,10.86
strong,strong,copy,rr,chunked,133,8,4,1,492,4288413696,1,0.9221,0.9135,0.9275,4650.5,133,8,17/17/17/17/17/16/16/16,133,1,916.15,0.91,889.93,915.28,2397.0,4680.9,6.0
strong,strong,copy,rr,chunked,134,8,4,1,489,4294311936,1,0.9073,0.9033,0.9175,4732.8,134,8,17/17/17/17/17/17/16/16,134,1,910.89,0.87,877.66,910.4,2373.0,4714.4,-3.54
strong,strong,copy,rr,chunked,135,8,4,1,485,4290969600,1,0.9076,0.8992,0.916,4727.8,135,8,17/17/17/17/17/17/17/16,135,1,896.91,0.79,872.28,896.2,2381.0,4784.2,10.7
strong,strong,copy,rr,chunked,136,8,4,1,481,4287102976,1,0.9209,0.91,0.9337,4655.4,136,8,17/17/17/17/17/17/17/17,136,1,916.36,0.75,883.2,915.76,2389.0,4678.4,4.53
strong,strong,copy,rr,chunked,137,8,4,1,478,4291690496,1,0.9062,0.9021,0.9202,4735.9,137,8,18/17/17/17/17/17/17/17,137,1,902.87,0.79,876.2,902.12,2385.0,4753.4,3.34
strong,strong,copy,rr,chunked,138,8,4,1,474,4286840832,1,0.9103,0.8996,0.9236,4709.0,138,8,18/18/17/17/17/17/17/17,138,1,907.97,0.95,874.68,907.32,2398.0,4721.3,2.38
strong,strong,copy,rr,chunked,139,8,4,1,471,4290576384,1,0.9298,0.9245,0.9385,4614.4,139,8,18/18/18/17/17/17/17/17,139,1,933.72,0.87,895.57,933.12,2405.0,4595.1,-3.89
strong,strong,copy,rr,chunked,140,8,4,1,468,4293918720,1,0.901,0.895,0.9167,4765.7,140,8,18/18/18/18/17/17/17/17,140,1,902.75,0.87,869.22,901.92,2386.0,4756.5,-1.74
strong,strong,copy,rr,chunked,141,8,4,1,464,4287627264,1,0.9266,0.9212,0.936,4627.3,141,8,18/18/18/18/18/17/17/17,141,1,917.57,0.75,877.95,916.88,2396.0,4672.8,9.02
strong,strong,copy,rr,chunked,142,8,4,1,461,4290117632,1,0.8899,0.8809,0.8988,4820.7,142,8,18/18/18/18/18/18/17/17,142,1,883.16,0.71,858.45,882.52,2399.0,4857.7,6.77
strong,strong,copy,rr,chunked,143,8,4,1,458,4292214784,1,0.9103,0.9073,0.9264,4715.2,143,8,18/18/18/18/18/18/18/17,143,1,903.8,0.76,869.52,903.08,2392.0,4749.1,6.49
strong,strong,copy,rr,chunked,144,8,4,1,455,4293918720,1,0.903,0.8939,0.9174,4755.3,144,8,18/18/18/18/18/18/18/18,144,1,897.12,0.9,864.01,896.96,2390.0,4786.3,5.85
strong,strong,copy,rr,chunked,145,8,4,1,451,4285726720,1,0.8976,0.8926,0.9064,4774.5,145,8,19/18/18/18/18/18/18/18,145,1,897.2,0.75,865.21,896.96,2403.0,4776.8,0.43
strong,strong,copy,rr,chunked,146,8,4,1,448,4286578688,1,0.883,0.8757,0.8926,4854.4,146,8,19/19/18/18/18/18/18/18,146,1,877.29,0.79,855.26,876.68,2398.0,4886.2,5.74
strong,strong,copy,rr,chunked,147,8,4,1,445,4287037440,1,0.8736,0.8634,0.8844,4907.2,147,8,19/19/19/18/18/18/18/18,147,1,866.44,0.86,842.53,866.36,2389.0,4947.9,7.19
strong,strong,copy,rr,chunked,148,8,4,1,442,4287102976,1,0.8805,0.872,0.8935,4868.7,148,8,19/19/19/19/18/18/18/18,148,1,875.44,0.79,841.1,875.04,2391.0,4897.1,5.11
strong,strong,copy,rr,chunked,149,8,4,1,439,4286775296,1,0.8714,0.8628,0.8764,4919.4,149,8,19/19/19/19/19/18/18/18,149,1,858.08,0.87,833.8,857.64,2401.0,4995.8,13.33
strong,strong,copy,rr,chunked,150,8,4,1,436,4286054400,1,0.8772,0.8709,0.8852,4886.2,150,8,19/19/19/19/19/19/18/18,150,1,880.05,0.83,842.5,879.24,2395.0,4870.2,-2.88
strong,strong,copy,rr,chunked,151,8,4,1,434,4294836224,1,0.8691,0.8622,0.8746,4941.8,151,8,19/19/19/19/19/19/19/18,151,1,857.37,0.83,835.28,856.84,2403.0,5009.3,11.72
strong,strong,copy,rr,chunked,152,8,4,1,431,4293394432,1,0.8826,0.8732,0.8896,4864.2,152,8,19/19/19/19/19/19/19/19,152,1,880.09,0.79,846.48,879.4,2383.0,4878.4,2.56
strong,strong,copy,rr,chunked,153,8,4,1,428,4291559424,1,0.8708,0.8603,0.8807,4928.5,153,8,20/19/19/19/19/19/19/19,153,1,868.51,0.77,839.08,867.8,2403.0,4941.3,2.26
strong,strong,copy,rr,chunked,154,8,4,1,425,4289331200,1,0.8648,0.8566,0.8675,4959.9,154,8,20/20/19/19/19/19/19/19,154,1,862.13,0.83,832.61,861.48,2394.0,4975.3,2.68
strong,strong,copy,rr,chunked,155,8,4,1,422,4286709760,1,0.8719,0.8642,0.8812,4916.7,155,8,20/20/20/19/19/19/19/19,155,1,861.45,0.91,835.42,861.16,2408.0,4976.2,10.42
strong,strong,copy,rr,chunked,156,8,4,1,420,4293918720,1,0.8729,0.8651,0.8782,4919.2,156,8,20/20/20/20/19/19/19/19,156,1,871.08,0.98,837.8,871.08,2389.0,4929.4,1.81
strong,strong,copy,rr,chunked,157,8,4,1,417,4290576384,1,0.8686,0.8608,0.875,4939.8,157,8,20/20/20/20/20/19/19/19,157,1,862.97,0.87,826.79,862.16,2396.0,4971.9,5.6
strong,strong,copy,rr,chunked,158,8,4,1,414,4286840832,1,0.866,0.86,0.8692,4949.9,158,8,20/20/20/20/20/20/19/19,158,1,862.0,0.81,828.94,861.4,2385.0,4973.1,4.05
strong,strong,copy,rr,chunked,159,8,4,1,412,4293132288,1,0.8867,0.8809,0.889,4841.9,159,8,20/20/20/20/20/20/20/19,159,1,880.88,0.79,844.04,880.32,2399.0,4873.7,5.79
strong,strong,copy,rr,chunked,160,8,4,1,409,4288675840,1,0.8437,0.8381,0.8516,5083.1,160,8,20/20/20/20/20/20/20/20,160,1,833.08,0.89,813.44,832.56,2375.0,5148.0,10.63
strong,strong,copy,rr,chunked,161,8,4,1,407,4294377472,1,0.8501,0.846,0.8645,5051.3,161,8,21/20/20/20/20/20/20/20,161,1,859.59,0.95,822.8,858.72,2395.0,4995.8,-9.44
strong,strong,copy,rr,chunked,162,8,4,1,404,4289200128,1,0.8539,0.8464,0.8653,5023.3,162,8,21/21/20/20/20/20/20/20,162,1,841.73,0.91,822.95,840.88,2394.0,5095.7,12.14
strong,strong,copy,rr,chunked,163,8,4,1,402,4294311936,1,0.8547,0.8476,0.8645,5024.1,163,8,21/21/21/20/20/20/20/20,163,1,858.12,0.77,830.09,858.04,2408.0,5004.3,-3.37
strong,strong,copy,rr,chunked,164,8,4,1,399,4288413696,1,0.8629,0.8558,0.874,4969.8,164,8,21/21/21/21/20/20/20/20,164,1,866.52,0.83,832.14,865.92,2395.0,4949.0,-3.63
strong,strong,copy,rr,chunked,165,8,4,1,397,4292935680,1,0.8378,0.8288,0.8415,5124.0,165,8,21/21/21/21/21/20/20/20,165,1,834.6,0.83,812.94,834.16,2401.0,5143.7,3.21
strong,strong,copy,rr,chunked,166,8,4,1,394,4286316544,1,0.8548,0.8483,0.8586,5014.6,166,8,21/21/21/21/21/21/20/20,166,1,851.41,0.83,825.32,850.72,2400.0,5034.4,3.36
strong,strong,copy,rr,chunked,167,8,4,1,392,4290248704,1,0.8518,0.8452,0.8598,5036.6,167,8,21/21/21/21/21/21/21/20,167,1,845.6,0.91,818.98,845.2,2403.0,5073.6,6.21
strong,strong,copy,rr,chunked,168,8,4,1,390,4293918720,1,0.8585,0.8468,0.8645,5001.6,168,8,21/21/21/21/21/21/21/21,168,1,855.45,0.91,822.32,854.64,2402.0,5019.5,3.06
strong,strong,copy,rr,chunked,169,8,4,1,387,4286251008,1,0.9165,0.9041,0.9258,4676.6,169,8,22/21/21/21/21/21/21/21,169,1,905.32,0.75,877.69,904.88,2399.0,4734.5,11.21
strong,strong,copy,rr,chunked,170,8,4,1,385,4289331200,1,0.8464,0.8406,0.8586,5067.8,170,8,22/22/21/21/21/21/21/21,170,1,838.76,0.79,811.14,838.12,2408.0,5113.9,7.63
strong,strong,copy,rr,chunked,171,8,4,1,383,4292149248,1,0.8679,0.8573,0.8753,4945.6,171,8,22/22/22/21/21/21/21/21,171,1,853.97,0.87,825.03,853.24,2397.0,5026.1,13.9
strong,strong,copy,rr,chunked,172,8,4,1,381,4294705152,1,0.9164,0.9052,0.9257,4686.3,172,8,22/22/22/22/21/21/21/21,172,1,904.92,0.89,868.47,904.84,2389.0,4746.0,11.51
strong,strong,copy,rr,chunked,173,8,4,1,378,4285661184,1,0.8367,0.8264,0.8505,5121.8,173,8,22/22/22/22/22/21/21/21,173,1,828.09,0.87,804.12,827.8,2386.0,5175.4,8.66
strong,strong,copy,rr,chunked,174,8,4,1,376,4287627264,1,0.8519,0.8408,0.8572,5032.8,174,8,22/22/22/22/22/22/21/21,174,1,850.13,0.83,822.57,849.52,2381.0,5043.5,1.8
strong,strong,copy,rr,chunked,175,8,4,1,374,4289331200,1,0.8311,0.8247,0.8374,5161.0,175,8,22/22/22/22/22/22/22/21,175,1,821.96,0.75,800.9,821.4,2384.0,5218.4,9.15
strong,strong,copy,rr,chunked,176,8,4,1,372,4290772992,1,0.8348,0.8295,0.844,5139.6,176,8,22/22/22/22/22/22/22/22,176,1,835.43,0.87,802.59,834.68,2399.0,5136.0,-0.58
strong,strong,copy,rr,chunked,177,8,4,1,370,4291952640,1,0.8358,0.8299,0.8409,5134.8,177,8,23/22/22/22/22/22/22/22,177,1,834.59,0.87,805.36,833.76,2402.0,5142.6,1.26
strong,strong,copy,rr,chunked,178,8,4,1,368,4292870144,1,0.8454,0.8406,0.8522,5077.7,178,8,23/23/22/22/22/22/22/22,178,1,840.41,0.87,812.52,839.6,2395.0,5108.1,5.02
strong,strong,copy,rr,chunked,179,8,4,1,366,4293525504,1,0.8315,0.8247,0.8339,5163.7,179,8,23/23/23/22/22/22/22/22,179,1,825.28,0.91,802.77,824.84,2393.0,5202.5,6.21
strong,strong,copy,rr,chunked,180,8,4,1,364,4293918720,1,0.8417,0.8318,0.8507,5101.4,180,8,23/23/23/23/22/22/22/22,180,1,834.64,0.71,810.22,834.16,2398.0,5144.6,7.07
strong,strong,copy,rr,chunked,181,8,4,1,362,4294049792,1,0.8544,0.8482,0.8602,5025.5,181,8,23/23/23/23/23/22/22/22,181,1,842.75,0.86,810.32,842.6,2380.0,5095.3,11.7
strong,strong,copy,rr,chunked,182,8,4,1,360,4293918720,1,0.838,0.8333,0.848,5124.0,182,8,23/23/23/23/23/23/22/22,182,1,843.16,0.79,811.79,842.64,2391.0,5092.6,-5.15
strong,strong,copy,rr,chunked,183,8,4,1,358,4293525504,1,0.8317,0.8204,0.8419,5162.3,183,8,23/23/23/23/23/23/23/22,183,1,824.43,0.87,800.82,823.6,2408.0,5207.9,7.28
strong,strong,copy,rr,chunked,184,8,4,1,356,4292870144,1,0.8648,0.8561,0.8806,4963.7,184,8,23/23/23/23/23/23/23/23,184,1,857.34,0.91,827.16,857.24,2393.0,5007.2,7.51
strong,strong,copy,rr,chunked,185,8,4,1,354,4291952640,1,0.8304,0.8214,0.8381,5168.5,185,8,24/23/23/23/23/23/23/23,185,1,820.68,0.81,801.7,820.68,2391.0,5229.8,9.73
strong,strong,copy,rr,chunked,186,8,4,1,352,4290772992,1,0.8604,0.8501,0.8636,4986.8,186,8,24/24/23/23/23/23/23/23,186,1,845.37,0.75,815.83,844.68,2395.0,5075.6,15.06
strong,strong,copy,rr,chunked,187,8,4,1,350,4289331200,1,0.8424,0.836,0.8517,5092.0,187,8,24/24/24/23/23/23/23/23,187,1,837.41,0.87,809.84,836.92,2395.0,5122.1,4.96
strong,strong,copy,rr,chunked,188,8,4,1,348,4287627264,1,0.836,0.8241,0.8445,5128.6,188,8,24/24/24/24/23/23/23/23,188,1,824.31,0.91,800.09,823.56,2395.0,5201.5,11.72
strong,strong,copy,rr,chunked,189,8,4,1,346,4285661184,1,0.8245,0.82,0.8319,5198.0,189,8,24/24/24/24/24/23/23/23,189,1,818.32,0.93,797.35,817.92,2386.0,5237.1,6.17
strong,strong,copy,rr,chunked,190,8,4,1,344,4283432960,1,0.8747,0.8684,0.8816,4897.1,190,8,24/24/24/24/24/24/23/23,190,1,864.03,0.93,833.95,863.44,2378.0,4957.5,10.66
strong,strong,copy,rr,chunked,191,8,4,1,343,4293459968,1,0.8148,0.809,0.8206,5269.5,191,8,24/24/24/24/24/24/24/23,191,1,803.6,0.75,785.89,803.52,2376.0,5342.8,11.17
strong,strong,copy,rr,chunked,192,8,4,1,341,4290772992,1,0.8316,0.8238,0.8398,5159.6,192,8,24/24/24/24/24/24/24/24,192,1,834.59,0.86,812.92,834.48,2383.0,5141.2,-2.98
strong,strong,copy,rr,chunked,193,8,4,1,339,4287823872,1,0.8482,0.8422,0.855,5055.0,193,8,25/24/24/24/24/24/24/24,193,1,841.55,0.79,818.91,840.8,2398.0,5095.2,6.68
strong,strong,copy,rr,chunked,194,8,4,1,337,4284612608,1,0.8168,0.8104,0.8221,5245.7,194,8,25/25/24/24/24/24/24/24,194,1,816.92,0.87,797.67,816.88,2381.0,5244.8,-0.13
strong,strong,copy,rr,chunked,195,8,4,1,336,4293918720,1,0.819,0.8129,0.8322,5242.8,195,8,25/25/25/24/24/24/24/24,195,1,810.86,0.87,792.96,810.44,2390.0,5295.5,8.15
strong,strong,copy,rr,chunked,196,8,4,1,334,4290248704,1,0.852,0.8389,0.8617,5035.4,196,8,25/25/25/25/24/24/24/24,196,1,848.96,0.91,821.61,848.84,2390.0,5053.5,3.05
strong,strong,copy,rr,chunked,197,8,4,1,332,4286316544,1,0.846,0.8379,0.856,5066.5,197,8,25/25/25/25/25/24/24/24,197,1,842.96,0.83,813.38,842.92,2401.0,5084.8,3.05
strong,strong,copy,rr,chunked,198,8,4,1,330,4282122240,1,0.8236,0.8172,0.8305,5199.3,198,8,25/25/25/25/25/25/24/24,198,1,818.7,0.75,795.23,818.2,2384.0,5230.4,4.89
strong,strong,copy,rr,chunked,199,8,4,1,329,4290707456,1,0.8293,0.8204,0.8353,5174.0,199,8,25/25/25/25/25/25/25/24,199,1,829.19,0.87,807.07,828.48,2383.0,5174.6,0.1
strong,strong,copy,rr,chunked,200,8,4,1,327,4286054400,1,0.8204,0.8086,0.8319,5224.4,200,8,25/25/25/25/25/25/25/25,200,1,804.11,1.1,789.5,803.92,2395.0,5330.2,16.28
strong,strong,copy,rr,chunked,201,8,4,1,326,4294311936,1,0.8461,0.8323,0.8548,5075.2,201,8,26/25/25/25/25/25/25/25,201,1,840.5,0.95,811.56,839.96,2399.0,5109.2,5.63
strong,strong,copy,rr,chunked,202,8,4,1,324,4289200128,1,0.8416,0.8322,0.8487,5096.2,202,8,26/26/25/25/25/25/25/25,202,1,830.0,0.83,804.34,829.92,2386.0,5167.7,11.65
strong,strong,copy,rr,chunked,203,8,4,1,322,4283826176,1,0.8558,0.8493,0.8661,5005.5,203,8,26/26/26/25/25/25/25/25,203,1,849.48,0.83,812.54,849.36,2402.0,5042.9,6.35
strong,strong,copy,rr,chunked,204,8,4,1,321,4291559424,1,0.8259,0.8176,0.8434,5196.2,204,8,26/26/26/26/25/25/25/25,204,1,821.37,0.79,798.85,820.64,2391.0,5224.9,4.54
strong,strong,copy,rr,chunked,205,8,4,1,319,4285726720,1,0.8316,0.8215,0.8562,5153.4,205,8,26/26/26/26/26/25/25/25,205,1,822.78,0.95,798.11,822.28,2382.0,5208.8,8.85
strong,strong,copy,rr,chunked,206,8,4,1,318,4293132288,1,0.8426,0.8364,0.8558,5095.3,206,8,26/26/26/26/26/26/25/25,206,1,833.91,0.87,808.02,833.28,2395.0,5148.2,8.66
strong,strong,copy,rr,chunked,207,8,4,1,316,4286840832,1,0.8233,0.813,0.8445,5207.1,207,8,26/26/26/26/26/26/26/25,207,1,823.44,0.91,796.53,823.4,2401.0,5206.0,-0.17
strong,strong,copy,rr,chunked,208,8,4,1,315,4293918720,1,0.846,0.8287,0.8566,5075.7,208,8,26/26/26/26/26/26/26/26,208,1,844.59,0.8,811.47,844.04,2384.0,5084.0,1.38
strong,strong,copy,rr,chunked,209,8,4,1,313,4287168512,1,0.8335,0.8247,0.8376,5143.3,209,8,27/26/26/26/26/26/26/26,209,1,832.26,0.87,804.58,831.52,2382.0,5151.2,1.29
strong,strong,copy,rr,chunked,210,8,4,1,312,4293918720,1,0.8517,0.8447,0.8601,5041.5,210,8,27/27/26/26/26/26/26/26,210,1,839.78,0.87,813.18,839.4,2395.0,5113.1,11.93
strong,strong,copy,rr,chunked,211,8,4,1,310,4286709760,1,0.8323,0.8258,0.8471,5150.5,211,8,27/27/27/26/26/26/26/26,211,1,830.04,0.91,800.26,829.52,2385.0,5164.5,2.25
strong,strong,copy,rr,chunked,212,8,4,1,309,4293132288,1,0.8407,0.8356,0.8531,5106.4,212,8,27/27/27/27/26/26/26/26,212,1,833.84,0.95,806.59,833.76,2394.0,5148.6,6.89
strong,strong,copy,rr,chunked,213,8,4,1,307,4285464576,1,0.827,0.8188,0.835,5181.9,213,8,27/27/27/27/27/26/26/26,213,1,822.66,0.79,797.59,822.24,2390.0,5209.3,4.35
strong,strong,copy,rr,chunked,214,8,4,1,306,4291559424,1,0.8334,0.8318,0.8481,5149.3,214,8,27/27/27/27/27/27/26/26,214,1,842.32,0.79,810.68,842.2,2392.0,5094.9,-8.89
strong,strong,copy,rr,chunked,215,8,4,1,304,4283432960,1,0.8236,0.8139,0.8302,5200.8,215,8,27/27/27/27/27/27/27/26,215,1,809.0,0.77,790.22,808.88,2383.0,5294.7,14.61
strong,strong,copy,rr,chunked,216,8,4,1,303,4289200128,1,0.8261,0.8185,0.8433,5192.1,216,8,27/27/27/27/27/27/27/27,216,1,823.81,0.89,797.41,823.16,2379.0,5206.5,2.3
strong,strong,copy,rr,chunked,217,8,4,1,302,4294836224,1,0.8219,0.8125,0.8254,5225.7,217,8,28/27/27/27/27/27/27/27,217,1,818.15,0.87,790.5,817.48,2392.0,5249.4,3.72
strong,strong,copy,rr,chunked,218,8,4,1,300,4286054400,1,0.8319,0.8228,0.8366,5152.2,218,8,28/28/27/27/27/27/27/27,218,1,831.28,0.95,801.04,831.24,2393.0,5156.0,0.61
strong,strong,copy,rr,chunked,219,8,4,1,299,4291362816,1,0.8297,0.8213,0.8488,5171.9,219,8,28/28/28/27/27/27/27/27,219,1,823.16,0.83,795.68,823.12,2397.0,5213.3,6.59
strong,strong,copy,rr,chunked,220,8,4,1,297,4282122240,1,0.8198,0.8125,0.8282,5223.4,220,8,28/28/28/28/27/27/27/27,220,1,815.92,0.89,789.3,815.84,2401.0,5248.2,3.87
strong,strong,copy,rr,chunked,221,8,4,1,296,4287102976,1,0.8308,0.8242,0.8354,5160.2,221,8,28/28/28/28/28/27/27/27,221,1,830.58,0.87,798.08,829.88,2386.0,5161.6,0.23
strong,strong,copy,rr,chunked,222,8,4,1,295,4291952640,1,0.8812,0.8689,0.8932,4870.4,222,8,28/28/28/28/28/28/27/27,222,1,867.19,0.95,829.69,866.48,2405.0,4949.3,14.04
strong,strong,copy,rr,chunked,223,8,4,1,293,4282056704,1,0.8181,0.8089,0.8261,5234.0,223,8,28/28/28/28/28/28/28/27,223,1,813.07,0.95,786.0,812.16,2387.0,5266.5,5.06
strong,strong,copy,rr,chunked,224,8,4,1,292,4286578688,1,0.8274,0.8224,0.8377,5180.6,224,8,28/28/28/28/28/28/28/28,224,1,826.67,0.79,795.14,826.12,2372.0,5185.4,0.76
strong,strong,copy,rr,chunked,225,8,4,1,291,4290969600,1,0.8238,0.8116,0.8325,5208.8,225,8,29/28/28/28/28/28/28/28,225,1,819.34,0.75,790.92,818.76,2406.0,5237.1,4.45
strong,strong,copy,rr,chunked,226,8,4,1,289,4280418304,1,0.8228,0.8157,0.845,5202.3,226,8,29/29/28/28/28/28/28/28,226,1,818.24,0.83,790.58,818.2,2391.0,5231.3,4.55
strong,strong,copy,rr,chunked,227,8,4,1,288,4284481536,1,0.812,0.8091,0.8252,5276.4,227,8,29/29/29/28/28/28/28/28,227,1,804.15,0.91,778.95,803.56,2387.0,5328.0,7.86
strong,strong,copy,rr,chunked,228,8,4,1,287,4288413696,1,0.8184,0.8082,0.825,5239.8,228,8,29/29/29/29/28/28/28/28,228,1,808.12,0.93,780.47,808.12,2384.0,5306.7,10.31
strong,strong,copy,rr,chunked,229,8,4,1,286,4292214784,1,0.8341,0.8206,0.8442,5146.1,229,8,29/29/29/29/29/28/28/28,229,1,815.71,0.93,790.94,815.08,2378.0,5261.9,18.36
strong,strong,copy,rr,chunked,230,8,4,1,284,4280811520,1,0.8235,0.8204,0.8365,5198.0,230,8,29/29/29/29/29/29/28/28,230,1,824.66,0.91,793.32,824.16,2388.0,5191.0,-1.11
strong,strong,copy,rr,chunked,231,8,4,1,283,4284284928,1,0.823,0.8164,0.8428,5205.6,231,8,29/29/29/29/29/29/29/28,231,1,825.11,0.99,792.03,824.36,2390.0,5192.4,-2.1
strong,strong,copy,rr,chunked,232,8,4,1,282,4287627264,1,0.8206,0.8137,0.83,5225.2,232,8,29/29/29/29/29/29/29/29,232,1,818.21,0.91,789.47,817.68,2384.0,5240.3,2.36
strong,strong,copy,rr,chunked,233,8,4,1,281,4290838528,1,0.8234,0.8128,0.8366,5211.3,233,8,30/29/29/29/29/29/29/29,233,1,818.9,0.91,788.57,818.4,2387.0,5239.8,4.47
strong,strong,copy,rr,chunked,234,8,4,1,280,4293918720,1,0.8704,0.8492,0.8776,4933.1,234,8,30/30/29/29/29/29/29/29,234,1,869.55,0.87,825.28,868.84,2396.0,4938.1,0.88
strong,strong,copy,rr,chunked,235,8,4,1,278,4281466880,1,0.8393,0.8303,0.8465,5101.1,235,8,30/30/30/29/29/29/29/29,235,1,841.4,0.79,795.38,841.36,2388.0,5088.5,-2.07
strong,strong,copy,rr,chunked,236,8,4,1,277,4284219392,1,0.8331,0.8235,0.8442,5142.6,236,8,30/30/30/30/29/29/29/29,236,1,838.64,0.91,793.81,838.52,2388.0,5108.5,-5.55
strong,strong,copy,rr,chunked,237,8,4,1,276,4286840832,1,0.8322,0.8277,0.8434,5151.2,237,8,30/30/30/30/30/29/29/29,237,1,829.9,0.95,790.51,829.48,2388.0,5165.5,2.31
strong,strong,copy,rr,chunked,238,8,4,1,275,4289331200,1,0.8307,0.8203,0.8375,5163.2,238,8,30/30/30/30/30/30/29/29,238,1,818.81,0.81,789.47,818.28,2385.0,5238.5,11.94
strong,strong,copy,rr,chunked,239,8,4,1,274,4291690496,1,0.853,0.8459,0.8623,5031.1,239,8,30/30/30/30/30/30/30/29,239,1,846.79,0.81,809.3,846.28,2392.0,5068.2,6.24
strong,strong,copy,rr,chunked,240,8,4,1,273,4293918720,1,0.8367,0.8272,0.8481,5132.0,240,8,30/30/30/30/30/30/30/30,240,1,822.53,0.92,792.26,821.96,2380.0,5220.4,14.16
strong,strong,copy,rr,chunked,241,8,4,1,271,4280221696,1,0.8337,0.8227,0.8458,5133.7,241,8,31/30/30/30/30/30/30/30,241,1,824.86,0.97,786.27,824.48,2390.0,5189.0,8.89
strong,strong,copy,rr,chunked,242,8,4,1,270,4282122240,1,0.8512,0.8433,0.8616,5030.9,242,8,31/31/30/30/30/30/30/30,242,1,842.91,0.85,799.48,842.84,2396.0,5080.2,8.26
strong,strong,copy,rr,chunked,243,8,4,1,269,4283891712,1,0.8322,0.8234,0.8375,5147.9,243,8,31/31/31/30/30/30/30/30,243,1,818.38,0.87,783.71,817.92,2388.0,5234.6,13.79
strong,strong,copy,rr,chunked,244,8,4,1,268,4285530112,1,0.8308,0.8278,0.8358,5158.1,244,8,31/31/31/31/30/30/30/30,244,1,829.0,0.95,792.55,828.92,2384.0,5169.5,1.83
strong,strong,copy,rr,chunked,245,8,4,1,267,4287037440,1,0.8342,0.8192,0.8489,5139.2,245,8,31/31/31/31/31/30/30/30,245,1,827.04,0.91,789.35,826.96,2385.0,5183.6,7.15
strong,strong,copy,rr,chunked,246,8,4,1,266,4288413696,1,0.8596,0.8416,0.8898,4988.6,246,8,31/31/31/31/31/31/30/30,246,1,839.03,0.79,796.73,838.4,2376.0,5111.2,20.62
strong,strong,copy,rr,chunked,247,8,4,1,265,4289658880,1,0.8343,0.8199,0.8497,5141.6,247,8,31/31/31/31/31/31/31/30,247,1,829.68,0.95,790.4,829.52,2382.0,5170.3,4.63
strong,strong,copy,rr,chunked,248,8,4,1,264,4290772992,1,0.827,0.82,0.8414,5188.6,248,8,31/31/31/31/31/31/31/31,248,1,814.95,1.03,782.06,814.2,2383.0,5265.1,12.02
strong,strong,copy,rr,chunked,249,8,4,1,263,4291756032,1,0.8366,0.8328,0.8478,5130.2,249,8,32/31/31/31/31/31/31/31,249,1,842.99,0.87,793.47,842.12,2372.0,5091.1,-6.42
strong,strong,copy,rr,chunked,250,8,4,1,262,4292608000,1,0.8549,0.8396,0.8626,5021.2,250,8,32/32/31/31/31/31/31/31,250,1,842.87,0.79,793.08,842.32,2388.0,5092.8,12.02
strong,strong,copy,rr,chunked,251,8,4,1,261,4293328896,1,0.8429,0.8357,0.853,5093.2,251,8,32/32/32/31/31/31/31/31,251,1,840.98,0.81,791.95,840.48,2395.0,5105.1,1.97
strong,strong,copy,rr,chunked,252,8,4,1,260,4293918720,1,0.8224,0.8186,0.8378,5221.2,252,8,32/32/32/32/31/31/31/31,252,1,818.08,0.95,784.57,817.96,2393.0,5248.8,4.33
strong,strong,copy,rr,chunked,253,8,4,1,259,4294377472,1,0.8568,0.8436,0.8644,5012.1,253,8,32/32/32/32/32/31/31/31,253,1,851.62,0.91,808.34,851.28,2390.0,5042.6,5.19
strong,strong,copy,rr,chunked,254,8,4,1,258,4294705152,1,0.9387,0.9181,0.9591,4575.2,254,8,32/32/32/32/32/32/31/31,254,1,937.76,0.97,878.36,937.64,2372.0,4579.7,0.93
strong,strong,copy,rr,chunked,255,8,4,1,257,4294901760,1,0.8416,0.8366,0.8504,5103.0,255,8,32/32/32/32/32/32/32/31,255,1,834.79,0.84,798.61,834.24,2381.0,5144.9,6.86
strong,strong,copy,rr,chunked,256,8,4,1,256,4294967296,1,0.8797,0.8544,0.9201,4882.5,256,8,32/32/32/32/32/32/32/32,256,1,875.2,0.83,829.34,875.2,2384.0,4907.4,4.47
strong,strong,copy,packed,chunked,1,8,4,1,65536,4294967296,1,66.8049,66.6575,66.9493,64.3,1,1,1/0/0/0/0/0/0/0,1,1,66703.64,0.0,66703.64,66703.64,2397.0,64.4,101.24
strong,strong,copy,packed,chunked,2,8,4,1,32768,4294967296,1,33.9198,33.8868,34.0019,126.6,2,1,2/0/0/0/0/0/0/0,2,1,33880.92,0.0,33872.96,33880.92,2396.0,126.8,38.88
strong,strong,copy,packed,chunked,3,8,4,1,21845,4294901760,1,22.8517,22.8014,22.9368,187.9,3,1,3/0/0/0/0/0/0/0,3,1,22931.04,0.0,22848.47,22931.04,2395.0,187.3,-79.38
strong,strong,copy,packed,chunked,4,8,4,1,16384,4294967296,1,17.1982,17.1833,17.2834,249.7,4,1,4/0/0/0/0/0/0/0,4,1,17179.0,0.04,17131.73,17179.0,2395.0,250.0,19.2
strong,strong,copy,packed,chunked,5,8,4,1,13107,4294901760,1,13.9285,13.8185,13.985,308.4,5,1,5/0/0/0/0/0/0/0,5,1,13943.04,0.04,13888.94,13943.0,2392.0,308.0,-14.55
strong,strong,copy,packed,chunked,6,8,4,1,10922,4294705152,1,11.7178,11.6836,11.7465,366.5,6,1,6/0/0/0/0/0/0/0,6,1,11678.12,0.04,11608.41,11678.12,2391.0,367.8,39.72
strong,strong,copy,packed,chunked,7,8,4,1,9362,4294836224,1,10.1248,10.1029,10.1585,424.2,7,1,7/0/0/0/0/0/0/0,7,1,10141.16,0.0,10073.98,10141.16,2397.0,423.5,-16.33
strong,strong,copy,packed,chunked,8,8,4,1,8192,4294967296,1,8.905,8.8661,8.9259,482.3,8,1,8/0/0/0/0/0/0/0,8,1,8860.52,0.0,8833.06,8860.52,2396.0,484.7,44.49
strong,strong,copy,packed,chunked,9,8,4,1,7281,4294508544,1,8.0419,8.0091,8.0616,534.0,9,1,9/0/0/0/0/0/0/0,9,1,8022.6,0.08,7962.71,8022.6,2398.0,535.3,19.34
strong,strong,copy,packed,chunked,10,8,4,1,6553,4294574080,1,7.2835,7.2563,7.3151,589.6,10,1,10/0/0/0/0/0/0/0,10,1,7265.48,0.04,7219.35,7265.44,2398.0,591.1,18.04
strong,strong,copy,packed,chunked,11,8,4,1,5957,4294377472,1,6.6771,6.6535,6.7203,643.2,11,1,11/0/0/0/0/0/0/0,11,1,6712.6,0.04,6635.73,6712.6,2394.0,639.7,-35.51
strong,strong,copy,packed,chunked,12,8,4,1,5461,4294705152,1,6.1553,6.1255,6.2085,697.7,12,1,12/0/0/0/0/0/0/0,12,1,6150.08,0.04,6099.87,6150.08,2395.0,698.3,5.24
strong,strong,copy,packed,chunked,13,8,4,1,5041,4294770688,1,5.7643,5.7559,5.7791,745.1,13,1,13/0/0/0/0/0/0/0,13,1,5768.64,0.08,5733.37,5768.6,2392.0,744.5,-4.34
strong,strong,copy,packed,chunked,14,8,4,1,4681,4294836224,1,5.387,5.3597,5.4103,797.3,14,1,14/0/0/0/0/0/0/0,14,1,5354.16,0.08,5320.07,5354.16,2389.0,802.1,32.8
strong,strong,copy,packed,chunked,15,8,4,1,4369,4294901760,1,5.1027,5.0644,5.1284,841.7,15,1,15/0/0/0/0/0/0/0,15,1,5098.48,0.04,5052.25,5098.44,2391.0,842.4,4.23
strong,strong,copy,packed,chunked,16,8,4,1,4096,4294967296,1,4.8117,4.7938,4.8428,892.6,16,1,16/0/0/0/0/0/0/0,16,1,4799.96,0.04,4759.53,4799.92,2390.0,894.8,11.69
strong,strong,copy,packed,chunked,17,8,4,1,3855,4294901760,1,4.6127,4.5939,4.6242,931.1,17,1,17/0/0/0/0/0/0/0,17,1,4607.96,0.08,4579.43,4607.92,2390.0,932.1,4.73
strong,strong,copy,packed,chunked,18,8,4,1,3640,4293918720,1,4.3711,4.3606,4.3865,982.3,18,1,18/0/0/0/0/0/0/0,18,1,4373.52,0.08,4333.28,4373.48,2388.0,981.8,-2.37
strong,strong,copy,packed,chunked,19,8,4,1,3449,4294639616,1,4.1982,4.1856,4.2188,1023.0,19,1,19/0/0/0/0/0/0/0,19,1,4191.52,0.08,4156.81,4191.48,2385.0,1024.6,6.7
strong,strong,copy,packed,chunked,20,8,4,1,3276,4293918720,1,4.0304,4.0187,4.0503,1065.4,20,1,20/0/0/0/0/0/0/0,20,1,4025.52,0.08,3981.45,4025.48,2389.0,1066.7,4.9
strong,strong,copy,packed,chunked,21,8,4,1,3120,4293918720,1,3.9089,3.895,3.9268,1098.5,21,1,21/0/0/0/0/0/0/0,21,1,3921.32,0.08,3877.41,3921.28,2379.0,1095.0,-12.44
strong,strong,copy,packed,chunked,22,8,4,1,2978,4293656576,1,3.7958,3.7806,3.8095,1131.2,22,1,22/0/0/0/0/0/0/0,22,1,3804.04,0.08,3741.94,3804.0,2386.0,1128.7,-8.22
strong,strong,copy,packed,chunked,23,8,4,1,2849,4294377472,1,3.6829,3.6783,3.6958,1166.0,23,1,23/0/0/0/0/0/0/0,23,1,3686.44,0.12,3665.18,3686.4,2376.0,1164.9,-3.5
strong,strong,copy,packed,chunked,24,8,4,1,2730,4293918720,1,3.5852,3.5656,3.5955,1197.7,24,1,24/0/0/0/0/0/0/0,24,1,3570.84,0.12,3508.44,3570.76,2378.0,1202.5,14.34
strong,strong,copy,packed,chunked,25,8,4,1,2621,4294246400,1,3.5073,3.4997,3.5168,1224.4,25,1,25/0/0/0/0/0/0/0,25,1,3497.28,0.12,3462.69,3497.16,2383.0,1227.9,9.98
strong,strong,copy,packed,chunked,26,8,4,1,2520,4293918720,1,3.4295,3.4231,3.4517,1252.0,26,1,26/0/0/0/0/0/0/0,26,1,3437.64,0.16,3402.45,3437.56,2375.0,1249.1,-8.12
strong,strong,copy,packed,chunked,27,8,4,1,2427,4294508544,1,3.3875,3.3788,3.4044,1267.7,27,1,27/0/0/0/0/0/0/0,27,1,3373.28,0.12,3349.05,3373.24,2391.0,1273.1,14.24
strong,strong,copy,packed,chunked,28,8,4,1,2340,4293918720,1,3.3409,3.3277,3.3701,1285.2,28,1,28/0/0/0/0/0/0/0,28,1,3333.72,0.12,3301.88,3333.64,2403.0,1288.0,7.21
strong,strong,copy,packed,chunked,29,8,4,1,2259,4293328896,1,3.3244,3.3159,3.3301,1291.5,29,1,29/0/0/0/0/0/0/0,29,1,3313.24,0.12,3282.98,3313.24,2392.0,1295.8,11.11
strong,strong,copy,packed,chunked,30,8,4,1,2184,4293918720,1,3.2977,3.2885,3.3114,1302.1,30,1,30/0/0/0/0/0/0/0,30,1,3291.24,0.12,3254.39,3291.24,2377.0,1304.7,6.43
strong,strong,copy,packed,chunked,31,8,4,1,2114,4294836224,1,3.284,3.2727,3.3054,1307.8,31,1,31/0/0/0/0/0/0/0,31,1,3267.24,0.16,3243.72,3267.08,2387.0,1314.5,16.73
strong,strong,copy,packed,chunked,32,8,4,1,2048,4294967296,1,3.2973,3.2815,3.3097,1302.6,32,1,32/0/0/0/0/0/0/0,32,1,3299.12,0.16,3246.14,3299.12,2391.0,1301.9,-1.81
strong,strong,copy,packed,chunked,33,8,4,1,1985,4292935680,1,3.1727,3.1676,3.1791,1353.1,33,2,32/1/0/0/0/0/0/0,33,1,3169.24,0.6,3124.23,3168.68,2399.0,1354.6,3.41
strong,strong,copy,packed,chunked,34,8,4,1,1927,4293787648,1,3.0862,3.0775,3.0975,1391.3,34,2,32/2/0/0/0/0/0/0,34,1,3083.64,0.64,3024.78,3083.04,2392.0,1392.4,2.57
strong,strong,copy,packed,chunked,35,8,4,1,1872,4293918720,1,3.0025,2.9959,3.0172,1430.1,35,2,32/3/0/0/0/0/0/0,35,1,2990.96,0.56,2912.87,2990.4,2386.0,1435.6,11.51
strong,strong,copy,packed,chunked,36,8,4,1,1820,4293918720,1,2.9239,2.913,2.9587,1468.6,36,2,32/4/0/0/0/0/0/0,36,1,2907.96,0.64,2825.43,2907.44,2391.0,1476.6,15.93
strong,strong,copy,packed,chunked,37,8,4,1,1771,4294377472,1,2.8494,2.8427,2.8565,1507.1,37,2,32/5/0/0/0/0/0/0,37,1,2844.24,0.6,2740.44,2843.76,2387.0,1509.9,5.15
strong,strong,copy,packed,chunked,38,8,4,1,1724,4293394432,1,2.7739,2.7649,2.7924,1547.8,38,2,32/6/0/0/0/0/0/0,38,1,2786.56,0.56,2668.17,2786.0,2395.0,1540.8,-12.69
strong,strong,copy,packed,chunked,39,8,4,1,1680,4293918720,1,2.7075,2.7035,2.7239,1586.0,39,2,32/7/0/0/0/0/0/0,39,1,2705.84,0.2,2587.29,2705.64,2392.0,1586.9,1.63
strong,strong,copy,packed,chunked,40,8,4,1,1638,4293918720,1,2.6426,2.6335,2.6652,1624.9,40,2,32/8/0/0/0/0/0/0,40,1,2637.4,0.56,2521.56,2636.92,2391.0,1628.1,5.25
strong,strong,copy,packed,chunked,41,8,4,1,1598,4293787648,1,2.5876,2.5768,2.5969,1659.3,41,2,32/9/0/0/0/0/0/0,41,1,2569.84,0.64,2455.82,2569.2,2390.0,1670.8,17.81
strong,strong,copy,packed,chunked,42,8,4,1,1560,4293918720,1,2.5246,2.5189,2.5389,1700.8,42,2,32/10/0/0/0/0/0/0,42,1,2517.08,0.48,2403.05,2516.6,2389.0,1705.9,7.53
strong,strong,copy,packed,chunked,43,8,4,1,1524,4294705152,1,2.5002,2.4926,2.5132,1717.8,43,2,32/11/0/0/0/0/0/0,43,1,2499.52,0.4,2352.66,2499.24,2382.0,1718.2,0.67
strong,strong,copy,packed,chunked,44,8,4,1,1489,4293656576,1,2.4174,2.4127,2.4305,1776.1,44,2,32/12/0/0/0/0/0/0,44,1,2414.08,0.72,2295.93,2413.52,2384.0,1778.6,3.37
strong,strong,copy,packed,chunked,45,8,4,1,1456,4293918720,1,2.3739,2.3633,2.3789,1808.8,45,2,32/13/0/0/0/0/0/0,45,1,2358.32,0.56,2246.76,2357.92,2380.0,1820.8,15.55
strong,strong,copy,packed,chunked,46,8,4,1,1424,4292870144,1,2.3276,2.3203,2.337,1844.3,46,2,32/14/0/0/0/0/0/0,46,1,2322.16,0.44,2203.39,2321.84,2395.0,1848.7,5.48
strong,strong,copy,packed,chunked,47,8,4,1,1394,4293787648,1,2.284,2.2779,2.2945,1879.9,47,2,32/15/0/0/0/0/0/0,47,1,2278.88,0.6,2150.03,2278.28,2387.0,1884.2,5.12
strong,strong,copy,packed,chunked,48,8,4,1,1365,4293918720,1,2.2423,2.2327,2.2558,1915.0,48,2,32/16/0/0/0/0/0/0,48,1,2227.68,0.48,2120.03,2227.28,2397.0,1927.5,14.6
strong,strong,copy,packed,chunked,49,8,4,1,1337,4293459968,1,2.1972,2.1881,2.2045,1954.1,49,2,32/17/0/0/0/0/0/0,49,1,2198.6,0.6,2072.59,2198.04,2386.0,1952.8,-1.42
strong,strong,copy,packed,chunked,50,8,4,1,1310,4292608000,1,2.159,2.1539,2.166,1988.3,50,2,32/18/0/0/0/0/0/0,50,1,2155.92,0.76,2035.88,2155.2,2380.0,1991.1,3.04
strong,strong,copy,packed,chunked,51,8,4,1,1285,4294901760,1,2.1241,2.1168,2.1367,2021.9,51,2,32/19/0/0/0/0/0/0,51,1,2119.04,0.56,2008.45,2118.56,2389.0,2026.8,5.1
strong,strong,copy,packed,chunked,52,8,4,1,1260,4293918720,1,2.0914,2.0841,2.0949,2053.1,52,2,32/20/0/0/0/0/0/0,52,1,2089.96,0.72,1976.09,2089.24,2400.0,2054.5,1.44
strong,strong,copy,packed,chunked,53,8,4,1,1236,4293132288,1,2.0555,2.0507,2.0583,2088.6,53,2,32/21/0/0/0/0/0/0,53,1,2050.44,0.52,1946.41,2050.04,2387.0,2093.8,5.1
strong,strong,copy,packed,chunked,54,8,4,1,1213,4292739072,1,2.0235,2.0185,2.0288,2121.4,54,2,32/22/0/0/0/0/0/0,54,1,2017.88,0.64,1906.81,2017.28,2387.0,2127.4,5.64
strong,strong,copy,packed,chunked,55,8,4,1,1191,4292935680,1,1.9875,1.9815,1.9946,2160.0,55,2,32/23/0/0/0/0/0/0,55,1,1980.68,0.48,1882.33,1980.36,2403.0,2167.4,6.78
strong,strong,copy,packed,chunked,56,8,4,1,1170,4293918720,1,1.9748,1.9705,1.9873,2174.4,56,2,32/24/0/0/0/0/0/0,56,1,1966.32,0.6,1862.14,1965.8,2402.0,2183.7,8.46
strong,strong,copy,packed,chunked,57,8,4,1,1149,4292149248,1,1.9277,1.9179,1.9437,2226.6,57,2,32/25/0/0/0/0/0/0,57,1,1916.36,0.44,1823.89,1915.96,2383.0,2239.7,11.3
strong,strong,copy,packed,chunked,58,8,4,1,1129,4291428352,1,1.9038,1.8997,1.9143,2254.1,58,2,32/26/0/0/0/0/0/0,58,1,1895.04,0.48,1811.08,1894.64,2384.0,2264.6,8.78
strong,strong,copy,packed,chunked,59,8,4,1,1110,4291952640,1,1.8791,1.8743,1.8905,2284.1,59,2,32/27/0/0/0/0/0/0,59,1,1873.24,0.4,1780.15,1872.96,2380.0,2291.2,5.84
strong,strong,copy,packed,chunked,60,8,4,1,1092,4293918720,1,1.8649,1.8492,1.8694,2302.5,60,2,32/28/0/0/0/0/0/0,60,1,1851.56,0.76,1777.95,1850.84,2400.0,2319.1,13.34
strong,strong,copy,packed,chunked,61,8,4,1,1074,4293525504,1,1.8272,1.8224,1.8346,2349.7,61,2,32/29/0/0/0/0/0/0,61,1,1826.56,0.64,1757.08,1825.92,2400.0,2350.6,0.68
strong,strong,copy,packed,chunked,62,8,4,1,1057,4294836224,1,1.7983,1.7892,1.806,2388.3,62,2,32/30/0/0/0/0/0/0,62,1,1796.48,0.68,1738.86,1795.96,2402.0,2390.7,1.82
strong,strong,copy,packed,chunked,63,8,4,1,1040,4293918720,1,1.7771,1.766,1.787,2416.3,63,2,32/31/0/0/0/0/0/0,63,1,1782.12,0.6,1717.02,1781.68,2399.0,2409.4,-5.04
strong,strong,copy,packed,chunked,64,8,4,1,1024,4294967296,1,1.8385,1.8249,1.8551,2336.1,64,2,32/32/0/0/0/0/0/0,64,1,1832.88,0.52,1767.86,1832.52,2402.0,2343.3,5.66
strong,strong,copy,packed,chunked,65,8,4,1,1008,4293918720,1,1.7294,1.7232,1.7494,2482.9,65,3,32/32/1/0/0/0/0/0,65,1,1719.88,0.57,1680.03,1719.32,2393.0,2496.6,9.52
strong,strong,copy,packed,chunked,66,8,4,1,992,4290772992,1,1.7158,1.7061,1.726,2500.8,66,3,32/32/2/0/0/0/0/0,66,1,1710.48,0.61,1660.95,1709.88,2392.0,2508.5,5.3
strong,strong,copy,packed,chunked,67,8,4,1,978,4294311936,1,1.6892,1.6801,1.7045,2542.3,67,3,32/32/3/0/0/0/0/0,67,1,1684.68,0.69,1644.95,1684.08,2404.0,2549.0,4.48
strong,strong,copy,packed,chunked,68,8,4,1,963,4291559424,1,1.6799,1.6627,1.6926,2554.7,68,3,32/32/4/0/0/0/0/0,68,1,1669.32,0.77,1610.05,1669.16,2392.0,2570.8,10.56
strong,strong,copy,packed,chunked,69,8,4,1,949,4291362816,1,1.6467,1.6395,1.6505,2606.0,69,3,32/32/5/0/0/0/0/0,69,1,1643.12,0.68,1604.4,1642.48,2398.0,2611.7,3.58
strong,strong,copy,packed,chunked,70,8,4,1,936,4293918720,1,1.6327,1.6207,1.6407,2629.9,70,3,32/32/6/0/0/0/0/0,70,1,1615.72,0.52,1572.02,1615.2,2396.0,2657.6,17.0
strong,strong,copy,packed,chunked,71,8,4,1,923,4294770688,1,1.6114,1.6081,1.6169,2665.2,71,3,32/32/7/0/0/0/0/0,71,1,1609.04,0.76,1563.37,1608.32,2398.0,2669.2,2.36
strong,strong,copy,packed,chunked,72,8,4,1,910,4293918720,1,1.604,1.5894,1.6118,2677.0,72,3,32/32/8/0/0/0/0/0,72,1,1591.72,0.65,1553.57,1591.2,2383.0,2697.7,12.26
strong,strong,copy,packed,chunked,73,8,4,1,897,4291362816,1,1.5765,1.5703,1.5855,2722.1,73,3,32/32/9/0/0/0/0/0,73,1,1576.24,0.68,1529.91,1575.6,2382.0,2722.5,0.28
strong,strong,copy,packed,chunked,74,8,4,1,885,4291952640,1,1.5625,1.5563,1.5717,2746.9,74,3,32/32/10/0/0/0/0/0,74,1,1557.72,0.57,1511.74,1557.2,2382.0,2755.3,4.76
strong,strong,copy,packed,chunked,75,8,4,1,873,4290969600,1,1.5401,1.5296,1.5456,2786.1,75,3,32/32/11/0/0/0/0/0,75,1,1526.6,0.53,1484.6,1526.24,2384.0,2810.8,13.54
strong,strong,copy,packed,chunked,76,8,4,1,862,4293394432,1,1.5325,1.525,1.5407,2801.5,76,3,32/32/12/0/0/0/0/0,76,1,1520.32,0.76,1467.7,1519.68,2397.0,2824.0,12.2
strong,strong,copy,packed,chunked,77,8,4,1,851,4294377472,1,1.5003,1.4931,1.513,2862.4,77,3,32/32/13/0/0/0/0/0,77,1,1507.16,0.61,1446.99,1506.8,2385.0,2849.3,-6.9
strong,strong,copy,packed,chunked,78,8,4,1,840,4293918720,1,1.4888,1.4821,1.4971,2884.2,78,3,32/32/14/0/0/0/0/0,78,1,1492.08,0.65,1433.73,1491.48,2386.0,2877.8,-3.32
strong,strong,copy,packed,chunked,79,8,4,1,829,4292018176,1,1.4799,1.4687,1.4856,2900.1,79,3,32/32/15/0/0/0/0/0,79,1,1476.56,0.92,1424.23,1475.76,2388.0,2906.8,3.38
strong,strong,copy,packed,chunked,80,8,4,1,819,4293918720,1,1.4601,1.4534,1.4742,2940.8,80,3,32/32/16/0/0/0/0/0,80,1,1459.96,0.61,1412.66,1459.48,2384.0,2941.1,0.16
strong,strong,copy,packed,chunked,81,8,4,1,809,4294508544,1,1.4396,1.4334,1.4458,2983.1,81,3,32/32/17/0/0/0/0/0,81,1,1431.04,0.61,1393.83,1430.52,2377.0,3001.0,8.58
strong,strong,copy,packed,chunked,82,8,4,1,799,4293787648,1,1.4353,1.4168,1.4455,2991.7,82,3,32/32/18/0/0/0/0/0,82,1,1424.32,0.69,1377.62,1423.68,2390.0,3014.6,10.93
strong,strong,copy,packed,chunked,83,8,4,1,789,4291756032,1,1.4107,1.4032,1.4223,3042.3,83,3,32/32/19/0/0/0/0/0,83,1,1403.96,0.65,1357.81,1403.52,2376.0,3056.9,6.73
strong,strong,copy,packed,chunked,84,8,4,1,780,4293918720,1,1.393,1.3895,1.3989,3082.6,84,3,32/32/20/0/0/0/0/0,84,1,1384.08,0.2,1346.32,1384.0,2395.0,3102.4,8.87
strong,strong,copy,packed,chunked,85,8,4,1,771,4294901760,1,1.3794,1.3647,1.3844,3113.5,85,3,32/32/21/0/0/0/0/0,85,1,1373.76,0.73,1333.69,1373.64,2376.0,3126.4,5.67
strong,strong,copy,packed,chunked,86,8,4,1,762,4294705152,1,1.3878,1.3833,1.3997,3094.6,86,3,32/32/22/0/0/0/0/0,86,1,1377.92,0.57,1319.7,1377.6,2375.0,3116.8,9.89
strong,strong,copy,packed,chunked,87,8,4,1,753,4293328896,1,1.3508,1.343,1.3585,3178.3,87,3,32/32/23/0/0/0/0/0,87,1,1349.2,0.61,1305.5,1349.0,2382.0,3182.1,1.61
strong,strong,copy,packed,chunked,88,8,4,1,744,4290772992,1,1.3485,1.3412,1.3602,3181.9,88,3,32/32/24/0/0/0/0/0,88,1,1355.48,0.81,1301.33,1354.76,2380.0,3165.5,-7.01
strong,strong,copy,packed,chunked,89,8,4,1,736,4292870144,1,1.3257,1.3201,1.3339,3238.1,89,3,32/32/25/0/0/0/0/0,89,1,1315.96,0.77,1273.74,1315.52,2402.0,3262.2,9.77
strong,strong,copy,packed,chunked,90,8,4,1,728,4293918720,1,1.3252,1.319,1.3301,3240.2,90,3,32/32/26/0/0/0/0/0,90,1,1314.08,0.73,1268.66,1313.44,2402.0,3267.6,11.13
strong,strong,copy,packed,chunked,91,8,4,1,720,4293918720,1,1.3033,1.297,1.3152,3294.7,91,3,32/32/27/0/0/0/0/0,91,1,1306.0,0.61,1264.1,1305.56,2386.0,3287.8,-2.73
strong,strong,copy,packed,chunked,92,8,4,1,712,4292870144,1,1.2958,1.2828,1.2979,3313.0,92,3,32/32/28/0/0/0/0/0,92,1,1281.36,0.64,1245.88,1280.84,2388.0,3350.2,14.41
strong,strong,copy,packed,chunked,93,8,4,1,704,4290772992,1,1.2819,1.2731,1.2865,3347.3,93,3,32/32/29/0/0/0/0/0,93,1,1273.64,0.65,1241.0,1273.24,2392.0,3368.9,8.21
strong,strong,copy,packed,chunked,94,8,4,1,697,4293787648,1,1.2819,1.2758,1.2989,3349.6,94,3,32/32/30/0/0/0/0/0,94,1,1272.56,0.77,1225.04,1272.0,2394.0,3374.1,9.33
strong,strong,copy,packed,chunked,95,8,4,1,689,4289658880,1,1.2642,1.2568,1.2788,3393.1,95,3,32/32/31/0/0/0/0/0,95,1,1259.52,0.24,1226.75,1259.4,2390.0,3405.8,4.71
strong,strong,copy,packed,chunked,96,8,4,1,682,4290772992,1,1.2418,1.2382,1.2484,3455.2,96,3,32/32/32/0/0/0/0/0,96,1,1239.28,0.65,1216.4,1238.84,2402.0,3462.3,2.53
strong,strong,copy,packed,chunked,97,8,4,1,675,4290969600,1,1.2365,1.2287,1.2442,3470.2,97,4,32/32/32/1/0/0/0/0,97,1,1229.72,0.65,1203.65,1229.12,2400.0,3489.4,6.81
strong,strong,copy,packed,chunked,98,8,4,1,668,4290248704,1,1.2224,1.2111,1.2309,3509.6,98,4,32/32/32/2/0/0/0/0,98,1,1219.88,0.69,1189.82,1219.64,2379.0,3516.9,2.55
strong,strong,copy,packed,chunked,99,8,4,1,661,4288610304,1,1.2055,1.1987,1.2127,3557.7,99,4,32/32/32/3/0/0/0/0,99,1,1204.8,0.73,1174.89,1204.12,2403.0,3559.6,0.65
strong,strong,copy,packed,chunked,100,8,4,1,655,4292608000,1,1.2233,1.2168,1.2368,3509.2,100,4,32/32/32/4/0/0/0/0,100,1,1220.0,0.85,1167.82,1219.48,2388.0,3518.5,3.25
strong,strong,copy,packed,chunked,101,8,4,1,648,4289200128,1,1.2015,1.1889,1.2119,3570.0,101,4,32/32/32/5/0/0/0/0,101,1,1196.09,0.77,1160.38,1195.48,2407.0,3586.0,5.36
strong,strong,copy,packed,chunked,102,8,4,1,642,4291559424,1,1.1841,1.1707,1.1927,3624.4,102,4,32/32/32/6/0/0/0/0,102,1,1174.92,0.65,1142.61,1174.48,2404.0,3652.6,9.15
strong,strong,copy,packed,chunked,103,8,4,1,636,4293132288,1,1.1681,1.1652,1.1773,3675.4,103,4,32/32/32/7/0/0/0/0,103,1,1167.04,0.24,1139.2,1166.88,2395.0,3678.7,1.03
strong,strong,copy,packed,chunked,104,8,4,1,630,4293918720,1,1.171,1.166,1.1781,3667.0,104,4,32/32/32/8/0/0/0/0,104,1,1165.33,0.65,1130.62,1164.76,2403.0,3684.7,5.64
strong,strong,copy,packed,chunked,105,8,4,1,624,4293918720,1,1.1444,1.1362,1.1547,3752.0,105,4,32/32/32/9/0/0/0/0,105,1,1133.52,0.89,1108.15,1132.76,2401.0,3788.1,10.91
strong,strong,copy,packed,chunked,106,8,4,1,618,4293132288,1,1.1371,1.1287,1.146,3775.5,106,4,32/32/32/10/0/0/0/0,106,1,1132.8,0.8,1102.12,1132.16,2405.0,3789.8,4.31
strong,strong,copy,packed,chunked,107,8,4,1,612,4291559424,1,1.116,1.1115,1.1256,3845.7,107,4,32/32/32/11/0/0/0/0,107,1,1108.56,0.65,1082.04,1108.2,2389.0,3871.3,7.39
strong,strong,copy,packed,chunked,108,8,4,1,606,4289200128,1,1.1115,1.1022,1.114,3859.0,108,4,32/32/32/12/0/0/0/0,108,1,1107.32,0.69,1079.95,1106.84,2394.0,3873.5,4.17
strong,strong,copy,packed,chunked,109,8,4,1,601,4293197824,1,1.1038,1.095,1.1109,3889.4,109,4,32/32/32/13/0/0/0/0,109,1,1095.2,0.73,1063.21,1094.68,2386.0,3920.0,8.61
strong,strong,copy,packed,chunked,110,8,4,1,595,4289331200,1,1.0863,1.0795,1.0902,3948.5,110,4,32/32/32/14/0/0/0/0,110,1,1076.53,0.73,1051.08,1075.84,2375.0,3984.4,9.78
strong,strong,copy,packed,chunked,111,8,4,1,590,4291952640,1,1.1214,1.1113,1.1285,3827.4,111,4,32/32/32/15/0/0/0/0,111,1,1120.24,0.69,1076.13,1119.76,2389.0,3831.3,1.13
strong,strong,copy,packed,chunked,112,8,4,1,585,4293918720,1,1.0803,1.0734,1.085,3974.7,112,4,32/32/32/16/0/0/0/0,112,1,1074.85,0.73,1044.22,1074.28,2408.0,3994.9,5.46
strong,strong,copy,packed,chunked,113,8,4,1,579,4287823872,1,1.0709,1.0651,1.0768,4004.0,113,4,32/32/32/17/0/0/0/0,113,1,1066.8,0.65,1034.29,1066.44,2406.0,4019.3,4.09
strong,strong,copy,packed,chunked,114,8,4,1,574,4288413696,1,1.0633,1.0533,1.0693,4033.2,114,4,32/32/32/18/0/0/0/0,114,1,1060.53,0.66,1029.05,1059.92,2405.0,4043.7,2.74
strong,strong,copy,packed,chunked,115,8,4,1,569,4288348160,1,1.0453,1.0382,1.049,4102.5,115,4,32/32/32/19/0/0/0/0,115,1,1041.36,0.65,1013.42,1040.88,2406.0,4118.0,3.95
strong,strong,copy,packed,chunked,116,8,4,1,564,4287627264,1,1.0467,1.0376,1.0525,4096.5,116,4,32/32/32/20/0/0/0/0,116,1,1038.8,0.81,1008.96,1038.24,2396.0,4127.5,7.85
strong,strong,copy,packed,chunked,117,8,4,1,560,4293918720,1,1.0531,1.0449,1.0621,4077.3,117,4,32/32/32/21/0/0/0/0,117,1,1045.37,0.77,1007.89,1044.72,2396.0,4107.6,7.76
strong,strong,copy,packed,chunked,118,8,4,1,555,4291952640,1,1.0236,1.0181,1.0265,4192.9,118,4,32/32/32/22/0/0/0/0,118,1,1017.41,0.85,989.73,1016.64,2382.0,4218.5,6.22
strong,strong,copy,packed,chunked,119,8,4,1,550,4289331200,1,1.0233,1.0188,1.0332,4191.7,119,4,32/32/32/23/0/0/0/0,119,1,1015.08,0.73,985.26,1014.8,2382.0,4225.6,8.21
strong,strong,copy,packed,chunked,120,8,4,1,546,4293918720,1,1.0408,1.0327,1.0492,4125.6,120,4,32/32/32/24/0/0/0/0,120,1,1034.32,0.65,998.33,1033.84,2408.0,4151.4,6.47
strong,strong,copy,packed,chunked,121,8,4,1,541,4290052096,1,1.0113,1.008,1.0136,4242.2,121,4,32/32/32/25/0/0/0/0,121,1,1005.52,0.81,975.57,1005.12,2392.0,4266.5,5.77
strong,strong,copy,packed,chunked,122,8,4,1,537,4293525504,1,0.9975,0.9892,1.0045,4304.3,122,4,32/32/32/26/0/0/0/0,122,1,997.04,0.81,967.56,996.76,2395.0,4306.3,0.45
strong,strong,copy,packed,chunked,123,8,4,1,532,4288413696,1,1.0009,0.9954,1.007,4284.8,123,4,32/32/32/27/0/0/0/0,123,1,992.04,0.74,967.59,991.4,2386.0,4322.8,8.81
strong,strong,copy,packed,chunked,124,8,4,1,528,4290772992,1,0.9881,0.9816,0.9925,4342.7,124,4,32/32/32/28/0/0/0/0,124,1,982.6,0.66,953.4,982.16,2386.0,4366.8,5.45
strong,strong,copy,packed,chunked,125,8,4,1,524,4292608000,1,0.9975,0.9942,1.0075,4303.5,125,4,32/32/32/29/0/0/0/0,125,1,994.26,0.22,960.31,994.04,2379.0,4317.4,3.21
strong,strong,copy,packed,chunked,126,8,4,1,520,4293918720,1,0.9731,0.967,0.9846,4412.6,126,4,32/32/32/30/0/0/0/0,126,1,967.41,0.61,943.89,966.84,2396.0,4438.6,5.7
strong,strong,copy,packed,chunked,127,8,4,1,516,4294705152,1,1.029,1.0215,1.0349,4173.9,127,4,32/32/32/31/0/0/0/0,127,1,1020.02,0.82,984.79,1019.32,2391.0,4210.4,8.93
strong,strong,copy,packed,chunked,128,8,4,1,512,4294967296,1,1.0955,1.0902,1.1267,3920.6,128,4,32/32/32/32/0/0/0/0,128,1,1090.04,0.93,1066.09,1089.36,2394.0,3940.2,5.45
strong,strong,copy,packed,chunked,129,8,4,1,508,4294705152,1,1.036,1.0277,1.0416,4145.3,129,5,32/32/32/32/1/0/0/0,129,1,1031.17,0.77,980.12,1030.48,2379.0,4164.9,4.86
strong,strong,copy,packed,chunked,130,8,4,1,504,4293918720,1,0.9524,0.9395,0.9558,4508.4,130,5,32/32/32/32/2/0/0/0,130,1,950.68,0.83,922.01,950.32,2396.0,4516.7,1.75
strong,strong,copy,packed,chunked,131,8,4,1,500,4292608000,1,0.9673,0.9614,0.9742,4437.9,131,5,32/32/32/32/3/0/0/0,131,1,959.53,0.83,934.06,959.0,2383.0,4473.7,7.74
strong,strong,copy,packed,chunked,132,8,4,1,496,4290772992,1,0.9449,0.9368,0.9493,4541.1,132,5,32/32/32/32/4/0/0/0,132,1,931.81,0.87,914.43,931.36,2394.0,4604.8,13.06
strong,strong,copy,packed,chunked,133,8,4,1,492,4288413696,1,0.945,0.9378,0.9583,4538.2,133,5,32/32/32/32/5/0/0/0,133,1,939.85,0.81,916.81,939.08,2394.0,4562.9,5.12
strong,strong,copy,packed,chunked,134,8,4,1,489,4294311936,1,0.9268,0.9209,0.9307,4633.4,134,5,32/32/32/32/6/0/0/0,134,1,921.73,0.77,895.09,921.12,2389.0,4659.0,5.08
strong,strong,copy,packed,chunked,135,8,4,1,485,4290969600,1,0.9293,0.9206,0.9338,4617.5,135,5,32/32/32/32/7/0/0/0,135,1,926.4,0.83,901.58,925.92,2405.0,4631.9,2.89
strong,strong,copy,packed,chunked,136,8,4,1,481,4287102976,1,0.9385,0.9359,0.9438,4568.0,136,5,32/32/32/32/8/0/0/0,136,1,933.45,0.79,906.61,932.92,2398.0,4592.8,5.06
strong,strong,copy,packed,chunked,137,8,4,1,478,4291690496,1,0.9255,0.9198,0.9328,4637.3,137,5,32/32/32/32/9/0/0/0,137,1,927.89,0.75,898.45,927.4,2384.0,4625.2,-2.42
strong,strong,copy,packed,chunked,138,8,4,1,474,4286840832,1,0.9249,0.9226,0.9347,4634.7,138,5,32/32/32/32/10/0/0/0,138,1,929.88,0.77,891.72,929.32,2376.0,4610.1,-4.93
strong,strong,copy,packed,chunked,139,8,4,1,471,4290576384,1,0.9387,0.9322,0.9441,4570.6,139,5,32/32/32/32/11/0/0/0,139,1,932.85,0.78,904.14,932.12,2397.0,4599.4,5.88
strong,strong,copy,packed,chunked,140,8,4,1,468,4293918720,1,0.9148,0.9074,0.9262,4694.1,140,5,32/32/32/32/12/0/0/0,140,1,912.73,0.73,888.04,912.04,2399.0,4704.5,2.02
strong,strong,copy,packed,chunked,141,8,4,1,464,4287627264,1,0.9391,0.9324,0.9442,4565.5,141,5,32/32/32/32/13/0/0/0,141,1,932.36,0.83,894.1,931.84,2397.0,4598.7,6.77
strong,strong,copy,packed,chunked,142,8,4,1,461,4290117632,1,0.9012,0.8932,0.9045,4760.5,142,5,32/32/32/32/14/0/0/0,142,1,898.44,0.91,872.6,898.16,2398.0,4775.1,2.75
strong,strong,copy,packed,chunked,143,8,4,1,458,4292214784,1,0.9347,0.9219,0.9382,4591.8,143,5,32/32/32/32/15/0/0/0,143,1,932.53,0.75,886.96,932.0,2395.0,4602.8,2.22
strong,strong,copy,packed,chunked,144,8,4,1,455,4293918720,1,0.9087,0.902,0.913,4725.3,144,5,32/32/32/32/16/0/0/0,144,1,903.64,0.75,880.66,903.44,2399.0,4751.8,5.07
strong,strong,copy,packed,chunked,145,8,4,1,451,4285726720,1,0.9102,0.903,0.9147,4708.5,145,5,32/32/32/32/17/0/0/0,145,1,901.77,0.79,872.43,901.12,2400.0,4752.6,8.44
strong,strong,copy,packed,chunked,146,8,4,1,448,4286578688,1,0.8934,0.8874,0.9032,4797.9,146,5,32/32/32/32/18/0/0/0,146,1,882.45,0.83,858.0,881.92,2398.0,4857.6,10.98
strong,strong,copy,packed,chunked,147,8,4,1,445,4287037440,1,0.8818,0.8772,0.8924,4861.7,147,5,32/32/32/32/19/0/0/0,147,1,873.85,0.91,851.73,873.32,2385.0,4905.9,7.94
strong,strong,copy,packed,chunked,148,8,4,1,442,4287102976,1,0.8966,0.8895,0.9013,4781.4,148,5,32/32/32/32/20/0/0/0,148,1,891.28,0.99,862.3,890.76,2401.0,4810.1,5.35
strong,strong,copy,packed,chunked,149,8,4,1,439,4286775296,1,0.8793,0.875,0.8885,4874.9,149,5,32/32/32/32/21/0/0/0,149,1,880.0,0.83,849.08,879.52,2394.0,4871.3,-0.65
strong,strong,copy,packed,chunked,150,8,4,1,436,4286054400,1,0.8919,0.8897,0.8975,4805.7,150,5,32/32/32/32/22/0/0/0,150,1,887.81,0.79,857.18,887.16,2399.0,4827.7,4.06
strong,strong,copy,packed,chunked,151,8,4,1,434,4294836224,1,0.8833,0.8785,0.8958,4862.2,151,5,32/32/32/32/23/0/0/0,151,1,874.37,0.73,848.24,873.68,2404.0,4911.9,8.94
strong,strong,copy,packed,chunked,152,8,4,1,431,4293394432,1,0.8959,0.8881,0.9008,4792.1,152,5,32/32/32/32/24/0/0/0,152,1,886.05,0.91,859.26,885.48,2389.0,4845.5,9.88
strong,strong,copy,packed,chunked,153,8,4,1,428,4291559424,1,0.8868,0.8784,0.8913,4839.1,153,5,32/32/32/32/25/0/0/0,153,1,885.56,0.91,853.41,884.96,2397.0,4846.2,1.29
strong,strong,copy,packed,chunked,154,8,4,1,425,4289331200,1,0.8746,0.869,0.8806,4904.3,154,5,32/32/32/32/26/0/0/0,154,1,870.57,1.03,844.01,869.92,2404.0,4927.0,4.04
strong,strong,copy,packed,chunked,155,8,4,1,422,4286709760,1,0.8832,0.8742,0.8881,4853.6,155,5,32/32/32/32/27/0/0/0,155,1,872.89,0.83,844.91,872.24,2388.0,4910.9,10.32
strong,strong,copy,packed,chunked,156,8,4,1,420,4293918720,1,0.8803,0.8761,0.8896,4877.9,156,5,32/32/32/32/28/0/0/0,156,1,871.92,0.79,842.08,871.44,2401.0,4924.7,8.37
strong,strong,copy,packed,chunked,157,8,4,1,417,4290576384,1,0.877,0.8736,0.8824,4892.5,157,5,32/32/32/32/29/0/0/0,157,1,869.32,0.8,837.74,868.52,2393.0,4935.6,7.65
strong,strong,copy,packed,chunked,158,8,4,1,414,4286840832,1,0.8714,0.8624,0.8819,4919.7,158,5,32/32/32/32/30/0/0/0,158,1,865.92,1.03,840.27,865.52,2394.0,4950.6,5.45
strong,strong,copy,packed,chunked,159,8,4,1,412,4293132288,1,0.8902,0.8863,0.9002,4822.4,159,5,32/32/32/32/31/0/0/0,159,1,895.12,0.95,857.55,894.6,2385.0,4796.2,-4.87
strong,strong,copy,packed,chunked,160,8,4,1,409,4288675840,1,0.8511,0.843,0.8599,5038.9,160,5,32/32/32/32/32/0/0/0,160,1,846.83,0.83,825.23,846.12,2399.0,5064.4,4.28
strong,strong,copy,packed,chunked,161,8,4,1,407,4294377472,1,0.8621,0.852,0.8679,4981.0,161,6,32/32/32/32/32/1/0/0,161,1,861.04,0.83,830.31,860.32,2384.0,4987.4,1.11
strong,strong,copy,packed,chunked,162,8,4,1,404,4289200128,1,0.8611,0.8522,0.8659,4981.3,162,6,32/32/32/32/32/2/0/0,162,1,855.96,0.87,833.75,855.52,2397.0,5011.0,5.11
strong,strong,copy,packed,chunked,163,8,4,1,402,4294311936,1,0.8641,0.8582,0.8704,4969.5,163,6,32/32/32/32/32/3/0/0,163,1,856.29,0.95,831.44,855.72,2382.0,5015.0,7.84
strong,strong,copy,packed,chunked,164,8,4,1,399,4288413696,1,0.8688,0.8619,0.877,4936.0,164,6,32/32/32/32/32/4/0/0,164,1,863.44,0.95,835.06,863.12,2389.0,4966.7,5.37
strong,strong,copy,packed,chunked,165,8,4,1,397,4292935680,1,0.846,0.8423,0.8495,5074.2,165,6,32/32/32/32/32/5/0/0,165,1,837.17,1.03,813.28,836.64,2395.0,5127.9,8.86
strong,strong,copy,packed,chunked,166,8,4,1,394,4286316544,1,0.8557,0.8504,0.8636,5009.0,166,6,32/32/32/32/32/6/0/0,166,1,849.32,0.83,822.26,848.84,2382.0,5046.8,6.41
strong,strong,copy,packed,chunked,167,8,4,1,392,4290248704,1,0.8638,0.8536,0.8691,4966.5,167,6,32/32/32/32/32/7/0/0,167,1,855.29,0.71,823.89,854.64,2401.0,5016.1,8.54
strong,strong,copy,packed,chunked,168,8,4,1,390,4293918720,1,0.869,0.8553,0.8746,4940.9,168,6,32/32/32/32/32/8/0/0,168,1,863.23,0.71,828.34,862.64,2387.0,4974.2,5.82
strong,strong,copy,packed,chunked,169,8,4,1,387,4286251008,1,0.9138,0.907,0.9155,4690.7,169,6,32/32/32/32/32/9/0/0,169,1,905.07,0.99,866.59,904.2,2396.0,4735.8,8.7
strong,strong,copy,packed,chunked,170,8,4,1,385,4289331200,1,0.86,0.8465,0.8659,4987.5,170,6,32/32/32/32/32/10/0/0,170,1,856.07,0.95,826.71,855.24,2388.0,5010.5,3.94
strong,strong,copy,packed,chunked,171,8,4,1,383,4292149248,1,0.8563,0.8446,0.866,5012.5,171,6,32/32/32/32/32/11/0/0,171,1,855.98,0.95,829.66,855.36,2395.0,5014.3,0.31
strong,strong,copy,packed,chunked,172,8,4,1,381,4294705152,1,0.9126,0.9047,0.9206,4705.8,172,6,32/32/32/32/32/12/0/0,172,1,899.63,0.85,853.4,898.96,2395.0,4773.9,13.02
strong,strong,copy,packed,chunked,173,8,4,1,378,4285661184,1,0.8427,0.838,0.853,5085.8,173,6,32/32/32/32/32/13/0/0,173,1,837.46,0.81,807.22,836.96,2398.0,5117.5,5.21
strong,strong,copy,packed,chunked,174,8,4,1,376,4287627264,1,0.8541,0.8516,0.8582,5019.9,174,6,32/32/32/32/32/14/0/0,174,1,850.0,0.29,819.14,849.8,2407.0,5044.3,4.13
strong,strong,copy,packed,chunked,175,8,4,1,374,4289331200,1,0.8374,0.8303,0.841,5122.0,175,6,32/32/32/32/32/15/0/0,175,1,826.09,0.99,802.88,825.56,2388.0,5192.3,11.34
strong,strong,copy,packed,chunked,176,8,4,1,372,4290772992,1,0.8411,0.8326,0.8452,5101.2,176,6,32/32/32/32/32/16/0/0,176,1,835.81,0.95,810.23,835.24,2403.0,5133.7,5.32
strong,strong,copy,packed,chunked,177,8,4,1,370,4291952640,1,0.8442,0.8383,0.8534,5083.9,177,6,32/32/32/32/32/17/0/0,177,1,839.63,0.88,810.81,838.8,2385.0,5111.7,4.6
strong,strong,copy,packed,chunked,178,8,4,1,368,4292870144,1,0.8477,0.8446,0.8558,5064.3,178,6,32/32/32/32/32/18/0/0,178,1,844.69,0.89,817.29,843.88,2398.0,5082.2,2.98
strong,strong,copy,packed,chunked,179,8,4,1,366,4293525504,1,0.8374,0.8305,0.8491,5127.3,179,6,32/32/32/32/32/19/0/0,179,1,844.15,0.79,809.64,843.48,2392.0,5086.2,-6.76
strong,strong,copy,packed,chunked,180,8,4,1,364,4293918720,1,0.8543,0.8472,0.8571,5026.1,180,6,32/32/32/32/32/20/0/0,180,1,849.71,0.95,817.85,848.92,2398.0,5053.4,4.62
strong,strong,copy,packed,chunked,181,8,4,1,362,4294049792,1,0.8559,0.8512,0.8624,5017.2,181,6,32/32/32/32/32/21/0/0,181,1,849.71,0.99,820.5,848.84,2400.0,5053.5,6.16
strong,strong,copy,packed,chunked,182,8,4,1,360,4293918720,1,0.8414,0.8325,0.8567,5103.5,182,6,32/32/32/32/32/22/0/0,182,1,833.43,0.95,806.17,832.6,2392.0,5152.1,7.94
strong,strong,copy,packed,chunked,183,8,4,1,358,4293525504,1,0.8411,0.8364,0.8494,5104.7,183,6,32/32/32/32/32/23/0/0,183,1,844.59,0.77,808.44,843.96,2401.0,5083.6,-3.5
strong,strong,copy,packed,chunked,184,8,4,1,356,4292870144,1,0.8679,0.8606,0.8764,4946.1,184,6,32/32/32/32/32/24/0/0,184,1,856.83,0.83,823.23,856.0,2401.0,5010.2,11.1
strong,strong,copy,packed,chunked,185,8,4,1,354,4291952640,1,0.842,0.8397,0.8514,5097.3,185,6,32/32/32/32/32/25/0/0,185,1,846.35,0.91,815.35,845.48,2399.0,5071.1,-4.34
strong,strong,copy,packed,chunked,186,8,4,1,352,4290772992,1,0.8524,0.8459,0.866,5033.9,186,6,32/32/32/32/32/26/0/0,186,1,840.62,1.03,809.33,840.12,2381.0,5104.3,11.75
strong,strong,copy,packed,chunked,187,8,4,1,350,4289331200,1,0.853,0.8461,0.8821,5028.7,187,6,32/32/32/32/32/27/0/0,187,1,841.15,0.99,807.28,840.24,2393.0,5099.4,11.82
strong,strong,copy,packed,chunked,188,8,4,1,348,4287627264,1,0.8372,0.8298,0.8488,5121.2,188,6,32/32/32/32/32/28/0/0,188,1,824.87,0.81,800.72,824.24,2388.0,5197.9,12.36
strong,strong,copy,packed,chunked,189,8,4,1,346,4285661184,1,0.8351,0.8314,0.8382,5131.7,189,6,32/32/32/32/32/29/0/0,189,1,831.67,0.87,804.38,831.0,2397.0,5153.1,3.46
strong,strong,copy,packed,chunked,190,8,4,1,344,4283432960,1,0.8827,0.876,0.8864,4852.5,190,6,32/32/32/32/32/30/0/0,190,1,872.79,0.91,838.87,871.88,2390.0,4907.7,9.94
strong,strong,copy,packed,chunked,191,8,4,1,343,4293459968,1,0.8508,0.8402,0.8576,5046.3,191,6,32/32/32/32/32/31/0/0,191,1,837.35,1.03,795.1,836.64,2398.0,5127.4,13.46
strong,strong,copy,packed,chunked,192,8,4,1,341,4290772992,1,0.8536,0.8487,0.8726,5026.9,192,6,32/32/32/32/32/32/0/0,192,1,843.55,0.87,795.83,842.76,2395.0,5086.6,10.02
strong,strong,copy,packed,chunked,193,8,4,1,339,4287823872,1,0.8619,0.8509,0.8732,4975.0,193,7,32/32/32/32/32/32/1/0,193,1,845.99,0.83,809.11,845.4,2393.0,5068.4,15.88
strong,strong,copy,packed,chunked,194,8,4,1,337,4284612608,1,0.8556,0.8478,0.8675,5007.4,194,7,32/32/32/32/32/32/2/0,194,1,842.95,0.79,794.21,842.24,2396.0,5082.9,12.7
strong,strong,copy,packed,chunked,195,8,4,1,336,4293918720,1,0.8463,0.8353,0.861,5073.8,195,7,32/32/32/32/32/32/3/0,195,1,833.71,0.87,789.83,833.16,2399.0,5150.4,12.58
strong,strong,copy,packed,chunked,196,8,4,1,334,4290248704,1,0.8644,0.8481,0.882,4963.3,196,7,32/32/32/32/32/32/4/0,196,1,852.47,0.88,811.71,851.92,2403.0,5032.7,11.92
strong,strong,copy,packed,chunked,197,8,4,1,332,4286316544,1,0.8648,0.8582,0.8689,4956.3,197,7,32/32/32/32/32/32/5/0,197,1,863.95,0.99,815.77,863.04,2404.0,4961.3,0.88
strong,strong,copy,packed,chunked,198,8,4,1,330,4282122240,1,0.8479,0.8417,0.8532,5050.0,198,7,32/32/32/32/32/32/6/0,198,1,837.93,0.97,794.15,837.24,2383.0,5110.4,10.02
strong,strong,copy,packed,chunked,199,8,4,1,329,4290707456,1,0.848,0.8378,0.8573,5059.6,199,7,32/32/32/32/32/32/7/0,199,1,836.83,0.79,794.58,836.16,2384.0,5127.3,11.2
strong,strong,copy,packed,chunked,200,8,4,1,327,4286054400,1,0.8489,0.8402,0.8682,5049.1,200,7,32/32/32/32/32/32/8/0,200,1,842.87,0.87,795.5,842.28,2384.0,5085.1,6.0
strong,strong,copy,packed,chunked,201,8,4,1,326,4294311936,1,0.8505,0.8406,0.8643,5049.2,201,7,32/32/32/32/32/32/9/0,201,1,843.03,0.87,804.07,842.32,2398.0,5093.9,7.46
strong,strong,copy,packed,chunked,202,8,4,1,324,4289200128,1,0.8479,0.8411,0.8621,5058.7,202,7,32/32/32/32/32/32/10/0,202,1,841.11,0.99,797.98,840.4,2400.0,5099.5,6.78
strong,strong,copy,packed,chunked,203,8,4,1,322,4283826176,1,0.8584,0.8471,0.8814,4990.3,203,7,32/32/32/32/32/32/11/0,203,1,856.31,0.87,805.36,855.64,2392.0,5002.7,2.12
strong,strong,copy,packed,chunked,204,8,4,1,321,4291559424,1,0.8528,0.8418,0.8676,5032.3,204,7,32/32/32/32/32/32/12/0,204,1,850.47,0.95,800.74,849.72,2394.0,5046.1,2.34
strong,strong,copy,packed,chunked,205,8,4,1,319,4285726720,1,0.8479,0.8403,0.8548,5054.6,205,7,32/32/32/32/32/32/13/0,205,1,841.91,0.87,798.03,841.16,2383.0,5090.5,5.98
strong,strong,copy,packed,chunked,206,8,4,1,318,4293132288,1,0.8577,0.848,0.8816,5005.2,206,7,32/32/32/32/32/32/14/0,206,1,851.31,0.85,803.51,851.24,2389.0,5043.0,6.42
strong,strong,copy,packed,chunked,207,8,4,1,316,4286840832,1,0.8369,0.8324,0.8477,5122.0,207,7,32/32/32/32/32/32/15/0,207,1,827.55,0.81,786.39,827.04,2390.0,5180.2,9.4
strong,strong,copy,packed,chunked,208,8,4,1,315,4293918720,1,0.8585,0.8454,0.871,5001.8,208,7,32/32/32/32/32/32/16/0,208,1,845.58,0.98,801.54,845.28,2378.0,5078.1,12.89
strong,strong,copy,packed,chunked,209,8,4,1,313,4287168512,1,0.8512,0.8443,0.8584,5036.7,209,7,32/32/32/32/32/32/17/0,209,1,842.91,0.99,795.01,841.96,2383.0,5086.2,8.28
strong,strong,copy,packed,chunked,210,8,4,1,312,4293918720,1,0.8555,0.8474,0.8635,5019.1,210,7,32/32/32/32/32/32/18/0,210,1,842.15,0.79,801.28,841.52,2393.0,5098.8,13.36
strong,strong,copy,packed,chunked,211,8,4,1,310,4286709760,1,0.851,0.8382,0.8588,5037.4,211,7,32/32/32/32/32/32/19/0,211,1,843.42,0.94,800.23,842.56,2392.0,5082.5,7.55
strong,strong,copy,packed,chunked,212,8,4,1,309,4293132288,1,0.8524,0.8467,0.8587,5036.4,212,7,32/32/32/32/32/32/20/0,212,1,847.63,0.83,809.49,846.92,2389.0,5064.9,4.8
strong,strong,copy,packed,chunked,213,8,4,1,307,4285464576,1,0.8409,0.8329,0.851,5096.0,213,7,32/32/32/32/32/32/21/0,213,1,834.88,0.88,790.05,834.88,2398.0,5133.0,6.07
strong,strong,copy,packed,chunked,214,8,4,1,306,4291559424,1,0.8471,0.8361,0.857,5066.2,214,7,32/32/32/32/32/32/22/0,214,1,831.63,0.95,794.14,830.92,2396.0,5160.4,15.46
strong,strong,copy,packed,chunked,215,8,4,1,304,4283432960,1,0.8382,0.8332,0.8445,5110.0,215,7,32/32/32/32/32/32/23/0,215,1,832.03,0.87,792.57,831.28,2386.0,5148.2,6.22
strong,strong,copy,packed,chunked,216,8,4,1,303,4289200128,1,0.8386,0.8306,0.8448,5114.5,216,7,32/32/32/32/32/32/24/0,216,1,825.55,0.85,787.23,824.84,2398.0,5195.6,13.08
strong,strong,copy,packed,chunked,217,8,4,1,302,4294836224,1,0.8361,0.824,0.8464,5136.7,217,7,32/32/32/32/32/32/25/0,217,1,829.43,0.95,790.35,828.8,2386.0,5178.1,6.68
strong,strong,copy,packed,chunked,218,8,4,1,300,4286054400,1,0.8365,0.826,0.8445,5124.0,218,7,32/32/32/32/32/32/26/0,218,1,827.19,0.85,785.2,826.44,2394.0,5181.5,9.28
strong,strong,copy,packed,chunked,219,8,4,1,299,4291362816,1,0.8404,0.8262,0.852,5106.4,219,7,32/32/32/32/32/32/27/0,219,1,838.23,0.95,794.32,837.52,2385.0,5119.6,2.16
strong,strong,copy,packed,chunked,220,8,4,1,297,4282122240,1,0.8319,0.8218,0.8366,5147.6,220,7,32/32/32/32/32/32/28/0,220,1,830.03,0.97,783.05,829.2,2393.0,5159.0,1.84
strong,strong,copy,packed,chunked,221,8,4,1,296,4287102976,1,0.8509,0.8417,0.8554,5038.1,221,7,32/32/32/32/32/32/29/0,221,1,836.63,0.99,796.51,835.64,2385.0,5124.3,14.3
strong,strong,copy,packed,chunked,222,8,4,1,295,4291952640,1,0.8845,0.8759,0.8926,4852.4,222,7,32/32/32/32/32/32/30/0,222,1,876.84,0.91,838.82,876.24,2387.0,4894.8,7.67
strong,strong,copy,packed,chunked,223,8,4,1,293,4282056704,1,0.8185,0.807,0.8259,5231.4,223,7,32/32/32/32/32/32/31/0,223,1,808.47,0.89,775.79,807.84,2393.0,5296.5,10.06
strong,strong,copy,packed,chunked,224,8,4,1,292,4286578688,1,0.8335,0.8234,0.8372,5142.8,224,7,32/32/32/32/32/32/32/0,224,1,823.83,0.95,795.35,822.92,2396.0,5203.2,9.68
strong,strong,copy,packed,chunked,225,8,4,1,291,4290969600,1,0.8356,0.8261,0.845,5135.1,225,8,32/32/32/32/32/32/32/1,225,1,831.69,0.79,798.0,831.6,2393.0,5159.3,3.92
strong,strong,copy,packed,chunked,226,8,4,1,289,4280418304,1,0.8454,0.8376,0.8521,5062.9,226,8,32/32/32/32/32/32/32/2,226,1,841.55,0.95,804.32,840.84,2390.0,5086.4,3.9
strong,strong,copy,packed,chunked,227,8,4,1,288,4284481536,1,0.8209,0.8153,0.829,5219.4,227,8,32/32/32/32/32/32/32/3,227,1,818.08,0.87,787.49,817.96,2395.0,5237.2,2.79
strong,strong,copy,packed,chunked,228,8,4,1,287,4288413696,1,0.8334,0.8198,0.8465,5145.4,228,8,32/32/32/32/32/32/32/4,228,1,837.15,0.89,796.27,836.44,2399.0,5122.6,-3.7
strong,strong,copy,packed,chunked,229,8,4,1,286,4292214784,1,0.8372,0.8278,0.8432,5126.6,229,8,32/32/32/32/32/32/32/5,229,1,831.28,0.91,796.94,831.24,2387.0,5163.4,5.97
strong,strong,copy,packed,chunked,230,8,4,1,284,4280811520,1,0.8273,0.8208,0.835,5174.5,230,8,32/32/32/32/32/32/32/6,230,1,824.27,0.97,785.49,823.6,2395.0,5193.5,3.02
strong,strong,copy,packed,chunked,231,8,4,1,283,4284284928,1,0.8321,0.8272,0.8369,5148.5,231,8,32/32/32/32/32/32/32/7,231,1,829.36,0.99,786.21,829.2,2387.0,5165.8,2.79
strong,strong,copy,packed,chunked,232,8,4,1,282,4287627264,1,0.829,0.8239,0.8469,5172.0,232,8,32/32/32/32/32/32/32/8,232,1,820.04,0.95,781.19,820.0,2390.0,5228.6,8.97
strong,strong,copy,packed,chunked,233,8,4,1,281,4290838528,1,0.8319,0.8226,0.842,5158.0,233,8,32/32/32/32/32/32/32/9,233,1,822.08,0.91,784.5,822.0,2392.0,5219.5,9.81
strong,strong,copy,packed,chunked,234,8,4,1,280,4293918720,1,0.8487,0.843,0.8622,5059.1,234,8,32/32/32/32/32/32/32/10,234,1,840.44,0.84,799.25,840.44,2398.0,5109.1,8.31
strong,strong,copy,packed,chunked,235,8,4,1,278,4281466880,1,0.8493,0.8262,0.8684,5041.0,235,8,32/32/32/32/32/32/32/11,235,1,821.24,0.83,782.69,821.16,2392.0,5213.4,28.09
strong,strong,copy,packed,chunked,236,8,4,1,277,4284219392,1,0.8357,0.8243,0.8527,5126.4,236,8,32/32/32/32/32/32/32/12,236,1,834.08,0.91,783.09,833.96,2391.0,5136.5,1.63
strong,strong,copy,packed,chunked,237,8,4,1,276,4286840832,1,0.8438,0.8327,0.8596,5080.3,237,8,32/32/32/32/32/32/32/13,237,1,832.64,0.95,784.84,832.6,2403.0,5148.5,11.17
strong,strong,copy,packed,chunked,238,8,4,1,275,4289331200,1,0.8399,0.8312,0.851,5106.7,238,8,32/32/32/32/32/32/32/14,238,1,828.8,0.79,787.24,828.68,2385.0,5175.4,11.15
strong,strong,copy,packed,chunked,239,8,4,1,274,4291690496,1,0.8669,0.8498,0.8796,4950.8,239,8,32/32/32/32/32/32/32/15,239,1,872.68,0.91,810.45,872.64,2389.0,4917.8,-5.81
strong,strong,copy,packed,chunked,240,8,4,1,273,4293918720,1,0.8408,0.8329,0.849,5106.8,240,8,32/32/32/32/32/32/32/16,240,1,830.63,0.85,785.61,829.96,2400.0,5169.5,10.2
strong,strong,copy,packed,chunked,241,8,4,1,271,4280221696,1,0.8482,0.8379,0.8606,5046.4,241,8,32/32/32/32/32/32/32/17,241,1,854.2,0.95,795.64,854.2,2390.0,5010.8,-6.03
strong,strong,copy,packed,chunked,242,8,4,1,270,4282122240,1,0.8584,0.8488,0.8638,4988.7,242,8,32/32/32/32/32/32/32/18,242,1,852.52,1.03,793.26,852.4,2394.0,5022.9,5.85
strong,strong,copy,packed,chunked,243,8,4,1,269,4283891712,1,0.8359,0.8245,0.853,5124.7,243,8,32/32/32/32/32/32/32/19,243,1,828.52,0.95,781.49,828.4,2386.0,5170.5,7.41
strong,strong,copy,packed,chunked,244,8,4,1,268,4285530112,1,0.8247,0.8171,0.8424,5196.5,244,8,32/32/32/32/32/32/32/20,244,1,817.0,0.87,774.58,816.96,2393.0,5245.4,7.69
strong,strong,copy,packed,chunked,245,8,4,1,267,4287037440,1,0.8365,0.8186,0.8536,5125.2,245,8,32/32/32/32/32/32/32/21,245,1,824.36,0.87,776.22,824.24,2391.0,5200.4,12.11
strong,strong,copy,packed,chunked,246,8,4,1,266,4288413696,1,0.841,0.8306,0.85,5099.4,246,8,32/32/32/32/32/32/32/22,246,1,841.44,0.87,788.43,841.28,2394.0,5096.5,-0.47
strong,strong,copy,packed,chunked,247,8,4,1,265,4289658880,1,0.8333,0.8202,0.8464,5148.0,247,8,32/32/32/32/32/32/32/23,247,1,820.47,0.91,779.11,819.92,2391.0,5228.3,12.8
strong,strong,copy,packed,chunked,248,8,4,1,264,4290772992,1,0.8308,0.8245,0.8352,5164.3,248,8,32/32/32/32/32/32/32/24,248,1,823.79,0.91,781.2,823.24,2400.0,5208.6,7.06
strong,strong,copy,packed,chunked,249,8,4,1,263,4291756032,1,0.8286,0.8228,0.8341,5179.3,249,8,32/32/32/32/32/32/32/25,249,1,819.74,0.91,783.26,819.08,2394.0,5235.5,8.89
strong,strong,copy,packed,chunked,250,8,4,1,262,4292608000,1,0.8692,0.8589,0.8783,4938.3,250,8,32/32/32/32/32/32/32/26,250,1,854.12,0.83,807.18,854.04,2396.0,5025.8,15.13
strong,strong,copy,packed,chunked,251,8,4,1,261,4293328896,1,0.8432,0.8343,0.8518,5091.4,251,8,32/32/32/32/32/32/32/27,251,1,840.64,0.97,794.99,840.52,2402.0,5107.2,2.61
strong,strong,copy,packed,chunked,252,8,4,1,260,4293918720,1,0.8315,0.8198,0.8414,5164.1,252,8,32/32/32/32/32/32/32/28,252,1,832.96,0.95,786.36,832.96,2389.0,5155.0,-1.47
strong,strong,copy,packed,chunked,253,8,4,1,259,4294377472,1,0.8609,0.8484,0.8763,4988.0,253,8,32/32/32/32/32/32/32/29,253,1,857.78,1.01,813.35,857.24,2389.0,5006.4,3.17
strong,strong,copy,packed,chunked,254,8,4,1,258,4294705152,1,0.9267,0.915,0.9517,4634.2,254,8,32/32/32/32/32/32/32/30,254,1,916.76,0.91,858.26,916.68,2389.0,4684.7,9.99
strong,strong,copy,packed,chunked,255,8,4,1,257,4294901760,1,0.8836,0.8577,0.8974,4860.4,255,8,32/32/32/32/32/32/32/31,255,1,883.52,0.83,830.57,883.4,2392.0,4861.1,0.13
strong,strong,copy,packed,chunked,256,8,4,1,256,4294967296,1,0.8142,0.8037,0.8341,5275.1,256,8,32/32/32/32/32/32/32/32,256,1,808.02,0.9,774.22,807.92,2386.0,5315.4,6.17
strong_plain,strong,read,rr,chunked,1,8,4,1,65536,2147483648,1,35.0646,34.8432,35.4441,61.2,1,1,1/0/0/0/0/0/0/0,1,1,34993.08,0.0,34993.08,34993.08,2397.0,61.4,71.49
strong_plain,strong,read,rr,chunked,8,8,4,1,8192,2147483648,1,4.4585,4.4237,4.4716,481.7,8,8,1/1/1/1/1/1/1/1,8,1,4445.69,1.19,4354.52,4444.96,2398.0,483.0,12.78
strong_plain,strong,read,rr,chunked,32,8,4,1,2048,2147483648,1,1.1785,1.1667,1.1885,1822.3,32,8,4/4/4/4/4/4/4/4,32,1,1174.64,0.71,1145.67,1174.32,2399.0,1828.2,3.81
strong_plain,strong,read,rr,chunked,64,8,4,1,1024,2147483648,1,0.6358,0.631,0.6412,3377.8,64,8,8/8/8/8/8/8/8/8,64,1,637.11,0.87,613.62,636.28,2390.0,3370.7,-1.34
strong_plain,strong,read,rr,chunked,128,8,4,1,512,2147483648,1,0.3862,0.3802,0.394,5561.1,128,8,16/16/16/16/16/16/16/16,128,1,387.53,0.79,374.67,386.88,2393.0,5541.5,-1.37
strong_plain,strong,read,rr,chunked,256,8,4,1,256,2147483648,1,0.3557,0.3496,0.3622,6037.3,256,8,32/32/32/32/32/32/32/32,256,1,357.46,0.83,333.87,356.96,2382.0,6007.6,-1.76
