[aiter] import [module_aiter_core] under /home/jbowley/repos/gfx950-gluon-tutorials/experiments/hip_version_repro/jit/nightly/module_aiter_core.so
USDT:2026-09-29 10:11:39 894300:894300 SyncActivityProfilerHandler.cpp:39] profiler_start
USDT:2026-09-29 10:11:39 894300:894300 SyncActivityProfilerHandler.cpp:46] profiler_stop
[1/630] 1024x3072x512   389.8
USDT:2026-09-29 10:11:39 894300:894300 SyncActivityProfilerHandler.cpp:39] profiler_start
USDT:2026-09-29 10:11:39 894300:894300 SyncActivityProfilerHandler.cpp:46] profiler_stop
[2/630] 1024x4096x512   473.5
USDT:2026-09-29 10:11:39 894300:894300 SyncActivityProfilerHandler.cpp:39] profiler_start
USDT:2026-09-29 10:11:39 894300:894300 SyncActivityProfilerHandler.cpp:46] profiler_stop
[3/630] 1024x7168x512   507.4
USDT:2026-09-29 10:11:40 894300:894300 SyncActivityProfilerHandler.cpp:39] profiler_start
USDT:2026-09-29 10:11:40 894300:894300 SyncActivityProfilerHandler.cpp:46] profiler_stop
[4/630] 2048x2048x512   469.0
USDT:2026-09-29 10:11:40 894300:894300 SyncActivityProfilerHandler.cpp:39] profiler_start
USDT:2026-09-29 10:11:40 894300:894300 SyncActivityProfilerHandler.cpp:46] profiler_stop
[5/630] 2048x4096x512   654.9
USDT:2026-09-29 10:11:42 894300:894300 SyncActivityProfilerHandler.cpp:39] profiler_start
USDT:2026-09-29 10:11:42 894300:894300 SyncActivityProfilerHandler.cpp:46] profiler_stop
[6/630] 4096x2048x512   650.4
USDT:2026-09-29 10:11:42 894300:894300 SyncActivityProfilerHandler.cpp:39] profiler_start
USDT:2026-09-29 10:11:42 894300:894300 SyncActivityProfilerHandler.cpp:46] profiler_stop
[7/630] 4096x4096x512   800.6
USDT:2026-09-29 10:11:43 894300:894300 SyncActivityProfilerHandler.cpp:39] profiler_start
USDT:2026-09-29 10:11:43 894300:894300 SyncActivityProfilerHandler.cpp:46] profiler_stop
[8/630] 4096x7168x512   760.2
USDT:2026-09-29 10:11:43 894300:894300 SyncActivityProfilerHandler.cpp:39] profiler_start
USDT:2026-09-29 10:11:43 894300:894300 SyncActivityProfilerHandler.cpp:46] profiler_stop
[9/630] 8192x2048x512   799.7
USDT:2026-09-29 10:11:44 894300:894300 SyncActivityProfilerHandler.cpp:39] profiler_start
USDT:2026-09-29 10:11:44 894300:894300 SyncActivityProfilerHandler.cpp:46] profiler_stop
[10/630] 8192x4096x512   880.1
USDT:2026-09-29 10:11:44 894300:894300 SyncActivityProfilerHandler.cpp:39] profiler_start
USDT:2026-09-29 10:11:44 894300:894300 SyncActivityProfilerHandler.cpp:46] profiler_stop
[11/630] 16384x2048x512   877.6
USDT:2026-09-29 10:11:44 894300:894300 SyncActivityProfilerHandler.cpp:39] profiler_start
USDT:2026-09-29 10:11:44 894300:894300 SyncActivityProfilerHandler.cpp:46] profiler_stop
[12/630] 16384x4096x512   953.1
USDT:2026-09-29 10:11:45 894300:894300 SyncActivityProfilerHandler.cpp:39] profiler_start
USDT:2026-09-29 10:11:45 894300:894300 SyncActivityProfilerHandler.cpp:46] profiler_stop
[13/630] 16384x7168x512   980.2
USDT:2026-09-29 10:11:45 894300:894300 SyncActivityProfilerHandler.cpp:39] profiler_start
USDT:2026-09-29 10:11:45 894300:894300 SyncActivityProfilerHandler.cpp:46] profiler_stop
[14/630] 32768x2048x512   958.6
USDT:2026-09-29 10:11:46 894300:894300 SyncActivityProfilerHandler.cpp:39] profiler_start
USDT:2026-09-29 10:11:46 894300:894300 SyncActivityProfilerHandler.cpp:46] profiler_stop
[15/630] 1024x5120x640   522.3
USDT:2026-09-29 10:11:46 894300:894300 SyncActivityProfilerHandler.cpp:39] profiler_start
USDT:2026-09-29 10:11:46 894300:894300 SyncActivityProfilerHandler.cpp:46] profiler_stop
[16/630] 2048x5120x640   751.1
USDT:2026-09-29 10:11:46 894300:894300 SyncActivityProfilerHandler.cpp:39] profiler_start
USDT:2026-09-29 10:11:46 894300:894300 SyncActivityProfilerHandler.cpp:46] profiler_stop
[17/630] 4096x5120x640   802.1
USDT:2026-09-29 10:11:47 894300:894300 SyncActivityProfilerHandler.cpp:39] profiler_start
USDT:2026-09-29 10:11:47 894300:894300 SyncActivityProfilerHandler.cpp:46] profiler_stop
[18/630] 8192x5120x640   791.6
USDT:2026-09-29 10:11:47 894300:894300 SyncActivityProfilerHandler.cpp:39] profiler_start
USDT:2026-09-29 10:11:47 894300:894300 SyncActivityProfilerHandler.cpp:46] profiler_stop
[19/630] 16384x5120x640  1042.7
USDT:2026-09-29 10:11:48 894300:894300 SyncActivityProfilerHandler.cpp:39] profiler_start
USDT:2026-09-29 10:11:48 894300:894300 SyncActivityProfilerHandler.cpp:46] profiler_stop
[20/630] 32768x5120x640  1082.8
USDT:2026-09-29 10:11:48 894300:894300 SyncActivityProfilerHandler.cpp:39] profiler_start
USDT:2026-09-29 10:11:48 894300:894300 SyncActivityProfilerHandler.cpp:46] profiler_stop
[21/630] 1024x7168x768   636.4
USDT:2026-09-29 10:11:48 894300:894300 SyncActivityProfilerHandler.cpp:39] profiler_start
USDT:2026-09-29 10:11:48 894300:894300 SyncActivityProfilerHandler.cpp:46] profiler_stop
[22/630] 10240x7168x768   948.5
USDT:2026-09-29 10:11:49 894300:894300 SyncActivityProfilerHandler.cpp:39] profiler_start
USDT:2026-09-29 10:11:49 894300:894300 SyncActivityProfilerHandler.cpp:46] profiler_stop
[23/630] 512x4096x1024   472.6
USDT:2026-09-29 10:11:49 894300:894300 SyncActivityProfilerHandler.cpp:39] profiler_start
USDT:2026-09-29 10:11:49 894300:894300 SyncActivityProfilerHandler.cpp:46] profiler_stop
[24/630] 512x6144x1024   569.8
USDT:2026-09-29 10:11:49 894300:894300 SyncActivityProfilerHandler.cpp:39] profiler_start
USDT:2026-09-29 10:11:49 894300:894300 SyncActivityProfilerHandler.cpp:46] profiler_stop
[25/630] 512x7168x1024   601.2
USDT:2026-09-29 10:11:50 894300:894300 SyncActivityProfilerHandler.cpp:39] profiler_start
USDT:2026-09-29 10:11:50 894300:894300 SyncActivityProfilerHandler.cpp:46] profiler_stop
[26/630] 512x8192x1024   661.3
USDT:2026-09-29 10:11:50 894300:894300 SyncActivityProfilerHandler.cpp:39] profiler_start
USDT:2026-09-29 10:11:50 894300:894300 SyncActivityProfilerHandler.cpp:46] profiler_stop
[27/630] 1024x4096x1024   664.5
USDT:2026-09-29 10:11:50 894300:894300 SyncActivityProfilerHandler.cpp:39] profiler_start
USDT:2026-09-29 10:11:50 894300:894300 SyncActivityProfilerHandler.cpp:46] profiler_stop
[28/630] 1024x7168x1024   744.4
USDT:2026-09-29 10:11:51 894300:894300 SyncActivityProfilerHandler.cpp:39] profiler_start
USDT:2026-09-29 10:11:51 894300:894300 SyncActivityProfilerHandler.cpp:46] profiler_stop
[29/630] 1024x8192x1024   922.0
USDT:2026-09-29 10:11:51 894300:894300 SyncActivityProfilerHandler.cpp:39] profiler_start
USDT:2026-09-29 10:11:51 894300:894300 SyncActivityProfilerHandler.cpp:46] profiler_stop
[30/630] 2048x4096x1024   922.4
USDT:2026-09-29 10:11:51 894300:894300 SyncActivityProfilerHandler.cpp:39] profiler_start
USDT:2026-09-29 10:11:51 894300:894300 SyncActivityProfilerHandler.cpp:46] profiler_stop
[31/630] 2048x7168x1024   961.1
USDT:2026-09-29 10:11:52 894300:894300 SyncActivityProfilerHandler.cpp:39] profiler_start
USDT:2026-09-29 10:11:52 894300:894300 SyncActivityProfilerHandler.cpp:46] profiler_stop
[32/630] 2048x8192x1024  1059.0
USDT:2026-09-29 10:11:52 894300:894300 SyncActivityProfilerHandler.cpp:39] profiler_start
USDT:2026-09-29 10:11:52 894300:894300 SyncActivityProfilerHandler.cpp:46] profiler_stop
[33/630] 3072x4096x1024  1018.5
USDT:2026-09-29 10:11:52 894300:894300 SyncActivityProfilerHandler.cpp:39] profiler_start
USDT:2026-09-29 10:11:52 894300:894300 SyncActivityProfilerHandler.cpp:46] profiler_stop
[34/630] 4096x4096x1024  1120.3
USDT:2026-09-29 10:11:53 894300:894300 SyncActivityProfilerHandler.cpp:39] profiler_start
USDT:2026-09-29 10:11:53 894300:894300 SyncActivityProfilerHandler.cpp:46] profiler_stop
[35/630] 4096x7168x1024  1015.3
USDT:2026-09-29 10:11:53 894300:894300 SyncActivityProfilerHandler.cpp:39] profiler_start
USDT:2026-09-29 10:11:53 894300:894300 SyncActivityProfilerHandler.cpp:46] profiler_stop
[36/630] 4096x8192x1024  1155.0
USDT:2026-09-29 10:11:54 894300:894300 SyncActivityProfilerHandler.cpp:39] profiler_start
USDT:2026-09-29 10:11:54 894300:894300 SyncActivityProfilerHandler.cpp:46] profiler_stop
[37/630] 5120x4096x1024  1012.8
USDT:2026-09-29 10:11:54 894300:894300 SyncActivityProfilerHandler.cpp:39] profiler_start
USDT:2026-09-29 10:11:54 894300:894300 SyncActivityProfilerHandler.cpp:46] profiler_stop
[38/630] 7680x4096x1024  1044.3
USDT:2026-09-29 10:11:55 894300:894300 SyncActivityProfilerHandler.cpp:39] profiler_start
USDT:2026-09-29 10:11:55 894300:894300 SyncActivityProfilerHandler.cpp:46] profiler_stop
[39/630] 8192x7168x1024  1037.2
USDT:2026-09-29 10:11:55 894300:894300 SyncActivityProfilerHandler.cpp:39] profiler_start
USDT:2026-09-29 10:11:55 894300:894300 SyncActivityProfilerHandler.cpp:46] profiler_stop
[40/630] 8192x8192x1024  1196.5
USDT:2026-09-29 10:11:55 894300:894300 SyncActivityProfilerHandler.cpp:39] profiler_start
USDT:2026-09-29 10:11:55 894300:894300 SyncActivityProfilerHandler.cpp:46] profiler_stop
[41/630] 16384x4096x1024  1199.3
USDT:2026-09-29 10:11:56 894300:894300 SyncActivityProfilerHandler.cpp:39] profiler_start
USDT:2026-09-29 10:11:56 894300:894300 SyncActivityProfilerHandler.cpp:46] profiler_stop
[42/630] 16384x7168x1024  1230.8
USDT:2026-09-29 10:11:56 894300:894300 SyncActivityProfilerHandler.cpp:39] profiler_start
USDT:2026-09-29 10:11:56 894300:894300 SyncActivityProfilerHandler.cpp:46] profiler_stop
[43/630] 16384x8192x1024  1229.7
USDT:2026-09-29 10:11:57 894300:894300 SyncActivityProfilerHandler.cpp:39] profiler_start
USDT:2026-09-29 10:11:57 894300:894300 SyncActivityProfilerHandler.cpp:46] profiler_stop
[44/630] 32768x7168x1024  1104.2
USDT:2026-09-29 10:11:57 894300:894300 SyncActivityProfilerHandler.cpp:39] profiler_start
USDT:2026-09-29 10:11:57 894300:894300 SyncActivityProfilerHandler.cpp:46] profiler_stop
[45/630] 32768x8192x1024  1097.5
USDT:2026-09-29 10:11:57 894300:894300 SyncActivityProfilerHandler.cpp:39] profiler_start
USDT:2026-09-29 10:11:57 894300:894300 SyncActivityProfilerHandler.cpp:46] profiler_stop
[46/630] 512x5120x1280   565.3
USDT:2026-09-29 10:11:58 894300:894300 SyncActivityProfilerHandler.cpp:39] profiler_start
USDT:2026-09-29 10:11:58 894300:894300 SyncActivityProfilerHandler.cpp:46] profiler_stop
[47/630] 1024x5120x1280   736.1
USDT:2026-09-29 10:11:58 894300:894300 SyncActivityProfilerHandler.cpp:39] profiler_start
USDT:2026-09-29 10:11:58 894300:894300 SyncActivityProfilerHandler.cpp:46] profiler_stop
[48/630] 2048x5120x1280  1004.0
USDT:2026-09-29 10:11:58 894300:894300 SyncActivityProfilerHandler.cpp:39] profiler_start
USDT:2026-09-29 10:11:58 894300:894300 SyncActivityProfilerHandler.cpp:46] profiler_stop
[49/630] 4096x5120x1280  1106.3
USDT:2026-09-29 10:11:59 894300:894300 SyncActivityProfilerHandler.cpp:39] profiler_start
USDT:2026-09-29 10:11:59 894300:894300 SyncActivityProfilerHandler.cpp:46] profiler_stop
[50/630] 8192x5120x1280   942.6
USDT:2026-09-29 10:11:59 894300:894300 SyncActivityProfilerHandler.cpp:39] profiler_start
USDT:2026-09-29 10:11:59 894300:894300 SyncActivityProfilerHandler.cpp:46] profiler_stop
[51/630] 16384x5120x1280  1284.8
USDT:2026-09-29 10:12:00 894300:894300 SyncActivityProfilerHandler.cpp:39] profiler_start
USDT:2026-09-29 10:12:00 894300:894300 SyncActivityProfilerHandler.cpp:46] profiler_stop
[52/630] 32768x5120x1280  1302.5
USDT:2026-09-29 10:12:00 894300:894300 SyncActivityProfilerHandler.cpp:39] profiler_start
USDT:2026-09-29 10:12:00 894300:894300 SyncActivityProfilerHandler.cpp:46] profiler_stop
[53/630] 512x1536x1536   279.0
USDT:2026-09-29 10:12:00 894300:894300 SyncActivityProfilerHandler.cpp:39] profiler_start
USDT:2026-09-29 10:12:00 894300:894300 SyncActivityProfilerHandler.cpp:46] profiler_stop
[54/630] 512x2048x1536   396.8
USDT:2026-09-29 10:12:00 894300:894300 SyncActivityProfilerHandler.cpp:39] profiler_start
USDT:2026-09-29 10:12:00 894300:894300 SyncActivityProfilerHandler.cpp:46] profiler_stop
[55/630] 512x2304x1536   377.5
USDT:2026-09-29 10:12:01 894300:894300 SyncActivityProfilerHandler.cpp:39] profiler_start
USDT:2026-09-29 10:12:01 894300:894300 SyncActivityProfilerHandler.cpp:46] profiler_stop
[56/630] 512x4096x1536   570.9
USDT:2026-09-29 10:12:01 894300:894300 SyncActivityProfilerHandler.cpp:39] profiler_start
USDT:2026-09-29 10:12:01 894300:894300 SyncActivityProfilerHandler.cpp:46] profiler_stop
[57/630] 512x6144x1536   656.9
USDT:2026-09-29 10:12:01 894300:894300 SyncActivityProfilerHandler.cpp:39] profiler_start
USDT:2026-09-29 10:12:01 894300:894300 SyncActivityProfilerHandler.cpp:46] profiler_stop
[58/630] 512x7168x1536   692.4
USDT:2026-09-29 10:12:02 894300:894300 SyncActivityProfilerHandler.cpp:39] profiler_start
USDT:2026-09-29 10:12:02 894300:894300 SyncActivityProfilerHandler.cpp:46] profiler_stop
[59/630] 1024x1536x1536   463.4
USDT:2026-09-29 10:12:02 894300:894300 SyncActivityProfilerHandler.cpp:39] profiler_start
USDT:2026-09-29 10:12:02 894300:894300 SyncActivityProfilerHandler.cpp:46] profiler_stop
[60/630] 1024x2048x1536   566.8
USDT:2026-09-29 10:12:02 894300:894300 SyncActivityProfilerHandler.cpp:39] profiler_start
USDT:2026-09-29 10:12:02 894300:894300 SyncActivityProfilerHandler.cpp:46] profiler_stop
[61/630] 1024x2304x1536   582.4
USDT:2026-09-29 10:12:02 894300:894300 SyncActivityProfilerHandler.cpp:39] profiler_start
USDT:2026-09-29 10:12:02 894300:894300 SyncActivityProfilerHandler.cpp:46] profiler_stop
[62/630] 1024x3072x1536   643.3
USDT:2026-09-29 10:12:03 894300:894300 SyncActivityProfilerHandler.cpp:39] profiler_start
USDT:2026-09-29 10:12:03 894300:894300 SyncActivityProfilerHandler.cpp:46] profiler_stop
[63/630] 1024x4096x1536   759.4
USDT:2026-09-29 10:12:03 894300:894300 SyncActivityProfilerHandler.cpp:39] profiler_start
USDT:2026-09-29 10:12:03 894300:894300 SyncActivityProfilerHandler.cpp:46] profiler_stop
[64/630] 1024x7168x1536   877.4
USDT:2026-09-29 10:12:03 894300:894300 SyncActivityProfilerHandler.cpp:39] profiler_start
USDT:2026-09-29 10:12:03 894300:894300 SyncActivityProfilerHandler.cpp:46] profiler_stop
[65/630] 2048x1536x1536   667.6
USDT:2026-09-29 10:12:04 894300:894300 SyncActivityProfilerHandler.cpp:39] profiler_start
USDT:2026-09-29 10:12:04 894300:894300 SyncActivityProfilerHandler.cpp:46] profiler_stop
[66/630] 2048x2048x1536   757.7
USDT:2026-09-29 10:12:04 894300:894300 SyncActivityProfilerHandler.cpp:39] profiler_start
USDT:2026-09-29 10:12:04 894300:894300 SyncActivityProfilerHandler.cpp:46] profiler_stop
[67/630] 2048x4096x1536  1047.8
USDT:2026-09-29 10:12:05 894300:894300 SyncActivityProfilerHandler.cpp:39] profiler_start
USDT:2026-09-29 10:12:05 894300:894300 SyncActivityProfilerHandler.cpp:46] profiler_stop
[68/630] 3072x2048x1536   811.4
USDT:2026-09-29 10:12:05 894300:894300 SyncActivityProfilerHandler.cpp:39] profiler_start
USDT:2026-09-29 10:12:05 894300:894300 SyncActivityProfilerHandler.cpp:46] profiler_stop
[69/630] 3072x4096x1536  1098.3
USDT:2026-09-29 10:12:05 894300:894300 SyncActivityProfilerHandler.cpp:39] profiler_start
USDT:2026-09-29 10:12:05 894300:894300 SyncActivityProfilerHandler.cpp:46] profiler_stop
[70/630] 4096x1536x1536   818.8
USDT:2026-09-29 10:12:06 894300:894300 SyncActivityProfilerHandler.cpp:39] profiler_start
USDT:2026-09-29 10:12:06 894300:894300 SyncActivityProfilerHandler.cpp:46] profiler_stop
[71/630] 4096x2048x1536  1045.5
USDT:2026-09-29 10:12:06 894300:894300 SyncActivityProfilerHandler.cpp:39] profiler_start
USDT:2026-09-29 10:12:06 894300:894300 SyncActivityProfilerHandler.cpp:46] profiler_stop
[72/630] 4096x3072x1536  1141.8
USDT:2026-09-29 10:12:06 894300:894300 SyncActivityProfilerHandler.cpp:39] profiler_start
USDT:2026-09-29 10:12:06 894300:894300 SyncActivityProfilerHandler.cpp:46] profiler_stop
[73/630] 4096x4096x1536  1236.3
USDT:2026-09-29 10:12:07 894300:894300 SyncActivityProfilerHandler.cpp:39] profiler_start
USDT:2026-09-29 10:12:07 894300:894300 SyncActivityProfilerHandler.cpp:46] profiler_stop
[74/630] 5120x2048x1536  1031.6
USDT:2026-09-29 10:12:07 894300:894300 SyncActivityProfilerHandler.cpp:39] profiler_start
USDT:2026-09-29 10:12:07 894300:894300 SyncActivityProfilerHandler.cpp:46] profiler_stop
[75/630] 5120x4096x1536  1206.6
USDT:2026-09-29 10:12:08 894300:894300 SyncActivityProfilerHandler.cpp:39] profiler_start
USDT:2026-09-29 10:12:08 894300:894300 SyncActivityProfilerHandler.cpp:46] profiler_stop
[76/630] 7680x2048x1536  1191.3
USDT:2026-09-29 10:12:08 894300:894300 SyncActivityProfilerHandler.cpp:39] profiler_start
USDT:2026-09-29 10:12:08 894300:894300 SyncActivityProfilerHandler.cpp:46] profiler_stop
[77/630] 7680x4096x1536  1167.5
USDT:2026-09-29 10:12:08 894300:894300 SyncActivityProfilerHandler.cpp:39] profiler_start
USDT:2026-09-29 10:12:08 894300:894300 SyncActivityProfilerHandler.cpp:46] profiler_stop
[78/630] 8192x1536x1536  1143.0
USDT:2026-09-29 10:12:09 894300:894300 SyncActivityProfilerHandler.cpp:39] profiler_start
USDT:2026-09-29 10:12:09 894300:894300 SyncActivityProfilerHandler.cpp:46] profiler_stop
[79/630] 10240x7168x1536  1183.1
USDT:2026-09-29 10:12:09 894300:894300 SyncActivityProfilerHandler.cpp:39] profiler_start
USDT:2026-09-29 10:12:09 894300:894300 SyncActivityProfilerHandler.cpp:46] profiler_stop
[80/630] 16384x1536x1536  1201.3
USDT:2026-09-29 10:12:10 894300:894300 SyncActivityProfilerHandler.cpp:39] profiler_start
USDT:2026-09-29 10:12:10 894300:894300 SyncActivityProfilerHandler.cpp:46] profiler_stop
[81/630] 16384x2048x1536  1285.5
USDT:2026-09-29 10:12:10 894300:894300 SyncActivityProfilerHandler.cpp:39] profiler_start
USDT:2026-09-29 10:12:10 894300:894300 SyncActivityProfilerHandler.cpp:46] profiler_stop
[82/630] 16384x3072x1536  1302.0
USDT:2026-09-29 10:12:11 894300:894300 SyncActivityProfilerHandler.cpp:39] profiler_start
USDT:2026-09-29 10:12:11 894300:894300 SyncActivityProfilerHandler.cpp:46] profiler_stop
[83/630] 16384x4096x1536  1303.8
USDT:2026-09-29 10:12:11 894300:894300 SyncActivityProfilerHandler.cpp:39] profiler_start
USDT:2026-09-29 10:12:11 894300:894300 SyncActivityProfilerHandler.cpp:46] profiler_stop
[84/630] 32768x1536x1536  1308.9
USDT:2026-09-29 10:12:11 894300:894300 SyncActivityProfilerHandler.cpp:39] profiler_start
USDT:2026-09-29 10:12:11 894300:894300 SyncActivityProfilerHandler.cpp:46] profiler_stop
[85/630] 512x7168x1792   721.9
USDT:2026-09-29 10:12:12 894300:894300 SyncActivityProfilerHandler.cpp:39] profiler_start
USDT:2026-09-29 10:12:12 894300:894300 SyncActivityProfilerHandler.cpp:46] profiler_stop
[86/630] 1024x7168x1792   922.0
USDT:2026-09-29 10:12:12 894300:894300 SyncActivityProfilerHandler.cpp:39] profiler_start
USDT:2026-09-29 10:12:12 894300:894300 SyncActivityProfilerHandler.cpp:46] profiler_stop
[87/630] 2048x7168x1792  1135.1
USDT:2026-09-29 10:12:13 894300:894300 SyncActivityProfilerHandler.cpp:39] profiler_start
USDT:2026-09-29 10:12:13 894300:894300 SyncActivityProfilerHandler.cpp:46] profiler_stop
[88/630] 4096x7168x1792  1172.8
USDT:2026-09-29 10:12:13 894300:894300 SyncActivityProfilerHandler.cpp:39] profiler_start
USDT:2026-09-29 10:12:13 894300:894300 SyncActivityProfilerHandler.cpp:46] profiler_stop
[89/630] 8192x7168x1792  1236.4
USDT:2026-09-29 10:12:13 894300:894300 SyncActivityProfilerHandler.cpp:39] profiler_start
USDT:2026-09-29 10:12:13 894300:894300 SyncActivityProfilerHandler.cpp:46] profiler_stop
[90/630] 16384x7168x1792  1371.8
USDT:2026-09-29 10:12:14 894300:894300 SyncActivityProfilerHandler.cpp:39] profiler_start
USDT:2026-09-29 10:12:14 894300:894300 SyncActivityProfilerHandler.cpp:46] profiler_stop
[91/630] 32768x7168x1792  1277.8
USDT:2026-09-29 10:12:14 894300:894300 SyncActivityProfilerHandler.cpp:39] profiler_start
USDT:2026-09-29 10:12:14 894300:894300 SyncActivityProfilerHandler.cpp:46] profiler_stop
[92/630] 512x4096x2048   618.1
USDT:2026-09-29 10:12:15 894300:894300 SyncActivityProfilerHandler.cpp:39] profiler_start
USDT:2026-09-29 10:12:15 894300:894300 SyncActivityProfilerHandler.cpp:46] profiler_stop
[93/630] 512x6144x2048   650.2
USDT:2026-09-29 10:12:15 894300:894300 SyncActivityProfilerHandler.cpp:39] profiler_start
USDT:2026-09-29 10:12:15 894300:894300 SyncActivityProfilerHandler.cpp:46] profiler_stop
[94/630] 512x6144x2048   709.8
USDT:2026-09-29 10:12:16 894300:894300 SyncActivityProfilerHandler.cpp:39] profiler_start
USDT:2026-09-29 10:12:16 894300:894300 SyncActivityProfilerHandler.cpp:46] profiler_stop
[95/630] 512x8192x2048   816.1
USDT:2026-09-29 10:12:16 894300:894300 SyncActivityProfilerHandler.cpp:39] profiler_start
USDT:2026-09-29 10:12:16 894300:894300 SyncActivityProfilerHandler.cpp:46] profiler_stop
[96/630] 512x16384x2048   964.7
USDT:2026-09-29 10:12:16 894300:894300 SyncActivityProfilerHandler.cpp:39] profiler_start
USDT:2026-09-29 10:12:16 894300:894300 SyncActivityProfilerHandler.cpp:46] profiler_stop
[97/630] 1024x4096x2048   812.3
USDT:2026-09-29 10:12:17 894300:894300 SyncActivityProfilerHandler.cpp:39] profiler_start
USDT:2026-09-29 10:12:17 894300:894300 SyncActivityProfilerHandler.cpp:46] profiler_stop
[98/630] 1024x6144x2048   891.7
USDT:2026-09-29 10:12:17 894300:894300 SyncActivityProfilerHandler.cpp:39] profiler_start
USDT:2026-09-29 10:12:17 894300:894300 SyncActivityProfilerHandler.cpp:46] profiler_stop
[99/630] 1024x6144x2048   884.1
USDT:2026-09-29 10:12:18 894300:894300 SyncActivityProfilerHandler.cpp:39] profiler_start
USDT:2026-09-29 10:12:18 894300:894300 SyncActivityProfilerHandler.cpp:46] profiler_stop
[100/630] 1024x8192x2048  1122.5
USDT:2026-09-29 10:12:18 894300:894300 SyncActivityProfilerHandler.cpp:39] profiler_start
USDT:2026-09-29 10:12:18 894300:894300 SyncActivityProfilerHandler.cpp:46] profiler_stop
[101/630] 1024x16384x2048  1319.1
USDT:2026-09-29 10:12:18 894300:894300 SyncActivityProfilerHandler.cpp:39] profiler_start
USDT:2026-09-29 10:12:18 894300:894300 SyncActivityProfilerHandler.cpp:46] profiler_stop
[102/630] 2048x4096x2048  1120.4
USDT:2026-09-29 10:12:19 894300:894300 SyncActivityProfilerHandler.cpp:39] profiler_start
USDT:2026-09-29 10:12:19 894300:894300 SyncActivityProfilerHandler.cpp:46] profiler_stop
[103/630] 2048x6144x2048  1062.4
USDT:2026-09-29 10:12:19 894300:894300 SyncActivityProfilerHandler.cpp:39] profiler_start
USDT:2026-09-29 10:12:19 894300:894300 SyncActivityProfilerHandler.cpp:46] profiler_stop
[104/630] 2048x6144x2048  1211.5
USDT:2026-09-29 10:12:20 894300:894300 SyncActivityProfilerHandler.cpp:39] profiler_start
USDT:2026-09-29 10:12:20 894300:894300 SyncActivityProfilerHandler.cpp:46] profiler_stop
[105/630] 2048x8192x2048  1284.5
USDT:2026-09-29 10:12:20 894300:894300 SyncActivityProfilerHandler.cpp:39] profiler_start
USDT:2026-09-29 10:12:20 894300:894300 SyncActivityProfilerHandler.cpp:46] profiler_stop
[106/630] 2048x16384x2048  1347.4
USDT:2026-09-29 10:12:20 894300:894300 SyncActivityProfilerHandler.cpp:39] profiler_start
USDT:2026-09-29 10:12:20 894300:894300 SyncActivityProfilerHandler.cpp:46] profiler_stop
[107/630] 3072x4096x2048  1240.2
USDT:2026-09-29 10:12:21 894300:894300 SyncActivityProfilerHandler.cpp:39] profiler_start
USDT:2026-09-29 10:12:21 894300:894300 SyncActivityProfilerHandler.cpp:46] profiler_stop
[108/630] 4096x4096x2048  1320.1
USDT:2026-09-29 10:12:21 894300:894300 SyncActivityProfilerHandler.cpp:39] profiler_start
USDT:2026-09-29 10:12:21 894300:894300 SyncActivityProfilerHandler.cpp:46] profiler_stop
[109/630] 4096x6144x2048  1093.6
USDT:2026-09-29 10:12:22 894300:894300 SyncActivityProfilerHandler.cpp:39] profiler_start
USDT:2026-09-29 10:12:22 894300:894300 SyncActivityProfilerHandler.cpp:46] profiler_stop
[110/630] 4096x6144x2048  1264.3
USDT:2026-09-29 10:12:22 894300:894300 SyncActivityProfilerHandler.cpp:39] profiler_start
USDT:2026-09-29 10:12:22 894300:894300 SyncActivityProfilerHandler.cpp:46] profiler_stop
[111/630] 4096x8192x2048  1353.3
USDT:2026-09-29 10:12:22 894300:894300 SyncActivityProfilerHandler.cpp:39] profiler_start
USDT:2026-09-29 10:12:22 894300:894300 SyncActivityProfilerHandler.cpp:46] profiler_stop
[112/630] 4096x16384x2048  1387.3
USDT:2026-09-29 10:12:23 894300:894300 SyncActivityProfilerHandler.cpp:39] profiler_start
USDT:2026-09-29 10:12:23 894300:894300 SyncActivityProfilerHandler.cpp:46] profiler_stop
[113/630] 5120x4096x2048  1212.4
USDT:2026-09-29 10:12:23 894300:894300 SyncActivityProfilerHandler.cpp:39] profiler_start
USDT:2026-09-29 10:12:23 894300:894300 SyncActivityProfilerHandler.cpp:46] profiler_stop
[114/630] 7680x4096x2048  1296.8
USDT:2026-09-29 10:12:24 894300:894300 SyncActivityProfilerHandler.cpp:39] profiler_start
USDT:2026-09-29 10:12:24 894300:894300 SyncActivityProfilerHandler.cpp:46] profiler_stop
[115/630] 8192x6144x2048  1149.6
USDT:2026-09-29 10:12:24 894300:894300 SyncActivityProfilerHandler.cpp:39] profiler_start
USDT:2026-09-29 10:12:24 894300:894300 SyncActivityProfilerHandler.cpp:46] profiler_stop
[116/630] 8192x6144x2048  1369.8
USDT:2026-09-29 10:12:25 894300:894300 SyncActivityProfilerHandler.cpp:39] profiler_start
USDT:2026-09-29 10:12:25 894300:894300 SyncActivityProfilerHandler.cpp:46] profiler_stop
[117/630] 8192x8192x2048  1383.6
USDT:2026-09-29 10:12:25 894300:894300 SyncActivityProfilerHandler.cpp:39] profiler_start
USDT:2026-09-29 10:12:25 894300:894300 SyncActivityProfilerHandler.cpp:46] profiler_stop
[118/630] 8192x16384x2048  1399.2
USDT:2026-09-29 10:12:25 894300:894300 SyncActivityProfilerHandler.cpp:39] profiler_start
USDT:2026-09-29 10:12:25 894300:894300 SyncActivityProfilerHandler.cpp:46] profiler_stop
[119/630] 16384x4096x2048  1373.8
USDT:2026-09-29 10:12:26 894300:894300 SyncActivityProfilerHandler.cpp:39] profiler_start
USDT:2026-09-29 10:12:26 894300:894300 SyncActivityProfilerHandler.cpp:46] profiler_stop
[120/630] 16384x6144x2048  1139.0
USDT:2026-09-29 10:12:26 894300:894300 SyncActivityProfilerHandler.cpp:39] profiler_start
USDT:2026-09-29 10:12:26 894300:894300 SyncActivityProfilerHandler.cpp:46] profiler_stop
[121/630] 16384x6144x2048  1306.1
USDT:2026-09-29 10:12:27 894300:894300 SyncActivityProfilerHandler.cpp:39] profiler_start
USDT:2026-09-29 10:12:27 894300:894300 SyncActivityProfilerHandler.cpp:46] profiler_stop
[122/630] 16384x8192x2048  1401.9
USDT:2026-09-29 10:12:27 894300:894300 SyncActivityProfilerHandler.cpp:39] profiler_start
USDT:2026-09-29 10:12:27 894300:894300 SyncActivityProfilerHandler.cpp:46] profiler_stop
[123/630] 16384x16384x2048  1326.1
USDT:2026-09-29 10:12:27 894300:894300 SyncActivityProfilerHandler.cpp:39] profiler_start
USDT:2026-09-29 10:12:27 894300:894300 SyncActivityProfilerHandler.cpp:46] profiler_stop
[124/630] 32768x6144x2048  1282.5
USDT:2026-09-29 10:12:28 894300:894300 SyncActivityProfilerHandler.cpp:39] profiler_start
USDT:2026-09-29 10:12:28 894300:894300 SyncActivityProfilerHandler.cpp:46] profiler_stop
[125/630] 32768x8192x2048  1311.9
USDT:2026-09-29 10:12:28 894300:894300 SyncActivityProfilerHandler.cpp:39] profiler_start
USDT:2026-09-29 10:12:28 894300:894300 SyncActivityProfilerHandler.cpp:46] profiler_stop
[126/630] 32768x16384x2048  1328.4
USDT:2026-09-29 10:12:29 894300:894300 SyncActivityProfilerHandler.cpp:39] profiler_start
USDT:2026-09-29 10:12:29 894300:894300 SyncActivityProfilerHandler.cpp:46] profiler_stop
[127/630] 512x6144x3072   736.9
USDT:2026-09-29 10:12:29 894300:894300 SyncActivityProfilerHandler.cpp:39] profiler_start
USDT:2026-09-29 10:12:29 894300:894300 SyncActivityProfilerHandler.cpp:46] profiler_stop
[128/630] 512x6144x3072   771.5
USDT:2026-09-29 10:12:29 894300:894300 SyncActivityProfilerHandler.cpp:39] profiler_start
USDT:2026-09-29 10:12:29 894300:894300 SyncActivityProfilerHandler.cpp:46] profiler_stop
[129/630] 1024x6144x3072   956.9
USDT:2026-09-29 10:12:30 894300:894300 SyncActivityProfilerHandler.cpp:39] profiler_start
USDT:2026-09-29 10:12:30 894300:894300 SyncActivityProfilerHandler.cpp:46] profiler_stop
[130/630] 1024x6144x3072   951.6
USDT:2026-09-29 10:12:30 894300:894300 SyncActivityProfilerHandler.cpp:39] profiler_start
USDT:2026-09-29 10:12:30 894300:894300 SyncActivityProfilerHandler.cpp:46] profiler_stop
[131/630] 2048x6144x3072  1177.2
USDT:2026-09-29 10:12:31 894300:894300 SyncActivityProfilerHandler.cpp:39] profiler_start
USDT:2026-09-29 10:12:31 894300:894300 SyncActivityProfilerHandler.cpp:46] profiler_stop
[132/630] 2048x6144x3072  1329.3
USDT:2026-09-29 10:12:31 894300:894300 SyncActivityProfilerHandler.cpp:39] profiler_start
USDT:2026-09-29 10:12:31 894300:894300 SyncActivityProfilerHandler.cpp:46] profiler_stop
[133/630] 4096x6144x3072  1213.1
USDT:2026-09-29 10:12:31 894300:894300 SyncActivityProfilerHandler.cpp:39] profiler_start
USDT:2026-09-29 10:12:31 894300:894300 SyncActivityProfilerHandler.cpp:46] profiler_stop
[134/630] 4096x6144x3072  1355.8
USDT:2026-09-29 10:12:32 894300:894300 SyncActivityProfilerHandler.cpp:39] profiler_start
USDT:2026-09-29 10:12:32 894300:894300 SyncActivityProfilerHandler.cpp:46] profiler_stop
[135/630] 8192x6144x3072  1253.1
USDT:2026-09-29 10:12:32 894300:894300 SyncActivityProfilerHandler.cpp:39] profiler_start
USDT:2026-09-29 10:12:32 894300:894300 SyncActivityProfilerHandler.cpp:46] profiler_stop
[136/630] 8192x6144x3072  1449.8
USDT:2026-09-29 10:12:33 894300:894300 SyncActivityProfilerHandler.cpp:39] profiler_start
USDT:2026-09-29 10:12:33 894300:894300 SyncActivityProfilerHandler.cpp:46] profiler_stop
[137/630] 16384x6144x3072  1233.0
USDT:2026-09-29 10:12:33 894300:894300 SyncActivityProfilerHandler.cpp:39] profiler_start
USDT:2026-09-29 10:12:33 894300:894300 SyncActivityProfilerHandler.cpp:46] profiler_stop
[138/630] 16384x6144x3072  1393.3
USDT:2026-09-29 10:12:34 894300:894300 SyncActivityProfilerHandler.cpp:39] profiler_start
USDT:2026-09-29 10:12:34 894300:894300 SyncActivityProfilerHandler.cpp:46] profiler_stop
[139/630] 32768x6144x3072  1364.4
USDT:2026-09-29 10:12:34 894300:894300 SyncActivityProfilerHandler.cpp:39] profiler_start
USDT:2026-09-29 10:12:34 894300:894300 SyncActivityProfilerHandler.cpp:46] profiler_stop
[140/630] 512x5120x3200   693.8
USDT:2026-09-29 10:12:34 894300:894300 SyncActivityProfilerHandler.cpp:39] profiler_start
USDT:2026-09-29 10:12:34 894300:894300 SyncActivityProfilerHandler.cpp:46] profiler_stop
[141/630] 1024x5120x3200   955.6
USDT:2026-09-29 10:12:35 894300:894300 SyncActivityProfilerHandler.cpp:39] profiler_start
USDT:2026-09-29 10:12:35 894300:894300 SyncActivityProfilerHandler.cpp:46] profiler_stop
[142/630] 2048x5120x3200  1281.0
USDT:2026-09-29 10:12:35 894300:894300 SyncActivityProfilerHandler.cpp:39] profiler_start
USDT:2026-09-29 10:12:35 894300:894300 SyncActivityProfilerHandler.cpp:46] profiler_stop
[143/630] 4096x5120x3200  1372.6
USDT:2026-09-29 10:12:36 894300:894300 SyncActivityProfilerHandler.cpp:39] profiler_start
USDT:2026-09-29 10:12:36 894300:894300 SyncActivityProfilerHandler.cpp:46] profiler_stop
[144/630] 8192x5120x3200  1390.8
USDT:2026-09-29 10:12:36 894300:894300 SyncActivityProfilerHandler.cpp:39] profiler_start
USDT:2026-09-29 10:12:36 894300:894300 SyncActivityProfilerHandler.cpp:46] profiler_stop
[145/630] 16384x5120x3200  1468.5
USDT:2026-09-29 10:12:36 894300:894300 SyncActivityProfilerHandler.cpp:39] profiler_start
USDT:2026-09-29 10:12:36 894300:894300 SyncActivityProfilerHandler.cpp:46] profiler_stop
[146/630] 32768x5120x3200  1478.6
USDT:2026-09-29 10:12:37 894300:894300 SyncActivityProfilerHandler.cpp:39] profiler_start
USDT:2026-09-29 10:12:37 894300:894300 SyncActivityProfilerHandler.cpp:46] profiler_stop
[147/630] 512x7168x3584   864.7
USDT:2026-09-29 10:12:37 894300:894300 SyncActivityProfilerHandler.cpp:39] profiler_start
USDT:2026-09-29 10:12:37 894300:894300 SyncActivityProfilerHandler.cpp:46] profiler_stop
[148/630] 512x8192x3584   930.4
USDT:2026-09-29 10:12:38 894300:894300 SyncActivityProfilerHandler.cpp:39] profiler_start
USDT:2026-09-29 10:12:38 894300:894300 SyncActivityProfilerHandler.cpp:46] profiler_stop
[149/630] 1024x7168x3584  1109.7
USDT:2026-09-29 10:12:38 894300:894300 SyncActivityProfilerHandler.cpp:39] profiler_start
USDT:2026-09-29 10:12:38 894300:894300 SyncActivityProfilerHandler.cpp:46] profiler_stop
[150/630] 1024x8192x3584  1243.3
USDT:2026-09-29 10:12:38 894300:894300 SyncActivityProfilerHandler.cpp:39] profiler_start
USDT:2026-09-29 10:12:38 894300:894300 SyncActivityProfilerHandler.cpp:46] profiler_stop
[151/630] 2048x8192x3584  1429.5
USDT:2026-09-29 10:12:39 894300:894300 SyncActivityProfilerHandler.cpp:39] profiler_start
USDT:2026-09-29 10:12:39 894300:894300 SyncActivityProfilerHandler.cpp:46] profiler_stop
[152/630] 4096x8192x3584  1465.2
USDT:2026-09-29 10:12:39 894300:894300 SyncActivityProfilerHandler.cpp:39] profiler_start
USDT:2026-09-29 10:12:39 894300:894300 SyncActivityProfilerHandler.cpp:46] profiler_stop
[153/630] 8192x8192x3584  1481.6
USDT:2026-09-29 10:12:40 894300:894300 SyncActivityProfilerHandler.cpp:39] profiler_start
USDT:2026-09-29 10:12:40 894300:894300 SyncActivityProfilerHandler.cpp:46] profiler_stop
[154/630] 10240x7168x3584  1388.7
USDT:2026-09-29 10:12:40 894300:894300 SyncActivityProfilerHandler.cpp:39] profiler_start
USDT:2026-09-29 10:12:40 894300:894300 SyncActivityProfilerHandler.cpp:46] profiler_stop
[155/630] 16384x8192x3584  1490.0
USDT:2026-09-29 10:12:41 894300:894300 SyncActivityProfilerHandler.cpp:39] profiler_start
USDT:2026-09-29 10:12:41 894300:894300 SyncActivityProfilerHandler.cpp:46] profiler_stop
[156/630] 32768x8192x3584  1430.0
USDT:2026-09-29 10:12:41 894300:894300 SyncActivityProfilerHandler.cpp:39] profiler_start
USDT:2026-09-29 10:12:41 894300:894300 SyncActivityProfilerHandler.cpp:46] profiler_stop
[157/630] 512x1024x4096   296.8
USDT:2026-09-29 10:12:41 894300:894300 SyncActivityProfilerHandler.cpp:39] profiler_start
USDT:2026-09-29 10:12:41 894300:894300 SyncActivityProfilerHandler.cpp:46] profiler_stop
[158/630] 512x2048x4096   530.5
USDT:2026-09-29 10:12:42 894300:894300 SyncActivityProfilerHandler.cpp:39] profiler_start
USDT:2026-09-29 10:12:42 894300:894300 SyncActivityProfilerHandler.cpp:46] profiler_stop
[159/630] 512x4096x4096   672.0
USDT:2026-09-29 10:12:42 894300:894300 SyncActivityProfilerHandler.cpp:39] profiler_start
USDT:2026-09-29 10:12:42 894300:894300 SyncActivityProfilerHandler.cpp:46] profiler_stop
[160/630] 512x8192x4096   957.9
USDT:2026-09-29 10:12:42 894300:894300 SyncActivityProfilerHandler.cpp:39] profiler_start
USDT:2026-09-29 10:12:42 894300:894300 SyncActivityProfilerHandler.cpp:46] profiler_stop
[161/630] 512x8704x4096   729.4
USDT:2026-09-29 10:12:43 894300:894300 SyncActivityProfilerHandler.cpp:39] profiler_start
USDT:2026-09-29 10:12:43 894300:894300 SyncActivityProfilerHandler.cpp:46] profiler_stop
[162/630] 512x10240x4096   866.6
USDT:2026-09-29 10:12:43 894300:894300 SyncActivityProfilerHandler.cpp:39] profiler_start
USDT:2026-09-29 10:12:43 894300:894300 SyncActivityProfilerHandler.cpp:46] profiler_stop
[163/630] 512x16384x4096  1060.8
USDT:2026-09-29 10:12:43 894300:894300 SyncActivityProfilerHandler.cpp:39] profiler_start
USDT:2026-09-29 10:12:43 894300:894300 SyncActivityProfilerHandler.cpp:46] profiler_stop
[164/630] 512x129280x4096  1187.4
USDT:2026-09-29 10:12:44 894300:894300 SyncActivityProfilerHandler.cpp:39] profiler_start
USDT:2026-09-29 10:12:44 894300:894300 SyncActivityProfilerHandler.cpp:46] profiler_stop
[165/630] 768x1024x4096   435.7
USDT:2026-09-29 10:12:44 894300:894300 SyncActivityProfilerHandler.cpp:39] profiler_start
USDT:2026-09-29 10:12:44 894300:894300 SyncActivityProfilerHandler.cpp:46] profiler_stop
[166/630] 768x2048x4096   567.1
USDT:2026-09-29 10:12:44 894300:894300 SyncActivityProfilerHandler.cpp:39] profiler_start
USDT:2026-09-29 10:12:44 894300:894300 SyncActivityProfilerHandler.cpp:46] profiler_stop
[167/630] 768x4096x4096   824.0
USDT:2026-09-29 10:12:45 894300:894300 SyncActivityProfilerHandler.cpp:39] profiler_start
USDT:2026-09-29 10:12:45 894300:894300 SyncActivityProfilerHandler.cpp:46] profiler_stop
[168/630] 768x8192x4096  1003.8
USDT:2026-09-29 10:12:45 894300:894300 SyncActivityProfilerHandler.cpp:39] profiler_start
USDT:2026-09-29 10:12:45 894300:894300 SyncActivityProfilerHandler.cpp:46] profiler_stop
[169/630] 768x8704x4096   986.2
USDT:2026-09-29 10:12:46 894300:894300 SyncActivityProfilerHandler.cpp:39] profiler_start
USDT:2026-09-29 10:12:46 894300:894300 SyncActivityProfilerHandler.cpp:46] profiler_stop
[170/630] 768x10240x4096  1075.1
USDT:2026-09-29 10:12:46 894300:894300 SyncActivityProfilerHandler.cpp:39] profiler_start
USDT:2026-09-29 10:12:46 894300:894300 SyncActivityProfilerHandler.cpp:46] profiler_stop
[171/630] 768x129280x4096  1304.9
USDT:2026-09-29 10:12:46 894300:894300 SyncActivityProfilerHandler.cpp:39] profiler_start
USDT:2026-09-29 10:12:46 894300:894300 SyncActivityProfilerHandler.cpp:46] profiler_stop
[172/630] 1024x512x4096   293.0
USDT:2026-09-29 10:12:47 894300:894300 SyncActivityProfilerHandler.cpp:39] profiler_start
USDT:2026-09-29 10:12:47 894300:894300 SyncActivityProfilerHandler.cpp:46] profiler_stop
[173/630] 1024x1024x4096   523.0
USDT:2026-09-29 10:12:47 894300:894300 SyncActivityProfilerHandler.cpp:39] profiler_start
USDT:2026-09-29 10:12:47 894300:894300 SyncActivityProfilerHandler.cpp:46] profiler_stop
[174/630] 1024x2048x4096   442.2
USDT:2026-09-29 10:12:47 894300:894300 SyncActivityProfilerHandler.cpp:39] profiler_start
USDT:2026-09-29 10:12:47 894300:894300 SyncActivityProfilerHandler.cpp:46] profiler_stop
[175/630] 1024x4096x4096   963.5
USDT:2026-09-29 10:12:48 894300:894300 SyncActivityProfilerHandler.cpp:39] profiler_start
USDT:2026-09-29 10:12:48 894300:894300 SyncActivityProfilerHandler.cpp:46] profiler_stop
[176/630] 1024x8192x4096  1276.8
USDT:2026-09-29 10:12:48 894300:894300 SyncActivityProfilerHandler.cpp:39] profiler_start
USDT:2026-09-29 10:12:48 894300:894300 SyncActivityProfilerHandler.cpp:46] profiler_stop
[177/630] 1024x8704x4096  1218.1
USDT:2026-09-29 10:12:49 894300:894300 SyncActivityProfilerHandler.cpp:39] profiler_start
USDT:2026-09-29 10:12:49 894300:894300 SyncActivityProfilerHandler.cpp:46] profiler_stop
[178/630] 1024x10240x4096  1330.1
USDT:2026-09-29 10:12:49 894300:894300 SyncActivityProfilerHandler.cpp:39] profiler_start
USDT:2026-09-29 10:12:49 894300:894300 SyncActivityProfilerHandler.cpp:46] profiler_stop
[179/630] 1024x16384x4096  1473.6
USDT:2026-09-29 10:12:50 894300:894300 SyncActivityProfilerHandler.cpp:39] profiler_start
USDT:2026-09-29 10:12:50 894300:894300 SyncActivityProfilerHandler.cpp:46] profiler_stop
[180/630] 1024x129280x4096  1375.6
USDT:2026-09-29 10:12:50 894300:894300 SyncActivityProfilerHandler.cpp:39] profiler_start
USDT:2026-09-29 10:12:50 894300:894300 SyncActivityProfilerHandler.cpp:46] profiler_stop
[181/630] 1280x512x4096   330.8
USDT:2026-09-29 10:12:50 894300:894300 SyncActivityProfilerHandler.cpp:39] profiler_start
USDT:2026-09-29 10:12:50 894300:894300 SyncActivityProfilerHandler.cpp:46] profiler_stop
[182/630] 1280x1024x4096   559.6
USDT:2026-09-29 10:12:51 894300:894300 SyncActivityProfilerHandler.cpp:39] profiler_start
USDT:2026-09-29 10:12:51 894300:894300 SyncActivityProfilerHandler.cpp:46] profiler_stop
[183/630] 1280x2048x4096   782.9
USDT:2026-09-29 10:12:51 894300:894300 SyncActivityProfilerHandler.cpp:39] profiler_start
USDT:2026-09-29 10:12:51 894300:894300 SyncActivityProfilerHandler.cpp:46] profiler_stop
[184/630] 1280x129280x4096  1396.1
USDT:2026-09-29 10:12:52 894300:894300 SyncActivityProfilerHandler.cpp:39] profiler_start
USDT:2026-09-29 10:12:52 894300:894300 SyncActivityProfilerHandler.cpp:46] profiler_stop
[185/630] 1536x512x4096   429.4
USDT:2026-09-29 10:12:52 894300:894300 SyncActivityProfilerHandler.cpp:39] profiler_start
USDT:2026-09-29 10:12:52 894300:894300 SyncActivityProfilerHandler.cpp:46] profiler_stop
[186/630] 1536x1024x4096   569.3
USDT:2026-09-29 10:12:52 894300:894300 SyncActivityProfilerHandler.cpp:39] profiler_start
USDT:2026-09-29 10:12:52 894300:894300 SyncActivityProfilerHandler.cpp:46] profiler_stop
[187/630] 1536x2048x4096   822.3
USDT:2026-09-29 10:12:53 894300:894300 SyncActivityProfilerHandler.cpp:39] profiler_start
USDT:2026-09-29 10:12:53 894300:894300 SyncActivityProfilerHandler.cpp:46] profiler_stop
[188/630] 1536x129280x4096  1356.4
USDT:2026-09-29 10:12:53 894300:894300 SyncActivityProfilerHandler.cpp:39] profiler_start
USDT:2026-09-29 10:12:53 894300:894300 SyncActivityProfilerHandler.cpp:46] profiler_stop
[189/630] 1792x512x4096   481.9
USDT:2026-09-29 10:12:53 894300:894300 SyncActivityProfilerHandler.cpp:39] profiler_start
USDT:2026-09-29 10:12:53 894300:894300 SyncActivityProfilerHandler.cpp:46] profiler_stop
[190/630] 1792x1024x4096   559.5
USDT:2026-09-29 10:12:54 894300:894300 SyncActivityProfilerHandler.cpp:39] profiler_start
USDT:2026-09-29 10:12:54 894300:894300 SyncActivityProfilerHandler.cpp:46] profiler_stop
[191/630] 1792x2048x4096   900.8
USDT:2026-09-29 10:12:54 894300:894300 SyncActivityProfilerHandler.cpp:39] profiler_start
USDT:2026-09-29 10:12:54 894300:894300 SyncActivityProfilerHandler.cpp:46] profiler_stop
[192/630] 1792x129280x4096  1382.9
USDT:2026-09-29 10:12:54 894300:894300 SyncActivityProfilerHandler.cpp:39] profiler_start
USDT:2026-09-29 10:12:54 894300:894300 SyncActivityProfilerHandler.cpp:46] profiler_stop
[193/630] 2048x512x4096   523.8
USDT:2026-09-29 10:12:55 894300:894300 SyncActivityProfilerHandler.cpp:39] profiler_start
USDT:2026-09-29 10:12:55 894300:894300 SyncActivityProfilerHandler.cpp:46] profiler_stop
[194/630] 2048x1024x4096   451.4
USDT:2026-09-29 10:12:55 894300:894300 SyncActivityProfilerHandler.cpp:39] profiler_start
USDT:2026-09-29 10:12:55 894300:894300 SyncActivityProfilerHandler.cpp:46] profiler_stop
[195/630] 2048x2048x4096   961.7
USDT:2026-09-29 10:12:56 894300:894300 SyncActivityProfilerHandler.cpp:39] profiler_start
USDT:2026-09-29 10:12:56 894300:894300 SyncActivityProfilerHandler.cpp:46] profiler_stop
[196/630] 2048x4096x4096  1278.8
USDT:2026-09-29 10:12:56 894300:894300 SyncActivityProfilerHandler.cpp:39] profiler_start
USDT:2026-09-29 10:12:56 894300:894300 SyncActivityProfilerHandler.cpp:46] profiler_stop
[197/630] 2048x8192x4096  1453.1
USDT:2026-09-29 10:12:56 894300:894300 SyncActivityProfilerHandler.cpp:39] profiler_start
USDT:2026-09-29 10:12:56 894300:894300 SyncActivityProfilerHandler.cpp:46] profiler_stop
[198/630] 2048x8704x4096  1405.8
USDT:2026-09-29 10:12:57 894300:894300 SyncActivityProfilerHandler.cpp:39] profiler_start
USDT:2026-09-29 10:12:57 894300:894300 SyncActivityProfilerHandler.cpp:46] profiler_stop
[199/630] 2048x10240x4096  1398.5
USDT:2026-09-29 10:12:57 894300:894300 SyncActivityProfilerHandler.cpp:39] profiler_start
USDT:2026-09-29 10:12:57 894300:894300 SyncActivityProfilerHandler.cpp:46] profiler_stop
[200/630] 2048x16384x4096  1482.8
USDT:2026-09-29 10:12:58 894300:894300 SyncActivityProfilerHandler.cpp:39] profiler_start
USDT:2026-09-29 10:12:58 894300:894300 SyncActivityProfilerHandler.cpp:46] profiler_stop
[201/630] 2048x129280x4096  1353.5
USDT:2026-09-29 10:12:58 894300:894300 SyncActivityProfilerHandler.cpp:39] profiler_start
USDT:2026-09-29 10:12:58 894300:894300 SyncActivityProfilerHandler.cpp:46] profiler_stop
[202/630] 2304x512x4096   520.6
USDT:2026-09-29 10:12:58 894300:894300 SyncActivityProfilerHandler.cpp:39] profiler_start
USDT:2026-09-29 10:12:58 894300:894300 SyncActivityProfilerHandler.cpp:46] profiler_stop
[203/630] 2304x1024x4096   721.5
USDT:2026-09-29 10:12:59 894300:894300 SyncActivityProfilerHandler.cpp:39] profiler_start
USDT:2026-09-29 10:12:59 894300:894300 SyncActivityProfilerHandler.cpp:46] profiler_stop
[204/630] 2304x2048x4096   943.3
USDT:2026-09-29 10:12:59 894300:894300 SyncActivityProfilerHandler.cpp:39] profiler_start
USDT:2026-09-29 10:12:59 894300:894300 SyncActivityProfilerHandler.cpp:46] profiler_stop
[205/630] 2560x512x4096   561.2
USDT:2026-09-29 10:13:00 894300:894300 SyncActivityProfilerHandler.cpp:39] profiler_start
USDT:2026-09-29 10:13:00 894300:894300 SyncActivityProfilerHandler.cpp:46] profiler_stop
[206/630] 2560x1024x4096   784.4
USDT:2026-09-29 10:13:00 894300:894300 SyncActivityProfilerHandler.cpp:39] profiler_start
USDT:2026-09-29 10:13:00 894300:894300 SyncActivityProfilerHandler.cpp:46] profiler_stop
[207/630] 2560x2048x4096  1025.1
USDT:2026-09-29 10:13:01 894300:894300 SyncActivityProfilerHandler.cpp:39] profiler_start
USDT:2026-09-29 10:13:01 894300:894300 SyncActivityProfilerHandler.cpp:46] profiler_stop
[208/630] 2816x512x4096   531.9
USDT:2026-09-29 10:13:01 894300:894300 SyncActivityProfilerHandler.cpp:39] profiler_start
USDT:2026-09-29 10:13:01 894300:894300 SyncActivityProfilerHandler.cpp:46] profiler_stop
[209/630] 2816x1024x4096   765.3
USDT:2026-09-29 10:13:01 894300:894300 SyncActivityProfilerHandler.cpp:39] profiler_start
USDT:2026-09-29 10:13:01 894300:894300 SyncActivityProfilerHandler.cpp:46] profiler_stop
[210/630] 2816x2048x4096   952.7
USDT:2026-09-29 10:13:02 894300:894300 SyncActivityProfilerHandler.cpp:39] profiler_start
USDT:2026-09-29 10:13:02 894300:894300 SyncActivityProfilerHandler.cpp:46] profiler_stop
[211/630] 3072x512x4096   384.5
USDT:2026-09-29 10:13:02 894300:894300 SyncActivityProfilerHandler.cpp:39] profiler_start
USDT:2026-09-29 10:13:02 894300:894300 SyncActivityProfilerHandler.cpp:46] profiler_stop
[212/630] 3072x1024x4096   822.9
USDT:2026-09-29 10:13:03 894300:894300 SyncActivityProfilerHandler.cpp:39] profiler_start
USDT:2026-09-29 10:13:03 894300:894300 SyncActivityProfilerHandler.cpp:46] profiler_stop
[213/630] 3072x2048x4096  1001.9
USDT:2026-09-29 10:13:03 894300:894300 SyncActivityProfilerHandler.cpp:39] profiler_start
USDT:2026-09-29 10:13:03 894300:894300 SyncActivityProfilerHandler.cpp:46] profiler_stop
[214/630] 3328x512x4096   481.9
USDT:2026-09-29 10:13:03 894300:894300 SyncActivityProfilerHandler.cpp:39] profiler_start
USDT:2026-09-29 10:13:03 894300:894300 SyncActivityProfilerHandler.cpp:46] profiler_stop
[215/630] 3328x1024x4096   853.6
USDT:2026-09-29 10:13:04 894300:894300 SyncActivityProfilerHandler.cpp:39] profiler_start
USDT:2026-09-29 10:13:04 894300:894300 SyncActivityProfilerHandler.cpp:46] profiler_stop
[216/630] 3328x2048x4096   950.0
USDT:2026-09-29 10:13:04 894300:894300 SyncActivityProfilerHandler.cpp:39] profiler_start
USDT:2026-09-29 10:13:04 894300:894300 SyncActivityProfilerHandler.cpp:46] profiler_stop
[217/630] 3584x512x4096   498.0
USDT:2026-09-29 10:13:05 894300:894300 SyncActivityProfilerHandler.cpp:39] profiler_start
USDT:2026-09-29 10:13:05 894300:894300 SyncActivityProfilerHandler.cpp:46] profiler_stop
[218/630] 3584x1024x4096   885.9
USDT:2026-09-29 10:13:05 894300:894300 SyncActivityProfilerHandler.cpp:39] profiler_start
USDT:2026-09-29 10:13:05 894300:894300 SyncActivityProfilerHandler.cpp:46] profiler_stop
[219/630] 3584x2048x4096   974.5
USDT:2026-09-29 10:13:05 894300:894300 SyncActivityProfilerHandler.cpp:39] profiler_start
USDT:2026-09-29 10:13:05 894300:894300 SyncActivityProfilerHandler.cpp:46] profiler_stop
[220/630] 3840x512x4096   402.0
USDT:2026-09-29 10:13:06 894300:894300 SyncActivityProfilerHandler.cpp:39] profiler_start
USDT:2026-09-29 10:13:06 894300:894300 SyncActivityProfilerHandler.cpp:46] profiler_stop
[221/630] 3840x1024x4096   929.4
USDT:2026-09-29 10:13:06 894300:894300 SyncActivityProfilerHandler.cpp:39] profiler_start
USDT:2026-09-29 10:13:06 894300:894300 SyncActivityProfilerHandler.cpp:46] profiler_stop
[222/630] 3840x2048x4096  1239.7
USDT:2026-09-29 10:13:07 894300:894300 SyncActivityProfilerHandler.cpp:39] profiler_start
USDT:2026-09-29 10:13:07 894300:894300 SyncActivityProfilerHandler.cpp:46] profiler_stop
[223/630] 4096x512x4096   417.0
USDT:2026-09-29 10:13:07 894300:894300 SyncActivityProfilerHandler.cpp:39] profiler_start
USDT:2026-09-29 10:13:07 894300:894300 SyncActivityProfilerHandler.cpp:46] profiler_stop
[224/630] 4096x1024x4096   961.6
USDT:2026-09-29 10:13:07 894300:894300 SyncActivityProfilerHandler.cpp:39] profiler_start
USDT:2026-09-29 10:13:07 894300:894300 SyncActivityProfilerHandler.cpp:46] profiler_stop
[225/630] 4096x2048x4096  1288.5
USDT:2026-09-29 10:13:08 894300:894300 SyncActivityProfilerHandler.cpp:39] profiler_start
USDT:2026-09-29 10:13:08 894300:894300 SyncActivityProfilerHandler.cpp:46] profiler_stop
[226/630] 4096x4096x4096  1407.6
USDT:2026-09-29 10:13:08 894300:894300 SyncActivityProfilerHandler.cpp:39] profiler_start
USDT:2026-09-29 10:13:08 894300:894300 SyncActivityProfilerHandler.cpp:46] profiler_stop
[227/630] 4096x8192x4096  1484.6
USDT:2026-09-29 10:13:09 894300:894300 SyncActivityProfilerHandler.cpp:39] profiler_start
USDT:2026-09-29 10:13:09 894300:894300 SyncActivityProfilerHandler.cpp:46] profiler_stop
[228/630] 4096x8704x4096  1428.2
USDT:2026-09-29 10:13:09 894300:894300 SyncActivityProfilerHandler.cpp:39] profiler_start
USDT:2026-09-29 10:13:09 894300:894300 SyncActivityProfilerHandler.cpp:46] profiler_stop
[229/630] 4096x10240x4096  1426.6
USDT:2026-09-29 10:13:10 894300:894300 SyncActivityProfilerHandler.cpp:39] profiler_start
USDT:2026-09-29 10:13:10 894300:894300 SyncActivityProfilerHandler.cpp:46] profiler_stop
[230/630] 4096x16384x4096  1506.1
USDT:2026-09-29 10:13:10 894300:894300 SyncActivityProfilerHandler.cpp:39] profiler_start
USDT:2026-09-29 10:13:10 894300:894300 SyncActivityProfilerHandler.cpp:46] profiler_stop
[231/630] 4096x129280x4096  1370.3
USDT:2026-09-29 10:13:10 894300:894300 SyncActivityProfilerHandler.cpp:39] profiler_start
USDT:2026-09-29 10:13:10 894300:894300 SyncActivityProfilerHandler.cpp:46] profiler_stop
[232/630] 4352x512x4096   519.6
USDT:2026-09-29 10:13:11 894300:894300 SyncActivityProfilerHandler.cpp:39] profiler_start
USDT:2026-09-29 10:13:11 894300:894300 SyncActivityProfilerHandler.cpp:46] profiler_stop
[233/630] 4352x1024x4096   914.2
USDT:2026-09-29 10:13:11 894300:894300 SyncActivityProfilerHandler.cpp:39] profiler_start
USDT:2026-09-29 10:13:11 894300:894300 SyncActivityProfilerHandler.cpp:46] profiler_stop
[234/630] 4352x2048x4096  1186.7
USDT:2026-09-29 10:13:12 894300:894300 SyncActivityProfilerHandler.cpp:39] profiler_start
USDT:2026-09-29 10:13:12 894300:894300 SyncActivityProfilerHandler.cpp:46] profiler_stop
[235/630] 5120x512x4096   785.6
USDT:2026-09-29 10:13:12 894300:894300 SyncActivityProfilerHandler.cpp:39] profiler_start
USDT:2026-09-29 10:13:12 894300:894300 SyncActivityProfilerHandler.cpp:46] profiler_stop
[236/630] 5120x1024x4096  1021.0
USDT:2026-09-29 10:13:12 894300:894300 SyncActivityProfilerHandler.cpp:39] profiler_start
USDT:2026-09-29 10:13:12 894300:894300 SyncActivityProfilerHandler.cpp:46] profiler_stop
[237/630] 5120x2048x4096  1274.3
USDT:2026-09-29 10:13:13 894300:894300 SyncActivityProfilerHandler.cpp:39] profiler_start
USDT:2026-09-29 10:13:13 894300:894300 SyncActivityProfilerHandler.cpp:46] profiler_stop
[238/630] 6144x512x4096   821.6
USDT:2026-09-29 10:13:13 894300:894300 SyncActivityProfilerHandler.cpp:39] profiler_start
USDT:2026-09-29 10:13:13 894300:894300 SyncActivityProfilerHandler.cpp:46] profiler_stop
[239/630] 6144x1024x4096  1012.2
USDT:2026-09-29 10:13:14 894300:894300 SyncActivityProfilerHandler.cpp:39] profiler_start
USDT:2026-09-29 10:13:14 894300:894300 SyncActivityProfilerHandler.cpp:46] profiler_stop
[240/630] 6144x2048x4096  1379.5
USDT:2026-09-29 10:13:14 894300:894300 SyncActivityProfilerHandler.cpp:39] profiler_start
USDT:2026-09-29 10:13:14 894300:894300 SyncActivityProfilerHandler.cpp:46] profiler_stop
[241/630] 6144x129280x4096  1447.4
USDT:2026-09-29 10:13:14 894300:894300 SyncActivityProfilerHandler.cpp:39] profiler_start
USDT:2026-09-29 10:13:14 894300:894300 SyncActivityProfilerHandler.cpp:46] profiler_stop
[242/630] 6400x512x4096   849.3
USDT:2026-09-29 10:13:15 894300:894300 SyncActivityProfilerHandler.cpp:39] profiler_start
USDT:2026-09-29 10:13:15 894300:894300 SyncActivityProfilerHandler.cpp:46] profiler_stop
[243/630] 6400x1024x4096   916.4
USDT:2026-09-29 10:13:15 894300:894300 SyncActivityProfilerHandler.cpp:39] profiler_start
USDT:2026-09-29 10:13:15 894300:894300 SyncActivityProfilerHandler.cpp:46] profiler_stop
[244/630] 6400x2048x4096  1358.8
USDT:2026-09-29 10:13:16 894300:894300 SyncActivityProfilerHandler.cpp:39] profiler_start
USDT:2026-09-29 10:13:16 894300:894300 SyncActivityProfilerHandler.cpp:46] profiler_stop
[245/630] 6912x512x4096   870.0
USDT:2026-09-29 10:13:16 894300:894300 SyncActivityProfilerHandler.cpp:39] profiler_start
USDT:2026-09-29 10:13:16 894300:894300 SyncActivityProfilerHandler.cpp:46] profiler_stop
[246/630] 6912x1024x4096   959.8
USDT:2026-09-29 10:13:17 894300:894300 SyncActivityProfilerHandler.cpp:39] profiler_start
USDT:2026-09-29 10:13:17 894300:894300 SyncActivityProfilerHandler.cpp:46] profiler_stop
[247/630] 6912x2048x4096  1418.1
USDT:2026-09-29 10:13:17 894300:894300 SyncActivityProfilerHandler.cpp:39] profiler_start
USDT:2026-09-29 10:13:17 894300:894300 SyncActivityProfilerHandler.cpp:46] profiler_stop
[248/630] 7168x512x4096   895.7
USDT:2026-09-29 10:13:17 894300:894300 SyncActivityProfilerHandler.cpp:39] profiler_start
USDT:2026-09-29 10:13:17 894300:894300 SyncActivityProfilerHandler.cpp:46] profiler_stop
[249/630] 7168x1024x4096  1072.0
USDT:2026-09-29 10:13:18 894300:894300 SyncActivityProfilerHandler.cpp:39] profiler_start
USDT:2026-09-29 10:13:18 894300:894300 SyncActivityProfilerHandler.cpp:46] profiler_stop
[250/630] 7168x2048x4096  1445.8
USDT:2026-09-29 10:13:18 894300:894300 SyncActivityProfilerHandler.cpp:39] profiler_start
USDT:2026-09-29 10:13:18 894300:894300 SyncActivityProfilerHandler.cpp:46] profiler_stop
[251/630] 7424x512x4096   915.3
USDT:2026-09-29 10:13:19 894300:894300 SyncActivityProfilerHandler.cpp:39] profiler_start
USDT:2026-09-29 10:13:19 894300:894300 SyncActivityProfilerHandler.cpp:46] profiler_stop
[252/630] 7424x1024x4096  1218.2
USDT:2026-09-29 10:13:19 894300:894300 SyncActivityProfilerHandler.cpp:39] profiler_start
USDT:2026-09-29 10:13:19 894300:894300 SyncActivityProfilerHandler.cpp:46] profiler_stop
[253/630] 7424x2048x4096  1399.8
USDT:2026-09-29 10:13:20 894300:894300 SyncActivityProfilerHandler.cpp:39] profiler_start
USDT:2026-09-29 10:13:20 894300:894300 SyncActivityProfilerHandler.cpp:46] profiler_stop
[254/630] 7680x512x4096   929.2
USDT:2026-09-29 10:13:20 894300:894300 SyncActivityProfilerHandler.cpp:39] profiler_start
USDT:2026-09-29 10:13:20 894300:894300 SyncActivityProfilerHandler.cpp:46] profiler_stop
[255/630] 7680x1024x4096  1235.0
USDT:2026-09-29 10:13:20 894300:894300 SyncActivityProfilerHandler.cpp:39] profiler_start
USDT:2026-09-29 10:13:20 894300:894300 SyncActivityProfilerHandler.cpp:46] profiler_stop
[256/630] 7680x2048x4096  1421.3
USDT:2026-09-29 10:13:21 894300:894300 SyncActivityProfilerHandler.cpp:39] profiler_start
USDT:2026-09-29 10:13:21 894300:894300 SyncActivityProfilerHandler.cpp:46] profiler_stop
[257/630] 7936x512x4096   944.5
USDT:2026-09-29 10:13:21 894300:894300 SyncActivityProfilerHandler.cpp:39] profiler_start
USDT:2026-09-29 10:13:21 894300:894300 SyncActivityProfilerHandler.cpp:46] profiler_stop
[258/630] 7936x1024x4096  1260.4
USDT:2026-09-29 10:13:22 894300:894300 SyncActivityProfilerHandler.cpp:39] profiler_start
USDT:2026-09-29 10:13:22 894300:894300 SyncActivityProfilerHandler.cpp:46] profiler_stop
[259/630] 7936x2048x4096  1448.9
USDT:2026-09-29 10:13:22 894300:894300 SyncActivityProfilerHandler.cpp:39] profiler_start
USDT:2026-09-29 10:13:22 894300:894300 SyncActivityProfilerHandler.cpp:46] profiler_stop
[260/630] 8192x512x4096   964.0
USDT:2026-09-29 10:13:22 894300:894300 SyncActivityProfilerHandler.cpp:39] profiler_start
USDT:2026-09-29 10:13:22 894300:894300 SyncActivityProfilerHandler.cpp:46] profiler_stop
[261/630] 8192x1024x4096  1279.7
USDT:2026-09-29 10:13:23 894300:894300 SyncActivityProfilerHandler.cpp:39] profiler_start
USDT:2026-09-29 10:13:23 894300:894300 SyncActivityProfilerHandler.cpp:46] profiler_stop
[262/630] 8192x2048x4096  1471.8
USDT:2026-09-29 10:13:23 894300:894300 SyncActivityProfilerHandler.cpp:39] profiler_start
USDT:2026-09-29 10:13:23 894300:894300 SyncActivityProfilerHandler.cpp:46] profiler_stop
[263/630] 8192x4096x4096  1489.0
USDT:2026-09-29 10:13:24 894300:894300 SyncActivityProfilerHandler.cpp:39] profiler_start
USDT:2026-09-29 10:13:24 894300:894300 SyncActivityProfilerHandler.cpp:46] profiler_stop
[264/630] 8192x8192x4096  1494.4
USDT:2026-09-29 10:13:24 894300:894300 SyncActivityProfilerHandler.cpp:39] profiler_start
USDT:2026-09-29 10:13:24 894300:894300 SyncActivityProfilerHandler.cpp:46] profiler_stop
[265/630] 8192x8704x4096  1439.0
USDT:2026-09-29 10:13:25 894300:894300 SyncActivityProfilerHandler.cpp:39] profiler_start
USDT:2026-09-29 10:13:25 894300:894300 SyncActivityProfilerHandler.cpp:46] profiler_stop
[266/630] 8192x10240x4096  1436.3
USDT:2026-09-29 10:13:25 894300:894300 SyncActivityProfilerHandler.cpp:39] profiler_start
USDT:2026-09-29 10:13:25 894300:894300 SyncActivityProfilerHandler.cpp:46] profiler_stop
[267/630] 8192x16384x4096  1505.4
USDT:2026-09-29 10:13:25 894300:894300 SyncActivityProfilerHandler.cpp:39] profiler_start
USDT:2026-09-29 10:13:25 894300:894300 SyncActivityProfilerHandler.cpp:46] profiler_stop
[268/630] 8192x129280x4096  1385.6
USDT:2026-09-29 10:13:26 894300:894300 SyncActivityProfilerHandler.cpp:39] profiler_start
USDT:2026-09-29 10:13:26 894300:894300 SyncActivityProfilerHandler.cpp:46] profiler_stop
[269/630] 10240x512x4096   872.1
USDT:2026-09-29 10:13:26 894300:894300 SyncActivityProfilerHandler.cpp:39] profiler_start
USDT:2026-09-29 10:13:26 894300:894300 SyncActivityProfilerHandler.cpp:46] profiler_stop
[270/630] 10240x1024x4096  1277.8
USDT:2026-09-29 10:13:27 894300:894300 SyncActivityProfilerHandler.cpp:39] profiler_start
USDT:2026-09-29 10:13:27 894300:894300 SyncActivityProfilerHandler.cpp:46] profiler_stop
[271/630] 10240x2048x4096  1455.7
USDT:2026-09-29 10:13:27 894300:894300 SyncActivityProfilerHandler.cpp:39] profiler_start
USDT:2026-09-29 10:13:27 894300:894300 SyncActivityProfilerHandler.cpp:46] profiler_stop
[272/630] 10240x129280x4096  1402.2
USDT:2026-09-29 10:13:28 894300:894300 SyncActivityProfilerHandler.cpp:39] profiler_start
USDT:2026-09-29 10:13:28 894300:894300 SyncActivityProfilerHandler.cpp:46] profiler_stop
[273/630] 12288x512x4096   968.8
USDT:2026-09-29 10:13:28 894300:894300 SyncActivityProfilerHandler.cpp:39] profiler_start
USDT:2026-09-29 10:13:28 894300:894300 SyncActivityProfilerHandler.cpp:46] profiler_stop
[274/630] 12288x1024x4096  1373.7
USDT:2026-09-29 10:13:28 894300:894300 SyncActivityProfilerHandler.cpp:39] profiler_start
USDT:2026-09-29 10:13:28 894300:894300 SyncActivityProfilerHandler.cpp:46] profiler_stop
[275/630] 12288x2048x4096  1410.2
USDT:2026-09-29 10:13:29 894300:894300 SyncActivityProfilerHandler.cpp:39] profiler_start
USDT:2026-09-29 10:13:29 894300:894300 SyncActivityProfilerHandler.cpp:46] profiler_stop
[276/630] 12288x129280x4096  1392.7
USDT:2026-09-29 10:13:29 894300:894300 SyncActivityProfilerHandler.cpp:39] profiler_start
USDT:2026-09-29 10:13:29 894300:894300 SyncActivityProfilerHandler.cpp:46] profiler_stop
[277/630] 14336x512x4096  1016.8
USDT:2026-09-29 10:13:30 894300:894300 SyncActivityProfilerHandler.cpp:39] profiler_start
USDT:2026-09-29 10:13:30 894300:894300 SyncActivityProfilerHandler.cpp:46] profiler_stop
[278/630] 14336x1024x4096  1451.6
USDT:2026-09-29 10:13:30 894300:894300 SyncActivityProfilerHandler.cpp:39] profiler_start
USDT:2026-09-29 10:13:30 894300:894300 SyncActivityProfilerHandler.cpp:46] profiler_stop
[279/630] 14336x2048x4096  1484.6
USDT:2026-09-29 10:13:31 894300:894300 SyncActivityProfilerHandler.cpp:39] profiler_start
USDT:2026-09-29 10:13:31 894300:894300 SyncActivityProfilerHandler.cpp:46] profiler_stop
[280/630] 14336x129280x4096  1411.2
USDT:2026-09-29 10:13:31 894300:894300 SyncActivityProfilerHandler.cpp:39] profiler_start
USDT:2026-09-29 10:13:31 894300:894300 SyncActivityProfilerHandler.cpp:46] profiler_stop
[281/630] 16384x512x4096  1110.7
USDT:2026-09-29 10:13:31 894300:894300 SyncActivityProfilerHandler.cpp:39] profiler_start
USDT:2026-09-29 10:13:31 894300:894300 SyncActivityProfilerHandler.cpp:46] profiler_stop
[282/630] 16384x1024x4096  1323.2
USDT:2026-09-29 10:13:32 894300:894300 SyncActivityProfilerHandler.cpp:39] profiler_start
USDT:2026-09-29 10:13:32 894300:894300 SyncActivityProfilerHandler.cpp:46] profiler_stop
[283/630] 16384x2048x4096  1343.9
USDT:2026-09-29 10:13:32 894300:894300 SyncActivityProfilerHandler.cpp:39] profiler_start
USDT:2026-09-29 10:13:32 894300:894300 SyncActivityProfilerHandler.cpp:46] profiler_stop
[284/630] 16384x16384x4096  1464.1
USDT:2026-09-29 10:13:33 894300:894300 SyncActivityProfilerHandler.cpp:39] profiler_start
USDT:2026-09-29 10:13:33 894300:894300 SyncActivityProfilerHandler.cpp:46] profiler_stop
[285/630] 16384x129280x4096  1412.3
USDT:2026-09-29 10:13:33 894300:894300 SyncActivityProfilerHandler.cpp:39] profiler_start
USDT:2026-09-29 10:13:33 894300:894300 SyncActivityProfilerHandler.cpp:46] profiler_stop
[286/630] 32768x16384x4096  1431.1
USDT:2026-09-29 10:13:33 894300:894300 SyncActivityProfilerHandler.cpp:39] profiler_start
USDT:2026-09-29 10:13:33 894300:894300 SyncActivityProfilerHandler.cpp:46] profiler_stop
[287/630] 512x7168x4224   898.2
USDT:2026-09-29 10:13:34 894300:894300 SyncActivityProfilerHandler.cpp:39] profiler_start
USDT:2026-09-29 10:13:34 894300:894300 SyncActivityProfilerHandler.cpp:46] profiler_stop
[288/630] 1024x7168x4224  1135.3
USDT:2026-09-29 10:13:34 894300:894300 SyncActivityProfilerHandler.cpp:39] profiler_start
USDT:2026-09-29 10:13:34 894300:894300 SyncActivityProfilerHandler.cpp:46] profiler_stop
[289/630] 10240x7168x4224  1418.4
USDT:2026-09-29 10:13:35 894300:894300 SyncActivityProfilerHandler.cpp:39] profiler_start
USDT:2026-09-29 10:13:35 894300:894300 SyncActivityProfilerHandler.cpp:46] profiler_stop
[290/630] 512x6144x4608   836.7
USDT:2026-09-29 10:13:35 894300:894300 SyncActivityProfilerHandler.cpp:39] profiler_start
USDT:2026-09-29 10:13:35 894300:894300 SyncActivityProfilerHandler.cpp:46] profiler_stop
[291/630] 1024x6144x4608  1019.0
USDT:2026-09-29 10:13:36 894300:894300 SyncActivityProfilerHandler.cpp:39] profiler_start
USDT:2026-09-29 10:13:36 894300:894300 SyncActivityProfilerHandler.cpp:46] profiler_stop
[292/630] 2048x6144x4608  1402.9
USDT:2026-09-29 10:13:36 894300:894300 SyncActivityProfilerHandler.cpp:39] profiler_start
USDT:2026-09-29 10:13:36 894300:894300 SyncActivityProfilerHandler.cpp:46] profiler_stop
[293/630] 4096x6144x4608  1424.9
USDT:2026-09-29 10:13:36 894300:894300 SyncActivityProfilerHandler.cpp:39] profiler_start
USDT:2026-09-29 10:13:36 894300:894300 SyncActivityProfilerHandler.cpp:46] profiler_stop
[294/630] 8192x6144x4608  1510.3
USDT:2026-09-29 10:13:37 894300:894300 SyncActivityProfilerHandler.cpp:39] profiler_start
USDT:2026-09-29 10:13:37 894300:894300 SyncActivityProfilerHandler.cpp:46] profiler_stop
[295/630] 16384x6144x4608  1436.2
USDT:2026-09-29 10:13:37 894300:894300 SyncActivityProfilerHandler.cpp:39] profiler_start
USDT:2026-09-29 10:13:37 894300:894300 SyncActivityProfilerHandler.cpp:46] profiler_stop
[296/630] 32768x6144x4608  1436.4
USDT:2026-09-29 10:13:38 894300:894300 SyncActivityProfilerHandler.cpp:39] profiler_start
USDT:2026-09-29 10:13:38 894300:894300 SyncActivityProfilerHandler.cpp:46] profiler_stop
[297/630] 512x1024x5120   313.8
USDT:2026-09-29 10:13:38 894300:894300 SyncActivityProfilerHandler.cpp:39] profiler_start
USDT:2026-09-29 10:13:38 894300:894300 SyncActivityProfilerHandler.cpp:46] profiler_stop
[298/630] 512x5120x5120   729.8
USDT:2026-09-29 10:13:38 894300:894300 SyncActivityProfilerHandler.cpp:39] profiler_start
USDT:2026-09-29 10:13:38 894300:894300 SyncActivityProfilerHandler.cpp:46] profiler_stop
[299/630] 512x6400x5120   642.9
USDT:2026-09-29 10:13:39 894300:894300 SyncActivityProfilerHandler.cpp:39] profiler_start
USDT:2026-09-29 10:13:39 894300:894300 SyncActivityProfilerHandler.cpp:46] profiler_stop
[300/630] 512x12800x5120   845.3
USDT:2026-09-29 10:13:39 894300:894300 SyncActivityProfilerHandler.cpp:39] profiler_start
USDT:2026-09-29 10:13:39 894300:894300 SyncActivityProfilerHandler.cpp:46] profiler_stop
[301/630] 512x37888x5120  1182.1
USDT:2026-09-29 10:13:40 894300:894300 SyncActivityProfilerHandler.cpp:39] profiler_start
USDT:2026-09-29 10:13:40 894300:894300 SyncActivityProfilerHandler.cpp:46] profiler_stop
[302/630] 512x51200x5120  1083.1
USDT:2026-09-29 10:13:40 894300:894300 SyncActivityProfilerHandler.cpp:39] profiler_start
USDT:2026-09-29 10:13:40 894300:894300 SyncActivityProfilerHandler.cpp:46] profiler_stop
[303/630] 768x1024x5120   366.5
USDT:2026-09-29 10:13:40 894300:894300 SyncActivityProfilerHandler.cpp:39] profiler_start
USDT:2026-09-29 10:13:40 894300:894300 SyncActivityProfilerHandler.cpp:46] profiler_stop
[304/630] 768x37888x5120  1217.9
USDT:2026-09-29 10:13:41 894300:894300 SyncActivityProfilerHandler.cpp:39] profiler_start
USDT:2026-09-29 10:13:41 894300:894300 SyncActivityProfilerHandler.cpp:46] profiler_stop
[305/630] 1024x1024x5120   481.6
USDT:2026-09-29 10:13:41 894300:894300 SyncActivityProfilerHandler.cpp:39] profiler_start
USDT:2026-09-29 10:13:41 894300:894300 SyncActivityProfilerHandler.cpp:46] profiler_stop
[306/630] 1024x5120x5120  1003.9
USDT:2026-09-29 10:13:42 894300:894300 SyncActivityProfilerHandler.cpp:39] profiler_start
USDT:2026-09-29 10:13:42 894300:894300 SyncActivityProfilerHandler.cpp:46] profiler_stop
[307/630] 1024x6400x5120   928.5
USDT:2026-09-29 10:13:42 894300:894300 SyncActivityProfilerHandler.cpp:39] profiler_start
USDT:2026-09-29 10:13:42 894300:894300 SyncActivityProfilerHandler.cpp:46] profiler_stop
[308/630] 1024x12800x5120  1233.0
USDT:2026-09-29 10:13:42 894300:894300 SyncActivityProfilerHandler.cpp:39] profiler_start
USDT:2026-09-29 10:13:42 894300:894300 SyncActivityProfilerHandler.cpp:46] profiler_stop
[309/630] 1024x37888x5120  1306.0
USDT:2026-09-29 10:13:43 894300:894300 SyncActivityProfilerHandler.cpp:39] profiler_start
USDT:2026-09-29 10:13:43 894300:894300 SyncActivityProfilerHandler.cpp:46] profiler_stop
[310/630] 1024x51200x5120  1280.6
USDT:2026-09-29 10:13:43 894300:894300 SyncActivityProfilerHandler.cpp:39] profiler_start
USDT:2026-09-29 10:13:43 894300:894300 SyncActivityProfilerHandler.cpp:46] profiler_stop
[311/630] 1536x1024x5120   554.1
USDT:2026-09-29 10:13:44 894300:894300 SyncActivityProfilerHandler.cpp:39] profiler_start
USDT:2026-09-29 10:13:44 894300:894300 SyncActivityProfilerHandler.cpp:46] profiler_stop
[312/630] 1536x37888x5120  1361.3
USDT:2026-09-29 10:13:44 894300:894300 SyncActivityProfilerHandler.cpp:39] profiler_start
USDT:2026-09-29 10:13:44 894300:894300 SyncActivityProfilerHandler.cpp:46] profiler_stop
[313/630] 2048x1024x5120   502.3
USDT:2026-09-29 10:13:44 894300:894300 SyncActivityProfilerHandler.cpp:39] profiler_start
USDT:2026-09-29 10:13:44 894300:894300 SyncActivityProfilerHandler.cpp:46] profiler_stop
[314/630] 2048x5120x5120  1354.3
USDT:2026-09-29 10:13:45 894300:894300 SyncActivityProfilerHandler.cpp:39] profiler_start
USDT:2026-09-29 10:13:45 894300:894300 SyncActivityProfilerHandler.cpp:46] profiler_stop
[315/630] 2048x6400x5120  1242.1
USDT:2026-09-29 10:13:45 894300:894300 SyncActivityProfilerHandler.cpp:39] profiler_start
USDT:2026-09-29 10:13:45 894300:894300 SyncActivityProfilerHandler.cpp:46] profiler_stop
[316/630] 2048x12800x5120  1260.4
USDT:2026-09-29 10:13:46 894300:894300 SyncActivityProfilerHandler.cpp:39] profiler_start
USDT:2026-09-29 10:13:46 894300:894300 SyncActivityProfilerHandler.cpp:46] profiler_stop
[317/630] 2048x37888x5120  1321.0
USDT:2026-09-29 10:13:46 894300:894300 SyncActivityProfilerHandler.cpp:39] profiler_start
USDT:2026-09-29 10:13:46 894300:894300 SyncActivityProfilerHandler.cpp:46] profiler_stop
[318/630] 2048x51200x5120  1295.6
USDT:2026-09-29 10:13:46 894300:894300 SyncActivityProfilerHandler.cpp:39] profiler_start
USDT:2026-09-29 10:13:46 894300:894300 SyncActivityProfilerHandler.cpp:46] profiler_stop
[319/630] 4096x1024x5120   910.9
USDT:2026-09-29 10:13:47 894300:894300 SyncActivityProfilerHandler.cpp:39] profiler_start
USDT:2026-09-29 10:13:47 894300:894300 SyncActivityProfilerHandler.cpp:46] profiler_stop
[320/630] 4096x5120x5120  1452.8
USDT:2026-09-29 10:13:47 894300:894300 SyncActivityProfilerHandler.cpp:39] profiler_start
USDT:2026-09-29 10:13:47 894300:894300 SyncActivityProfilerHandler.cpp:46] profiler_stop
[321/630] 4096x6400x5120  1255.3
USDT:2026-09-29 10:13:48 894300:894300 SyncActivityProfilerHandler.cpp:39] profiler_start
USDT:2026-09-29 10:13:48 894300:894300 SyncActivityProfilerHandler.cpp:46] profiler_stop
[322/630] 4096x12800x5120  1443.0
USDT:2026-09-29 10:13:48 894300:894300 SyncActivityProfilerHandler.cpp:39] profiler_start
USDT:2026-09-29 10:13:48 894300:894300 SyncActivityProfilerHandler.cpp:46] profiler_stop
[323/630] 4096x51200x5120  1394.1
USDT:2026-09-29 10:13:49 894300:894300 SyncActivityProfilerHandler.cpp:39] profiler_start
USDT:2026-09-29 10:13:49 894300:894300 SyncActivityProfilerHandler.cpp:46] profiler_stop
[324/630] 8192x1024x5120  1130.0
USDT:2026-09-29 10:13:49 894300:894300 SyncActivityProfilerHandler.cpp:39] profiler_start
USDT:2026-09-29 10:13:49 894300:894300 SyncActivityProfilerHandler.cpp:46] profiler_stop
[325/630] 8192x5120x5120  1453.1
USDT:2026-09-29 10:13:49 894300:894300 SyncActivityProfilerHandler.cpp:39] profiler_start
USDT:2026-09-29 10:13:49 894300:894300 SyncActivityProfilerHandler.cpp:46] profiler_stop
[326/630] 8192x6400x5120  1446.8
USDT:2026-09-29 10:13:50 894300:894300 SyncActivityProfilerHandler.cpp:39] profiler_start
USDT:2026-09-29 10:13:50 894300:894300 SyncActivityProfilerHandler.cpp:46] profiler_stop
[327/630] 8192x12800x5120  1444.5
USDT:2026-09-29 10:13:50 894300:894300 SyncActivityProfilerHandler.cpp:39] profiler_start
USDT:2026-09-29 10:13:50 894300:894300 SyncActivityProfilerHandler.cpp:46] profiler_stop
[328/630] 8192x51200x5120  1372.0
USDT:2026-09-29 10:13:51 894300:894300 SyncActivityProfilerHandler.cpp:39] profiler_start
USDT:2026-09-29 10:13:51 894300:894300 SyncActivityProfilerHandler.cpp:46] profiler_stop
[329/630] 16384x1024x5120  1327.5
USDT:2026-09-29 10:13:51 894300:894300 SyncActivityProfilerHandler.cpp:39] profiler_start
USDT:2026-09-29 10:13:51 894300:894300 SyncActivityProfilerHandler.cpp:46] profiler_stop
[330/630] 16384x5120x5120  1531.1
USDT:2026-09-29 10:13:51 894300:894300 SyncActivityProfilerHandler.cpp:39] profiler_start
USDT:2026-09-29 10:13:51 894300:894300 SyncActivityProfilerHandler.cpp:46] profiler_stop
[331/630] 16384x6400x5120  1454.9
USDT:2026-09-29 10:13:52 894300:894300 SyncActivityProfilerHandler.cpp:39] profiler_start
USDT:2026-09-29 10:13:52 894300:894300 SyncActivityProfilerHandler.cpp:46] profiler_stop
[332/630] 16384x12800x5120  1406.7
USDT:2026-09-29 10:13:52 894300:894300 SyncActivityProfilerHandler.cpp:39] profiler_start
USDT:2026-09-29 10:13:52 894300:894300 SyncActivityProfilerHandler.cpp:46] profiler_stop
[333/630] 16384x51200x5120  1383.5
USDT:2026-09-29 10:13:53 894300:894300 SyncActivityProfilerHandler.cpp:39] profiler_start
USDT:2026-09-29 10:13:53 894300:894300 SyncActivityProfilerHandler.cpp:46] profiler_stop
[334/630] 32768x5120x5120  1507.1
USDT:2026-09-29 10:13:53 894300:894300 SyncActivityProfilerHandler.cpp:39] profiler_start
USDT:2026-09-29 10:13:53 894300:894300 SyncActivityProfilerHandler.cpp:46] profiler_stop
[335/630] 32768x6400x5120  1436.2
USDT:2026-09-29 10:13:54 894300:894300 SyncActivityProfilerHandler.cpp:39] profiler_start
USDT:2026-09-29 10:13:54 894300:894300 SyncActivityProfilerHandler.cpp:46] profiler_stop
[336/630] 32768x12800x5120  1433.8
USDT:2026-09-29 10:13:54 894300:894300 SyncActivityProfilerHandler.cpp:39] profiler_start
USDT:2026-09-29 10:13:54 894300:894300 SyncActivityProfilerHandler.cpp:46] profiler_stop
[337/630] 32768x51200x5120  1379.9
USDT:2026-09-29 10:13:54 894300:894300 SyncActivityProfilerHandler.cpp:39] profiler_start
USDT:2026-09-29 10:13:54 894300:894300 SyncActivityProfilerHandler.cpp:46] profiler_stop
[338/630] 512x1280x6144   228.8
USDT:2026-09-29 10:13:55 894300:894300 SyncActivityProfilerHandler.cpp:39] profiler_start
USDT:2026-09-29 10:13:55 894300:894300 SyncActivityProfilerHandler.cpp:46] profiler_stop
[339/630] 512x1536x6144   204.0
USDT:2026-09-29 10:13:55 894300:894300 SyncActivityProfilerHandler.cpp:39] profiler_start
USDT:2026-09-29 10:13:55 894300:894300 SyncActivityProfilerHandler.cpp:46] profiler_stop
[340/630] 512x2048x6144   515.5
USDT:2026-09-29 10:13:56 894300:894300 SyncActivityProfilerHandler.cpp:39] profiler_start
USDT:2026-09-29 10:13:56 894300:894300 SyncActivityProfilerHandler.cpp:46] profiler_stop
[341/630] 512x2304x6144   280.8
USDT:2026-09-29 10:13:56 894300:894300 SyncActivityProfilerHandler.cpp:39] profiler_start
USDT:2026-09-29 10:13:56 894300:894300 SyncActivityProfilerHandler.cpp:46] profiler_stop
[342/630] 512x2560x6144   480.8
USDT:2026-09-29 10:13:56 894300:894300 SyncActivityProfilerHandler.cpp:39] profiler_start
USDT:2026-09-29 10:13:56 894300:894300 SyncActivityProfilerHandler.cpp:46] profiler_stop
[343/630] 512x3072x6144   532.0
USDT:2026-09-29 10:13:57 894300:894300 SyncActivityProfilerHandler.cpp:39] profiler_start
USDT:2026-09-29 10:13:57 894300:894300 SyncActivityProfilerHandler.cpp:46] profiler_stop
[344/630] 512x3072x6144   537.5
USDT:2026-09-29 10:13:57 894300:894300 SyncActivityProfilerHandler.cpp:39] profiler_start
USDT:2026-09-29 10:13:57 894300:894300 SyncActivityProfilerHandler.cpp:46] profiler_stop
[345/630] 512x6144x6144   804.6
USDT:2026-09-29 10:13:58 894300:894300 SyncActivityProfilerHandler.cpp:39] profiler_start
USDT:2026-09-29 10:13:58 894300:894300 SyncActivityProfilerHandler.cpp:46] profiler_stop
[346/630] 512x9216x6144   771.4
USDT:2026-09-29 10:13:58 894300:894300 SyncActivityProfilerHandler.cpp:39] profiler_start
USDT:2026-09-29 10:13:58 894300:894300 SyncActivityProfilerHandler.cpp:46] profiler_stop
[347/630] 1024x2048x6144   549.2
USDT:2026-09-29 10:13:58 894300:894300 SyncActivityProfilerHandler.cpp:39] profiler_start
USDT:2026-09-29 10:13:58 894300:894300 SyncActivityProfilerHandler.cpp:46] profiler_stop
[348/630] 1024x2304x6144   581.8
USDT:2026-09-29 10:13:59 894300:894300 SyncActivityProfilerHandler.cpp:39] profiler_start
USDT:2026-09-29 10:13:59 894300:894300 SyncActivityProfilerHandler.cpp:46] profiler_stop
[349/630] 1024x2560x6144   701.7
USDT:2026-09-29 10:13:59 894300:894300 SyncActivityProfilerHandler.cpp:39] profiler_start
USDT:2026-09-29 10:13:59 894300:894300 SyncActivityProfilerHandler.cpp:46] profiler_stop
[350/630] 1024x3072x6144   721.5
USDT:2026-09-29 10:14:00 894300:894300 SyncActivityProfilerHandler.cpp:39] profiler_start
USDT:2026-09-29 10:14:00 894300:894300 SyncActivityProfilerHandler.cpp:46] profiler_stop
[351/630] 1024x6144x6144  1080.8
USDT:2026-09-29 10:14:00 894300:894300 SyncActivityProfilerHandler.cpp:39] profiler_start
USDT:2026-09-29 10:14:00 894300:894300 SyncActivityProfilerHandler.cpp:46] profiler_stop
[352/630] 1024x9216x6144  1318.1
USDT:2026-09-29 10:14:00 894300:894300 SyncActivityProfilerHandler.cpp:39] profiler_start
USDT:2026-09-29 10:14:00 894300:894300 SyncActivityProfilerHandler.cpp:46] profiler_stop
[353/630] 2048x2048x6144   948.2
USDT:2026-09-29 10:14:01 894300:894300 SyncActivityProfilerHandler.cpp:39] profiler_start
USDT:2026-09-29 10:14:01 894300:894300 SyncActivityProfilerHandler.cpp:46] profiler_stop
[354/630] 2048x2304x6144  1007.7
USDT:2026-09-29 10:14:01 894300:894300 SyncActivityProfilerHandler.cpp:39] profiler_start
USDT:2026-09-29 10:14:01 894300:894300 SyncActivityProfilerHandler.cpp:46] profiler_stop
[355/630] 2048x2560x6144  1046.9
USDT:2026-09-29 10:14:02 894300:894300 SyncActivityProfilerHandler.cpp:39] profiler_start
USDT:2026-09-29 10:14:02 894300:894300 SyncActivityProfilerHandler.cpp:46] profiler_stop
[356/630] 2048x3072x6144  1095.5
USDT:2026-09-29 10:14:02 894300:894300 SyncActivityProfilerHandler.cpp:39] profiler_start
USDT:2026-09-29 10:14:02 894300:894300 SyncActivityProfilerHandler.cpp:46] profiler_stop
[357/630] 2048x6144x6144  1318.3
USDT:2026-09-29 10:14:03 894300:894300 SyncActivityProfilerHandler.cpp:39] profiler_start
USDT:2026-09-29 10:14:03 894300:894300 SyncActivityProfilerHandler.cpp:46] profiler_stop
[358/630] 2048x9216x6144  1434.0
USDT:2026-09-29 10:14:03 894300:894300 SyncActivityProfilerHandler.cpp:39] profiler_start
USDT:2026-09-29 10:14:03 894300:894300 SyncActivityProfilerHandler.cpp:46] profiler_stop
[359/630] 4096x2048x6144  1167.9
USDT:2026-09-29 10:14:03 894300:894300 SyncActivityProfilerHandler.cpp:39] profiler_start
USDT:2026-09-29 10:14:03 894300:894300 SyncActivityProfilerHandler.cpp:46] profiler_stop
[360/630] 4096x2304x6144  1289.7
USDT:2026-09-29 10:14:04 894300:894300 SyncActivityProfilerHandler.cpp:39] profiler_start
USDT:2026-09-29 10:14:04 894300:894300 SyncActivityProfilerHandler.cpp:46] profiler_stop
[361/630] 4096x2560x6144  1403.6
USDT:2026-09-29 10:14:04 894300:894300 SyncActivityProfilerHandler.cpp:39] profiler_start
USDT:2026-09-29 10:14:04 894300:894300 SyncActivityProfilerHandler.cpp:46] profiler_stop
[362/630] 4096x3072x6144  1308.6
USDT:2026-09-29 10:14:05 894300:894300 SyncActivityProfilerHandler.cpp:39] profiler_start
USDT:2026-09-29 10:14:05 894300:894300 SyncActivityProfilerHandler.cpp:46] profiler_stop
[363/630] 4096x6144x6144  1453.6
USDT:2026-09-29 10:14:05 894300:894300 SyncActivityProfilerHandler.cpp:39] profiler_start
USDT:2026-09-29 10:14:05 894300:894300 SyncActivityProfilerHandler.cpp:46] profiler_stop
[364/630] 4096x9216x6144  1460.1
USDT:2026-09-29 10:14:05 894300:894300 SyncActivityProfilerHandler.cpp:39] profiler_start
USDT:2026-09-29 10:14:05 894300:894300 SyncActivityProfilerHandler.cpp:46] profiler_stop
[365/630] 8192x2048x6144  1349.3
USDT:2026-09-29 10:14:06 894300:894300 SyncActivityProfilerHandler.cpp:39] profiler_start
USDT:2026-09-29 10:14:06 894300:894300 SyncActivityProfilerHandler.cpp:46] profiler_stop
[366/630] 8192x2304x6144  1422.5
USDT:2026-09-29 10:14:06 894300:894300 SyncActivityProfilerHandler.cpp:39] profiler_start
USDT:2026-09-29 10:14:06 894300:894300 SyncActivityProfilerHandler.cpp:46] profiler_stop
[367/630] 8192x2560x6144  1427.2
USDT:2026-09-29 10:14:07 894300:894300 SyncActivityProfilerHandler.cpp:39] profiler_start
USDT:2026-09-29 10:14:07 894300:894300 SyncActivityProfilerHandler.cpp:46] profiler_stop
[368/630] 8192x3072x6144  1328.3
USDT:2026-09-29 10:14:07 894300:894300 SyncActivityProfilerHandler.cpp:39] profiler_start
USDT:2026-09-29 10:14:07 894300:894300 SyncActivityProfilerHandler.cpp:46] profiler_stop
[369/630] 8192x6144x6144  1560.9
USDT:2026-09-29 10:14:08 894300:894300 SyncActivityProfilerHandler.cpp:39] profiler_start
USDT:2026-09-29 10:14:08 894300:894300 SyncActivityProfilerHandler.cpp:46] profiler_stop
[370/630] 8192x9216x6144  1455.6
USDT:2026-09-29 10:14:08 894300:894300 SyncActivityProfilerHandler.cpp:39] profiler_start
USDT:2026-09-29 10:14:08 894300:894300 SyncActivityProfilerHandler.cpp:46] profiler_stop
[371/630] 16384x2048x6144  1329.3
USDT:2026-09-29 10:14:08 894300:894300 SyncActivityProfilerHandler.cpp:39] profiler_start
USDT:2026-09-29 10:14:08 894300:894300 SyncActivityProfilerHandler.cpp:46] profiler_stop
[372/630] 16384x2304x6144  1408.0
USDT:2026-09-29 10:14:09 894300:894300 SyncActivityProfilerHandler.cpp:39] profiler_start
USDT:2026-09-29 10:14:09 894300:894300 SyncActivityProfilerHandler.cpp:46] profiler_stop
[373/630] 16384x2560x6144  1472.7
USDT:2026-09-29 10:14:09 894300:894300 SyncActivityProfilerHandler.cpp:39] profiler_start
USDT:2026-09-29 10:14:09 894300:894300 SyncActivityProfilerHandler.cpp:46] profiler_stop
[374/630] 16384x3072x6144  1354.3
USDT:2026-09-29 10:14:10 894300:894300 SyncActivityProfilerHandler.cpp:39] profiler_start
USDT:2026-09-29 10:14:10 894300:894300 SyncActivityProfilerHandler.cpp:46] profiler_stop
[375/630] 16384x6144x6144  1452.9
USDT:2026-09-29 10:14:10 894300:894300 SyncActivityProfilerHandler.cpp:39] profiler_start
USDT:2026-09-29 10:14:10 894300:894300 SyncActivityProfilerHandler.cpp:46] profiler_stop
[376/630] 16384x9216x6144  1399.5
USDT:2026-09-29 10:14:10 894300:894300 SyncActivityProfilerHandler.cpp:39] profiler_start
USDT:2026-09-29 10:14:10 894300:894300 SyncActivityProfilerHandler.cpp:46] profiler_stop
[377/630] 32768x2304x6144  1393.3
USDT:2026-09-29 10:14:11 894300:894300 SyncActivityProfilerHandler.cpp:39] profiler_start
USDT:2026-09-29 10:14:11 894300:894300 SyncActivityProfilerHandler.cpp:46] profiler_stop
[378/630] 32768x2560x6144  1506.2
USDT:2026-09-29 10:14:11 894300:894300 SyncActivityProfilerHandler.cpp:39] profiler_start
USDT:2026-09-29 10:14:11 894300:894300 SyncActivityProfilerHandler.cpp:46] profiler_stop
[379/630] 32768x6144x6144  1447.7
USDT:2026-09-29 10:14:12 894300:894300 SyncActivityProfilerHandler.cpp:39] profiler_start
USDT:2026-09-29 10:14:12 894300:894300 SyncActivityProfilerHandler.cpp:46] profiler_stop
[380/630] 32768x9216x6144  1457.3
USDT:2026-09-29 10:14:12 894300:894300 SyncActivityProfilerHandler.cpp:39] profiler_start
USDT:2026-09-29 10:14:12 894300:894300 SyncActivityProfilerHandler.cpp:46] profiler_stop
[381/630] 512x5120x6400   676.1
USDT:2026-09-29 10:14:12 894300:894300 SyncActivityProfilerHandler.cpp:39] profiler_start
USDT:2026-09-29 10:14:12 894300:894300 SyncActivityProfilerHandler.cpp:46] profiler_stop
[382/630] 1024x5120x6400  1061.2
USDT:2026-09-29 10:14:13 894300:894300 SyncActivityProfilerHandler.cpp:39] profiler_start
USDT:2026-09-29 10:14:13 894300:894300 SyncActivityProfilerHandler.cpp:46] profiler_stop
[383/630] 2048x5120x6400  1419.6
USDT:2026-09-29 10:14:13 894300:894300 SyncActivityProfilerHandler.cpp:39] profiler_start
USDT:2026-09-29 10:14:13 894300:894300 SyncActivityProfilerHandler.cpp:46] profiler_stop
[384/630] 4096x5120x6400  1473.3
USDT:2026-09-29 10:14:14 894300:894300 SyncActivityProfilerHandler.cpp:39] profiler_start
USDT:2026-09-29 10:14:14 894300:894300 SyncActivityProfilerHandler.cpp:46] profiler_stop
[385/630] 8192x5120x6400  1488.2
USDT:2026-09-29 10:14:14 894300:894300 SyncActivityProfilerHandler.cpp:39] profiler_start
USDT:2026-09-29 10:14:14 894300:894300 SyncActivityProfilerHandler.cpp:46] profiler_stop
[386/630] 16384x5120x6400  1556.9
USDT:2026-09-29 10:14:15 894300:894300 SyncActivityProfilerHandler.cpp:39] profiler_start
USDT:2026-09-29 10:14:15 894300:894300 SyncActivityProfilerHandler.cpp:46] profiler_stop
[387/630] 32768x5120x6400  1549.9
USDT:2026-09-29 10:14:15 894300:894300 SyncActivityProfilerHandler.cpp:39] profiler_start
USDT:2026-09-29 10:14:15 894300:894300 SyncActivityProfilerHandler.cpp:46] profiler_stop
[388/630] 512x16384x6656  1067.5
USDT:2026-09-29 10:14:15 894300:894300 SyncActivityProfilerHandler.cpp:39] profiler_start
USDT:2026-09-29 10:14:15 894300:894300 SyncActivityProfilerHandler.cpp:46] profiler_stop
[389/630] 1024x16384x6656  1547.5
USDT:2026-09-29 10:14:16 894300:894300 SyncActivityProfilerHandler.cpp:39] profiler_start
USDT:2026-09-29 10:14:16 894300:894300 SyncActivityProfilerHandler.cpp:46] profiler_stop
[390/630] 2048x16384x6656  1541.1
USDT:2026-09-29 10:14:16 894300:894300 SyncActivityProfilerHandler.cpp:39] profiler_start
USDT:2026-09-29 10:14:16 894300:894300 SyncActivityProfilerHandler.cpp:46] profiler_stop
[391/630] 4096x16384x6656  1576.3
USDT:2026-09-29 10:14:17 894300:894300 SyncActivityProfilerHandler.cpp:39] profiler_start
USDT:2026-09-29 10:14:17 894300:894300 SyncActivityProfilerHandler.cpp:46] profiler_stop
[392/630] 8192x16384x6656  1537.6
USDT:2026-09-29 10:14:17 894300:894300 SyncActivityProfilerHandler.cpp:39] profiler_start
USDT:2026-09-29 10:14:17 894300:894300 SyncActivityProfilerHandler.cpp:46] profiler_stop
[393/630] 16384x16384x6656  1498.6
USDT:2026-09-29 10:14:17 894300:894300 SyncActivityProfilerHandler.cpp:39] profiler_start
USDT:2026-09-29 10:14:17 894300:894300 SyncActivityProfilerHandler.cpp:46] profiler_stop
[394/630] 32768x16384x6656  1433.1
USDT:2026-09-29 10:14:18 894300:894300 SyncActivityProfilerHandler.cpp:39] profiler_start
USDT:2026-09-29 10:14:18 894300:894300 SyncActivityProfilerHandler.cpp:46] profiler_stop
[395/630] 512x1024x7168   158.1
USDT:2026-09-29 10:14:18 894300:894300 SyncActivityProfilerHandler.cpp:39] profiler_start
USDT:2026-09-29 10:14:18 894300:894300 SyncActivityProfilerHandler.cpp:46] profiler_stop
[396/630] 512x1536x7168   230.4
USDT:2026-09-29 10:14:19 894300:894300 SyncActivityProfilerHandler.cpp:39] profiler_start
USDT:2026-09-29 10:14:19 894300:894300 SyncActivityProfilerHandler.cpp:46] profiler_stop
[397/630] 512x2048x7168   564.1
USDT:2026-09-29 10:14:19 894300:894300 SyncActivityProfilerHandler.cpp:39] profiler_start
USDT:2026-09-29 10:14:19 894300:894300 SyncActivityProfilerHandler.cpp:46] profiler_stop
[398/630] 512x3584x7168   598.1
USDT:2026-09-29 10:14:19 894300:894300 SyncActivityProfilerHandler.cpp:39] profiler_start
USDT:2026-09-29 10:14:19 894300:894300 SyncActivityProfilerHandler.cpp:46] profiler_stop
[399/630] 512x6144x7168   783.9
USDT:2026-09-29 10:14:20 894300:894300 SyncActivityProfilerHandler.cpp:39] profiler_start
USDT:2026-09-29 10:14:20 894300:894300 SyncActivityProfilerHandler.cpp:46] profiler_stop
[400/630] 512x8192x7168   705.9
USDT:2026-09-29 10:14:20 894300:894300 SyncActivityProfilerHandler.cpp:39] profiler_start
USDT:2026-09-29 10:14:20 894300:894300 SyncActivityProfilerHandler.cpp:46] profiler_stop
[401/630] 512x8448x7168   769.9
USDT:2026-09-29 10:14:21 894300:894300 SyncActivityProfilerHandler.cpp:39] profiler_start
USDT:2026-09-29 10:14:21 894300:894300 SyncActivityProfilerHandler.cpp:46] profiler_stop
[402/630] 512x20480x7168  1203.0
USDT:2026-09-29 10:14:21 894300:894300 SyncActivityProfilerHandler.cpp:39] profiler_start
USDT:2026-09-29 10:14:21 894300:894300 SyncActivityProfilerHandler.cpp:46] profiler_stop
[403/630] 768x1024x7168   283.5
USDT:2026-09-29 10:14:21 894300:894300 SyncActivityProfilerHandler.cpp:39] profiler_start
USDT:2026-09-29 10:14:21 894300:894300 SyncActivityProfilerHandler.cpp:46] profiler_stop
[404/630] 768x2048x7168   615.5
USDT:2026-09-29 10:14:22 894300:894300 SyncActivityProfilerHandler.cpp:39] profiler_start
USDT:2026-09-29 10:14:22 894300:894300 SyncActivityProfilerHandler.cpp:46] profiler_stop
[405/630] 1024x512x7168   248.7
USDT:2026-09-29 10:14:22 894300:894300 SyncActivityProfilerHandler.cpp:39] profiler_start
USDT:2026-09-29 10:14:22 894300:894300 SyncActivityProfilerHandler.cpp:46] profiler_stop
[406/630] 1024x1024x7168   576.1
USDT:2026-09-29 10:14:23 894300:894300 SyncActivityProfilerHandler.cpp:39] profiler_start
USDT:2026-09-29 10:14:23 894300:894300 SyncActivityProfilerHandler.cpp:46] profiler_stop
[407/630] 1024x1536x7168   535.6
USDT:2026-09-29 10:14:23 894300:894300 SyncActivityProfilerHandler.cpp:39] profiler_start
USDT:2026-09-29 10:14:23 894300:894300 SyncActivityProfilerHandler.cpp:46] profiler_stop
[408/630] 1024x2048x7168   588.3
USDT:2026-09-29 10:14:23 894300:894300 SyncActivityProfilerHandler.cpp:39] profiler_start
USDT:2026-09-29 10:14:23 894300:894300 SyncActivityProfilerHandler.cpp:46] profiler_stop
[409/630] 1024x3584x7168   801.6
USDT:2026-09-29 10:14:24 894300:894300 SyncActivityProfilerHandler.cpp:39] profiler_start
USDT:2026-09-29 10:14:24 894300:894300 SyncActivityProfilerHandler.cpp:46] profiler_stop
[410/630] 1024x6144x7168  1048.2
USDT:2026-09-29 10:14:24 894300:894300 SyncActivityProfilerHandler.cpp:39] profiler_start
USDT:2026-09-29 10:14:24 894300:894300 SyncActivityProfilerHandler.cpp:46] profiler_stop
[411/630] 1024x8192x7168  1260.8
USDT:2026-09-29 10:14:25 894300:894300 SyncActivityProfilerHandler.cpp:39] profiler_start
USDT:2026-09-29 10:14:25 894300:894300 SyncActivityProfilerHandler.cpp:46] profiler_stop
[412/630] 1024x8448x7168  1293.0
USDT:2026-09-29 10:14:25 894300:894300 SyncActivityProfilerHandler.cpp:39] profiler_start
USDT:2026-09-29 10:14:25 894300:894300 SyncActivityProfilerHandler.cpp:46] profiler_stop
[413/630] 1024x20480x7168  1309.9
USDT:2026-09-29 10:14:25 894300:894300 SyncActivityProfilerHandler.cpp:39] profiler_start
USDT:2026-09-29 10:14:25 894300:894300 SyncActivityProfilerHandler.cpp:46] profiler_stop
[414/630] 1280x512x7168   279.5
USDT:2026-09-29 10:14:26 894300:894300 SyncActivityProfilerHandler.cpp:39] profiler_start
USDT:2026-09-29 10:14:26 894300:894300 SyncActivityProfilerHandler.cpp:46] profiler_stop
[415/630] 1280x1024x7168   302.7
USDT:2026-09-29 10:14:26 894300:894300 SyncActivityProfilerHandler.cpp:39] profiler_start
USDT:2026-09-29 10:14:26 894300:894300 SyncActivityProfilerHandler.cpp:46] profiler_stop
[416/630] 1280x2048x7168   671.5
USDT:2026-09-29 10:14:27 894300:894300 SyncActivityProfilerHandler.cpp:39] profiler_start
USDT:2026-09-29 10:14:27 894300:894300 SyncActivityProfilerHandler.cpp:46] profiler_stop
[417/630] 1536x512x7168   272.2
USDT:2026-09-29 10:14:27 894300:894300 SyncActivityProfilerHandler.cpp:39] profiler_start
USDT:2026-09-29 10:14:27 894300:894300 SyncActivityProfilerHandler.cpp:46] profiler_stop
[418/630] 1536x1024x7168   750.0
USDT:2026-09-29 10:14:28 894300:894300 SyncActivityProfilerHandler.cpp:39] profiler_start
USDT:2026-09-29 10:14:28 894300:894300 SyncActivityProfilerHandler.cpp:46] profiler_stop
[419/630] 1536x2048x7168   955.5
USDT:2026-09-29 10:14:28 894300:894300 SyncActivityProfilerHandler.cpp:39] profiler_start
USDT:2026-09-29 10:14:28 894300:894300 SyncActivityProfilerHandler.cpp:46] profiler_stop
[420/630] 1792x512x7168   317.8
USDT:2026-09-29 10:14:28 894300:894300 SyncActivityProfilerHandler.cpp:39] profiler_start
USDT:2026-09-29 10:14:28 894300:894300 SyncActivityProfilerHandler.cpp:46] profiler_stop
[421/630] 1792x1024x7168   341.9
USDT:2026-09-29 10:14:29 894300:894300 SyncActivityProfilerHandler.cpp:39] profiler_start
USDT:2026-09-29 10:14:29 894300:894300 SyncActivityProfilerHandler.cpp:46] profiler_stop
[422/630] 1792x2048x7168   726.6
USDT:2026-09-29 10:14:29 894300:894300 SyncActivityProfilerHandler.cpp:39] profiler_start
USDT:2026-09-29 10:14:29 894300:894300 SyncActivityProfilerHandler.cpp:46] profiler_stop
[423/630] 2048x512x7168   568.3
USDT:2026-09-29 10:14:30 894300:894300 SyncActivityProfilerHandler.cpp:39] profiler_start
USDT:2026-09-29 10:14:30 894300:894300 SyncActivityProfilerHandler.cpp:46] profiler_stop
[424/630] 2048x1024x7168   586.4
USDT:2026-09-29 10:14:30 894300:894300 SyncActivityProfilerHandler.cpp:39] profiler_start
USDT:2026-09-29 10:14:30 894300:894300 SyncActivityProfilerHandler.cpp:46] profiler_stop
[425/630] 2048x2048x7168   728.4
USDT:2026-09-29 10:14:30 894300:894300 SyncActivityProfilerHandler.cpp:39] profiler_start
USDT:2026-09-29 10:14:30 894300:894300 SyncActivityProfilerHandler.cpp:46] profiler_stop
[426/630] 2048x3584x7168  1058.6
USDT:2026-09-29 10:14:31 894300:894300 SyncActivityProfilerHandler.cpp:39] profiler_start
USDT:2026-09-29 10:14:31 894300:894300 SyncActivityProfilerHandler.cpp:46] profiler_stop
[427/630] 2048x8192x7168  1559.5
USDT:2026-09-29 10:14:31 894300:894300 SyncActivityProfilerHandler.cpp:39] profiler_start
USDT:2026-09-29 10:14:31 894300:894300 SyncActivityProfilerHandler.cpp:46] profiler_stop
[428/630] 2048x20480x7168  1419.6
USDT:2026-09-29 10:14:32 894300:894300 SyncActivityProfilerHandler.cpp:39] profiler_start
USDT:2026-09-29 10:14:32 894300:894300 SyncActivityProfilerHandler.cpp:46] profiler_stop
[429/630] 4096x512x7168   574.6
USDT:2026-09-29 10:14:32 894300:894300 SyncActivityProfilerHandler.cpp:39] profiler_start
USDT:2026-09-29 10:14:32 894300:894300 SyncActivityProfilerHandler.cpp:46] profiler_stop
[430/630] 4096x1024x7168  1007.1
USDT:2026-09-29 10:14:32 894300:894300 SyncActivityProfilerHandler.cpp:39] profiler_start
USDT:2026-09-29 10:14:32 894300:894300 SyncActivityProfilerHandler.cpp:46] profiler_stop
[431/630] 4096x2048x7168  1316.6
USDT:2026-09-29 10:14:33 894300:894300 SyncActivityProfilerHandler.cpp:39] profiler_start
USDT:2026-09-29 10:14:33 894300:894300 SyncActivityProfilerHandler.cpp:46] profiler_stop
[432/630] 4096x3584x7168  1390.1
USDT:2026-09-29 10:14:33 894300:894300 SyncActivityProfilerHandler.cpp:39] profiler_start
USDT:2026-09-29 10:14:33 894300:894300 SyncActivityProfilerHandler.cpp:46] profiler_stop
[433/630] 4096x8192x7168  1547.1
USDT:2026-09-29 10:14:34 894300:894300 SyncActivityProfilerHandler.cpp:39] profiler_start
USDT:2026-09-29 10:14:34 894300:894300 SyncActivityProfilerHandler.cpp:46] profiler_stop
[434/630] 4096x20480x7168  1459.4
USDT:2026-09-29 10:14:34 894300:894300 SyncActivityProfilerHandler.cpp:39] profiler_start
USDT:2026-09-29 10:14:34 894300:894300 SyncActivityProfilerHandler.cpp:46] profiler_stop
[435/630] 6144x512x7168   594.5
USDT:2026-09-29 10:14:34 894300:894300 SyncActivityProfilerHandler.cpp:39] profiler_start
USDT:2026-09-29 10:14:34 894300:894300 SyncActivityProfilerHandler.cpp:46] profiler_stop
[436/630] 6144x1024x7168  1047.8
USDT:2026-09-29 10:14:35 894300:894300 SyncActivityProfilerHandler.cpp:39] profiler_start
USDT:2026-09-29 10:14:35 894300:894300 SyncActivityProfilerHandler.cpp:46] profiler_stop
[437/630] 6144x2048x7168  1481.3
USDT:2026-09-29 10:14:35 894300:894300 SyncActivityProfilerHandler.cpp:39] profiler_start
USDT:2026-09-29 10:14:35 894300:894300 SyncActivityProfilerHandler.cpp:46] profiler_stop
[438/630] 8192x512x7168   586.1
USDT:2026-09-29 10:14:36 894300:894300 SyncActivityProfilerHandler.cpp:39] profiler_start
USDT:2026-09-29 10:14:36 894300:894300 SyncActivityProfilerHandler.cpp:46] profiler_stop
[439/630] 8192x1024x7168  1148.5
USDT:2026-09-29 10:14:36 894300:894300 SyncActivityProfilerHandler.cpp:39] profiler_start
USDT:2026-09-29 10:14:36 894300:894300 SyncActivityProfilerHandler.cpp:46] profiler_stop
[440/630] 8192x2048x7168  1443.6
USDT:2026-09-29 10:14:37 894300:894300 SyncActivityProfilerHandler.cpp:39] profiler_start
USDT:2026-09-29 10:14:37 894300:894300 SyncActivityProfilerHandler.cpp:46] profiler_stop
[441/630] 8192x3584x7168  1407.9
USDT:2026-09-29 10:14:37 894300:894300 SyncActivityProfilerHandler.cpp:39] profiler_start
USDT:2026-09-29 10:14:37 894300:894300 SyncActivityProfilerHandler.cpp:46] profiler_stop
[442/630] 8192x8192x7168  1579.6
USDT:2026-09-29 10:14:37 894300:894300 SyncActivityProfilerHandler.cpp:39] profiler_start
USDT:2026-09-29 10:14:37 894300:894300 SyncActivityProfilerHandler.cpp:46] profiler_stop
[443/630] 8192x20480x7168  1443.8
USDT:2026-09-29 10:14:38 894300:894300 SyncActivityProfilerHandler.cpp:39] profiler_start
USDT:2026-09-29 10:14:38 894300:894300 SyncActivityProfilerHandler.cpp:46] profiler_stop
[444/630] 10240x512x7168   930.3
USDT:2026-09-29 10:14:38 894300:894300 SyncActivityProfilerHandler.cpp:39] profiler_start
USDT:2026-09-29 10:14:38 894300:894300 SyncActivityProfilerHandler.cpp:46] profiler_stop
[445/630] 10240x1024x7168  1346.0
USDT:2026-09-29 10:14:39 894300:894300 SyncActivityProfilerHandler.cpp:39] profiler_start
USDT:2026-09-29 10:14:39 894300:894300 SyncActivityProfilerHandler.cpp:46] profiler_stop
[446/630] 10240x2048x7168  1532.5
USDT:2026-09-29 10:14:39 894300:894300 SyncActivityProfilerHandler.cpp:39] profiler_start
USDT:2026-09-29 10:14:39 894300:894300 SyncActivityProfilerHandler.cpp:46] profiler_stop
[447/630] 10240x8448x7168  1471.8
USDT:2026-09-29 10:14:39 894300:894300 SyncActivityProfilerHandler.cpp:39] profiler_start
USDT:2026-09-29 10:14:39 894300:894300 SyncActivityProfilerHandler.cpp:46] profiler_stop
[448/630] 10240x20480x7168  1484.4
USDT:2026-09-29 10:14:40 894300:894300 SyncActivityProfilerHandler.cpp:39] profiler_start
USDT:2026-09-29 10:14:40 894300:894300 SyncActivityProfilerHandler.cpp:46] profiler_stop
[449/630] 12288x512x7168  1002.9
USDT:2026-09-29 10:14:40 894300:894300 SyncActivityProfilerHandler.cpp:39] profiler_start
USDT:2026-09-29 10:14:40 894300:894300 SyncActivityProfilerHandler.cpp:46] profiler_stop
[450/630] 12288x1024x7168  1484.5
USDT:2026-09-29 10:14:41 894300:894300 SyncActivityProfilerHandler.cpp:39] profiler_start
USDT:2026-09-29 10:14:41 894300:894300 SyncActivityProfilerHandler.cpp:46] profiler_stop
[451/630] 12288x2048x7168  1498.8
USDT:2026-09-29 10:14:41 894300:894300 SyncActivityProfilerHandler.cpp:39] profiler_start
USDT:2026-09-29 10:14:41 894300:894300 SyncActivityProfilerHandler.cpp:46] profiler_stop
[452/630] 14336x512x7168  1082.2
USDT:2026-09-29 10:14:41 894300:894300 SyncActivityProfilerHandler.cpp:39] profiler_start
USDT:2026-09-29 10:14:41 894300:894300 SyncActivityProfilerHandler.cpp:46] profiler_stop
[453/630] 14336x1024x7168  1538.1
USDT:2026-09-29 10:14:42 894300:894300 SyncActivityProfilerHandler.cpp:39] profiler_start
USDT:2026-09-29 10:14:42 894300:894300 SyncActivityProfilerHandler.cpp:46] profiler_stop
[454/630] 14336x2048x7168  1528.6
USDT:2026-09-29 10:14:42 894300:894300 SyncActivityProfilerHandler.cpp:39] profiler_start
USDT:2026-09-29 10:14:42 894300:894300 SyncActivityProfilerHandler.cpp:46] profiler_stop
[455/630] 16384x512x7168  1191.0
USDT:2026-09-29 10:14:43 894300:894300 SyncActivityProfilerHandler.cpp:39] profiler_start
USDT:2026-09-29 10:14:43 894300:894300 SyncActivityProfilerHandler.cpp:46] profiler_stop
[456/630] 16384x1024x7168  1543.5
USDT:2026-09-29 10:14:43 894300:894300 SyncActivityProfilerHandler.cpp:39] profiler_start
USDT:2026-09-29 10:14:43 894300:894300 SyncActivityProfilerHandler.cpp:46] profiler_stop
[457/630] 16384x2048x7168  1562.7
USDT:2026-09-29 10:14:44 894300:894300 SyncActivityProfilerHandler.cpp:39] profiler_start
USDT:2026-09-29 10:14:44 894300:894300 SyncActivityProfilerHandler.cpp:46] profiler_stop
[458/630] 16384x3584x7168  1422.1
USDT:2026-09-29 10:14:44 894300:894300 SyncActivityProfilerHandler.cpp:39] profiler_start
USDT:2026-09-29 10:14:44 894300:894300 SyncActivityProfilerHandler.cpp:46] profiler_stop
[459/630] 16384x8192x7168  1548.0
USDT:2026-09-29 10:14:44 894300:894300 SyncActivityProfilerHandler.cpp:39] profiler_start
USDT:2026-09-29 10:14:44 894300:894300 SyncActivityProfilerHandler.cpp:46] profiler_stop
[460/630] 16384x20480x7168  1432.9
USDT:2026-09-29 10:14:45 894300:894300 SyncActivityProfilerHandler.cpp:39] profiler_start
USDT:2026-09-29 10:14:45 894300:894300 SyncActivityProfilerHandler.cpp:46] profiler_stop
[461/630] 32768x512x7168  1398.2
USDT:2026-09-29 10:14:45 894300:894300 SyncActivityProfilerHandler.cpp:39] profiler_start
USDT:2026-09-29 10:14:45 894300:894300 SyncActivityProfilerHandler.cpp:46] profiler_stop
[462/630] 32768x1024x7168  1484.3
USDT:2026-09-29 10:14:46 894300:894300 SyncActivityProfilerHandler.cpp:39] profiler_start
USDT:2026-09-29 10:14:46 894300:894300 SyncActivityProfilerHandler.cpp:46] profiler_stop
[463/630] 32768x2048x7168  1524.5
USDT:2026-09-29 10:14:46 894300:894300 SyncActivityProfilerHandler.cpp:39] profiler_start
USDT:2026-09-29 10:14:46 894300:894300 SyncActivityProfilerHandler.cpp:46] profiler_stop
[464/630] 32768x3584x7168  1405.7
USDT:2026-09-29 10:14:46 894300:894300 SyncActivityProfilerHandler.cpp:39] profiler_start
USDT:2026-09-29 10:14:46 894300:894300 SyncActivityProfilerHandler.cpp:46] profiler_stop
[465/630] 32768x8192x7168  1481.1
USDT:2026-09-29 10:14:47 894300:894300 SyncActivityProfilerHandler.cpp:39] profiler_start
USDT:2026-09-29 10:14:47 894300:894300 SyncActivityProfilerHandler.cpp:46] profiler_stop
[466/630] 32768x20480x7168  1443.5
USDT:2026-09-29 10:14:47 894300:894300 SyncActivityProfilerHandler.cpp:39] profiler_start
USDT:2026-09-29 10:14:47 894300:894300 SyncActivityProfilerHandler.cpp:46] profiler_stop
[467/630] 512x1280x8192   308.6
USDT:2026-09-29 10:14:48 894300:894300 SyncActivityProfilerHandler.cpp:39] profiler_start
USDT:2026-09-29 10:14:48 894300:894300 SyncActivityProfilerHandler.cpp:46] profiler_stop
[468/630] 512x2560x8192   624.9
USDT:2026-09-29 10:14:48 894300:894300 SyncActivityProfilerHandler.cpp:39] profiler_start
USDT:2026-09-29 10:14:48 894300:894300 SyncActivityProfilerHandler.cpp:46] profiler_stop
[469/630] 512x4096x8192   738.8
USDT:2026-09-29 10:14:49 894300:894300 SyncActivityProfilerHandler.cpp:39] profiler_start
USDT:2026-09-29 10:14:49 894300:894300 SyncActivityProfilerHandler.cpp:46] profiler_stop
[470/630] 512x4608x8192   700.7
USDT:2026-09-29 10:14:49 894300:894300 SyncActivityProfilerHandler.cpp:39] profiler_start
USDT:2026-09-29 10:14:49 894300:894300 SyncActivityProfilerHandler.cpp:46] profiler_stop
[471/630] 512x7168x8192   801.6
USDT:2026-09-29 10:14:49 894300:894300 SyncActivityProfilerHandler.cpp:39] profiler_start
USDT:2026-09-29 10:14:49 894300:894300 SyncActivityProfilerHandler.cpp:46] profiler_stop
[472/630] 512x8192x8192   773.1
USDT:2026-09-29 10:14:50 894300:894300 SyncActivityProfilerHandler.cpp:39] profiler_start
USDT:2026-09-29 10:14:50 894300:894300 SyncActivityProfilerHandler.cpp:46] profiler_stop
[473/630] 512x10240x8192   879.4
USDT:2026-09-29 10:14:50 894300:894300 SyncActivityProfilerHandler.cpp:39] profiler_start
USDT:2026-09-29 10:14:50 894300:894300 SyncActivityProfilerHandler.cpp:46] profiler_stop
[474/630] 512x14336x8192   981.9
USDT:2026-09-29 10:14:51 894300:894300 SyncActivityProfilerHandler.cpp:39] profiler_start
USDT:2026-09-29 10:14:51 894300:894300 SyncActivityProfilerHandler.cpp:46] profiler_stop
[475/630] 512x16384x8192  1113.0
USDT:2026-09-29 10:14:51 894300:894300 SyncActivityProfilerHandler.cpp:39] profiler_start
USDT:2026-09-29 10:14:51 894300:894300 SyncActivityProfilerHandler.cpp:46] profiler_stop
[476/630] 512x57344x8192  1270.5
USDT:2026-09-29 10:14:51 894300:894300 SyncActivityProfilerHandler.cpp:39] profiler_start
USDT:2026-09-29 10:14:51 894300:894300 SyncActivityProfilerHandler.cpp:46] profiler_stop
[477/630] 768x4096x8192   765.9
USDT:2026-09-29 10:14:52 894300:894300 SyncActivityProfilerHandler.cpp:39] profiler_start
USDT:2026-09-29 10:14:52 894300:894300 SyncActivityProfilerHandler.cpp:46] profiler_stop
[478/630] 1024x512x8192   313.8
USDT:2026-09-29 10:14:52 894300:894300 SyncActivityProfilerHandler.cpp:39] profiler_start
USDT:2026-09-29 10:14:52 894300:894300 SyncActivityProfilerHandler.cpp:46] profiler_stop
[479/630] 1024x1280x8192   621.6
USDT:2026-09-29 10:14:53 894300:894300 SyncActivityProfilerHandler.cpp:39] profiler_start
USDT:2026-09-29 10:14:53 894300:894300 SyncActivityProfilerHandler.cpp:46] profiler_stop
[480/630] 1024x2560x8192   823.9
USDT:2026-09-29 10:14:53 894300:894300 SyncActivityProfilerHandler.cpp:39] profiler_start
USDT:2026-09-29 10:14:53 894300:894300 SyncActivityProfilerHandler.cpp:46] profiler_stop
[481/630] 1024x4096x8192   793.6
USDT:2026-09-29 10:14:54 894300:894300 SyncActivityProfilerHandler.cpp:39] profiler_start
USDT:2026-09-29 10:14:54 894300:894300 SyncActivityProfilerHandler.cpp:46] profiler_stop
[482/630] 1024x4608x8192   484.6
USDT:2026-09-29 10:14:54 894300:894300 SyncActivityProfilerHandler.cpp:39] profiler_start
USDT:2026-09-29 10:14:54 894300:894300 SyncActivityProfilerHandler.cpp:46] profiler_stop
[483/630] 1024x7168x8192  1243.9
USDT:2026-09-29 10:14:54 894300:894300 SyncActivityProfilerHandler.cpp:39] profiler_start
USDT:2026-09-29 10:14:54 894300:894300 SyncActivityProfilerHandler.cpp:46] profiler_stop
[484/630] 1024x8192x8192  1276.1
USDT:2026-09-29 10:14:55 894300:894300 SyncActivityProfilerHandler.cpp:39] profiler_start
USDT:2026-09-29 10:14:55 894300:894300 SyncActivityProfilerHandler.cpp:46] profiler_stop
[485/630] 1024x10240x8192  1462.4
USDT:2026-09-29 10:14:55 894300:894300 SyncActivityProfilerHandler.cpp:39] profiler_start
USDT:2026-09-29 10:14:55 894300:894300 SyncActivityProfilerHandler.cpp:46] profiler_stop
[486/630] 1024x14336x8192  1370.6
USDT:2026-09-29 10:14:56 894300:894300 SyncActivityProfilerHandler.cpp:39] profiler_start
USDT:2026-09-29 10:14:56 894300:894300 SyncActivityProfilerHandler.cpp:46] profiler_stop
[487/630] 1024x16384x8192  1505.0
USDT:2026-09-29 10:14:56 894300:894300 SyncActivityProfilerHandler.cpp:39] profiler_start
USDT:2026-09-29 10:14:56 894300:894300 SyncActivityProfilerHandler.cpp:46] profiler_stop
[488/630] 1024x57344x8192  1366.6
USDT:2026-09-29 10:14:56 894300:894300 SyncActivityProfilerHandler.cpp:39] profiler_start
USDT:2026-09-29 10:14:56 894300:894300 SyncActivityProfilerHandler.cpp:46] profiler_stop
[489/630] 2048x512x8192   296.5
USDT:2026-09-29 10:14:57 894300:894300 SyncActivityProfilerHandler.cpp:39] profiler_start
USDT:2026-09-29 10:14:57 894300:894300 SyncActivityProfilerHandler.cpp:46] profiler_stop
[490/630] 2048x1280x8192   825.8
USDT:2026-09-29 10:14:57 894300:894300 SyncActivityProfilerHandler.cpp:39] profiler_start
USDT:2026-09-29 10:14:57 894300:894300 SyncActivityProfilerHandler.cpp:46] profiler_stop
[491/630] 2048x2560x8192  1085.7
USDT:2026-09-29 10:14:58 894300:894300 SyncActivityProfilerHandler.cpp:39] profiler_start
USDT:2026-09-29 10:14:58 894300:894300 SyncActivityProfilerHandler.cpp:46] profiler_stop
[492/630] 2048x4096x8192  1396.3
USDT:2026-09-29 10:14:58 894300:894300 SyncActivityProfilerHandler.cpp:39] profiler_start
USDT:2026-09-29 10:14:58 894300:894300 SyncActivityProfilerHandler.cpp:46] profiler_stop
[493/630] 2048x4608x8192  1360.0
USDT:2026-09-29 10:14:58 894300:894300 SyncActivityProfilerHandler.cpp:39] profiler_start
USDT:2026-09-29 10:14:58 894300:894300 SyncActivityProfilerHandler.cpp:46] profiler_stop
[494/630] 2048x7168x8192  1413.0
USDT:2026-09-29 10:14:59 894300:894300 SyncActivityProfilerHandler.cpp:39] profiler_start
USDT:2026-09-29 10:14:59 894300:894300 SyncActivityProfilerHandler.cpp:46] profiler_stop
[495/630] 2048x8192x8192  1577.2
USDT:2026-09-29 10:14:59 894300:894300 SyncActivityProfilerHandler.cpp:39] profiler_start
USDT:2026-09-29 10:14:59 894300:894300 SyncActivityProfilerHandler.cpp:46] profiler_stop
[496/630] 2048x10240x8192  1488.6
USDT:2026-09-29 10:15:00 894300:894300 SyncActivityProfilerHandler.cpp:39] profiler_start
USDT:2026-09-29 10:15:00 894300:894300 SyncActivityProfilerHandler.cpp:46] profiler_stop
[497/630] 2048x14336x8192  1353.5
USDT:2026-09-29 10:15:00 894300:894300 SyncActivityProfilerHandler.cpp:39] profiler_start
USDT:2026-09-29 10:15:00 894300:894300 SyncActivityProfilerHandler.cpp:46] profiler_stop
[498/630] 2048x16384x8192  1512.1
USDT:2026-09-29 10:15:01 894300:894300 SyncActivityProfilerHandler.cpp:39] profiler_start
USDT:2026-09-29 10:15:01 894300:894300 SyncActivityProfilerHandler.cpp:46] profiler_stop
[499/630] 2048x57344x8192  1512.3
USDT:2026-09-29 10:15:01 894300:894300 SyncActivityProfilerHandler.cpp:39] profiler_start
USDT:2026-09-29 10:15:01 894300:894300 SyncActivityProfilerHandler.cpp:46] profiler_stop
[500/630] 4096x512x8192   577.5
USDT:2026-09-29 10:15:01 894300:894300 SyncActivityProfilerHandler.cpp:39] profiler_start
USDT:2026-09-29 10:15:01 894300:894300 SyncActivityProfilerHandler.cpp:46] profiler_stop
[501/630] 4096x1280x8192  1086.7
USDT:2026-09-29 10:15:02 894300:894300 SyncActivityProfilerHandler.cpp:39] profiler_start
USDT:2026-09-29 10:15:02 894300:894300 SyncActivityProfilerHandler.cpp:46] profiler_stop
[502/630] 4096x2560x8192  1464.7
USDT:2026-09-29 10:15:02 894300:894300 SyncActivityProfilerHandler.cpp:39] profiler_start
USDT:2026-09-29 10:15:02 894300:894300 SyncActivityProfilerHandler.cpp:46] profiler_stop
[503/630] 4096x4096x8192  1542.1
USDT:2026-09-29 10:15:03 894300:894300 SyncActivityProfilerHandler.cpp:39] profiler_start
USDT:2026-09-29 10:15:03 894300:894300 SyncActivityProfilerHandler.cpp:46] profiler_stop
[504/630] 4096x4608x8192  1464.0
USDT:2026-09-29 10:15:03 894300:894300 SyncActivityProfilerHandler.cpp:39] profiler_start
USDT:2026-09-29 10:15:03 894300:894300 SyncActivityProfilerHandler.cpp:46] profiler_stop
[505/630] 4096x7168x8192  1420.3
USDT:2026-09-29 10:15:03 894300:894300 SyncActivityProfilerHandler.cpp:39] profiler_start
USDT:2026-09-29 10:15:03 894300:894300 SyncActivityProfilerHandler.cpp:46] profiler_stop
[506/630] 4096x8192x8192  1587.8
USDT:2026-09-29 10:15:04 894300:894300 SyncActivityProfilerHandler.cpp:39] profiler_start
USDT:2026-09-29 10:15:04 894300:894300 SyncActivityProfilerHandler.cpp:46] profiler_stop
[507/630] 4096x10240x8192  1499.3
USDT:2026-09-29 10:15:04 894300:894300 SyncActivityProfilerHandler.cpp:39] profiler_start
USDT:2026-09-29 10:15:04 894300:894300 SyncActivityProfilerHandler.cpp:46] profiler_stop
[508/630] 4096x14336x8192  1447.9
USDT:2026-09-29 10:15:05 894300:894300 SyncActivityProfilerHandler.cpp:39] profiler_start
USDT:2026-09-29 10:15:05 894300:894300 SyncActivityProfilerHandler.cpp:46] profiler_stop
[509/630] 4096x16384x8192  1526.5
USDT:2026-09-29 10:15:05 894300:894300 SyncActivityProfilerHandler.cpp:39] profiler_start
USDT:2026-09-29 10:15:05 894300:894300 SyncActivityProfilerHandler.cpp:46] profiler_stop
[510/630] 4096x57344x8192  1485.2
USDT:2026-09-29 10:15:05 894300:894300 SyncActivityProfilerHandler.cpp:39] profiler_start
USDT:2026-09-29 10:15:05 894300:894300 SyncActivityProfilerHandler.cpp:46] profiler_stop
[511/630] 8192x512x8192   629.5
USDT:2026-09-29 10:15:06 894300:894300 SyncActivityProfilerHandler.cpp:39] profiler_start
USDT:2026-09-29 10:15:06 894300:894300 SyncActivityProfilerHandler.cpp:46] profiler_stop
[512/630] 8192x1280x8192  1464.9
USDT:2026-09-29 10:15:06 894300:894300 SyncActivityProfilerHandler.cpp:39] profiler_start
USDT:2026-09-29 10:15:06 894300:894300 SyncActivityProfilerHandler.cpp:46] profiler_stop
[513/630] 8192x2560x8192  1472.0
USDT:2026-09-29 10:15:07 894300:894300 SyncActivityProfilerHandler.cpp:39] profiler_start
USDT:2026-09-29 10:15:07 894300:894300 SyncActivityProfilerHandler.cpp:46] profiler_stop
[514/630] 8192x4096x8192  1575.5
USDT:2026-09-29 10:15:07 894300:894300 SyncActivityProfilerHandler.cpp:39] profiler_start
USDT:2026-09-29 10:15:07 894300:894300 SyncActivityProfilerHandler.cpp:46] profiler_stop
[515/630] 8192x4608x8192  1463.9
USDT:2026-09-29 10:15:07 894300:894300 SyncActivityProfilerHandler.cpp:39] profiler_start
USDT:2026-09-29 10:15:07 894300:894300 SyncActivityProfilerHandler.cpp:46] profiler_stop
[516/630] 8192x7168x8192  1472.5
USDT:2026-09-29 10:15:08 894300:894300 SyncActivityProfilerHandler.cpp:39] profiler_start
USDT:2026-09-29 10:15:08 894300:894300 SyncActivityProfilerHandler.cpp:46] profiler_stop
[517/630] 8192x8192x8192  1576.6
USDT:2026-09-29 10:15:08 894300:894300 SyncActivityProfilerHandler.cpp:39] profiler_start
USDT:2026-09-29 10:15:08 894300:894300 SyncActivityProfilerHandler.cpp:46] profiler_stop
[518/630] 8192x10240x8192  1468.5
USDT:2026-09-29 10:15:09 894300:894300 SyncActivityProfilerHandler.cpp:39] profiler_start
USDT:2026-09-29 10:15:09 894300:894300 SyncActivityProfilerHandler.cpp:46] profiler_stop
[519/630] 8192x14336x8192  1419.1
USDT:2026-09-29 10:15:09 894300:894300 SyncActivityProfilerHandler.cpp:39] profiler_start
USDT:2026-09-29 10:15:09 894300:894300 SyncActivityProfilerHandler.cpp:46] profiler_stop
[520/630] 8192x16384x8192  1528.3
USDT:2026-09-29 10:15:10 894300:894300 SyncActivityProfilerHandler.cpp:39] profiler_start
USDT:2026-09-29 10:15:10 894300:894300 SyncActivityProfilerHandler.cpp:46] profiler_stop
[521/630] 8192x57344x8192  1456.8
USDT:2026-09-29 10:15:10 894300:894300 SyncActivityProfilerHandler.cpp:39] profiler_start
USDT:2026-09-29 10:15:10 894300:894300 SyncActivityProfilerHandler.cpp:46] profiler_stop
[522/630] 16384x512x8192  1207.1
USDT:2026-09-29 10:15:10 894300:894300 SyncActivityProfilerHandler.cpp:39] profiler_start
USDT:2026-09-29 10:15:10 894300:894300 SyncActivityProfilerHandler.cpp:46] profiler_stop
[523/630] 16384x1280x8192  1402.2
USDT:2026-09-29 10:15:11 894300:894300 SyncActivityProfilerHandler.cpp:39] profiler_start
USDT:2026-09-29 10:15:11 894300:894300 SyncActivityProfilerHandler.cpp:46] profiler_stop
[524/630] 16384x2560x8192  1430.8
USDT:2026-09-29 10:15:11 894300:894300 SyncActivityProfilerHandler.cpp:39] profiler_start
USDT:2026-09-29 10:15:11 894300:894300 SyncActivityProfilerHandler.cpp:46] profiler_stop
[525/630] 16384x4608x8192  1400.5
USDT:2026-09-29 10:15:12 894300:894300 SyncActivityProfilerHandler.cpp:39] profiler_start
USDT:2026-09-29 10:15:12 894300:894300 SyncActivityProfilerHandler.cpp:46] profiler_stop
[526/630] 16384x7168x8192  1423.3
USDT:2026-09-29 10:15:12 894300:894300 SyncActivityProfilerHandler.cpp:39] profiler_start
USDT:2026-09-29 10:15:12 894300:894300 SyncActivityProfilerHandler.cpp:46] profiler_stop
[527/630] 16384x8192x8192  1596.0
USDT:2026-09-29 10:15:12 894300:894300 SyncActivityProfilerHandler.cpp:39] profiler_start
USDT:2026-09-29 10:15:12 894300:894300 SyncActivityProfilerHandler.cpp:46] profiler_stop
[528/630] 16384x10240x8192  1453.1
USDT:2026-09-29 10:15:13 894300:894300 SyncActivityProfilerHandler.cpp:39] profiler_start
USDT:2026-09-29 10:15:13 894300:894300 SyncActivityProfilerHandler.cpp:46] profiler_stop
[529/630] 16384x14336x8192  1474.2
USDT:2026-09-29 10:15:13 894300:894300 SyncActivityProfilerHandler.cpp:39] profiler_start
USDT:2026-09-29 10:15:13 894300:894300 SyncActivityProfilerHandler.cpp:46] profiler_stop
[530/630] 16384x16384x8192  1483.5
USDT:2026-09-29 10:15:14 894300:894300 SyncActivityProfilerHandler.cpp:39] profiler_start
USDT:2026-09-29 10:15:14 894300:894300 SyncActivityProfilerHandler.cpp:46] profiler_stop
[531/630] 16384x57344x8192  1439.0
USDT:2026-09-29 10:15:14 894300:894300 SyncActivityProfilerHandler.cpp:39] profiler_start
USDT:2026-09-29 10:15:14 894300:894300 SyncActivityProfilerHandler.cpp:46] profiler_stop
[532/630] 32768x1280x8192  1449.9
USDT:2026-09-29 10:15:14 894300:894300 SyncActivityProfilerHandler.cpp:39] profiler_start
USDT:2026-09-29 10:15:14 894300:894300 SyncActivityProfilerHandler.cpp:46] profiler_stop
[533/630] 32768x2560x8192  1560.1
USDT:2026-09-29 10:15:15 894300:894300 SyncActivityProfilerHandler.cpp:39] profiler_start
USDT:2026-09-29 10:15:15 894300:894300 SyncActivityProfilerHandler.cpp:46] profiler_stop
[534/630] 32768x7168x8192  1477.7
USDT:2026-09-29 10:15:15 894300:894300 SyncActivityProfilerHandler.cpp:39] profiler_start
USDT:2026-09-29 10:15:15 894300:894300 SyncActivityProfilerHandler.cpp:46] profiler_stop
[535/630] 32768x8192x8192  1597.4
USDT:2026-09-29 10:15:16 894300:894300 SyncActivityProfilerHandler.cpp:39] profiler_start
USDT:2026-09-29 10:15:16 894300:894300 SyncActivityProfilerHandler.cpp:46] profiler_stop
[536/630] 32768x10240x8192  1568.1
USDT:2026-09-29 10:15:16 894300:894300 SyncActivityProfilerHandler.cpp:39] profiler_start
USDT:2026-09-29 10:15:16 894300:894300 SyncActivityProfilerHandler.cpp:46] profiler_stop
[537/630] 32768x14336x8192  1460.5
USDT:2026-09-29 10:15:16 894300:894300 SyncActivityProfilerHandler.cpp:39] profiler_start
USDT:2026-09-29 10:15:17 894300:894300 SyncActivityProfilerHandler.cpp:46] profiler_stop
[538/630] 32768x16384x8192  1455.4
USDT:2026-09-29 10:15:17 894300:894300 SyncActivityProfilerHandler.cpp:39] profiler_start
USDT:2026-09-29 10:15:17 894300:894300 SyncActivityProfilerHandler.cpp:46] profiler_stop
[539/630] 32768x57344x8192  1556.2
USDT:2026-09-29 10:15:18 894300:894300 SyncActivityProfilerHandler.cpp:39] profiler_start
USDT:2026-09-29 10:15:18 894300:894300 SyncActivityProfilerHandler.cpp:46] profiler_stop
[540/630] 512x6144x12288   949.7
USDT:2026-09-29 10:15:18 894300:894300 SyncActivityProfilerHandler.cpp:39] profiler_start
USDT:2026-09-29 10:15:18 894300:894300 SyncActivityProfilerHandler.cpp:46] profiler_stop
[541/630] 1024x6144x12288  1089.4
USDT:2026-09-29 10:15:18 894300:894300 SyncActivityProfilerHandler.cpp:39] profiler_start
USDT:2026-09-29 10:15:18 894300:894300 SyncActivityProfilerHandler.cpp:46] profiler_stop
[542/630] 2048x6144x12288  1522.7
USDT:2026-09-29 10:15:19 894300:894300 SyncActivityProfilerHandler.cpp:39] profiler_start
USDT:2026-09-29 10:15:19 894300:894300 SyncActivityProfilerHandler.cpp:46] profiler_stop
[543/630] 4096x6144x12288  1526.3
USDT:2026-09-29 10:15:19 894300:894300 SyncActivityProfilerHandler.cpp:39] profiler_start
USDT:2026-09-29 10:15:19 894300:894300 SyncActivityProfilerHandler.cpp:46] profiler_stop
[544/630] 8192x6144x12288  1593.0
USDT:2026-09-29 10:15:20 894300:894300 SyncActivityProfilerHandler.cpp:39] profiler_start
USDT:2026-09-29 10:15:20 894300:894300 SyncActivityProfilerHandler.cpp:46] profiler_stop
[545/630] 16384x6144x12288  1470.3
USDT:2026-09-29 10:15:20 894300:894300 SyncActivityProfilerHandler.cpp:39] profiler_start
USDT:2026-09-29 10:15:20 894300:894300 SyncActivityProfilerHandler.cpp:46] profiler_stop
[546/630] 32768x6144x12288  1467.6
USDT:2026-09-29 10:15:20 894300:894300 SyncActivityProfilerHandler.cpp:39] profiler_start
USDT:2026-09-29 10:15:20 894300:894300 SyncActivityProfilerHandler.cpp:46] profiler_stop
[547/630] 512x16384x13312  1117.8
USDT:2026-09-29 10:15:21 894300:894300 SyncActivityProfilerHandler.cpp:39] profiler_start
USDT:2026-09-29 10:15:21 894300:894300 SyncActivityProfilerHandler.cpp:46] profiler_stop
[548/630] 1024x16384x13312  1491.9
USDT:2026-09-29 10:15:21 894300:894300 SyncActivityProfilerHandler.cpp:39] profiler_start
USDT:2026-09-29 10:15:21 894300:894300 SyncActivityProfilerHandler.cpp:46] profiler_stop
[549/630] 2048x16384x13312  1539.8
USDT:2026-09-29 10:15:22 894300:894300 SyncActivityProfilerHandler.cpp:39] profiler_start
USDT:2026-09-29 10:15:22 894300:894300 SyncActivityProfilerHandler.cpp:46] profiler_stop
[550/630] 4096x16384x13312  1506.6
USDT:2026-09-29 10:15:22 894300:894300 SyncActivityProfilerHandler.cpp:39] profiler_start
USDT:2026-09-29 10:15:22 894300:894300 SyncActivityProfilerHandler.cpp:46] profiler_stop
[551/630] 8192x16384x13312  1510.8
USDT:2026-09-29 10:15:23 894300:894300 SyncActivityProfilerHandler.cpp:39] profiler_start
USDT:2026-09-29 10:15:23 894300:894300 SyncActivityProfilerHandler.cpp:46] profiler_stop
[552/630] 16384x16384x13312  1425.1
USDT:2026-09-29 10:15:23 894300:894300 SyncActivityProfilerHandler.cpp:39] profiler_start
USDT:2026-09-29 10:15:23 894300:894300 SyncActivityProfilerHandler.cpp:46] profiler_stop
[553/630] 32768x16384x13312  1459.5
USDT:2026-09-29 10:15:23 894300:894300 SyncActivityProfilerHandler.cpp:39] profiler_start
USDT:2026-09-29 10:15:23 894300:894300 SyncActivityProfilerHandler.cpp:46] profiler_stop
[554/630] 512x2304x16384   560.0
USDT:2026-09-29 10:15:24 894300:894300 SyncActivityProfilerHandler.cpp:39] profiler_start
USDT:2026-09-29 10:15:24 894300:894300 SyncActivityProfilerHandler.cpp:46] profiler_stop
[555/630] 512x4608x16384   563.5
USDT:2026-09-29 10:15:24 894300:894300 SyncActivityProfilerHandler.cpp:39] profiler_start
USDT:2026-09-29 10:15:24 894300:894300 SyncActivityProfilerHandler.cpp:46] profiler_stop
[556/630] 512x9216x16384   976.2
USDT:2026-09-29 10:15:25 894300:894300 SyncActivityProfilerHandler.cpp:39] profiler_start
USDT:2026-09-29 10:15:25 894300:894300 SyncActivityProfilerHandler.cpp:46] profiler_stop
[557/630] 512x13312x16384  1109.1
USDT:2026-09-29 10:15:25 894300:894300 SyncActivityProfilerHandler.cpp:39] profiler_start
USDT:2026-09-29 10:15:25 894300:894300 SyncActivityProfilerHandler.cpp:46] profiler_stop
[558/630] 512x26624x16384  1237.8
USDT:2026-09-29 10:15:25 894300:894300 SyncActivityProfilerHandler.cpp:39] profiler_start
USDT:2026-09-29 10:15:25 894300:894300 SyncActivityProfilerHandler.cpp:46] profiler_stop
[559/630] 512x53248x16384  1240.3
USDT:2026-09-29 10:15:26 894300:894300 SyncActivityProfilerHandler.cpp:39] profiler_start
USDT:2026-09-29 10:15:26 894300:894300 SyncActivityProfilerHandler.cpp:46] profiler_stop
[560/630] 1024x2304x16384   645.4
USDT:2026-09-29 10:15:26 894300:894300 SyncActivityProfilerHandler.cpp:39] profiler_start
USDT:2026-09-29 10:15:26 894300:894300 SyncActivityProfilerHandler.cpp:46] profiler_stop
[561/630] 1024x4608x16384   507.8
USDT:2026-09-29 10:15:27 894300:894300 SyncActivityProfilerHandler.cpp:39] profiler_start
USDT:2026-09-29 10:15:27 894300:894300 SyncActivityProfilerHandler.cpp:46] profiler_stop
[562/630] 1024x9216x16384  1238.4
USDT:2026-09-29 10:15:27 894300:894300 SyncActivityProfilerHandler.cpp:39] profiler_start
USDT:2026-09-29 10:15:27 894300:894300 SyncActivityProfilerHandler.cpp:46] profiler_stop
[563/630] 1024x13312x16384  1250.0
USDT:2026-09-29 10:15:28 894300:894300 SyncActivityProfilerHandler.cpp:39] profiler_start
USDT:2026-09-29 10:15:28 894300:894300 SyncActivityProfilerHandler.cpp:46] profiler_stop
[564/630] 1024x26624x16384  1256.2
USDT:2026-09-29 10:15:28 894300:894300 SyncActivityProfilerHandler.cpp:39] profiler_start
USDT:2026-09-29 10:15:28 894300:894300 SyncActivityProfilerHandler.cpp:46] profiler_stop
[565/630] 1024x53248x16384  1342.4
USDT:2026-09-29 10:15:28 894300:894300 SyncActivityProfilerHandler.cpp:39] profiler_start
USDT:2026-09-29 10:15:28 894300:894300 SyncActivityProfilerHandler.cpp:46] profiler_stop
[566/630] 2048x2304x16384   503.6
USDT:2026-09-29 10:15:29 894300:894300 SyncActivityProfilerHandler.cpp:39] profiler_start
USDT:2026-09-29 10:15:29 894300:894300 SyncActivityProfilerHandler.cpp:46] profiler_stop
[567/630] 2048x4608x16384  1329.4
USDT:2026-09-29 10:15:29 894300:894300 SyncActivityProfilerHandler.cpp:39] profiler_start
USDT:2026-09-29 10:15:29 894300:894300 SyncActivityProfilerHandler.cpp:46] profiler_stop
[568/630] 2048x9216x16384  1372.8
USDT:2026-09-29 10:15:30 894300:894300 SyncActivityProfilerHandler.cpp:39] profiler_start
USDT:2026-09-29 10:15:30 894300:894300 SyncActivityProfilerHandler.cpp:46] profiler_stop
[569/630] 2048x13312x16384  1245.9
USDT:2026-09-29 10:15:30 894300:894300 SyncActivityProfilerHandler.cpp:39] profiler_start
USDT:2026-09-29 10:15:30 894300:894300 SyncActivityProfilerHandler.cpp:46] profiler_stop
[570/630] 2048x26624x16384  1372.0
USDT:2026-09-29 10:15:30 894300:894300 SyncActivityProfilerHandler.cpp:39] profiler_start
USDT:2026-09-29 10:15:30 894300:894300 SyncActivityProfilerHandler.cpp:46] profiler_stop
[571/630] 2048x53248x16384  1385.9
USDT:2026-09-29 10:15:31 894300:894300 SyncActivityProfilerHandler.cpp:39] profiler_start
USDT:2026-09-29 10:15:31 894300:894300 SyncActivityProfilerHandler.cpp:46] profiler_stop
[572/630] 4096x2304x16384  1350.4
USDT:2026-09-29 10:15:31 894300:894300 SyncActivityProfilerHandler.cpp:39] profiler_start
USDT:2026-09-29 10:15:31 894300:894300 SyncActivityProfilerHandler.cpp:46] profiler_stop
[573/630] 4096x4608x16384  1451.2
USDT:2026-09-29 10:15:32 894300:894300 SyncActivityProfilerHandler.cpp:39] profiler_start
USDT:2026-09-29 10:15:32 894300:894300 SyncActivityProfilerHandler.cpp:46] profiler_stop
[574/630] 4096x9216x16384  1464.4
USDT:2026-09-29 10:15:32 894300:894300 SyncActivityProfilerHandler.cpp:39] profiler_start
USDT:2026-09-29 10:15:32 894300:894300 SyncActivityProfilerHandler.cpp:46] profiler_stop
[575/630] 4096x13312x16384  1424.5
USDT:2026-09-29 10:15:33 894300:894300 SyncActivityProfilerHandler.cpp:39] profiler_start
USDT:2026-09-29 10:15:33 894300:894300 SyncActivityProfilerHandler.cpp:46] profiler_stop
[576/630] 4096x26624x16384  1429.8
USDT:2026-09-29 10:15:33 894300:894300 SyncActivityProfilerHandler.cpp:39] profiler_start
USDT:2026-09-29 10:15:33 894300:894300 SyncActivityProfilerHandler.cpp:46] profiler_stop
[577/630] 4096x53248x16384  1443.4
USDT:2026-09-29 10:15:33 894300:894300 SyncActivityProfilerHandler.cpp:39] profiler_start
USDT:2026-09-29 10:15:33 894300:894300 SyncActivityProfilerHandler.cpp:46] profiler_stop
[578/630] 8192x2304x16384  1456.9
USDT:2026-09-29 10:15:34 894300:894300 SyncActivityProfilerHandler.cpp:39] profiler_start
USDT:2026-09-29 10:15:34 894300:894300 SyncActivityProfilerHandler.cpp:46] profiler_stop
[579/630] 8192x4608x16384  1452.8
USDT:2026-09-29 10:15:34 894300:894300 SyncActivityProfilerHandler.cpp:39] profiler_start
USDT:2026-09-29 10:15:34 894300:894300 SyncActivityProfilerHandler.cpp:46] profiler_stop
[580/630] 8192x9216x16384  1453.1
USDT:2026-09-29 10:15:35 894300:894300 SyncActivityProfilerHandler.cpp:39] profiler_start
USDT:2026-09-29 10:15:35 894300:894300 SyncActivityProfilerHandler.cpp:46] profiler_stop
[581/630] 8192x13312x16384  1379.0
USDT:2026-09-29 10:15:35 894300:894300 SyncActivityProfilerHandler.cpp:39] profiler_start
USDT:2026-09-29 10:15:35 894300:894300 SyncActivityProfilerHandler.cpp:46] profiler_stop
[582/630] 8192x26624x16384  1442.7
USDT:2026-09-29 10:15:36 894300:894300 SyncActivityProfilerHandler.cpp:39] profiler_start
USDT:2026-09-29 10:15:36 894300:894300 SyncActivityProfilerHandler.cpp:46] profiler_stop
[583/630] 8192x53248x16384  1488.4
USDT:2026-09-29 10:15:36 894300:894300 SyncActivityProfilerHandler.cpp:39] profiler_start
USDT:2026-09-29 10:15:36 894300:894300 SyncActivityProfilerHandler.cpp:46] profiler_stop
[584/630] 16384x2304x16384  1466.3
USDT:2026-09-29 10:15:36 894300:894300 SyncActivityProfilerHandler.cpp:39] profiler_start
USDT:2026-09-29 10:15:36 894300:894300 SyncActivityProfilerHandler.cpp:46] profiler_stop
[585/630] 16384x4608x16384  1429.3
USDT:2026-09-29 10:15:37 894300:894300 SyncActivityProfilerHandler.cpp:39] profiler_start
USDT:2026-09-29 10:15:37 894300:894300 SyncActivityProfilerHandler.cpp:46] profiler_stop
[586/630] 16384x9216x16384  1489.2
USDT:2026-09-29 10:15:37 894300:894300 SyncActivityProfilerHandler.cpp:39] profiler_start
USDT:2026-09-29 10:15:37 894300:894300 SyncActivityProfilerHandler.cpp:46] profiler_stop
[587/630] 16384x13312x16384  1422.4
USDT:2026-09-29 10:15:38 894300:894300 SyncActivityProfilerHandler.cpp:39] profiler_start
USDT:2026-09-29 10:15:38 894300:894300 SyncActivityProfilerHandler.cpp:46] profiler_stop
[588/630] 16384x26624x16384  1467.8
USDT:2026-09-29 10:15:38 894300:894300 SyncActivityProfilerHandler.cpp:39] profiler_start
USDT:2026-09-29 10:15:38 894300:894300 SyncActivityProfilerHandler.cpp:46] profiler_stop
[589/630] 16384x53248x16384  1477.0
USDT:2026-09-29 10:15:39 894300:894300 SyncActivityProfilerHandler.cpp:39] profiler_start
USDT:2026-09-29 10:15:39 894300:894300 SyncActivityProfilerHandler.cpp:46] profiler_stop
[590/630] 32768x2304x16384  1458.0
USDT:2026-09-29 10:15:39 894300:894300 SyncActivityProfilerHandler.cpp:39] profiler_start
USDT:2026-09-29 10:15:39 894300:894300 SyncActivityProfilerHandler.cpp:46] profiler_stop
[591/630] 32768x4608x16384  1489.9
USDT:2026-09-29 10:15:40 894300:894300 SyncActivityProfilerHandler.cpp:39] profiler_start
USDT:2026-09-29 10:15:40 894300:894300 SyncActivityProfilerHandler.cpp:46] profiler_stop
[592/630] 32768x9216x16384  1473.4
USDT:2026-09-29 10:15:40 894300:894300 SyncActivityProfilerHandler.cpp:39] profiler_start
USDT:2026-09-29 10:15:40 894300:894300 SyncActivityProfilerHandler.cpp:46] profiler_stop
[593/630] 32768x13312x16384  1476.5
USDT:2026-09-29 10:15:41 894300:894300 SyncActivityProfilerHandler.cpp:39] profiler_start
USDT:2026-09-29 10:15:41 894300:894300 SyncActivityProfilerHandler.cpp:46] profiler_stop
[594/630] 32768x26624x16384  1472.9
USDT:2026-09-29 10:15:41 894300:894300 SyncActivityProfilerHandler.cpp:39] profiler_start
USDT:2026-09-29 10:15:41 894300:894300 SyncActivityProfilerHandler.cpp:46] profiler_stop
[595/630] 32768x53248x16384  1495.9
USDT:2026-09-29 10:15:43 894300:894300 SyncActivityProfilerHandler.cpp:39] profiler_start
USDT:2026-09-29 10:15:43 894300:894300 SyncActivityProfilerHandler.cpp:46] profiler_stop
[596/630] 512x6144x18432  1021.5
USDT:2026-09-29 10:15:43 894300:894300 SyncActivityProfilerHandler.cpp:39] profiler_start
USDT:2026-09-29 10:15:43 894300:894300 SyncActivityProfilerHandler.cpp:46] profiler_stop
[597/630] 1024x6144x18432  1306.4
USDT:2026-09-29 10:15:43 894300:894300 SyncActivityProfilerHandler.cpp:39] profiler_start
USDT:2026-09-29 10:15:43 894300:894300 SyncActivityProfilerHandler.cpp:46] profiler_stop
[598/630] 2048x6144x18432  1400.8
USDT:2026-09-29 10:15:44 894300:894300 SyncActivityProfilerHandler.cpp:39] profiler_start
USDT:2026-09-29 10:15:44 894300:894300 SyncActivityProfilerHandler.cpp:46] profiler_stop
[599/630] 4096x6144x18432  1486.1
USDT:2026-09-29 10:15:44 894300:894300 SyncActivityProfilerHandler.cpp:39] profiler_start
USDT:2026-09-29 10:15:44 894300:894300 SyncActivityProfilerHandler.cpp:46] profiler_stop
[600/630] 8192x6144x18432  1543.6
USDT:2026-09-29 10:15:45 894300:894300 SyncActivityProfilerHandler.cpp:39] profiler_start
USDT:2026-09-29 10:15:45 894300:894300 SyncActivityProfilerHandler.cpp:46] profiler_stop
[601/630] 16384x6144x18432  1496.9
USDT:2026-09-29 10:15:45 894300:894300 SyncActivityProfilerHandler.cpp:39] profiler_start
USDT:2026-09-29 10:15:45 894300:894300 SyncActivityProfilerHandler.cpp:46] profiler_stop
[602/630] 32768x6144x18432  1468.5
USDT:2026-09-29 10:15:45 894300:894300 SyncActivityProfilerHandler.cpp:39] profiler_start
USDT:2026-09-29 10:15:45 894300:894300 SyncActivityProfilerHandler.cpp:46] profiler_stop
[603/630] 512x5120x25600  1051.2
USDT:2026-09-29 10:15:46 894300:894300 SyncActivityProfilerHandler.cpp:39] profiler_start
USDT:2026-09-29 10:15:46 894300:894300 SyncActivityProfilerHandler.cpp:46] profiler_stop
[604/630] 1024x5120x25600  1113.2
USDT:2026-09-29 10:15:46 894300:894300 SyncActivityProfilerHandler.cpp:39] profiler_start
USDT:2026-09-29 10:15:46 894300:894300 SyncActivityProfilerHandler.cpp:46] profiler_stop
[605/630] 2048x5120x25600  1371.1
USDT:2026-09-29 10:15:47 894300:894300 SyncActivityProfilerHandler.cpp:39] profiler_start
USDT:2026-09-29 10:15:47 894300:894300 SyncActivityProfilerHandler.cpp:46] profiler_stop
[606/630] 4096x5120x25600  1537.7
USDT:2026-09-29 10:15:47 894300:894300 SyncActivityProfilerHandler.cpp:39] profiler_start
USDT:2026-09-29 10:15:47 894300:894300 SyncActivityProfilerHandler.cpp:46] profiler_stop
[607/630] 8192x5120x25600  1520.7
USDT:2026-09-29 10:15:47 894300:894300 SyncActivityProfilerHandler.cpp:39] profiler_start
USDT:2026-09-29 10:15:47 894300:894300 SyncActivityProfilerHandler.cpp:46] profiler_stop
[608/630] 16384x5120x25600  1511.5
USDT:2026-09-29 10:15:48 894300:894300 SyncActivityProfilerHandler.cpp:39] profiler_start
USDT:2026-09-29 10:15:48 894300:894300 SyncActivityProfilerHandler.cpp:46] profiler_stop
[609/630] 32768x5120x25600  1491.6
USDT:2026-09-29 10:15:48 894300:894300 SyncActivityProfilerHandler.cpp:39] profiler_start
USDT:2026-09-29 10:15:48 894300:894300 SyncActivityProfilerHandler.cpp:46] profiler_stop
[610/630] 512x16384x26624  1341.7
USDT:2026-09-29 10:15:49 894300:894300 SyncActivityProfilerHandler.cpp:39] profiler_start
USDT:2026-09-29 10:15:49 894300:894300 SyncActivityProfilerHandler.cpp:46] profiler_stop
[611/630] 1024x16384x26624  1520.4
USDT:2026-09-29 10:15:49 894300:894300 SyncActivityProfilerHandler.cpp:39] profiler_start
USDT:2026-09-29 10:15:49 894300:894300 SyncActivityProfilerHandler.cpp:46] profiler_stop
[612/630] 2048x16384x26624  1565.6
USDT:2026-09-29 10:15:50 894300:894300 SyncActivityProfilerHandler.cpp:39] profiler_start
USDT:2026-09-29 10:15:50 894300:894300 SyncActivityProfilerHandler.cpp:46] profiler_stop
[613/630] 4096x16384x26624  1530.9
USDT:2026-09-29 10:15:50 894300:894300 SyncActivityProfilerHandler.cpp:39] profiler_start
USDT:2026-09-29 10:15:50 894300:894300 SyncActivityProfilerHandler.cpp:46] profiler_stop
[614/630] 8192x16384x26624  1501.0
USDT:2026-09-29 10:15:50 894300:894300 SyncActivityProfilerHandler.cpp:39] profiler_start
USDT:2026-09-29 10:15:50 894300:894300 SyncActivityProfilerHandler.cpp:46] profiler_stop
[615/630] 16384x16384x26624  1482.4
USDT:2026-09-29 10:15:51 894300:894300 SyncActivityProfilerHandler.cpp:39] profiler_start
USDT:2026-09-29 10:15:51 894300:894300 SyncActivityProfilerHandler.cpp:46] profiler_stop
[616/630] 32768x16384x26624  1489.1
USDT:2026-09-29 10:15:52 894300:894300 SyncActivityProfilerHandler.cpp:39] profiler_start
USDT:2026-09-29 10:15:52 894300:894300 SyncActivityProfilerHandler.cpp:46] profiler_stop
[617/630] 512x8192x28672  1178.2
USDT:2026-09-29 10:15:52 894300:894300 SyncActivityProfilerHandler.cpp:39] profiler_start
USDT:2026-09-29 10:15:52 894300:894300 SyncActivityProfilerHandler.cpp:46] profiler_stop
[618/630] 1024x8192x28672  1387.7
USDT:2026-09-29 10:15:52 894300:894300 SyncActivityProfilerHandler.cpp:39] profiler_start
USDT:2026-09-29 10:15:52 894300:894300 SyncActivityProfilerHandler.cpp:46] profiler_stop
[619/630] 2048x8192x28672  1556.9
USDT:2026-09-29 10:15:53 894300:894300 SyncActivityProfilerHandler.cpp:39] profiler_start
USDT:2026-09-29 10:15:53 894300:894300 SyncActivityProfilerHandler.cpp:46] profiler_stop
[620/630] 4096x8192x28672  1565.5
USDT:2026-09-29 10:15:53 894300:894300 SyncActivityProfilerHandler.cpp:39] profiler_start
USDT:2026-09-29 10:15:53 894300:894300 SyncActivityProfilerHandler.cpp:46] profiler_stop
[621/630] 8192x8192x28672  1570.9
USDT:2026-09-29 10:15:54 894300:894300 SyncActivityProfilerHandler.cpp:39] profiler_start
USDT:2026-09-29 10:15:54 894300:894300 SyncActivityProfilerHandler.cpp:46] profiler_stop
[622/630] 16384x8192x28672  1572.2
USDT:2026-09-29 10:15:54 894300:894300 SyncActivityProfilerHandler.cpp:39] profiler_start
USDT:2026-09-29 10:15:54 894300:894300 SyncActivityProfilerHandler.cpp:46] profiler_stop
[623/630] 32768x8192x28672  1591.8
USDT:2026-09-29 10:15:55 894300:894300 SyncActivityProfilerHandler.cpp:39] profiler_start
USDT:2026-09-29 10:15:55 894300:894300 SyncActivityProfilerHandler.cpp:46] profiler_stop
[624/630] 512x7168x35840   965.9
USDT:2026-09-29 10:15:55 894300:894300 SyncActivityProfilerHandler.cpp:39] profiler_start
USDT:2026-09-29 10:15:55 894300:894300 SyncActivityProfilerHandler.cpp:46] profiler_stop
[625/630] 1024x7168x35840  1305.5
USDT:2026-09-29 10:15:56 894300:894300 SyncActivityProfilerHandler.cpp:39] profiler_start
USDT:2026-09-29 10:15:56 894300:894300 SyncActivityProfilerHandler.cpp:46] profiler_stop
[626/630] 2048x7168x35840  1401.9
USDT:2026-09-29 10:15:56 894300:894300 SyncActivityProfilerHandler.cpp:39] profiler_start
USDT:2026-09-29 10:15:56 894300:894300 SyncActivityProfilerHandler.cpp:46] profiler_stop
[627/630] 4096x7168x35840  1417.9
USDT:2026-09-29 10:15:56 894300:894300 SyncActivityProfilerHandler.cpp:39] profiler_start
USDT:2026-09-29 10:15:56 894300:894300 SyncActivityProfilerHandler.cpp:46] profiler_stop
[628/630] 8192x7168x35840  1488.6
USDT:2026-09-29 10:15:57 894300:894300 SyncActivityProfilerHandler.cpp:39] profiler_start
USDT:2026-09-29 10:15:57 894300:894300 SyncActivityProfilerHandler.cpp:46] profiler_stop
[629/630] 16384x7168x35840  1361.8
USDT:2026-09-29 10:15:57 894300:894300 SyncActivityProfilerHandler.cpp:39] profiler_start
USDT:2026-09-29 10:15:57 894300:894300 SyncActivityProfilerHandler.cpp:46] profiler_stop
[630/630] 32768x7168x35840  1530.5
DONE
