M,N,K,bias,out,src,AI,tiles,gluon_tflops,aiter_pick_tflops,aiter_pick,aiter_kernel,winner,gap_pct,hbl,bm,bn,sk,scope,band
1024,3072,512,False,bfloat16,tuned,307,48,225.8,458.6,flydsl,flydsl_hgemm_abf16_wbf16_bf16_t128x96x64x4_ks1_w2x2x1_bias0_ktail0_gm0_pft_gfx950,flydsl:flydsl_hgemm_abf16_wbf16_bf16_t128x96x64x4_ks1_w2x2x1_bias0_ktail0_gm0_pft_gfx950,103.2,,128,96,False,in: non-pow2 tile,<128
1024,4096,512,False,bfloat16,tuned,315,64,282.9,532.1,flydsl,flydsl_hgemm_abf16_wbf16_bf16_t128x128x64x3_ks1_w4x4x1_bias0_ktail0_gm0_pft_gfx950,flydsl:flydsl_hgemm_abf16_wbf16_bf16_t128x128x64x3_ks1_w4x4x1_bias0_ktail0_gm0_pft_gfx950,88.1,,128,128,False,in: other listed tile,<128
1024,7168,512,False,bfloat16,tuned,326,112,457.0,614.2,flydsl,flydsl_hgemm_abf16_wbf16_bf16_t128x128x64x2_ks1_w4x2x1_bias0_ktail0_gm0_pft_gfx950,flydsl:flydsl_hgemm_abf16_wbf16_bf16_t128x128x64x2_ks1_w4x2x1_bias0_ktail0_gm0_pft_gfx950,34.4,,128,128,False,in: other listed tile,<128
2048,2048,512,False,bfloat16,tuned,341,64,282.5,527.5,flydsl,flydsl_hgemm_abf16_wbf16_bf16_t128x128x64x3_ks1_w4x2x1_bias0_ktail0_gm0_pft_gfx950,flydsl:flydsl_hgemm_abf16_wbf16_bf16_t128x128x64x3_ks1_w4x2x1_bias0_ktail0_gm0_pft_gfx950,86.7,,128,128,False,in: other listed tile,<128
2048,4096,512,False,bfloat16,tuned,372,128,493.1,612.4,torch,native,torch:hipBLASLt,24.2,Cijk_Alik_Bljk_BBS_BH_Bias_HA_S_SAV_UserArgs_MT256x128x64_MI16x16x1_SN_LDSB1_AFC0_AFEM1_AFEM1_ASEM1_CLR1_CADS0_DTLA0_DTLB0_DTVA0_DTVB0_EPS0_FDSI0_GRPM1_GRVWA8_GRVWB8_GSU0_GSUAMB_GLS0_ISA950_IU1_K1_LDSTI0_LBSPPA1024_LBSPPB512_LBSPPM0_LPA16_LPB16_LPM0_LRVW8_LWPMn1_MIAV0_MIWT8_4_MO40_NTn1_NTA0_NTB0_NTC0_NTD0_NTM0_NEPBS0_NLCA1_NLCB1_ONLL1_PGR2_PLR1_PKA1_SIA3_SS1_SPO0_SRVW0_SSO0_SVW8_SK3_SKFTR0_SKXCCM0_TLDS1_ULSGRO0_USL1_UIOFGRO0_USFGRO0_VSn1_VWA8_VWB4_WSGRA0_WSGRB0_WS64_WG32_8_1,256,128,False,in: other listed tile,128-255
4096,2048,512,False,bfloat16,tuned,372,128,488.9,665.1,torch,native,torch:hipBLASLt,36.1,Cijk_Alik_Bljk_BBS_BH_Bias_HA_S_SAV_UserArgs_MT256x128x64_MI16x16x1_SN_LDSB0_AFC1_AFEM1_AFEM1_ASEM1_CLR0_CADS0_DTLA1_DTLB1_DTVA0_DTVB0_EPS0_FDSI0_GRPM1_GRVWA8_GRVWB8_GSU0_GSUAMB_GLS0_ISA950_IU1_K1_LDSTI0_LBSPPA1024_LBSPPB1024_LBSPPM0_LPA16_LPB16_LPM0_LRVW8_LWPMn1_MIAV0_MIWT8_4_MO40_NTn1_NTA3_NTB1_NTC6_NTD4_NTM0_NEPBS16_NLCA1_NLCB1_ONLL1_PGR2_PLR1_PKA1_SIA3_SS1_SPO0_SRVW0_SSO1_SVW8_SK3_SKFTR0_SKXCCM4_TLDS1_ULSGRO0_USL1_UIOFGRO0_USFGROn1_VSn1_VWA8_VWB4_WSGRA0_WSGRB0_WS64_WG32_8_1,256,128,False,in: other listed tile,128-255
4096,4096,512,False,bfloat16,tuned,410,256,857.7,806.0,torch,native,gluon,0.0,,256,256,False,in: 256x256,256-511
4096,7168,512,False,bfloat16,tuned,428,448,872.2,862.5,flydsl,flydsl_hgemm_abf16_wbf16_bf16_t256x256x64x2_ks1_w2x4x1_bias0_ktail0_gm0_pht_gfx950,gluon,0.0,,256,256,False,in: 256x256,256-511
8192,2048,512,False,bfloat16,tuned,390,256,852.2,799.8,torch,native,gluon,0.0,,256,256,False,in: 256x256,256-511
8192,4096,512,False,bfloat16,tuned,431,512,935.3,877.0,flydsl,flydsl_hgemm_abf16_wbf16_bf16_t256x256x64x2_ks1_w2x4x1_bias0_ktail0_gm0_pht_gfx950,gluon,0.0,,256,256,False,in: 256x256,>=512
16384,2048,512,False,bfloat16,tuned,400,512,933.5,855.3,torch,native,gluon,0.0,,256,256,False,in: 256x256,>=512
16384,4096,512,False,bfloat16,tuned,443,1024,983.1,918.6,torch,native,gluon,0.0,,256,256,False,in: 256x256,>=512
16384,7168,512,False,bfloat16,tuned,464,1792,1022.5,976.1,torch,native,gluon,0.0,,256,256,False,in: 256x256,>=512
32768,2048,512,False,bfloat16,tuned,405,1024,981.8,913.8,torch,native,gluon,0.0,,256,256,False,in: 256x256,>=512
1024,5120,640,False,bfloat16,tuned,366,80,378.1,527.7,torch,native,torch:hipBLASLt,39.6,Cijk_Alik_Bljk_BBS_BH_Bias_HA_S_SAV_UserArgs_MT160x128x128_MI16x16x1_SN_LDSB1_AFC0_AFEM1_AFEM1_ASEM1_CLR1_CADS0_DTLA0_DTLB0_DTVA0_DTVB0_EPS0_FDSI0_GRPM1_GRVWA8_GRVWB8_GSU0_GSUAMB_GLS0_ISA950_IU1_K1_LDSTI0_LBSPPA256_LBSPPB1024_LBSPPM0_LPA16_LPB16_LPM0_LRVW8_LWPMn1_MIAV0_MIWT5_4_MO40_NTn1_NTA0_NTB0_NTC0_NTD0_NTM0_NEPBS0_NLCA1_NLCB1_ONLL1_PGR2_PLR1_PKA1_SIA3_SS1_SPO0_SRVW0_SSO0_SVW1_SK3_SKFTR0_SKXCCM0_TLDS1_ULSGRO0_USL1_UIOFGRO0_USFGRO0_VSn1_VWA1_VWB4_WSGRA0_WSGRB0_WS64_WG32_8_1,160,128,False,in: non-pow2 tile,<128
2048,5120,640,False,bfloat16,tuned,445,160,672.0,671.7,flydsl,flydsl_hgemm_abf16_wbf16_bf16_t256x256x64x2_ks1_w2x4x1_bias0_ktail0_gm0_pht_gfx950,gluon,0.0,,256,256,False,in: 256x256,128-255
4096,5120,640,False,bfloat16,tuned,500,320,749.1,827.8,flydsl,flydsl_hgemm_abf16_wbf16_bf16_t128x128x64x2_ks1_w4x2x1_bias0_ktail0_gm0_pft_gfx950,flydsl:flydsl_hgemm_abf16_wbf16_bf16_t128x128x64x2_ks1_w4x2x1_bias0_ktail0_gm0_pft_gfx950,10.5,,128,128,False,in: other listed tile,256-511
8192,5120,640,False,bfloat16,tuned,532,640,939.2,923.5,torch,native,gluon,0.0,,256,256,False,in: 256x256,>=512
16384,5120,640,False,bfloat16,tuned,550,1280,1083.1,1032.2,torch,native,gluon,0.0,,256,256,False,in: 256x256,>=512
32768,5120,640,False,bfloat16,tuned,559,2560,1060.5,1096.6,torch,native,torch:hipBLASLt,3.4,Cijk_Alik_Bljk_BBS_BH_Bias_HA_S_SAV_UserArgs_MT256x256x64_MI16x16x1_CMS_SN_LDSB0_AFC0_AFEM1_AFEM1_ASEM1_CLR1_CADS0_DTLA1_DTLB1_DTVA0_DTVB0_EPS0_FDSI0_GRPM1_GRVWA8_GRVWB8_GSU0_GSUAMB_GLS0_ISA950_IU1_K1_LDSTI0_LBSPPA1024_LBSPPB1024_LBSPPM0_LPA16_LPB16_LPM0_LRVW8_LWPMn1_MIAV0_MIWT8_8_MO40_NTn1_NTA0_NTB0_NTC0_NTD4_NTM0_NEPBS0_NLCA1_NLCB1_ONLL1_PGR2_PLR1_PKA1_SIA3_SS1_SPO0_SRVW0_SSO0_SVW8_SK3_SKFTR0_SKXCCM0_TLDS1_ULSGRO0_USL1_UIOFGRO0_USFGRO0_VSn1_VWA8_VWB8_WSGRA0_WSGRB0_WS64_WG32_8_1,256,256,False,in: 256x256,>=512
1024,7168,768,False,bfloat16,tuned,414,112,538.5,718.9,flydsl,flydsl_hgemm_abf16_wbf16_bf16_t128x128x64x2_ks1_w4x2x1_bias0_ktail0_gm0_pft_gfx950,flydsl:flydsl_hgemm_abf16_wbf16_bf16_t128x128x64x2_ks1_w4x2x1_bias0_ktail0_gm0_pft_gfx950,33.5,,128,128,False,in: other listed tile,<128
10240,7168,768,False,bfloat16,tuned,650,1120,1079.0,408.0,opus,opus_gemm_persistent_512x128x256x64_2x4_16x16x32_0x0x0_nooob_4g_safe,gluon,0.0,,256,256,False,in: 256x256,>=512
512,4096,1024,False,bfloat16,untuned,315,32,201.3,493.9,torch,,torch:hipBLASLt,145.4,Cijk_Alik_Bljk_BBS_BH_Bias_HA_S_SAV_UserArgs_MT128x64x128_MI16x16x1_SN_LDSB1_AFC0_AFEM1_AFEM1_ASEM1_CLR1_CADS0_DTLA0_DTLB0_DTVA0_DTVB0_EPS0_FDSI0_GRPM1_GRVWA8_GRVWB8_GSU0_GSUAMB_GLS0_ISA950_IU1_K1_LDSTI0_LBSPPA1024_LBSPPB512_LBSPPM0_LPA16_LPB16_LPM0_LRVW8_LWPMn1_MIAV0_MIWT4_2_MO40_NTn1_NTA0_NTB0_NTC0_NTD0_NTM0_NEPBS0_NLCA1_NLCB1_ONLL1_PGR2_PLR1_PKA1_SIA3_SS1_SPO0_SRVW0_SSO0_SVW4_SK3_SKFTR0_SKXCCM0_TLDS1_ULSGRO0_USL1_UIOFGRO0_USFGRO0_VSn1_VWA4_VWB2_WSGRA0_WSGRB0_WS64_WG32_8_1,128,64,False,in: other listed tile,<128
512,6144,1024,False,bfloat16,tuned,323,48,297.0,597.8,flydsl,flydsl_hgemm_abf16_wbf16_bf16_t128x96x64x4_ks1_w2x2x1_bias0_ktail0_gm4_pft_gfx950,flydsl:flydsl_hgemm_abf16_wbf16_bf16_t128x96x64x4_ks1_w2x2x1_bias0_ktail0_gm4_pft_gfx950,101.3,,128,96,False,in: non-pow2 tile,<128
512,7168,1024,False,bfloat16,tuned,326,56,335.5,650.4,flydsl,flydsl_hgemm_abf16_wbf16_bf16_t128x128x64x3_ks1_w4x4x1_bias0_ktail0_gm0_pft_gfx950,flydsl:flydsl_hgemm_abf16_wbf16_bf16_t128x128x64x3_ks1_w4x4x1_bias0_ktail0_gm0_pft_gfx950,93.8,,128,128,False,in: other listed tile,<128
512,8192,1024,False,bfloat16,tuned,328,64,373.1,711.7,flydsl,flydsl_hgemm_abf16_wbf16_bf16_t128x128x64x4_ks1_w4x4x1_bias0_ktail0_gm0_pft_gfx950,flydsl:flydsl_hgemm_abf16_wbf16_bf16_t128x128x64x4_ks1_w4x4x1_bias0_ktail0_gm0_pft_gfx950,90.7,,128,128,False,in: other listed tile,<128
1024,4096,1024,False,bfloat16,untuned,455,64,372.8,666.3,torch,,torch:hipBLASLt,78.7,Cijk_Alik_Bljk_BBS_BH_Bias_HA_S_SAV_UserArgs_MT128x128x128_MI16x16x1_SN_LDSB1_AFC0_AFEM1_AFEM1_ASEM1_CLR1_CADS0_DTLA0_DTLB0_DTVA0_DTVB0_EPS0_FDSI0_GRPM1_GRVWA8_GRVWB8_GSU0_GSUAMB_GLS0_ISA950_IU1_K1_LDSTI0_LBSPPA1024_LBSPPB1024_LBSPPM0_LPA16_LPB16_LPM0_LRVW8_LWPMn1_MIAV0_MIWT4_4_MO40_NTn1_NTA0_NTB0_NTC0_NTD0_NTM0_NEPBS0_NLCA1_NLCB1_ONLL1_PGR2_PLR1_PKA1_SIA3_SS1_SPO0_SRVW0_SSO0_SVW4_SK3_SKFTR0_SKXCCM0_TLDS1_ULSGRO0_USL1_UIOFGRO0_USFGRO0_VSn1_VWA4_VWB4_WSGRA0_WSGRB0_WS64_WG32_8_1,128,128,False,in: other listed tile,<128
1024,7168,1024,False,bfloat16,tuned,478,112,608.9,790.5,flydsl,flydsl_hgemm_abf16_wbf16_bf16_t128x128x64x2_ks1_w2x4x1_bias0_ktail0_gm0_pft_gfx950,flydsl:flydsl_hgemm_abf16_wbf16_bf16_t128x128x64x2_ks1_w2x4x1_bias0_ktail0_gm0_pft_gfx950,29.8,,128,128,False,in: other listed tile,<128
1024,8192,1024,False,bfloat16,tuned,482,128,666.2,841.9,torch,native,torch:hipBLASLt,26.4,Cijk_Alik_Bljk_BBS_BH_Bias_HA_S_SAV_UserArgs_MT256x128x64_MI16x16x1_SN_LDSB1_AFC0_AFEM1_AFEM1_ASEM1_CLR1_CADS0_DTLA0_DTLB0_DTVA0_DTVB0_EPS0_FDSI0_GRPM1_GRVWA8_GRVWB8_GSU0_GSUAMB_GLS0_ISA950_IU1_K1_LDSTI0_LBSPPA1024_LBSPPB512_LBSPPM0_LPA16_LPB16_LPM0_LRVW8_LWPMn1_MIAV0_MIWT8_4_MO40_NTn1_NTA0_NTB0_NTC0_NTD0_NTM0_NEPBS0_NLCA1_NLCB1_ONLL1_PGR2_PLR1_PKA1_SIA3_SS1_SPO0_SRVW0_SSO0_SVW8_SK3_SKFTR0_SKXCCM0_TLDS1_ULSGRO0_USL1_UIOFGRO0_USFGRO0_VSn1_VWA8_VWB4_WSGRA0_WSGRB0_WS64_WG32_8_1,256,128,False,in: other listed tile,128-255
2048,4096,1024,False,bfloat16,untuned,585,128,664.3,840.7,torch,,torch:hipBLASLt,26.6,Cijk_Alik_Bljk_BBS_BH_Bias_HA_S_SAV_UserArgs_MT256x128x64_MI16x16x1_SN_LDSB1_AFC0_AFEM1_AFEM1_ASEM1_CLR1_CADS0_DTLA0_DTLB0_DTVA0_DTVB0_EPS0_FDSI0_GRPM1_GRVWA8_GRVWB8_GSU0_GSUAMB_GLS0_ISA950_IU1_K1_LDSTI0_LBSPPA1024_LBSPPB512_LBSPPM0_LPA16_LPB16_LPM0_LRVW8_LWPMn1_MIAV0_MIWT8_4_MO40_NTn1_NTA0_NTB0_NTC0_NTD0_NTM0_NEPBS0_NLCA1_NLCB1_ONLL1_PGR2_PLR1_PKA1_SIA3_SS1_SPO0_SRVW0_SSO0_SVW8_SK3_SKFTR0_SKXCCM0_TLDS1_ULSGRO0_USL1_UIOFGRO0_USFGRO0_VSn1_VWA8_VWB4_WSGRA0_WSGRB0_WS64_WG32_8_1,256,128,False,in: other listed tile,128-255
2048,7168,1024,False,bfloat16,tuned,623,224,1069.6,1042.9,flydsl,flydsl_hgemm_abf16_wbf16_bf16_t256x256x64x2_ks1_w2x4x1_bias0_ktail0_gm0_pht_gfx950,gluon,0.0,,256,256,False,in: 256x256,128-255
2048,8192,1024,False,bfloat16,tuned,630,256,1141.2,1104.1,flydsl,flydsl_hgemm_abf16_wbf16_bf16_t256x256x64x2_ks1_w2x4x1_bias0_ktail0_gm0_pht_gfx950,gluon,0.0,,256,256,False,in: 256x256,256-511
3072,4096,1024,False,bfloat16,untuned,647,192,949.4,980.0,torch,,torch:hipBLASLt,3.2,Cijk_Alik_Bljk_BBS_BH_Bias_HA_S_SAV_UserArgs_MT256x192x64_MI16x16x1_SN_LDSB0_AFC0_AFEM1_AFEM1_ASEM1_CLR1_CADS0_DTLA0_DTLB0_DTVA0_DTVB0_EPS0_FDSI0_GRPM1_GRVWA8_GRVWB8_GSU0_GSUAMB_GLS0_ISA950_IU1_K1_LDSTI0_LBSPPA1024_LBSPPB256_LBSPPM0_LPA16_LPB16_LPM0_LRVW8_LWPMn1_MIAV0_MIWT8_6_MO40_NTn1_NTA0_NTB0_NTC0_NTD0_NTM0_NEPBS0_NLCA1_NLCB1_ONLL1_PGR2_PLR1_PKA1_SIA3_SS1_SPO0_SRVW0_SSO0_SVW8_SK3_SKFTR0_SKXCCM0_TLDS1_ULSGRO0_USL1_UIOFGRO0_USFGRO0_VSn1_VWA8_VWB2_WSGRA0_WSGRB0_WS64_WG32_8_1,256,192,False,in: non-pow2 tile,128-255
4096,4096,1024,False,bfloat16,untuned,683,256,1157.3,1130.8,torch,,gluon,0.0,,256,256,False,in: 256x256,256-511
4096,7168,1024,False,bfloat16,tuned,735,448,1134.6,1112.0,flydsl,flydsl_hgemm_abf16_wbf16_bf16_t256x256x64x2_ks1_w2x4x1_bias0_ktail0_gm4_pht_gfx950,gluon,0.0,,256,256,False,in: 256x256,256-511
4096,8192,1024,False,bfloat16,tuned,745,512,1205.5,1208.5,asm,_ZN5aiter24bf16gemm_bf16_tn_256x256E,asm:_ZN5aiter24bf16gemm_bf16_tn_256x256E,0.2,,256,256,False,in: 256x256,>=512
5120,4096,1024,False,bfloat16,untuned,706,320,889.9,1012.0,torch,,torch:hipBLASLt,13.7,Cijk_Alik_Bljk_BBS_BH_Bias_HA_S_SAV_UserArgs_MT256x160x64_MI16x16x1_SN_LDSB0_AFC1_AFEM1_AFEM1_ASEM1_CLR0_CADS0_DTLA1_DTLB1_DTVA0_DTVB0_EPS0_FDSI0_GRPM1_GRVWA8_GRVWB8_GSU0_GSUAMB_GLS0_ISA950_IU1_K1_LDSTI0_LBSPPA1024_LBSPPB1024_LBSPPM0_LPA16_LPB16_LPM0_LRVW8_LWPMn1_MIAV0_MIWT8_5_MO40_NTn1_NTA0_NTB1_NTC6_NTD6_NTM0_NEPBS12_NLCA1_NLCB1_ONLL1_PGR2_PLR1_PKA1_SIA3_SS1_SPO0_SRVW0_SSO1_SVW8_SK3_SKFTR0_SKXCCM4_TLDS1_ULSGRO0_USL1_UIOFGRO0_USFGRO1_VSn1_VWA8_VWB1_WSGRA0_WSGRB0_WS64_WG32_8_1,256,160,False,in: non-pow2 tile,256-511
7680,4096,1024,False,bfloat16,untuned,740,480,1178.8,976.6,torch,,gluon,0.0,,256,256,False,in: 256x256,256-511
8192,7168,1024,False,bfloat16,tuned,808,896,1171.0,1113.9,asm,_ZN5aiter24bf16gemm_bf16_tn_256x256E,gluon,0.0,,256,256,False,in: 256x256,>=512
8192,8192,1024,False,bfloat16,tuned,819,1024,1243.0,1241.2,asm,_ZN5aiter24bf16gemm_bf16_tn_256x256E,gluon,0.0,,256,256,False,in: 256x256,>=512
16384,4096,1024,False,bfloat16,untuned,780,1024,1254.8,1207.1,torch,,gluon,0.0,,256,256,False,in: 256x256,>=512
16384,7168,1024,False,bfloat16,tuned,850,1792,1278.5,1223.4,asm,_ZN5aiter24bf16gemm_bf16_tn_256x256E,gluon,0.0,,256,256,False,in: 256x256,>=512
16384,8192,1024,False,bfloat16,tuned,862,2048,1255.2,1261.9,torch,native,torch:hipBLASLt,0.5,Cijk_Alik_Bljk_BBS_BH_Bias_HA_S_SAV_UserArgs_MT256x256x64_MI16x16x1_CMS_SN_LDSB0_AFC0_AFEM1_AFEM1_ASEM1_CLR1_CADS0_DTLA1_DTLB1_DTVA0_DTVB0_EPS0_FDSI0_GRPM1_GRVWA8_GRVWB8_GSU0_GSUAMB_GLS0_ISA950_IU1_K1_LDSTI0_LBSPPA1024_LBSPPB1024_LBSPPM0_LPA16_LPB16_LPM0_LRVW8_LWPMn1_MIAV0_MIWT8_8_MO40_NTn1_NTA0_NTB0_NTC0_NTD4_NTM0_NEPBS0_NLCA1_NLCB1_ONLL1_PGR2_PLR1_PKA1_SIA3_SS1_SPO0_SRVW0_SSO0_SVW8_SK3_SKFTR0_SKXCCM0_TLDS1_ULSGRO0_USL1_UIOFGRO0_USFGRO0_VSn1_VWA8_VWB8_WSGRA0_WSGRB0_WS64_WG32_8_1,256,256,False,in: 256x256,>=512
32768,7168,1024,False,bfloat16,tuned,872,3584,1263.0,1282.1,torch,native,torch:hipBLASLt,1.5,Cijk_Alik_Bljk_BBS_BH_Bias_HA_S_SAV_UserArgs_MT256x256x64_MI16x16x1_CMS_SN_LDSB0_AFC0_AFEM1_AFEM1_ASEM1_CLR1_CADS0_DTLA1_DTLB1_DTVA0_DTVB0_EPS0_FDSI0_GRPM1_GRVWA8_GRVWB8_GSU0_GSUAMB_GLS0_ISA950_IU1_K1_LDSTI0_LBSPPA1024_LBSPPB1024_LBSPPM0_LPA16_LPB16_LPM0_LRVW8_LWPMn1_MIAV0_MIWT8_8_MO40_NTn1_NTA0_NTB0_NTC0_NTD4_NTM0_NEPBS0_NLCA1_NLCB1_ONLL1_PGR2_PLR1_PKA1_SIA3_SS1_SPO0_SRVW0_SSO0_SVW8_SK3_SKFTR0_SKXCCM0_TLDS1_ULSGRO0_USL1_UIOFGRO0_USFGRO0_VSn1_VWA8_VWB8_WSGRA0_WSGRB0_WS64_WG32_8_1,256,256,False,in: 256x256,>=512
32768,8192,1024,False,bfloat16,tuned,886,4096,1243.6,1288.4,torch,native,torch:hipBLASLt,3.6,Cijk_Alik_Bljk_BBS_BH_Bias_HA_S_SAV_UserArgs_MT256x256x64_MI16x16x1_CMS_SN_LDSB0_AFC0_AFEM1_AFEM1_ASEM1_CLR1_CADS0_DTLA1_DTLB1_DTVA0_DTVB0_EPS0_FDSI0_GRPM1_GRVWA8_GRVWB8_GSU0_GSUAMB_GLS0_ISA950_IU1_K1_LDSTI0_LBSPPA1024_LBSPPB1024_LBSPPM0_LPA16_LPB16_LPM0_LRVW8_LWPMn1_MIAV0_MIWT8_8_MO40_NTn1_NTA0_NTB0_NTC0_NTD4_NTM0_NEPBS0_NLCA1_NLCB1_ONLL1_PGR2_PLR1_PKA1_SIA3_SS1_SPO0_SRVW0_SSO0_SVW8_SK3_SKFTR0_SKXCCM0_TLDS1_ULSGRO0_USL1_UIOFGRO0_USFGRO0_VSn1_VWA8_VWB8_WSGRA0_WSGRB0_WS64_WG32_8_1,256,256,False,in: 256x256,>=512
512,5120,1280,False,bfloat16,tuned,341,40,264.1,538.7,flydsl,flydsl_hgemm_abf16_wbf16_bf16_t96x128x64x4_ks1_w2x2x1_bias0_ktail0_gm0_pft_gfx950,flydsl:flydsl_hgemm_abf16_wbf16_bf16_t96x128x64x4_ks1_w2x2x1_bias0_ktail0_gm0_pft_gfx950,104.0,,96,128,False,in: non-pow2 tile,<128
1024,5120,1280,False,bfloat16,tuned,512,80,486.7,721.7,torch,native,torch:hipBLASLt,48.3,Cijk_Alik_Bljk_BBS_BH_Bias_HA_S_SAV_UserArgs_MT160x128x128_MI16x16x1_SN_LDSB1_AFC0_AFEM1_AFEM1_ASEM1_CLR1_CADS0_DTLA0_DTLB0_DTVA0_DTVB0_EPS0_FDSI0_GRPM1_GRVWA8_GRVWB8_GSU0_GSUAMB_GLS0_ISA950_IU1_K1_LDSTI0_LBSPPA256_LBSPPB1024_LBSPPM0_LPA16_LPB16_LPM0_LRVW8_LWPMn1_MIAV0_MIWT5_4_MO40_NTn1_NTA0_NTB0_NTC0_NTD0_NTM0_NEPBS0_NLCA1_NLCB1_ONLL1_PGR2_PLR1_PKA1_SIA3_SS1_SPO0_SRVW0_SSO0_SVW1_SK3_SKFTR0_SKXCCM0_TLDS1_ULSGRO0_USL1_UIOFGRO0_USFGRO0_VSn1_VWA1_VWB4_WSGRA0_WSGRB0_WS64_WG32_8_1,160,128,False,in: non-pow2 tile,<128
2048,5120,1280,False,bfloat16,tuned,683,160,879.8,949.8,torch,native,torch:hipBLASLt,8.0,Cijk_Alik_Bljk_BBS_BH_Bias_HA_S_SAV_UserArgs_MT160x256x64_MI16x16x1_SN_LDSB0_AFC0_AFEM1_AFEM1_ASEM1_CLR1_CADS0_DTLA0_DTLB0_DTVA0_DTVB0_EPS0_FDSI0_GRPM1_GRVWA8_GRVWB8_GSU0_GSUAMB_GLS0_ISA950_IU1_K1_LDSTI0_LBSPPA128_LBSPPB1024_LBSPPM0_LPA16_LPB16_LPM0_LRVW8_LWPMn1_MIAV0_MIWT5_8_MO40_NTn1_NTA0_NTB0_NTC0_NTD0_NTM0_NEPBS0_NLCA1_NLCB1_ONLL1_PGR2_PLR1_PKA1_SIA3_SS1_SPO0_SRVW0_SSO0_SVW1_SK3_SKFTR0_SKXCCM0_TLDS1_ULSGRO0_USL1_UIOFGRO0_USFGRO0_VSn1_VWA1_VWB8_WSGRA0_WSGRB0_WS64_WG32_8_1,160,256,False,in: non-pow2 tile,128-255
4096,5120,1280,False,bfloat16,tuned,819,320,939.2,995.3,torch,native,torch:hipBLASLt,6.0,Cijk_Alik_Bljk_BBS_BH_Bias_HA_S_SAV_UserArgs_MT160x256x64_MI16x16x1_SN_LDSB0_AFC0_AFEM1_AFEM1_ASEM1_CLR1_CADS0_DTLA0_DTLB0_DTVA0_DTVB0_EPS0_FDSI0_GRPM1_GRVWA8_GRVWB8_GSU0_GSUAMB_GLS0_ISA950_IU1_K1_LDSTI0_LBSPPA128_LBSPPB1024_LBSPPM0_LPA16_LPB16_LPM0_LRVW8_LWPMn1_MIAV0_MIWT5_8_MO40_NTn1_NTA0_NTB0_NTC0_NTD0_NTM0_NEPBS0_NLCA1_NLCB1_ONLL1_PGR2_PLR1_PKA1_SIA3_SS1_SPO0_SRVW0_SSO0_SVW1_SK3_SKFTR0_SKXCCM0_TLDS1_ULSGRO0_USL1_UIOFGRO0_USFGRO0_VSn1_VWA1_VWB8_WSGRA0_WSGRB0_WS64_WG32_8_1,160,256,False,in: non-pow2 tile,256-511
8192,5120,1280,False,bfloat16,tuned,910,640,1182.7,1168.6,flydsl,flydsl_hgemm_abf16_wbf16_bf16_t256x256x64x2_ks1_w2x4x1_bias0_ktail0_gm4_pht_gfx950,gluon,0.0,,256,256,False,in: 256x256,>=512
16384,5120,1280,False,bfloat16,tuned,964,1280,1334.1,1280.3,flydsl,flydsl_hgemm_abf16_wbf16_bf16_t256x256x64x2_ks1_w2x4x1_bias0_ktail0_gm4_pht_gfx950,gluon,0.0,,256,256,False,in: 256x256,>=512
32768,5120,1280,False,bfloat16,tuned,993,2560,1312.8,1336.2,torch,native,torch:hipBLASLt,1.8,Cijk_Alik_Bljk_BBS_BH_Bias_HA_S_SAV_UserArgs_MT256x256x64_MI16x16x1_CMS_SN_LDSB0_AFC0_AFEM1_AFEM1_ASEM1_CLR1_CADS0_DTLA1_DTLB1_DTVA0_DTVB0_EPS0_FDSI0_GRPM1_GRVWA8_GRVWB8_GSU0_GSUAMB_GLS0_ISA950_IU1_K1_LDSTI0_LBSPPA1024_LBSPPB1024_LBSPPM0_LPA16_LPB16_LPM0_LRVW8_LWPMn1_MIAV0_MIWT8_8_MO40_NTn1_NTA0_NTB0_NTC0_NTD4_NTM0_NEPBS0_NLCA1_NLCB1_ONLL1_PGR2_PLR1_PKA1_SIA3_SS1_SPO0_SRVW0_SSO0_SVW8_SK3_SKFTR0_SKXCCM0_TLDS1_ULSGRO0_USL1_UIOFGRO0_USFGRO0_VSn1_VWA8_VWB8_WSGRA0_WSGRB0_WS64_WG32_8_1,256,256,False,in: 256x256,>=512
512,1536,1536,False,bfloat16,tuned,307,12,85.8,348.3,flydsl,flydsl_hgemm_abf16_wbf16_bf16_t64x64x64x6_ks1_w2x4x1_bias0_ktail0_gm0_pft_gfx950,flydsl:flydsl_hgemm_abf16_wbf16_bf16_t64x64x64x6_ks1_w2x4x1_bias0_ktail0_gm0_pft_gfx950,306.1,,64,64,False,out: smaller tile,<128
512,2048,1536,False,bfloat16,untuned,323,16,113.5,402.7,torch,,torch:hipBLASLt,254.8,Cijk_Alik_Bljk_BBS_BH_Bias_HA_S_SAV_UserArgs_MT64x64x256_MI16x16x1_SN_LDSB0_AFC0_AFEM1_AFEM1_ASEM1_CLR0_CADS0_DTLA0_DTLB0_DTVA0_DTVB0_EPS0_FDSI0_GRPM1_GRVWA8_GRVWB8_GSU0_GSUAMB_GLS0_ISA950_IU1_K1_LDSTI0_LBSPPA1024_LBSPPB1024_LBSPPM0_LPA16_LPB16_LPM0_LRVW8_LWPMn1_MIAV1_MIWT2_2_MO40_NTn1_NTA0_NTB0_NTC3_NTD3_NTM0_NEPBS16_NLCA1_NLCB1_ONLL1_PGR2_PLR1_PKA1_SIA3_SS1_SPO0_SRVW0_SSO0_SVW2_SK3_SKFTR0_SKXCCM0_TLDS1_ULSGRO0_USL1_UIOFGRO0_USFGRO0_VSn1_VWA2_VWB2_WSGRA0_WSGRB0_WS64_WG32_8_1,64,64,False,out: smaller tile,<128
512,2304,1536,False,bfloat16,tuned,329,18,127.1,392.0,flydsl,flydsl_hgemm_abf16_wbf16_bf16_t96x64x64x4_ks1_w2x2x1_bias0_ktail0_gm0_pft_gfx950,flydsl:flydsl_hgemm_abf16_wbf16_bf16_t96x64x64x4_ks1_w2x2x1_bias0_ktail0_gm0_pft_gfx950,208.4,,96,64,False,out: smaller tile,<128
512,4096,1536,False,bfloat16,untuned,351,32,225.4,585.0,torch,,torch:hipBLASLt,159.5,Cijk_Alik_Bljk_BBS_BH_Bias_HA_S_SAV_UserArgs_MT128x64x128_MI16x16x1_SN_LDSB1_AFC0_AFEM1_AFEM1_ASEM1_CLR1_CADS0_DTLA0_DTLB0_DTVA0_DTVB0_EPS0_FDSI0_GRPM1_GRVWA8_GRVWB8_GSU0_GSUAMB_GLS0_ISA950_IU1_K1_LDSTI0_LBSPPA1024_LBSPPB512_LBSPPM0_LPA16_LPB16_LPM0_LRVW8_LWPMn1_MIAV0_MIWT4_2_MO40_NTn1_NTA0_NTB0_NTC0_NTD0_NTM0_NEPBS0_NLCA1_NLCB1_ONLL1_PGR2_PLR1_PKA1_SIA3_SS1_SPO0_SRVW0_SSO0_SVW4_SK3_SKFTR0_SKXCCM0_TLDS1_ULSGRO0_USL1_UIOFGRO0_USFGRO0_VSn1_VWA4_VWB2_WSGRA0_WSGRB0_WS64_WG32_8_1,128,64,False,in: other listed tile,<128
512,6144,1536,False,bfloat16,tuned,361,48,324.0,649.4,flydsl,flydsl_hgemm_abf16_wbf16_bf16_t128x96x64x4_ks1_w2x2x1_bias0_ktail0_gm0_pft_gfx950,flydsl:flydsl_hgemm_abf16_wbf16_bf16_t128x96x64x4_ks1_w2x2x1_bias0_ktail0_gm0_pft_gfx950,100.4,,128,96,False,in: non-pow2 tile,<128
512,7168,1536,False,bfloat16,tuned,364,56,375.1,683.3,flydsl,flydsl_hgemm_abf16_wbf16_bf16_t128x128x64x3_ks1_w4x2x1_bias0_ktail0_gm0_pft_gfx950,flydsl:flydsl_hgemm_abf16_wbf16_bf16_t128x128x64x3_ks1_w4x2x1_bias0_ktail0_gm0_pft_gfx950,82.1,,128,128,False,in: other listed tile,<128
1024,1536,1536,False,bfloat16,tuned,439,24,169.1,502.5,flydsl,flydsl_hgemm_abf16_wbf16_bf16_t64x96x64x4_ks1_w2x2x1_bias0_ktail0_gm4_pft_gfx950,flydsl:flydsl_hgemm_abf16_wbf16_bf16_t64x96x64x4_ks1_w2x2x1_bias0_ktail0_gm4_pft_gfx950,197.2,,64,96,False,out: smaller tile,<128
1024,2048,1536,False,bfloat16,untuned,473,32,221.9,581.6,torch,,torch:hipBLASLt,162.1,Cijk_Alik_Bljk_BBS_BH_Bias_HA_S_SAV_UserArgs_MT128x64x128_MI16x16x1_SN_LDSB1_AFC0_AFEM1_AFEM1_ASEM1_CLR1_CADS0_DTLA0_DTLB0_DTVA0_DTVB0_EPS0_FDSI0_GRPM1_GRVWA8_GRVWB8_GSU0_GSUAMB_GLS0_ISA950_IU1_K1_LDSTI0_LBSPPA1024_LBSPPB512_LBSPPM0_LPA16_LPB16_LPM0_LRVW8_LWPMn1_MIAV0_MIWT4_2_MO40_NTn1_NTA0_NTB0_NTC0_NTD0_NTM0_NEPBS0_NLCA1_NLCB1_ONLL1_PGR2_PLR1_PKA1_SIA3_SS1_SPO0_SRVW0_SSO0_SVW4_SK3_SKFTR0_SKXCCM0_TLDS1_ULSGRO0_USL1_UIOFGRO0_USFGRO0_VSn1_VWA4_VWB2_WSGRA0_WSGRB0_WS64_WG32_8_1,128,64,False,in: other listed tile,<128
1024,2304,1536,False,bfloat16,tuned,485,36,249.8,522.4,torch,native,torch:hipBLASLt,109.1,Cijk_Alik_Bljk_BBS_BH_Bias_HA_S_SAV_UserArgs_MT128x80x128_MI16x16x1_SN_LDSB0_AFC0_AFEM1_AFEM1_ASEM1_CLR1_CADS0_DTLA1_DTLB1_DTVA0_DTVB0_EPS0_FDSI0_GRPM1_GRVWA8_GRVWB2_GSU0_GSUAMB_GLS0_ISA950_IU1_K1_LDSTI0_LBSPPA1024_LBSPPB256_LBSPPM0_LPA16_LPB16_LPM0_LRVW8_LWPMn1_MIAV0_MIWT2_5_MO40_NTn1_NTA0_NTB0_NTC4_NTD4_NTM0_NEPBS0_NLCA1_NLCB1_ONLL1_PGR2_PLR1_PKA1_SIA3_SS1_SPO0_SRVW0_SSO1_SVW2_SK3_SKFTR0_SKXCCM0_TLDS2_ULSGRO0_USL1_UIOFGRO0_USFGRO0_VSn1_VWA2_VWB1_WSGRA0_WSGRB0_WS64_WG64_4_1,128,80,False,in: non-pow2 tile,<128
1024,3072,1536,False,bfloat16,tuned,512,48,325.8,651.8,flydsl,flydsl_hgemm_abf16_wbf16_bf16_t128x96x64x4_ks1_w2x2x1_bias0_ktail0_gm4_pft_gfx950,flydsl:flydsl_hgemm_abf16_wbf16_bf16_t128x96x64x4_ks1_w2x2x1_bias0_ktail0_gm4_pft_gfx950,100.1,,128,96,False,in: non-pow2 tile,<128
1024,4096,1536,False,bfloat16,untuned,534,64,419.8,638.1,torch,,torch:hipBLASLt,52.0,Cijk_Alik_Bljk_BBS_BH_Bias_HA_S_SAV_UserArgs_MT128x128x256_MI16x16x1_SN_LDSB1_AFC0_AFEM1_AFEM1_ASEM1_CLR0_CADS0_DTLA0_DTLB0_DTVA0_DTVB0_EPS0_FDSI0_GRPM1_GRVWA8_GRVWB8_GSU0_GSUAMB_GLS0_ISA950_IU1_K1_LDSTI0_LBSPPA2048_LBSPPB2048_LBSPPM0_LPA16_LPB16_LPM0_LRVW8_LWPMn1_MIAV0_MIWT4_4_MO40_NTn1_NTA0_NTB0_NTC1_NTD1_NTM0_NEPBS0_NLCA1_NLCB1_ONLL1_PGR2_PLR1_PKA1_SIA3_SS1_SPO1_SRVW0_SSO4_SVW4_SK3_SKFTR0_SKXCCM0_TLDS1_ULSGRO0_USL1_UIOFGRO0_USFGRO0_VSn1_VWA4_VWB4_WSGRA0_WSGRB0_WS64_WG32_8_1,128,128,False,in: other listed tile,<128
1024,7168,1536,False,bfloat16,tuned,566,112,685.7,892.4,torch,native,torch:hipBLASLt,30.1,Cijk_Alik_Bljk_BBS_BH_Bias_HA_S_SAV_UserArgs_MT224x128x64_MI16x16x1_SN_LDSB1_AFC0_AFEM1_AFEM1_ASEM1_CLR1_CADS0_DTLA0_DTLB0_DTVA0_DTVB0_EPS0_FDSI0_GRPM1_GRVWA8_GRVWB8_GSU0_GSUAMB_GLS0_ISA950_IU1_K1_LDSTI0_LBSPPA128_LBSPPB512_LBSPPM0_LPA16_LPB16_LPM0_LRVW8_LWPMn1_MIAV0_MIWT7_4_MO40_NTn1_NTA0_NTB0_NTC0_NTD0_NTM0_NEPBS0_NLCA1_NLCB1_ONLL1_PGR2_PLR1_PKA1_SIA3_SS1_SPO0_SRVW0_SSO0_SVW1_SK3_SKFTR0_SKXCCM0_TLDS1_ULSGRO0_USL1_UIOFGRO0_USFGRO0_VSn1_VWA1_VWB4_WSGRA0_WSGRB0_WS64_WG32_8_1,224,128,False,in: non-pow2 tile,<128
2048,1536,1536,False,bfloat16,tuned,559,48,325.0,662.2,torch,native,torch:hipBLASLt,103.7,Cijk_Alik_Bljk_BBS_BH_Bias_HA_S_SAV_UserArgs_MT96x128x128_MI16x16x1_SN_LDSB1_AFC0_AFEM1_AFEM1_ASEM1_CLR1_CADS0_DTLA0_DTLB0_DTVA0_DTVB0_EPS0_FDSI0_GRPM1_GRVWA8_GRVWB8_GSU0_GSUAMB_GLS0_ISA950_IU1_K1_LDSTI0_LBSPPA256_LBSPPB1024_LBSPPM0_LPA16_LPB16_LPM0_LRVW8_LWPMn1_MIAV0_MIWT3_4_MO40_NTn1_NTA0_NTB0_NTC0_NTD0_NTM0_NEPBS0_NLCA1_NLCB1_ONLL1_PGR2_PLR1_PKA1_SIA3_SS1_SPO0_SRVW0_SSO0_SVW1_SK3_SKFTR0_SKXCCM0_TLDS1_ULSGRO0_USL1_UIOFGRO0_USFGRO0_VSn1_VWA1_VWB4_WSGRA0_WSGRB0_WS64_WG32_8_1,96,128,False,in: non-pow2 tile,<128
2048,2048,1536,False,bfloat16,untuned,614,64,419.6,637.9,torch,,torch:hipBLASLt,52.0,Cijk_Alik_Bljk_BBS_BH_Bias_HA_S_SAV_UserArgs_MT128x128x256_MI16x16x1_SN_LDSB1_AFC0_AFEM1_AFEM1_ASEM1_CLR0_CADS0_DTLA0_DTLB0_DTVA0_DTVB0_EPS0_FDSI0_GRPM1_GRVWA8_GRVWB8_GSU0_GSUAMB_GLS0_ISA950_IU1_K1_LDSTI0_LBSPPA2048_LBSPPB2048_LBSPPM0_LPA16_LPB16_LPM0_LRVW8_LWPMn1_MIAV0_MIWT4_4_MO40_NTn1_NTA0_NTB0_NTC1_NTD1_NTM0_NEPBS0_NLCA1_NLCB1_ONLL1_PGR2_PLR1_PKA1_SIA3_SS1_SPO1_SRVW0_SSO4_SVW4_SK3_SKFTR0_SKXCCM0_TLDS1_ULSGRO0_USL1_UIOFGRO0_USFGRO0_VSn1_VWA4_VWB4_WSGRA0_WSGRB0_WS64_WG32_8_1,128,128,False,in: other listed tile,<128
2048,4096,1536,False,bfloat16,tuned,723,128,760.6,965.9,torch,native,torch:hipBLASLt,27.0,Cijk_Alik_Bljk_BBS_BH_Bias_HA_S_SAV_UserArgs_MT256x128x64_MI16x16x1_SN_LDSB1_AFC0_AFEM1_AFEM1_ASEM1_CLR1_CADS0_DTLA0_DTLB0_DTVA0_DTVB0_EPS0_FDSI0_GRPM1_GRVWA8_GRVWB8_GSU0_GSUAMB_GLS0_ISA950_IU1_K1_LDSTI0_LBSPPA1024_LBSPPB512_LBSPPM0_LPA16_LPB16_LPM0_LRVW8_LWPMn1_MIAV0_MIWT8_4_MO40_NTn1_NTA0_NTB0_NTC0_NTD0_NTM0_NEPBS0_NLCA1_NLCB1_ONLL1_PGR2_PLR1_PKA1_SIA3_SS1_SPO0_SRVW0_SSO0_SVW8_SK3_SKFTR0_SKXCCM0_TLDS1_ULSGRO0_USL1_UIOFGRO0_USFGRO0_VSn1_VWA8_VWB4_WSGRA0_WSGRB0_WS64_WG32_8_1,256,128,False,in: other listed tile,128-255
3072,2048,1536,False,bfloat16,untuned,683,96,601.4,878.0,opus,opus_gemm_mono_tile_512x128x256x64_2x4_16x16x32_0x0x0_nooob_4g_safe,opus:opus_gemm_mono_tile_512x128x256x64_2x4_16x16x32_0x0x0_nooob_4g_safe,46.0,,128,256,False,in: other listed tile,<128
3072,4096,1536,False,bfloat16,tuned,819,192,1071.2,1157.2,opus,opus_gemm_mono_tile_512x192x256x64_2x4_16x16x32_0x0x0_nooob,opus:opus_gemm_mono_tile_512x192x256x64_2x4_16x16x32_0x0x0_nooob,8.0,,192,256,False,in: non-pow2 tile,128-255
4096,1536,1536,False,bfloat16,tuned,647,96,601.0,815.1,torch,native,torch:hipBLASLt,35.6,Cijk_Alik_Bljk_BBS_BH_Bias_HA_S_SAV_UserArgs_MT192x128x128_MI16x16x1_SN_LDSB1_AFC0_AFEM1_AFEM1_ASEM1_CLR0_CADS0_DTLA0_DTLB0_DTVA0_DTVB0_EPS0_FDSI0_GRPM1_GRVWA8_GRVWB8_GSU0_GSUAMB_GLS0_ISA950_IU1_K1_LDSTI0_LBSPPA512_LBSPPB1024_LBSPPM0_LPA16_LPB16_LPM0_LRVW8_LWPMn1_MIAV0_MIWT6_4_MO40_NTn1_NTA0_NTB0_NTC1_NTD4_NTM0_NEPBS0_NLCA1_NLCB1_ONLL1_PGR2_PLR1_PKA1_SIA3_SS1_SPO0_SRVW0_SSO1_SVW2_SK3_SKFTR0_SKXCCM0_TLDS2_ULSGRO0_USL1_UIOFGRO0_USFGRO0_VSn1_VWA2_VWB4_WSGRA0_WSGRB0_WS64_WG32_8_1,192,128,False,in: non-pow2 tile,<128
4096,2048,1536,False,bfloat16,tuned,723,128,758.3,1034.6,opus,opus_gemm_mono_tile_512x128x256x64_2x4_16x16x32_0x0x0_nooob_4g_safe,opus:opus_gemm_mono_tile_512x128x256x64_2x4_16x16x32_0x0x0_nooob_4g_safe,36.4,,128,256,False,in: other listed tile,128-255
4096,3072,1536,False,bfloat16,tuned,819,192,1074.3,1051.5,flydsl,flydsl_hgemm_abf16_wbf16_bf16_t256x256x64x2_ks1_w2x4x1_bias0_ktail0_gm0_pht_gfx950,gluon,0.0,,256,256,False,in: 256x256,128-255
4096,4096,1536,False,bfloat16,untuned,878,256,1277.7,1245.2,torch,,gluon,0.0,,256,256,False,in: 256x256,256-511
5120,2048,1536,False,bfloat16,untuned,749,160,920.8,1045.3,torch,,torch:hipBLASLt,13.5,Cijk_Alik_Bljk_BBS_BH_Bias_HA_S_SAV_UserArgs_MT256x160x64_MI16x16x1_SN_LDSB0_AFC0_AFEM1_AFEM1_ASEM1_CLR1_CADS0_DTLA0_DTLB0_DTVA0_DTVB0_EPS0_FDSI0_GRPM1_GRVWA8_GRVWB8_GSU0_GSUAMB_GLS0_ISA950_IU1_K1_LDSTI0_LBSPPA1024_LBSPPB128_LBSPPM0_LPA16_LPB16_LPM0_LRVW8_LWPMn1_MIAV0_MIWT8_5_MO40_NTn1_NTA0_NTB0_NTC0_NTD0_NTM0_NEPBS0_NLCA1_NLCB1_ONLL1_PGR2_PLR1_PKA1_SIA3_SS1_SPO0_SRVW0_SSO0_SVW8_SK3_SKFTR0_SKXCCM0_TLDS1_ULSGRO0_USL1_UIOFGRO0_USFGRO0_VSn1_VWA8_VWB1_WSGRA0_WSGRB0_WS64_WG32_8_1,256,160,False,in: non-pow2 tile,128-255
5120,4096,1536,False,bfloat16,untuned,917,320,981.1,1120.2,torch,,torch:hipBLASLt,14.2,Cijk_Alik_Bljk_BBS_BH_Bias_HA_S_SAV_UserArgs_MT256x160x64_MI16x16x1_SN_LDSB0_AFC0_AFEM1_AFEM1_ASEM1_CLR1_CADS0_DTLA0_DTLB0_DTVA0_DTVB0_EPS0_FDSI0_GRPM1_GRVWA8_GRVWB8_GSU0_GSUAMB_GLS0_ISA950_IU1_K1_LDSTI0_LBSPPA1024_LBSPPB128_LBSPPM0_LPA16_LPB16_LPM0_LRVW8_LWPMn1_MIAV0_MIWT8_5_MO40_NTn1_NTA0_NTB0_NTC0_NTD0_NTM0_NEPBS0_NLCA1_NLCB1_ONLL1_PGR2_PLR1_PKA1_SIA3_SS1_SPO0_SRVW0_SSO0_SVW8_SK3_SKFTR0_SKXCCM0_TLDS1_ULSGRO0_USL1_UIOFGRO0_USFGRO0_VSn1_VWA8_VWB1_WSGRA0_WSGRB0_WS64_WG32_8_1,256,160,False,in: non-pow2 tile,256-511
7680,2048,1536,False,bfloat16,untuned,788,240,1216.7,1040.8,torch,,gluon,0.0,,256,256,False,in: 256x256,128-255
7680,4096,1536,False,bfloat16,untuned,975,480,1274.1,1083.7,torch,,gluon,0.0,,256,256,False,in: 256x256,256-511
8192,1536,1536,False,bfloat16,tuned,702,192,1070.5,1112.6,torch,native,torch:hipBLASLt,3.9,Cijk_Alik_Bljk_BBS_BH_Bias_HA_S_SAV_UserArgs_MT192x256x64_MI16x16x1_SN_LDSB0_AFC0_AFEM1_AFEM1_ASEM1_CLR1_CADS0_DTLA0_DTLB0_DTVA0_DTVB0_EPS0_FDSI0_GRPM1_GRVWA8_GRVWB8_GSU0_GSUAMB_GLS0_ISA950_IU1_K1_LDSTI0_LBSPPA256_LBSPPB1024_LBSPPM0_LPA16_LPB16_LPM0_LRVW8_LWPMn1_MIAV0_MIWT6_8_MO40_NTn1_NTA0_NTB0_NTC0_NTD0_NTM0_NEPBS0_NLCA1_NLCB1_ONLL1_PGR2_PLR1_PKA1_SIA3_SS1_SPO0_SRVW0_SSO0_SVW2_SK3_SKFTR0_SKXCCM0_TLDS1_ULSGRO0_USL1_UIOFGRO0_USFGRO0_VSn1_VWA2_VWB8_WSGRA0_WSGRB0_WS64_WG32_8_1,192,256,False,in: non-pow2 tile,128-255
10240,7168,1536,False,bfloat16,tuned,1126,1120,1278.9,1235.3,asm,_ZN5aiter24bf16gemm_bf16_tn_256x256E,gluon,0.0,,256,256,False,in: 256x256,>=512
16384,1536,1536,False,bfloat16,tuned,734,384,1126.3,1171.0,torch,native,torch:hipBLASLt,4.0,Cijk_Alik_Bljk_BBS_BH_Bias_HA_S_SAV_UserArgs_MT192x256x64_MI16x16x1_SN_LDSB0_AFC0_AFEM1_AFEM1_ASEM1_CLR1_CADS0_DTLA0_DTLB0_DTVA0_DTVB0_EPS0_FDSI0_GRPM1_GRVWA8_GRVWB8_GSU0_GSUAMB_GLS0_ISA950_IU1_K1_LDSTI0_LBSPPA256_LBSPPB1024_LBSPPM0_LPA16_LPB16_LPM0_LRVW8_LWPMn1_MIAV0_MIWT6_8_MO40_NTn1_NTA0_NTB0_NTC0_NTD0_NTM0_NEPBS0_NLCA1_NLCB1_ONLL1_PGR2_PLR1_PKA1_SIA3_SS1_SPO0_SRVW0_SSO0_SVW2_SK3_SKFTR0_SKXCCM0_TLDS1_ULSGRO0_USL1_UIOFGRO0_USFGRO0_VSn1_VWA2_VWB8_WSGRA0_WSGRB0_WS64_WG32_8_1,192,256,False,in: non-pow2 tile,256-511
16384,2048,1536,False,bfloat16,untuned,833,512,1321.1,1291.8,torch,,gluon,0.0,,256,256,False,in: 256x256,>=512
16384,3072,1536,False,bfloat16,tuned,964,768,1343.7,1320.0,torch,native,gluon,0.0,,256,256,False,in: 256x256,>=512
16384,4096,1536,False,bfloat16,untuned,1046,1024,1355.1,1342.1,torch,,gluon,0.0,,256,256,False,in: 256x256,>=512
32768,1536,1536,False,bfloat16,tuned,750,768,1340.6,1305.2,flydsl,flydsl_hgemm_abf16_wbf16_bf16_t256x256x64x2_ks1_w2x4x1_bias0_ktail0_gm4_pht_gfx950,gluon,0.0,,256,256,False,in: 256x256,>=512
512,7168,1792,False,bfloat16,tuned,377,56,390.7,728.7,flydsl,flydsl_hgemm_abf16_wbf16_bf16_t128x128x64x3_ks1_w4x4x1_bias0_ktail0_gm0_pft_gfx950,flydsl:flydsl_hgemm_abf16_wbf16_bf16_t128x128x64x3_ks1_w4x4x1_bias0_ktail0_gm0_pft_gfx950,86.5,,128,128,False,in: other listed tile,<128
1024,7168,1792,False,bfloat16,tuned,597,112,720.3,862.9,flydsl,flydsl_hgemm_abf16_wbf16_bf16_t256x128x64x3_ks1_w4x4x1_bias0_ktail0_gm0_pft_gfx950,flydsl:flydsl_hgemm_abf16_wbf16_bf16_t256x128x64x3_ks1_w4x4x1_bias0_ktail0_gm0_pft_gfx950,19.8,,256,128,False,in: other listed tile,<128
2048,7168,1792,False,bfloat16,tuned,843,224,1255.1,1214.4,flydsl,flydsl_hgemm_abf16_wbf16_bf16_t256x256x64x2_ks1_w2x4x1_bias0_ktail0_gm0_pht_gfx950,gluon,0.0,,256,256,False,in: 256x256,128-255
4096,7168,1792,False,bfloat16,tuned,1062,448,1293.6,1272.4,flydsl,flydsl_hgemm_abf16_wbf16_bf16_t256x256x64x2_ks1_w2x4x1_bias0_ktail0_gm4_pht_gfx950,gluon,0.0,,256,256,False,in: 256x256,256-511
8192,7168,1792,False,bfloat16,tuned,1220,896,1317.9,1266.2,asm,_ZN5aiter24bf16gemm_bf16_tn_256x256E,gluon,0.0,,256,256,False,in: 256x256,>=512
16384,7168,1792,False,bfloat16,tuned,1318,1792,1420.3,1409.4,torch,native,gluon,0.0,,256,256,False,in: 256x256,>=512
32768,7168,1792,False,bfloat16,tuned,1374,3584,1404.3,1429.9,torch,native,torch:hipBLASLt,1.8,Cijk_Alik_Bljk_BBS_BH_Bias_HA_S_SAV_UserArgs_MT256x256x64_MI16x16x1_CMS_SN_LDSB0_AFC0_AFEM1_AFEM1_ASEM1_CLR1_CADS0_DTLA1_DTLB1_DTVA0_DTVB0_EPS0_FDSI0_GRPM1_GRVWA8_GRVWB8_GSU0_GSUAMB_GLS0_ISA950_IU1_K1_LDSTI0_LBSPPA1024_LBSPPB1024_LBSPPM0_LPA16_LPB16_LPM0_LRVW8_LWPMn1_MIAV0_MIWT8_8_MO40_NTn1_NTA0_NTB0_NTC0_NTD4_NTM0_NEPBS0_NLCA1_NLCB1_ONLL1_PGR2_PLR1_PKA1_SIA3_SS1_SPO0_SRVW0_SSO0_SVW8_SK3_SKFTR0_SKXCCM0_TLDS1_ULSGRO0_USL1_UIOFGRO0_USFGRO0_VSn1_VWA8_VWB8_WSGRA0_WSGRB0_WS64_WG32_8_1,256,256,False,in: 256x256,>=512
512,4096,2048,False,bfloat16,untuned,372,32,238.4,628.4,torch,,torch:hipBLASLt,163.5,Cijk_Alik_Bljk_BBS_BH_Bias_HA_S_SAV_UserArgs_MT128x64x128_MI16x16x1_SN_LDSB1_AFC0_AFEM1_AFEM1_ASEM1_CLR1_CADS0_DTLA0_DTLB0_DTVA0_DTVB0_EPS0_FDSI0_GRPM1_GRVWA8_GRVWB8_GSU0_GSUAMB_GLS0_ISA950_IU1_K1_LDSTI0_LBSPPA1024_LBSPPB512_LBSPPM0_LPA16_LPB16_LPM0_LRVW8_LWPMn1_MIAV0_MIWT4_2_MO40_NTn1_NTA0_NTB0_NTC0_NTD0_NTM0_NEPBS0_NLCA1_NLCB1_ONLL1_PGR2_PLR1_PKA1_SIA3_SS1_SPO0_SRVW0_SSO0_SVW4_SK3_SKFTR0_SKXCCM0_TLDS1_ULSGRO0_USL1_UIOFGRO0_USFGRO0_VSn1_VWA4_VWB2_WSGRA0_WSGRB0_WS64_WG32_8_1,128,64,False,in: other listed tile,<128
512,6144,2048,False,float32,tuned,323,48,314.5,425.9,asm,_ZN5aiter37bf16gemm_fp32bf16_tn_96x64_pf3_splitkE,asm:_ZN5aiter37bf16gemm_fp32bf16_tn_96x64_pf3_splitkE,35.4,,96,64,True,out: split-K,<128
512,6144,2048,False,bfloat16,tuned,384,48,350.4,691.7,flydsl,flydsl_hgemm_abf16_wbf16_bf16_t128x96x64x4_ks1_w2x2x1_bias0_ktail0_gm4_pft_gfx950,flydsl:flydsl_hgemm_abf16_wbf16_bf16_t128x96x64x4_ks1_w2x2x1_bias0_ktail0_gm4_pft_gfx950,97.4,,128,96,False,in: non-pow2 tile,<128
512,8192,2048,False,bfloat16,tuned,390,64,451.4,797.0,flydsl,flydsl_hgemm_abf16_wbf16_bf16_t128x128x64x3_ks1_w4x4x1_bias0_ktail0_gm0_pft_gfx950,flydsl:flydsl_hgemm_abf16_wbf16_bf16_t128x128x64x3_ks1_w4x4x1_bias0_ktail0_gm0_pft_gfx950,76.6,,128,128,False,in: other listed tile,<128
512,16384,2048,False,bfloat16,tuned,400,128,821.7,820.1,flydsl,flydsl_hgemm_abf16_wbf16_bf16_t128x128x64x4_ks1_w2x4x1_bias0_ktail0_gm0_pft_gfx950,gluon,0.0,,256,256,False,in: 256x256,128-255
1024,4096,2048,False,bfloat16,untuned,585,64,450.3,686.0,torch,,torch:hipBLASLt,52.3,Cijk_Alik_Bljk_BBS_BH_Bias_HA_S_SAV_UserArgs_MT128x128x256_MI16x16x1_SN_LDSB1_AFC0_AFEM1_AFEM1_ASEM1_CLR0_CADS0_DTLA0_DTLB0_DTVA0_DTVB0_EPS0_FDSI0_GRPM1_GRVWA8_GRVWB8_GSU0_GSUAMB_GLS0_ISA950_IU1_K1_LDSTI0_LBSPPA2048_LBSPPB2048_LBSPPM0_LPA16_LPB16_LPM0_LRVW8_LWPMn1_MIAV0_MIWT4_4_MO40_NTn1_NTA0_NTB0_NTC1_NTD1_NTM0_NEPBS0_NLCA1_NLCB1_ONLL1_PGR2_PLR1_PKA1_SIA3_SS1_SPO1_SRVW0_SSO4_SVW4_SK3_SKFTR0_SKXCCM0_TLDS1_ULSGRO0_USL1_UIOFGRO0_USFGRO0_VSn1_VWA4_VWB4_WSGRA0_WSGRB0_WS64_WG32_8_1,128,128,False,in: other listed tile,<128
1024,6144,2048,False,float32,tuned,473,96,587.9,667.2,opus,opus_gemm_persistent_512x128x128x64_2x4_16x16x32_0x0x0,opus:opus_gemm_persistent_512x128x128x64_2x4_16x16x32_0x0x0,13.5,,128,128,False,in: other listed tile,<128
1024,6144,2048,False,bfloat16,tuned,614,96,650.7,811.4,flydsl,flydsl_hgemm_abf16_wbf16_bf16_t256x128x64x3_ks1_w4x2x2_bias0_ktail0_gm0_pft_gfx950,flydsl:flydsl_hgemm_abf16_wbf16_bf16_t256x128x64x3_ks1_w4x2x2_bias0_ktail0_gm0_pft_gfx950,24.7,,256,128,False,in: other listed tile,<128
1024,8192,2048,False,bfloat16,tuned,630,128,821.4,1078.8,flydsl,flydsl_hgemm_abf16_wbf16_bf16_t128x256x64x2_ks1_w2x4x1_bias0_ktail0_gm4_pht_gfx950,flydsl:flydsl_hgemm_abf16_wbf16_bf16_t128x256x64x2_ks1_w2x4x1_bias0_ktail0_gm4_pht_gfx950,31.3,,128,256,False,in: other listed tile,128-255
1024,16384,2048,False,bfloat16,tuned,655,256,1374.8,954.1,flydsl,flydsl_hgemm_abf16_wbf16_bf16_t256x64x64x2_ks1_w2x2x1_bias0_ktail0_gm4_pht_gfx950,gluon,0.0,,256,256,False,in: 256x256,256-511
2048,4096,2048,False,bfloat16,untuned,819,128,821.4,1050.2,torch,,torch:hipBLASLt,27.9,Cijk_Alik_Bljk_BBS_BH_Bias_HA_S_SAV_UserArgs_MT256x128x64_MI16x16x1_SN_LDSB1_AFC0_AFEM1_AFEM1_ASEM1_CLR1_CADS0_DTLA0_DTLB0_DTVA0_DTVB0_EPS0_FDSI0_GRPM1_GRVWA8_GRVWB8_GSU0_GSUAMB_GLS0_ISA950_IU1_K1_LDSTI0_LBSPPA1024_LBSPPB512_LBSPPM0_LPA16_LPB16_LPM0_LRVW8_LWPMn1_MIAV0_MIWT8_4_MO40_NTn1_NTA0_NTB0_NTC0_NTD0_NTM0_NEPBS0_NLCA1_NLCB1_ONLL1_PGR2_PLR1_PKA1_SIA3_SS1_SPO0_SRVW0_SSO0_SVW8_SK3_SKFTR0_SKXCCM0_TLDS1_ULSGRO0_USL1_UIOFGRO0_USFGRO0_VSn1_VWA8_VWB4_WSGRA0_WSGRB0_WS64_WG32_8_1,256,128,False,in: other listed tile,128-255
2048,6144,2048,False,float32,tuned,614,192,1030.9,1008.9,asm,_ZN5aiter24bf16gemm_bf16_tn_256x256E,gluon,0.0,,256,256,False,in: 256x256,128-255
2048,6144,2048,False,bfloat16,tuned,878,192,1159.4,1135.5,flydsl,flydsl_hgemm_abf16_wbf16_bf16_t256x256x64x2_ks1_w2x4x1_bias0_ktail0_gm0_pht_gfx950,gluon,0.0,,256,256,False,in: 256x256,128-255
2048,8192,2048,False,bfloat16,tuned,910,256,1376.6,1330.7,flydsl,flydsl_hgemm_abf16_wbf16_bf16_t256x256x64x2_ks1_w2x4x1_bias0_ktail0_gm4_pht_gfx950,gluon,0.0,,256,256,False,in: 256x256,256-511
2048,16384,2048,False,bfloat16,tuned,964,512,1412.7,1118.8,flydsl,flydsl_hgemm_abf16_wbf16_bf16_t256x256x64x2_ks1_w4x4x1_bias0_ktail0_gm0_pft_gfx950,gluon,0.0,,256,256,False,in: 256x256,>=512
3072,4096,2048,False,bfloat16,untuned,945,192,1158.1,1183.0,torch,,torch:hipBLASLt,2.1,Cijk_Alik_Bljk_BBS_BH_Bias_HA_S_SAV_UserArgs_MT256x192x64_MI16x16x1_SN_LDSB0_AFC0_AFEM1_AFEM1_ASEM1_CLR1_CADS0_DTLA0_DTLB0_DTVA0_DTVB0_EPS0_FDSI0_GRPM1_GRVWA8_GRVWB8_GSU0_GSUAMB_GLS0_ISA950_IU1_K1_LDSTI0_LBSPPA1024_LBSPPB256_LBSPPM0_LPA16_LPB16_LPM0_LRVW8_LWPMn1_MIAV0_MIWT8_6_MO40_NTn1_NTA0_NTB0_NTC0_NTD0_NTM0_NEPBS0_NLCA1_NLCB1_ONLL1_PGR2_PLR1_PKA1_SIA3_SS1_SPO0_SRVW0_SSO0_SVW8_SK3_SKFTR0_SKXCCM0_TLDS1_ULSGRO0_USL1_UIOFGRO0_USFGRO0_VSn1_VWA8_VWB2_WSGRA0_WSGRB0_WS64_WG32_8_1,256,192,False,in: non-pow2 tile,128-255
4096,4096,2048,False,bfloat16,untuned,1024,256,1383.5,1337.0,torch,,gluon,0.0,,256,256,False,in: 256x256,256-511
4096,6144,2048,False,float32,tuned,723,384,1061.2,1039.9,asm,_ZN5aiter24bf16gemm_bf16_tn_256x256E,gluon,0.0,,256,256,False,in: 256x256,256-511
4096,6144,2048,False,bfloat16,tuned,1117,384,1201.6,1074.6,flydsl,flydsl_hgemm_abf16_wbf16_bf16_t128x128x64x2_ks1_w2x4x1_bias0_ktail0_gm4_pht_gfx950,gluon,0.0,,256,256,False,in: 256x256,256-511
4096,8192,2048,False,bfloat16,tuned,1170,512,1407.1,1381.8,flydsl,flydsl_hgemm_abf16_wbf16_bf16_t256x256x64x2_ks1_w2x4x1_bias0_ktail0_gm0_pht_gfx950,gluon,0.0,,256,256,False,in: 256x256,>=512
4096,16384,2048,False,bfloat16,tuned,1260,1024,1444.8,985.7,flydsl,flydsl_hgemm_abf16_wbf16_bf16_t256x64x64x2_ks1_w4x2x1_bias0_ktail0_gm4_pft_gfx950,gluon,0.0,,256,256,False,in: 256x256,>=512
5120,4096,2048,False,bfloat16,untuned,1078,320,1042.1,1259.1,torch,,torch:hipBLASLt,20.8,Cijk_Alik_Bljk_BBS_BH_Bias_HA_S_SAV_UserArgs_MT256x160x64_MI16x16x1_SN_LDSB0_AFC1_AFEM1_AFEM1_ASEM1_CLR0_CADS0_DTLA1_DTLB1_DTVA0_DTVB0_EPS0_FDSI0_GRPM1_GRVWA8_GRVWB8_GSU0_GSUAMB_GLS0_ISA950_IU1_K1_LDSTI0_LBSPPA1024_LBSPPB1024_LBSPPM0_LPA16_LPB16_LPM0_LRVW8_LWPMn1_MIAV0_MIWT8_5_MO40_NTn1_NTA1_NTB2_NTC6_NTD2_NTM0_NEPBS16_NLCA1_NLCB1_ONLL1_PGR2_PLR1_PKA1_SIA3_SS1_SPO0_SRVW0_SSO4_SVW8_SK3_SKFTR0_SKXCCM8_TLDS1_ULSGRO0_USL1_UIOFGRO0_USFGRO0_VSn1_VWA8_VWB1_WSGRA0_WSGRB0_WS64_WG32_8_1,256,160,False,in: non-pow2 tile,256-511
7680,4096,2048,False,bfloat16,untuned,1159,480,1371.8,1148.0,torch,,gluon,0.0,,256,256,False,in: 256x256,256-511
8192,6144,2048,False,float32,tuned,793,768,1277.5,1250.3,asm,_ZN5aiter24bf16gemm_bf16_tn_256x256E,gluon,0.0,,256,256,False,in: 256x256,>=512
8192,6144,2048,False,bfloat16,tuned,1293,768,1445.3,884.8,flydsl,flydsl_hgemm_abf16_wbf16_bf16_t128x128x64x4_ks1_w2x2x2_bias0_ktail0_gm0_pft_gfx950,gluon,0.0,,256,256,False,in: 256x256,>=512
8192,8192,2048,False,bfloat16,tuned,1365,1024,1443.2,1433.0,asm,_ZN5aiter24bf16gemm_bf16_tn_256x256E,gluon,0.0,,256,256,False,in: 256x256,>=512
8192,16384,2048,False,bfloat16,tuned,1489,2048,1364.3,1042.6,triton,auto,gluon,0.0,,256,256,False,in: 256x256,>=512
16384,4096,2048,False,bfloat16,tuned,1260,1024,1448.6,1402.4,torch,native,gluon,0.0,,256,256,False,in: 256x256,>=512
16384,6144,2048,False,float32,tuned,833,1536,1239.8,1193.3,asm,_ZN5aiter24bf16gemm_bf16_tn_256x256E,gluon,0.0,,256,256,False,in: 256x256,>=512
16384,6144,2048,False,bfloat16,tuned,1404,1536,1453.7,1434.7,torch,native,gluon,0.0,,256,256,False,in: 256x256,>=512
16384,8192,2048,False,bfloat16,tuned,1489,2048,1450.9,1442.4,torch,native,gluon,0.0,,256,256,False,in: 256x256,>=512
16384,16384,2048,False,bfloat16,tuned,1638,4096,1375.7,983.4,flydsl,flydsl_hgemm_abf16_wbf16_bf16_t128x128x64x2_ks1_w2x2x1_bias0_ktail0_gm0_pht_gfx950,gluon,0.0,,256,256,False,in: 256x256,>=512
32768,6144,2048,False,bfloat16,tuned,1467,3072,1431.3,1027.6,flydsl,flydsl_hgemm_abf16_wbf16_bf16_t256x128x64x3_ks1_w4x2x1_bias0_ktail0_gm0_pft_gfx950,gluon,0.0,,256,256,False,in: 256x256,>=512
32768,8192,2048,False,bfloat16,tuned,1560,4096,1429.8,1454.9,torch,native,torch:hipBLASLt,1.8,Cijk_Alik_Bljk_BBS_BH_Bias_HA_S_SAV_UserArgs_MT256x256x64_MI16x16x1_CMS_SN_LDSB0_AFC0_AFEM1_AFEM1_ASEM1_CLR1_CADS0_DTLA1_DTLB1_DTVA0_DTVB0_EPS0_FDSI0_GRPM1_GRVWA8_GRVWB8_GSU0_GSUAMB_GLS0_ISA950_IU1_K1_LDSTI0_LBSPPA1024_LBSPPB1024_LBSPPM0_LPA16_LPB16_LPM0_LRVW8_LWPMn1_MIAV0_MIWT8_8_MO40_NTn1_NTA0_NTB0_NTC0_NTD4_NTM0_NEPBS0_NLCA1_NLCB1_ONLL1_PGR2_PLR1_PKA1_SIA3_SS1_SPO0_SRVW0_SSO0_SVW8_SK3_SKFTR0_SKXCCM0_TLDS1_ULSGRO0_USL1_UIOFGRO0_USFGRO0_VSn1_VWA8_VWB8_WSGRA0_WSGRB0_WS64_WG32_8_1,256,256,False,in: 256x256,>=512
32768,16384,2048,False,bfloat16,tuned,1725,8192,1380.7,853.7,flydsl,flydsl_hgemm_abf16_wbf16_bf16_t128x128x64x3_ks1_w2x2x1_bias0_ktail0_gm4_pft_gfx950,gluon,0.0,,256,256,False,in: 256x256,>=512
512,6144,3072,False,float32,tuned,361,48,345.9,494.0,opus,opus_gemm_512x128x128x64_2x4_16x16x32_0x0x0_nooob_cA17cB1,opus:opus_gemm_512x128x128x64_2x4_16x16x32_0x0x0_nooob_cA17cB1,42.8,,128,128,False,in: other listed tile,<128
512,6144,3072,False,bfloat16,tuned,410,48,375.5,741.2,flydsl,flydsl_hgemm_abf16_wbf16_bf16_t128x96x64x4_ks1_w2x2x1_bias0_ktail0_gm0_pft_gfx950,flydsl:flydsl_hgemm_abf16_wbf16_bf16_t128x96x64x4_ks1_w2x2x1_bias0_ktail0_gm0_pft_gfx950,97.4,,128,96,False,in: non-pow2 tile,<128
1024,6144,3072,False,float32,tuned,559,96,648.4,696.8,opus,opus_gemm_512x256x128x64_2x4_16x16x32_0x0x0_cA1cB17,opus:opus_gemm_512x256x128x64_2x4_16x16x32_0x0x0_cA1cB17,7.5,,256,128,False,in: other listed tile,<128
1024,6144,3072,False,bfloat16,tuned,683,96,695.5,888.6,flydsl,flydsl_hgemm_abf16_wbf16_bf16_t256x128x64x3_ks1_w4x2x2_bias0_ktail0_gm0_pft_gfx950,flydsl:flydsl_hgemm_abf16_wbf16_bf16_t256x128x64x3_ks1_w4x2x2_bias0_ktail0_gm0_pft_gfx950,27.8,,256,128,False,in: other listed tile,<128
2048,6144,3072,False,float32,tuned,768,192,1147.4,1175.5,asm,_ZN5aiter24bf16gemm_bf16_tn_256x256E,asm:_ZN5aiter24bf16gemm_bf16_tn_256x256E,2.5,,256,256,False,in: 256x256,128-255
2048,6144,3072,False,bfloat16,tuned,1024,192,1246.5,1224.5,flydsl,flydsl_hgemm_abf16_wbf16_bf16_t256x256x64x2_ks1_w2x4x1_bias0_ktail0_gm0_pht_gfx950,gluon,0.0,,256,256,False,in: 256x256,128-255
4096,6144,3072,False,float32,tuned,945,384,1161.5,1147.7,asm,_ZN5aiter24bf16gemm_bf16_tn_256x256E,gluon,0.0,,256,256,False,in: 256x256,256-511
4096,6144,3072,False,bfloat16,tuned,1365,384,1295.8,1121.9,flydsl,flydsl_hgemm_abf16_wbf16_bf16_t128x128x64x2_ks1_w2x2x1_bias0_ktail0_gm4_pht_gfx950,gluon,0.0,,256,256,False,in: 256x256,256-511
8192,6144,3072,False,float32,tuned,1069,768,1376.6,1356.6,asm,_ZN5aiter24bf16gemm_bf16_tn_256x256E,gluon,0.0,,256,256,False,in: 256x256,>=512
8192,6144,3072,False,bfloat16,tuned,1638,768,1530.5,866.8,flydsl,flydsl_hgemm_abf16_wbf16_bf16_t64x256x64x4_ks1_w2x4x1_bias0_ktail0_gm0_pft_gfx950,gluon,0.0,,256,256,False,in: 256x256,>=512
16384,6144,3072,False,float32,tuned,1143,1536,1340.9,1326.0,asm,_ZN5aiter24bf16gemm_bf16_tn_256x256E,gluon,0.0,,256,256,False,in: 256x256,>=512
16384,6144,3072,False,bfloat16,tuned,1820,1536,1525.5,1510.1,torch,native,gluon,0.0,,256,256,False,in: 256x256,>=512
32768,6144,3072,False,bfloat16,tuned,1928,3072,1501.3,874.4,flydsl,flydsl_hgemm_abf16_wbf16_bf16_t128x128x64x4_ks1_w2x2x2_bias0_ktail0_gm0_pft_gfx950,gluon,0.0,,256,256,False,in: 256x256,>=512
512,5120,3200,False,bfloat16,tuned,406,40,318.4,636.4,flydsl,flydsl_hgemm_abf16_wbf16_bf16_t128x64x64x3_ks1_w2x2x1_bias0_ktail0_gm0_pft_gfx950,flydsl:flydsl_hgemm_abf16_wbf16_bf16_t128x64x64x3_ks1_w2x2x1_bias0_ktail0_gm0_pft_gfx950,99.9,,128,64,False,in: other listed tile,<128
1024,5120,3200,False,bfloat16,tuned,674,80,595.4,968.7,torch,native,torch:hipBLASLt,62.7,Cijk_Alik_Bljk_BBS_BH_Bias_HA_S_SAV_UserArgs_MT160x128x128_MI16x16x1_SN_LDSB1_AFC0_AFEM1_AFEM1_ASEM1_CLR1_CADS0_DTLA0_DTLB0_DTVA0_DTVB0_EPS0_FDSI0_GRPM1_GRVWA8_GRVWB8_GSU0_GSUAMB_GLS0_ISA950_IU1_K1_LDSTI0_LBSPPA256_LBSPPB1024_LBSPPM0_LPA16_LPB16_LPM0_LRVW8_LWPMn1_MIAV0_MIWT5_4_MO40_NTn1_NTA0_NTB0_NTC0_NTD0_NTM0_NEPBS0_NLCA1_NLCB1_ONLL1_PGR2_PLR1_PKA1_SIA3_SS1_SPO0_SRVW0_SSO0_SVW1_SK3_SKFTR0_SKXCCM0_TLDS1_ULSGRO0_USL1_UIOFGRO0_USFGRO0_VSn1_VWA1_VWB4_WSGRA0_WSGRB0_WS64_WG32_8_1,160,128,False,in: non-pow2 tile,<128
2048,5120,3200,False,bfloat16,tuned,1004,160,1086.0,1184.3,torch,native,torch:hipBLASLt,9.1,Cijk_Alik_Bljk_BBS_BH_Bias_HA_S_SAV_UserArgs_MT160x256x64_MI16x16x1_SN_LDSB0_AFC0_AFEM1_AFEM1_ASEM1_CLR1_CADS0_DTLA0_DTLB0_DTVA0_DTVB0_EPS0_FDSI0_GRPM1_GRVWA8_GRVWB8_GSU0_GSUAMB_GLS0_ISA950_IU1_K1_LDSTI0_LBSPPA128_LBSPPB1024_LBSPPM0_LPA16_LPB16_LPM0_LRVW8_LWPMn1_MIAV0_MIWT5_8_MO40_NTn1_NTA0_NTB0_NTC0_NTD0_NTM0_NEPBS0_NLCA1_NLCB1_ONLL1_PGR2_PLR1_PKA1_SIA3_SS1_SPO0_SRVW0_SSO0_SVW1_SK3_SKFTR0_SKXCCM0_TLDS1_ULSGRO0_USL1_UIOFGRO0_USFGRO0_VSn1_VWA1_VWB8_WSGRA0_WSGRB0_WS64_WG32_8_1,160,256,False,in: non-pow2 tile,128-255
4096,5120,3200,False,bfloat16,tuned,1330,320,1145.0,1217.2,torch,native,torch:hipBLASLt,6.3,Cijk_Alik_Bljk_BBS_BH_Bias_HA_S_SAV_UserArgs_MT160x256x64_MI16x16x1_SN_LDSB0_AFC0_AFEM1_AFEM1_ASEM1_CLR1_CADS0_DTLA0_DTLB0_DTVA0_DTVB0_EPS0_FDSI0_GRPM1_GRVWA8_GRVWB8_GSU0_GSUAMB_GLS0_ISA950_IU1_K1_LDSTI0_LBSPPA128_LBSPPB1024_LBSPPM0_LPA16_LPB16_LPM0_LRVW8_LWPMn1_MIAV0_MIWT5_8_MO40_NTn1_NTA0_NTB0_NTC0_NTD0_NTM0_NEPBS0_NLCA1_NLCB1_ONLL1_PGR2_PLR1_PKA1_SIA3_SS1_SPO0_SRVW0_SSO0_SVW1_SK3_SKFTR0_SKXCCM0_TLDS1_ULSGRO0_USL1_UIOFGRO0_USFGRO0_VSn1_VWA1_VWB8_WSGRA0_WSGRB0_WS64_WG32_8_1,160,256,False,in: non-pow2 tile,256-511
8192,5120,3200,False,bfloat16,tuned,1588,640,1395.7,1338.5,asm,_ZN5aiter24bf16gemm_bf16_tn_256x256E,gluon,0.0,,256,256,False,in: 256x256,>=512
16384,5120,3200,False,bfloat16,tuned,1758,1280,1531.7,1517.5,torch,native,gluon,0.0,,256,256,False,in: 256x256,>=512
32768,5120,3200,False,bfloat16,tuned,1858,2560,1522.4,1522.7,torch,native,torch:hipBLASLt,0.0,Cijk_Alik_Bljk_BBS_BH_Bias_HA_S_SAV_UserArgs_MT256x256x64_MI16x16x1_CMS_SN_LDSB0_AFC0_AFEM1_AFEM1_ASEM1_CLR1_CADS0_DTLA1_DTLB1_DTVA0_DTVB0_EPS0_FDSI0_GRPM1_GRVWA8_GRVWB8_GSU0_GSUAMB_GLS0_ISA950_IU1_K1_LDSTI0_LBSPPA1024_LBSPPB1024_LBSPPM0_LPA16_LPB16_LPM0_LRVW8_LWPMn1_MIAV0_MIWT8_8_MO40_NTn1_NTA0_NTB0_NTC0_NTD4_NTM0_NEPBS0_NLCA1_NLCB1_ONLL1_PGR2_PLR1_PKA1_SIA3_SS1_SPO0_SRVW0_SSO0_SVW8_SK3_SKFTR0_SKXCCM0_TLDS1_ULSGRO0_USL1_UIOFGRO0_USFGRO0_VSn1_VWA8_VWB8_WSGRA0_WSGRB0_WS64_WG32_8_1,256,256,False,in: 256x256,>=512
512,7168,3584,False,bfloat16,tuned,422,56,439.7,864.1,flydsl,flydsl_hgemm_abf16_wbf16_bf16_t128x128x64x4_ks1_w4x4x1_bias0_ktail0_gm0_pft_gfx950,flydsl:flydsl_hgemm_abf16_wbf16_bf16_t128x128x64x4_ks1_w4x4x1_bias0_ktail0_gm0_pft_gfx950,96.5,,128,128,False,in: other listed tile,<128
512,8192,3584,False,bfloat16,tuned,425,64,493.8,802.1,flydsl,flydsl_hgemm_abf16_wbf16_bf16_t64x256x64x4_ks1_w2x4x1_bias0_ktail0_gm4_pft_gfx950,flydsl:flydsl_hgemm_abf16_wbf16_bf16_t64x256x64x4_ks1_w2x4x1_bias0_ktail0_gm4_pft_gfx950,62.4,,64,256,False,in: other listed tile,<128
1024,7168,3584,False,bfloat16,tuned,717,112,818.2,1101.1,torch,native,torch:hipBLASLt,34.6,Cijk_Alik_Bljk_BBS_BH_Bias_HA_S_SAV_UserArgs_MT224x128x64_MI16x16x1_SN_LDSB1_AFC0_AFEM1_AFEM1_ASEM1_CLR1_CADS0_DTLA0_DTLB0_DTVA0_DTVB0_EPS0_FDSI0_GRPM1_GRVWA8_GRVWB8_GSU0_GSUAMB_GLS0_ISA950_IU1_K1_LDSTI0_LBSPPA128_LBSPPB512_LBSPPM0_LPA16_LPB16_LPM0_LRVW8_LWPMn1_MIAV0_MIWT7_4_MO40_NTn1_NTA0_NTB0_NTC0_NTD0_NTM0_NEPBS0_NLCA1_NLCB1_ONLL1_PGR2_PLR1_PKA1_SIA3_SS1_SPO0_SRVW0_SSO0_SVW1_SK3_SKFTR0_SKXCCM0_TLDS1_ULSGRO0_USL1_UIOFGRO0_USFGRO0_VSn1_VWA1_VWB4_WSGRA0_WSGRB0_WS64_WG32_8_1,224,128,False,in: non-pow2 tile,<128
1024,8192,3584,False,bfloat16,tuned,726,128,911.9,908.1,flydsl,flydsl_hgemm_abf16_wbf16_bf16_t128x128x64x5_ks1_w4x2x1_bias0_ktail0_gm4_pft_gfx950,gluon,0.0,,256,256,False,in: 256x256,128-255
2048,8192,3584,False,bfloat16,tuned,1124,256,1509.7,1469.8,flydsl,flydsl_hgemm_abf16_wbf16_bf16_t256x256x64x2_ks1_w2x4x1_bias0_ktail0_gm0_pht_gfx950,gluon,0.0,,256,256,False,in: 256x256,256-511
4096,8192,3584,False,bfloat16,tuned,1550,512,1531.7,1053.6,flydsl,flydsl_hgemm_abf16_wbf16_bf16_t256x128x64x2_ks1_w2x2x1_bias0_ktail0_gm0_pht_gfx950,gluon,0.0,,256,256,False,in: 256x256,>=512
8192,8192,3584,False,bfloat16,tuned,1911,1024,1551.5,1523.5,torch,native,gluon,0.0,,256,256,False,in: 256x256,>=512
10240,7168,3584,False,bfloat16,tuned,1937,1120,1450.5,846.8,flydsl,flydsl_hgemm_abf16_wbf16_bf16_t256x64x128x2_ks1_w2x2x1_bias0_ktail0_gm0_pht_gfx950,gluon,0.0,,256,256,False,in: 256x256,>=512
16384,8192,3584,False,bfloat16,tuned,2164,2048,1537.7,865.8,flydsl,flydsl_hgemm_abf16_wbf16_bf16_t128x128x128x2_ks1_w2x2x1_bias0_ktail0_gm4_pft_gfx950,gluon,0.0,,256,256,False,in: 256x256,>=512
32768,8192,3584,False,bfloat16,tuned,2317,4096,1536.8,891.9,flydsl,flydsl_hgemm_abf16_wbf16_bf16_t128x128x64x5_ks1_w2x2x1_bias0_ktail0_gm4_pft_gfx950,gluon,0.0,,256,256,False,in: 256x256,>=512
512,1024,4096,False,bfloat16,tuned,315,8,66.6,343.8,flydsl,flydsl_hgemm_abf16_wbf16_bf16_t32x64x128x4_ks1_w1x2x2_bias0_ktail0_gm4_pft_gfx950,flydsl:flydsl_hgemm_abf16_wbf16_bf16_t32x64x128x4_ks1_w1x2x2_bias0_ktail0_gm4_pft_gfx950,416.3,,32,64,False,out: smaller tile,<128
512,2048,4096,False,bfloat16,tuned,372,16,133.1,519.2,flydsl,flydsl_hgemm_abf16_wbf16_bf16_t64x64x64x6_ks1_w4x2x1_bias0_ktail0_gm0_pft_gfx950,flydsl:flydsl_hgemm_abf16_wbf16_bf16_t64x64x64x6_ks1_w4x2x1_bias0_ktail0_gm0_pft_gfx950,290.1,,64,64,False,out: smaller tile,<128
512,4096,4096,False,bfloat16,tuned,410,32,265.1,729.0,flydsl,flydsl_hgemm_abf16_wbf16_bf16_t128x64x64x4_ks1_w4x2x1_bias0_ktail0_gm0_pft_gfx950,flydsl:flydsl_hgemm_abf16_wbf16_bf16_t128x64x64x4_ks1_w4x2x1_bias0_ktail0_gm0_pft_gfx950,175.0,,128,64,False,in: other listed tile,<128
512,8192,4096,False,bfloat16,tuned,431,64,506.4,921.7,flydsl,flydsl_hgemm_abf16_wbf16_bf16_t128x128x64x4_ks1_w4x4x1_bias0_ktail0_gm4_pft_gfx950,flydsl:flydsl_hgemm_abf16_wbf16_bf16_t128x128x64x4_ks1_w4x4x1_bias0_ktail0_gm4_pft_gfx950,82.0,,128,128,False,in: other listed tile,<128
512,8704,4096,False,bfloat16,tuned,432,68,538.2,902.8,torch,native,torch:hipBLASLt,67.7,Cijk_Alik_Bljk_BBS_BH_Bias_HA_S_SAV_UserArgs_MT160x128x128_MI16x16x1_SN_LDSB1_AFC0_AFEM1_AFEM1_ASEM1_CLR1_CADS0_DTLA0_DTLB0_DTVA0_DTVB0_EPS0_FDSI0_GRPM1_GRVWA8_GRVWB8_GSU0_GSUAMB_GLS0_ISA950_IU1_K1_LDSTI0_LBSPPA256_LBSPPB1024_LBSPPM0_LPA16_LPB16_LPM0_LRVW8_LWPMn1_MIAV0_MIWT5_4_MO40_NTn1_NTA0_NTB0_NTC0_NTD0_NTM0_NEPBS0_NLCA1_NLCB1_ONLL1_PGR2_PLR1_PKA1_SIA3_SS1_SPO0_SRVW0_SSO0_SVW1_SK3_SKFTR0_SKXCCM0_TLDS1_ULSGRO0_USL1_UIOFGRO0_USFGRO0_VSn1_VWA1_VWB4_WSGRA0_WSGRB0_WS64_WG32_8_1,160,128,False,in: non-pow2 tile,<128
512,10240,4096,False,bfloat16,tuned,436,80,621.5,884.8,torch,native,torch:hipBLASLt,42.4,Cijk_Alik_Bljk_BBS_BH_Bias_HA_S_SAV_UserArgs_MT128x192x64_MI16x16x1_SN_LDSB0_AFC0_AFEM1_AFEM1_ASEM1_CLR0_CADS0_DTLA1_DTLB1_DTVA0_DTVB0_EPS0_FDSI0_GRPM1_GRVWA8_GRVWB8_GSU0_GSUAMB_GLS0_ISA950_IU1_K1_LDSTI0_LBSPPA1024_LBSPPB1024_LBSPPM0_LPA16_LPB16_LPM0_LRVW8_LWPMn1_MIAV0_MIWT8_3_MO40_NTn1_NTA6_NTB0_NTC1_NTD3_NTM0_NEPBS14_NLCA1_NLCB1_ONLL1_PGR2_PLR1_PKA1_SIA3_SS1_SPO1_SRVW0_SSO1_SVW8_SK3_SKFTR0_SKXCCM4_TLDS1_ULSGRO0_USL1_UIOFGRO0_USFGRO0_VSn1_VWA8_VWB1_WSGRA0_WSGRB0_WS64_WG16_16_1,128,192,False,in: non-pow2 tile,<128
512,16384,4096,False,bfloat16,tuned,443,128,923.9,847.1,flydsl,flydsl_hgemm_abf16_wbf16_bf16_t128x64x64x3_ks1_w4x2x1_bias0_ktail0_gm4_pft_gfx950,gluon,0.0,,256,256,False,in: 256x256,128-255
512,129280,4096,False,bfloat16,tuned,454,1010,1388.5,1335.2,asm,_ZN5aiter24bf16gemm_bf16_tn_256x256E,gluon,0.0,,256,256,False,in: 256x256,>=512
768,1024,4096,False,bfloat16,tuned,396,12,100.0,442.0,torch,native,torch:hipBLASLt,341.9,Cijk_Alik_Bljk_BBS_BH_Bias_HA_S_SAV_UserArgs_MT64x48x256_MI16x16x1_SN_LDSB0_AFC0_AFEM1_AFEM1_ASEM1_CLR1_CADS0_DTLA0_DTLB0_DTVA0_DTVB0_EPS0_FDSI0_GRPM1_GRVWA8_GRVWB8_GSU0_GSUAMB_GLS0_ISA950_IU1_K1_LDSTI0_LBSPPA512_LBSPPB512_LBSPPM0_LPA16_LPB16_LPM0_LRVW8_LWPMn1_MIAV0_MIWT1_3_MO40_NTn1_NTA0_NTB0_NTC1_NTD5_NTM0_NEPBS16_NLCA1_NLCB1_ONLL1_PGR2_PLR1_PKA1_SIA3_SS1_SPO1_SRVW0_SSO0_SVW1_SK3_SKFTR0_SKXCCM0_TLDS2_ULSGRO0_USL1_UIOFGRO0_USFGRO1_VSn1_VWA1_VWB1_WSGRA0_WSGRB0_WS64_WG64_4_1,64,48,False,out: smaller tile,<128
768,2048,4096,False,bfloat16,tuned,492,24,199.7,547.8,flydsl,flydsl_hgemm_abf16_wbf16_bf16_t64x64x64x4_ks1_w2x1x1_bias0_ktail0_gm4_pft_gfx950,flydsl:flydsl_hgemm_abf16_wbf16_bf16_t64x64x64x4_ks1_w2x1x1_bias0_ktail0_gm4_pft_gfx950,174.3,,64,64,False,out: smaller tile,<128
768,4096,4096,False,bfloat16,tuned,559,48,394.1,771.8,flydsl,flydsl_hgemm_abf16_wbf16_bf16_t96x128x64x4_ks1_w2x2x1_bias0_ktail0_gm4_pft_gfx950,flydsl:flydsl_hgemm_abf16_wbf16_bf16_t96x128x64x4_ks1_w2x2x1_bias0_ktail0_gm4_pft_gfx950,95.9,,96,128,False,in: non-pow2 tile,<128
768,8192,4096,False,bfloat16,tuned,599,96,727.9,1014.8,torch,native,torch:hipBLASLt,39.4,Cijk_Alik_Bljk_BBS_BH_Bias_HA_S_SAV_UserArgs_MT128x192x128_MI16x16x1_SN_LDSB1_AFC0_AFEM1_AFEM1_ASEM1_CLR0_CADS0_DTLA0_DTLB0_DTVA0_DTVB0_EPS0_FDSI0_GRPM1_GRVWA8_GRVWB8_GSU0_GSUAMB_GLS0_ISA950_IU1_K1_LDSTI0_LBSPPA2048_LBSPPB256_LBSPPM0_LPA16_LPB16_LPM0_LRVW8_LWPMn1_MIAV0_MIWT8_3_MO40_NTn1_NTA0_NTB0_NTC1_NTD4_NTM0_NEPBS0_NLCA1_NLCB1_ONLL1_PGR2_PLR1_PKA1_SIA3_SS1_SPO0_SRVW0_SSO0_SVW8_SK3_SKFTR0_SKXCCM0_TLDS2_ULSGRO0_USL1_UIOFGRO0_USFGRO0_VSn1_VWA8_VWB1_WSGRA0_WSGRB0_WS64_WG16_16_1,128,192,False,in: non-pow2 tile,<128
768,8704,4096,False,bfloat16,tuned,602,102,778.5,963.4,flydsl,flydsl_hgemm_abf16_wbf16_bf16_t256x128x64x3_ks1_w4x2x2_bias0_ktail0_gm0_pft_gfx950,flydsl:flydsl_hgemm_abf16_wbf16_bf16_t256x128x64x3_ks1_w4x2x2_bias0_ktail0_gm0_pft_gfx950,23.8,,256,128,False,in: other listed tile,<128
768,10240,4096,False,bfloat16,tuned,608,120,904.7,1211.5,flydsl,flydsl_hgemm_abf16_wbf16_bf16_t128x256x64x2_ks1_w2x4x1_bias0_ktail0_gm0_pht_gfx950,flydsl:flydsl_hgemm_abf16_wbf16_bf16_t128x256x64x2_ks1_w2x4x1_bias0_ktail0_gm0_pht_gfx950,33.9,,128,256,False,in: other listed tile,<128
768,129280,4096,False,bfloat16,tuned,644,1515,1434.1,1393.1,torch,native,gluon,0.0,,256,256,False,in: 256x256,>=512
1024,512,4096,False,bfloat16,tuned,315,8,66.5,327.2,flydsl,flydsl_hgemm_abf16_wbf16_bf16_t32x64x128x4_ks1_w2x2x1_bias0_ktail0_gm4_pft_gfx950,flydsl:flydsl_hgemm_abf16_wbf16_bf16_t32x64x128x4_ks1_w2x2x1_bias0_ktail0_gm4_pft_gfx950,392.1,,32,64,False,out: smaller tile,<128
1024,1024,4096,False,bfloat16,tuned,455,16,133.3,508.2,flydsl,flydsl_hgemm_abf16_wbf16_bf16_t64x64x64x6_ks1_w4x2x1_bias0_ktail0_gm4_pft_gfx950,flydsl:flydsl_hgemm_abf16_wbf16_bf16_t64x64x64x6_ks1_w4x2x1_bias0_ktail0_gm4_pft_gfx950,281.4,,64,64,False,out: smaller tile,<128
1024,2048,4096,False,bfloat16,tuned,585,32,265.5,715.4,flydsl,flydsl_hgemm_abf16_wbf16_bf16_t64x128x64x4_ks1_w2x4x1_bias0_ktail0_gm0_pft_gfx950,flydsl:flydsl_hgemm_abf16_wbf16_bf16_t64x128x64x4_ks1_w2x4x1_bias0_ktail0_gm0_pft_gfx950,169.4,,64,128,False,in: other listed tile,<128
1024,4096,4096,False,bfloat16,tuned,683,64,507.2,943.5,flydsl,flydsl_hgemm_abf16_wbf16_bf16_t128x128x64x4_ks1_w4x4x1_bias0_ktail0_gm0_pft_gfx950,flydsl:flydsl_hgemm_abf16_wbf16_bf16_t128x128x64x4_ks1_w4x4x1_bias0_ktail0_gm0_pft_gfx950,86.0,,128,128,False,in: other listed tile,<128
1024,8192,4096,False,bfloat16,tuned,745,128,920.7,1242.5,flydsl,flydsl_hgemm_abf16_wbf16_bf16_t128x256x64x2_ks1_w2x4x1_bias0_ktail0_gm0_pht_gfx950,flydsl:flydsl_hgemm_abf16_wbf16_bf16_t128x256x64x2_ks1_w2x4x1_bias0_ktail0_gm0_pht_gfx950,35.0,,128,256,False,in: other listed tile,128-255
1024,8704,4096,False,bfloat16,tuned,749,136,1052.3,1144.2,torch,native,torch:hipBLASLt,8.7,Cijk_Alik_Bljk_BBS_BH_Bias_HA_S_SAV_UserArgs_MT144x256x64_MI16x16x1_SN_LDSB0_AFC0_AFEM1_AFEM1_ASEM1_CLR1_CADS0_DTLA0_DTLB0_DTVA0_DTVB0_EPS0_FDSI0_GRPM1_GRVWA4_GRVWB8_GSU0_GSUAMB_GLS0_ISA950_IU1_K1_LDSTI0_LBSPPA128_LBSPPB512_LBSPPM0_LPA16_LPB16_LPM0_LRVW8_LWPMn1_MIAV0_MIWT9_4_MO40_NTn1_NTA0_NTB0_NTC0_NTD0_NTM0_NEPBS0_NLCA1_NLCB1_ONLL1_PGR2_PLR1_PKA1_SIA3_SS1_SPO0_SRVW0_SSO0_SVW1_SK3_SKFTR0_SKXCCM0_TLDS1_ULSGRO0_USL1_UIOFGRO0_USFGRO0_VSn1_VWA1_VWB4_WSGRA0_WSGRB0_WS64_WG16_16_1,144,256,False,in: non-pow2 tile,128-255
1024,10240,4096,False,bfloat16,tuned,759,160,1133.6,1242.0,torch,native,torch:hipBLASLt,9.6,Cijk_Alik_Bljk_BBS_BH_Bias_HA_S_SAV_UserArgs_MT160x256x64_MI16x16x1_SN_LDSB0_AFC0_AFEM1_AFEM1_ASEM1_CLR1_CADS0_DTLA0_DTLB0_DTVA0_DTVB0_EPS0_FDSI0_GRPM1_GRVWA8_GRVWB8_GSU0_GSUAMB_GLS0_ISA950_IU1_K1_LDSTI0_LBSPPA128_LBSPPB1024_LBSPPM0_LPA16_LPB16_LPM0_LRVW8_LWPMn1_MIAV0_MIWT5_8_MO40_NTn1_NTA0_NTB0_NTC0_NTD0_NTM0_NEPBS0_NLCA1_NLCB1_ONLL1_PGR2_PLR1_PKA1_SIA3_SS1_SPO0_SRVW0_SSO0_SVW1_SK3_SKFTR0_SKXCCM0_TLDS1_ULSGRO0_USL1_UIOFGRO0_USFGRO0_VSn1_VWA1_VWB8_WSGRA0_WSGRB0_WS64_WG32_8_1,160,256,False,in: non-pow2 tile,128-255
1024,16384,4096,False,bfloat16,tuned,780,256,1539.2,921.7,flydsl,flydsl_hgemm_abf16_wbf16_bf16_t128x128x64x3_ks1_w4x2x1_bias0_ktail0_gm0_pft_gfx950,gluon,0.0,,256,256,False,in: 256x256,256-511
1024,129280,4096,False,bfloat16,tuned,814,2020,1477.9,1414.5,torch,native,gluon,0.0,,256,256,False,in: 256x256,>=512
1280,512,4096,False,bfloat16,tuned,336,10,83.6,337.0,flydsl,flydsl_hgemm_abf16_wbf16_bf16_t48x32x128x4_ks1_w1x1x2_bias0_ktail0_gm4_pft_gfx950,flydsl:flydsl_hgemm_abf16_wbf16_bf16_t48x32x128x4_ks1_w1x1x2_bias0_ktail0_gm4_pft_gfx950,303.2,,48,32,False,out: smaller tile,<128
1280,1024,4096,False,bfloat16,tuned,500,20,166.3,575.9,torch,native,torch:hipBLASLt,246.3,Cijk_Alik_Bljk_BBS_BH_Bias_HA_S_SAV_UserArgs_MT64x80x256_MI16x16x1_SN_LDSB0_AFC0_AFEM1_AFEM1_ASEM1_CLR0_CADS0_DTLA0_DTLB0_DTVA0_DTVB0_EPS0_FDSI0_GRPM1_GRVWA8_GRVWB8_GSU0_GSUAMB_GLS0_ISA950_IU1_K1_LDSTI0_LBSPPA512_LBSPPB512_LBSPPM0_LPA16_LPB16_LPM0_LRVW8_LWPMn1_MIAV0_MIWT1_5_MO40_NTn1_NTA0_NTB0_NTC0_NTD5_NTM0_NEPBS0_NLCA1_NLCB1_ONLL1_PGR2_PLR1_PKA1_SIA3_SS1_SPO1_SRVW0_SSO0_SVW1_SK3_SKFTR0_SKXCCM0_TLDS1_ULSGRO0_USL1_UIOFGRO0_USFGRO0_VSn1_VWA1_VWB1_WSGRA0_WSGRB0_WS64_WG64_4_1,64,80,False,out: smaller tile,<128
1280,2048,4096,False,bfloat16,tuned,661,40,331.1,663.8,flydsl,flydsl_hgemm_abf16_wbf16_bf16_t64x96x64x4_ks1_w2x2x1_bias0_ktail0_gm4_pft_gfx950,flydsl:flydsl_hgemm_abf16_wbf16_bf16_t64x96x64x4_ks1_w2x2x1_bias0_ktail0_gm4_pft_gfx950,100.5,,64,96,False,out: smaller tile,<128
1280,129280,4096,False,bfloat16,tuned,968,2525,1447.8,1427.8,torch,native,gluon,0.0,,256,256,False,in: 256x256,>=512
1536,512,4096,False,bfloat16,tuned,351,12,100.3,441.6,torch,native,torch:hipBLASLt,340.3,Cijk_Alik_Bljk_BBS_BH_Bias_HA_S_SAV_UserArgs_MT64x48x256_MI16x16x1_SN_LDSB0_AFC0_AFEM1_AFEM1_ASEM1_CLR1_CADS0_DTLA0_DTLB0_DTVA0_DTVB0_EPS0_FDSI0_GRPM1_GRVWA8_GRVWB8_GSU0_GSUAMB_GLS0_ISA950_IU1_K1_LDSTI0_LBSPPA512_LBSPPB512_LBSPPM0_LPA16_LPB16_LPM0_LRVW8_LWPMn1_MIAV0_MIWT1_3_MO40_NTn1_NTA0_NTB0_NTC1_NTD5_NTM0_NEPBS16_NLCA1_NLCB1_ONLL1_PGR2_PLR1_PKA1_SIA3_SS1_SPO1_SRVW0_SSO0_SVW1_SK3_SKFTR0_SKXCCM0_TLDS2_ULSGRO0_USL1_UIOFGRO0_USFGRO1_VSn1_VWA1_VWB1_WSGRA0_WSGRB0_WS64_WG64_4_1,64,48,False,out: smaller tile,<128
1536,1024,4096,False,bfloat16,tuned,534,24,200.3,541.1,flydsl,flydsl_hgemm_abf16_wbf16_bf16_t64x64x64x4_ks1_w2x1x1_bias0_ktail0_gm4_pft_gfx950,flydsl:flydsl_hgemm_abf16_wbf16_bf16_t64x64x64x4_ks1_w2x1x1_bias0_ktail0_gm4_pft_gfx950,170.1,,64,64,False,out: smaller tile,<128
1536,2048,4096,False,bfloat16,tuned,723,48,394.5,770.1,flydsl,flydsl_hgemm_abf16_wbf16_bf16_t96x128x64x4_ks1_w2x2x1_bias0_ktail0_gm4_pft_gfx950,flydsl:flydsl_hgemm_abf16_wbf16_bf16_t96x128x64x4_ks1_w2x2x1_bias0_ktail0_gm4_pft_gfx950,95.2,,96,128,False,in: non-pow2 tile,<128
1536,129280,4096,False,bfloat16,tuned,1108,3030,1464.8,1435.7,torch,native,gluon,0.0,,256,256,False,in: 256x256,>=512
1792,512,4096,False,bfloat16,tuned,363,14,116.8,411.8,flydsl,flydsl_hgemm_abf16_wbf16_bf16_t64x32x64x6_ks1_w2x1x1_bias0_ktail0_gm4_pft_gfx950,flydsl:flydsl_hgemm_abf16_wbf16_bf16_t64x32x64x6_ks1_w2x1x1_bias0_ktail0_gm4_pft_gfx950,252.4,,64,32,False,out: smaller tile,<128
1792,1024,4096,False,bfloat16,tuned,562,28,233.5,607.7,flydsl,flydsl_hgemm_abf16_wbf16_bf16_t64x64x64x4_ks1_w2x1x1_bias0_ktail0_gm4_pft_gfx950,flydsl:flydsl_hgemm_abf16_wbf16_bf16_t64x64x64x4_ks1_w2x1x1_bias0_ktail0_gm4_pft_gfx950,160.3,,64,64,False,out: smaller tile,<128
1792,2048,4096,False,bfloat16,tuned,775,56,452.4,846.1,flydsl,flydsl_hgemm_abf16_wbf16_bf16_t128x128x64x3_ks1_w4x4x1_bias0_ktail0_gm0_pft_gfx950,flydsl:flydsl_hgemm_abf16_wbf16_bf16_t128x128x64x3_ks1_w4x4x1_bias0_ktail0_gm0_pft_gfx950,87.0,,128,128,False,in: other listed tile,<128
1792,129280,4096,False,bfloat16,tuned,1235,3535,1476.1,1471.8,asm,_ZN5aiter24bf16gemm_bf16_tn_256x256E,gluon,0.0,,256,256,False,in: 256x256,>=512
2048,512,4096,False,bfloat16,tuned,372,16,133.1,486.6,flydsl,flydsl_hgemm_abf16_wbf16_bf16_t64x64x64x5_ks1_w2x4x1_bias0_ktail0_gm4_pft_gfx950,flydsl:flydsl_hgemm_abf16_wbf16_bf16_t64x64x64x5_ks1_w2x4x1_bias0_ktail0_gm4_pft_gfx950,265.5,,64,64,False,out: smaller tile,<128
2048,1024,4096,False,bfloat16,tuned,585,32,265.0,717.2,flydsl,flydsl_hgemm_abf16_wbf16_bf16_t128x64x64x4_ks1_w4x2x1_bias0_ktail0_gm4_pft_gfx950,flydsl:flydsl_hgemm_abf16_wbf16_bf16_t128x64x64x4_ks1_w4x2x1_bias0_ktail0_gm4_pft_gfx950,170.6,,128,64,False,in: other listed tile,<128
2048,2048,4096,False,bfloat16,tuned,819,64,506.5,926.6,flydsl,flydsl_hgemm_abf16_wbf16_bf16_t128x128x64x4_ks1_w4x4x1_bias0_ktail0_gm4_pft_gfx950,flydsl:flydsl_hgemm_abf16_wbf16_bf16_t128x128x64x4_ks1_w4x4x1_bias0_ktail0_gm4_pft_gfx950,82.9,,128,128,False,in: other listed tile,<128
2048,4096,4096,False,bfloat16,tuned,1024,128,947.2,1220.4,opus,opus_gemm_mono_tile_512x128x256x64_2x4_16x16x32_0x0x0_nooob,opus:opus_gemm_mono_tile_512x128x256x64_2x4_16x16x32_0x0x0_nooob,28.8,,128,256,False,in: other listed tile,128-255
2048,8192,4096,False,bfloat16,tuned,1170,256,1536.9,1503.8,flydsl,flydsl_hgemm_abf16_wbf16_bf16_t256x256x64x2_ks1_w2x4x1_bias0_ktail0_gm0_pht_gfx950,gluon,0.0,,256,256,False,in: 256x256,256-511
2048,8704,4096,False,bfloat16,tuned,1180,272,1017.6,1178.2,torch,native,torch:hipBLASLt,15.8,Cijk_Alik_Bljk_BBS_BH_Bias_HA_S_SAV_UserArgs_MT224x160x64_MI16x16x1_SN_LDSB0_AFC0_AFEM1_AFEM1_ASEM1_CLR1_CADS0_DTLA0_DTLB0_DTVA0_DTVB0_EPS0_FDSI0_GRPM1_GRVWA8_GRVWB8_GSU0_GSUAMB_GLS0_ISA950_IU1_K1_LDSTI0_LBSPPA128_LBSPPB128_LBSPPM0_LPA16_LPB16_LPM0_LRVW8_LWPMn1_MIAV0_MIWT7_5_MO40_NTn1_NTA0_NTB0_NTC0_NTD0_NTM0_NEPBS0_NLCA1_NLCB1_ONLL1_PGR2_PLR1_PKA1_SIA3_SS1_SPO0_SRVW0_SSO0_SVW1_SK3_SKFTR0_SKXCCM0_TLDS1_ULSGRO0_USL1_UIOFGRO0_USFGRO0_VSn1_VWA1_VWB1_WSGRA0_WSGRB0_WS64_WG32_8_1,224,160,False,in: non-pow2 tile,256-511
2048,10240,4096,False,bfloat16,tuned,1205,320,1180.1,1268.1,torch,native,torch:hipBLASLt,7.5,Cijk_Alik_Bljk_BBS_BH_Bias_HA_S_SAV_UserArgs_MT160x256x64_MI16x16x1_SN_LDSB0_AFC0_AFEM1_AFEM1_ASEM1_CLR1_CADS0_DTLA0_DTLB0_DTVA0_DTVB0_EPS0_FDSI0_GRPM1_GRVWA8_GRVWB8_GSU0_GSUAMB_GLS0_ISA950_IU1_K1_LDSTI0_LBSPPA128_LBSPPB1024_LBSPPM0_LPA16_LPB16_LPM0_LRVW8_LWPMn1_MIAV0_MIWT5_8_MO40_NTn1_NTA0_NTB0_NTC0_NTD0_NTM0_NEPBS0_NLCA1_NLCB1_ONLL1_PGR2_PLR1_PKA1_SIA3_SS1_SPO0_SRVW0_SSO0_SVW1_SK3_SKFTR0_SKXCCM0_TLDS1_ULSGRO0_USL1_UIOFGRO0_USFGRO0_VSn1_VWA1_VWB8_WSGRA0_WSGRB0_WS64_WG32_8_1,160,256,False,in: non-pow2 tile,256-511
2048,16384,4096,False,bfloat16,tuned,1260,512,1566.8,1528.2,flydsl,flydsl_hgemm_abf16_wbf16_bf16_t256x256x64x2_ks1_w2x4x1_bias0_ktail0_gm4_pht_gfx950,gluon,0.0,,256,256,False,in: 256x256,>=512
2048,129280,4096,False,bfloat16,tuned,1351,4040,1508.5,1473.3,flydsl,flydsl_hgemm_abf16_wbf16_bf16_t256x256x64x2_ks1_w2x4x1_bias0_ktail0_gm4_pht_gfx950,gluon,0.0,,256,256,False,in: 256x256,>=512
2304,512,4096,False,bfloat16,untuned,380,18,149.1,441.3,flydsl,flydsl_hgemm_abf16_wbf16_bf16_t64x128x64x6_ks1_w2x4x1_bias0_ktail0_gm4_pft_gfx950,flydsl:flydsl_hgemm_abf16_wbf16_bf16_t64x128x64x6_ks1_w2x4x1_bias0_ktail0_gm4_pft_gfx950,195.9,,64,128,False,in: other listed tile,<128
2304,1024,4096,False,bfloat16,untuned,604,36,296.7,649.0,flydsl,flydsl_hgemm_abf16_wbf16_bf16_t128x128x64x4_ks1_w4x4x1_bias0_ktail0_gm4_pft_gfx950,flydsl:flydsl_hgemm_abf16_wbf16_bf16_t128x128x64x4_ks1_w4x4x1_bias0_ktail0_gm4_pft_gfx950,118.7,,128,128,False,in: other listed tile,<128
2304,2048,4096,False,bfloat16,untuned,857,72,566.0,883.0,opus,opus_gemm_mono_tile_512x128x256x64_2x4_16x16x32_0x0x0_nooob_4g_safe,opus:opus_gemm_mono_tile_512x128x256x64_2x4_16x16x32_0x0x0_nooob_4g_safe,56.0,,128,256,False,in: other listed tile,<128
2560,512,4096,False,bfloat16,untuned,386,20,166.0,481.3,flydsl,flydsl_hgemm_abf16_wbf16_bf16_t64x128x64x6_ks1_w2x4x1_bias0_ktail0_gm4_pft_gfx950,flydsl:flydsl_hgemm_abf16_wbf16_bf16_t64x128x64x6_ks1_w2x4x1_bias0_ktail0_gm4_pft_gfx950,189.9,,64,128,False,in: other listed tile,<128
2560,1024,4096,False,bfloat16,untuned,621,40,330.3,696.7,flydsl,flydsl_hgemm_abf16_wbf16_bf16_t128x128x64x4_ks1_w4x4x1_bias0_ktail0_gm4_pft_gfx950,flydsl:flydsl_hgemm_abf16_wbf16_bf16_t128x128x64x4_ks1_w4x4x1_bias0_ktail0_gm4_pft_gfx950,110.9,,128,128,False,in: other listed tile,<128
2560,2048,4096,False,bfloat16,untuned,890,80,620.8,958.3,opus,opus_gemm_mono_tile_512x128x256x64_2x4_16x16x32_0x0x0_nooob_4g_safe,opus:opus_gemm_mono_tile_512x128x256x64_2x4_16x16x32_0x0x0_nooob_4g_safe,54.4,,128,256,False,in: other listed tile,<128
2816,512,4096,False,bfloat16,untuned,392,22,182.2,515.9,flydsl,flydsl_hgemm_abf16_wbf16_bf16_t64x128x64x6_ks1_w2x4x1_bias0_ktail0_gm4_pft_gfx950,flydsl:flydsl_hgemm_abf16_wbf16_bf16_t64x128x64x6_ks1_w2x4x1_bias0_ktail0_gm4_pft_gfx950,183.2,,64,128,False,in: other listed tile,<128
2816,1024,4096,False,bfloat16,untuned,635,44,363.4,735.6,flydsl,flydsl_hgemm_abf16_wbf16_bf16_t128x128x64x4_ks1_w4x4x1_bias0_ktail0_gm4_pft_gfx950,flydsl:flydsl_hgemm_abf16_wbf16_bf16_t128x128x64x4_ks1_w4x4x1_bias0_ktail0_gm4_pft_gfx950,102.4,,128,128,False,in: other listed tile,<128
2816,2048,4096,False,bfloat16,untuned,920,88,677.3,1021.0,opus,opus_gemm_mono_tile_512x128x256x64_2x4_16x16x32_0x0x0_nooob_4g_safe,opus:opus_gemm_mono_tile_512x128x256x64_2x4_16x16x32_0x0x0_nooob_4g_safe,50.7,,128,256,False,in: other listed tile,<128
3072,512,4096,False,bfloat16,untuned,396,24,200.2,558.7,flydsl,flydsl_hgemm_abf16_wbf16_bf16_t64x128x64x6_ks1_w2x4x1_bias0_ktail0_gm4_pft_gfx950,flydsl:flydsl_hgemm_abf16_wbf16_bf16_t64x128x64x6_ks1_w2x4x1_bias0_ktail0_gm4_pft_gfx950,179.1,,64,128,False,in: other listed tile,<128
3072,1024,4096,False,bfloat16,untuned,647,48,394.6,760.2,flydsl,flydsl_hgemm_abf16_wbf16_bf16_t128x128x64x4_ks1_w4x4x1_bias0_ktail0_gm4_pft_gfx950,flydsl:flydsl_hgemm_abf16_wbf16_bf16_t128x128x64x4_ks1_w4x4x1_bias0_ktail0_gm4_pft_gfx950,92.6,,128,128,False,in: other listed tile,<128
3072,2048,4096,False,bfloat16,tuned,945,96,728.1,1141.3,opus,opus_gemm_mono_tile_512x192x128x64_2x4_16x16x32_0x0x0_nooob_4g_safe,opus:opus_gemm_mono_tile_512x192x128x64_2x4_16x16x32_0x0x0_nooob_4g_safe,56.7,,192,128,False,in: non-pow2 tile,<128
3328,512,4096,False,bfloat16,untuned,400,26,217.3,583.2,flydsl,flydsl_hgemm_abf16_wbf16_bf16_t64x128x64x6_ks1_w2x4x1_bias0_ktail0_gm4_pft_gfx950,flydsl:flydsl_hgemm_abf16_wbf16_bf16_t64x128x64x6_ks1_w2x4x1_bias0_ktail0_gm4_pft_gfx950,168.4,,64,128,False,in: other listed tile,<128
3328,1024,4096,False,bfloat16,untuned,657,52,424.1,793.4,flydsl,flydsl_hgemm_abf16_wbf16_bf16_t128x128x64x4_ks1_w4x4x1_bias0_ktail0_gm4_pft_gfx950,flydsl:flydsl_hgemm_abf16_wbf16_bf16_t128x128x64x4_ks1_w4x4x1_bias0_ktail0_gm4_pft_gfx950,87.1,,128,128,False,in: other listed tile,<128
3328,2048,4096,False,bfloat16,untuned,968,104,779.1,1119.9,opus,opus_gemm_mono_tile_512x128x256x64_2x4_16x16x32_0x0x0_nooob_4g_safe,opus:opus_gemm_mono_tile_512x128x256x64_2x4_16x16x32_0x0x0_nooob_4g_safe,43.7,,128,256,False,in: other listed tile,<128
3584,512,4096,False,bfloat16,untuned,404,28,234.2,618.9,flydsl,flydsl_hgemm_abf16_wbf16_bf16_t64x128x64x6_ks1_w2x4x1_bias0_ktail0_gm4_pft_gfx950,flydsl:flydsl_hgemm_abf16_wbf16_bf16_t64x128x64x6_ks1_w2x4x1_bias0_ktail0_gm4_pft_gfx950,164.3,,64,128,False,in: other listed tile,<128
3584,1024,4096,False,bfloat16,untuned,667,56,451.3,804.2,flydsl,flydsl_hgemm_abf16_wbf16_bf16_t128x128x64x4_ks1_w4x4x1_bias0_ktail0_gm4_pft_gfx950,flydsl:flydsl_hgemm_abf16_wbf16_bf16_t128x128x64x4_ks1_w4x4x1_bias0_ktail0_gm4_pft_gfx950,78.2,,128,128,False,in: other listed tile,<128
3584,2048,4096,False,bfloat16,untuned,989,112,830.5,1174.1,opus,opus_gemm_mono_tile_512x128x256x64_2x4_16x16x32_0x0x0_nooob_4g_safe,opus:opus_gemm_mono_tile_512x128x256x64_2x4_16x16x32_0x0x0_nooob_4g_safe,41.4,,128,256,False,in: other listed tile,<128
3840,512,4096,False,bfloat16,untuned,407,30,250.5,649.4,flydsl,flydsl_hgemm_abf16_wbf16_bf16_t64x128x64x6_ks1_w2x4x1_bias0_ktail0_gm4_pft_gfx950,flydsl:flydsl_hgemm_abf16_wbf16_bf16_t64x128x64x6_ks1_w2x4x1_bias0_ktail0_gm4_pft_gfx950,159.2,,64,128,False,in: other listed tile,<128
3840,1024,4096,False,bfloat16,untuned,675,60,480.6,813.1,flydsl,flydsl_hgemm_abf16_wbf16_bf16_t128x128x64x4_ks1_w4x4x1_bias0_ktail0_gm4_pft_gfx950,flydsl:flydsl_hgemm_abf16_wbf16_bf16_t128x128x64x4_ks1_w4x4x1_bias0_ktail0_gm4_pft_gfx950,69.2,,128,128,False,in: other listed tile,<128
3840,2048,4096,False,bfloat16,untuned,1007,120,885.5,1203.8,opus,opus_gemm_mono_tile_512x128x256x64_2x4_16x16x32_0x0x0_nooob_4g_safe,opus:opus_gemm_mono_tile_512x128x256x64_2x4_16x16x32_0x0x0_nooob_4g_safe,35.9,,128,256,False,in: other listed tile,<128
4096,512,4096,False,bfloat16,tuned,410,32,266.0,690.7,flydsl,flydsl_hgemm_abf16_wbf16_bf16_t64x128x64x6_ks1_w2x4x1_bias0_ktail0_gm4_pft_gfx950,flydsl:flydsl_hgemm_abf16_wbf16_bf16_t64x128x64x6_ks1_w2x4x1_bias0_ktail0_gm4_pft_gfx950,159.7,,64,128,False,in: other listed tile,<128
4096,1024,4096,False,bfloat16,tuned,683,64,503.3,926.6,flydsl,flydsl_hgemm_abf16_wbf16_bf16_t128x128x64x4_ks1_w4x4x1_bias0_ktail0_gm4_pft_gfx950,flydsl:flydsl_hgemm_abf16_wbf16_bf16_t128x128x64x4_ks1_w4x4x1_bias0_ktail0_gm4_pft_gfx950,84.1,,128,128,False,in: other listed tile,<128
4096,2048,4096,False,bfloat16,tuned,1024,128,922.7,1260.1,opus,opus_gemm_mono_tile_512x128x256x64_2x4_16x16x32_0x0x0_nooob_4g_safe,opus:opus_gemm_mono_tile_512x128x256x64_2x4_16x16x32_0x0x0_nooob_4g_safe,36.6,,128,256,False,in: other listed tile,128-255
4096,4096,4096,False,bfloat16,tuned,1365,256,1542.1,1495.9,flydsl,flydsl_hgemm_abf16_wbf16_bf16_t256x256x64x2_ks1_w2x4x1_bias0_ktail0_gm4_pht_gfx950,gluon,0.0,,256,256,False,in: 256x256,256-511
4096,8192,4096,False,bfloat16,tuned,1638,512,1560.8,1555.9,asm,_ZN5aiter24bf16gemm_bf16_tn_256x256E,gluon,0.0,,256,256,False,in: 256x256,>=512
4096,8704,4096,False,bfloat16,tuned,1658,544,1279.8,1281.8,torch,native,torch:hipBLASLt,0.2,Cijk_Alik_Bljk_BBS_BH_Bias_HA_S_SAV_UserArgs_MT192x256x64_MI16x16x1_SN_LDSB0_AFC0_AFEM1_AFEM1_ASEM1_CLR1_CADS0_DTLA0_DTLB0_DTVA0_DTVB0_EPS0_FDSI0_GRPM1_GRVWA8_GRVWB8_GSU0_GSUAMB_GLS0_ISA950_IU1_K1_LDSTI0_LBSPPA256_LBSPPB1024_LBSPPM0_LPA16_LPB16_LPM0_LRVW8_LWPMn1_MIAV0_MIWT6_8_MO40_NTn1_NTA0_NTB0_NTC0_NTD0_NTM0_NEPBS0_NLCA1_NLCB1_ONLL1_PGR2_PLR1_PKA1_SIA3_SS1_SPO0_SRVW0_SSO0_SVW2_SK3_SKFTR0_SKXCCM0_TLDS1_ULSGRO0_USL1_UIOFGRO0_USFGRO0_VSn1_VWA2_VWB8_WSGRA0_WSGRB0_WS64_WG32_8_1,192,256,False,in: non-pow2 tile,>=512
4096,10240,4096,False,bfloat16,tuned,1707,640,1432.2,1392.2,flydsl,flydsl_hgemm_abf16_wbf16_bf16_t256x256x64x2_ks1_w2x4x1_bias0_ktail0_gm4_pht_gfx950,gluon,0.0,,256,256,False,in: 256x256,>=512
4096,16384,4096,False,bfloat16,tuned,1820,1024,1571.7,1521.5,flydsl,flydsl_hgemm_abf16_wbf16_bf16_t256x256x64x2_ks1_w2x4x1_bias0_ktail0_gm0_pht_gfx950,gluon,0.0,,256,256,False,in: 256x256,>=512
4096,129280,4096,False,bfloat16,tuned,2016,8080,1533.3,1504.4,asm,_ZN5aiter24bf16gemm_bf16_tn_256x256E,gluon,0.0,,256,256,False,in: 256x256,>=512
4352,512,4096,False,bfloat16,untuned,412,34,282.3,554.5,flydsl,flydsl_hgemm_abf16_wbf16_bf16_t128x128x64x3_ks1_w4x2x1_bias0_ktail0_gm4_pft_gfx950,flydsl:flydsl_hgemm_abf16_wbf16_bf16_t128x128x64x3_ks1_w4x2x1_bias0_ktail0_gm4_pft_gfx950,96.4,,128,128,False,in: other listed tile,<128
4352,1024,4096,False,bfloat16,untuned,689,68,535.8,845.9,opus,opus_gemm_mono_tile_512x128x256x64_2x4_16x16x32_0x0x0_nooob,opus:opus_gemm_mono_tile_512x128x256x64_2x4_16x16x32_0x0x0_nooob,57.9,,128,256,False,in: other listed tile,<128
4352,2048,4096,False,bfloat16,untuned,1039,136,978.7,1124.3,torch,native,torch:hipBLASLt,14.9,Cijk_Alik_Bljk_BBS_BH_Bias_HA_S_SAV_UserArgs_MT192x192x64_MI16x16x1_SN_LDSB0_AFC0_AFEM1_AFEM1_ASEM1_CLR1_CADS0_DTLA0_DTLB0_DTVA0_DTVB0_EPS0_FDSI0_GRPM1_GRVWA8_GRVWB8_GSU0_GSUAMB_GLS0_ISA950_IU1_K1_LDSTI0_LBSPPA256_LBSPPB256_LBSPPM0_LPA16_LPB16_LPM0_LRVW8_LWPMn1_MIAV0_MIWT6_6_MO40_NTn1_NTA0_NTB0_NTC0_NTD0_NTM0_NEPBS0_NLCA1_NLCB1_ONLL1_PGR2_PLR1_PKA1_SIA3_SS1_SPO0_SRVW0_SSO0_SVW2_SK3_SKFTR0_SKXCCM0_TLDS1_ULSGRO0_USL1_UIOFGRO0_USFGRO0_VSn1_VWA2_VWB2_WSGRA0_WSGRB0_WS64_WG32_8_1,192,192,False,in: non-pow2 tile,128-255
5120,512,4096,False,bfloat16,untuned,418,40,330.6,577.1,flydsl,flydsl_hgemm_abf16_wbf16_bf16_t128x128x64x3_ks1_w4x2x1_bias0_ktail0_gm4_pft_gfx950,flydsl:flydsl_hgemm_abf16_wbf16_bf16_t128x128x64x3_ks1_w4x2x1_bias0_ktail0_gm4_pft_gfx950,74.6,,128,128,False,in: other listed tile,<128
5120,1024,4096,False,bfloat16,untuned,706,80,616.4,985.6,opus,opus_gemm_mono_tile_512x128x256x64_2x4_16x16x32_0x0x0_nooob,opus:opus_gemm_mono_tile_512x128x256x64_2x4_16x16x32_0x0x0_nooob,59.9,,128,256,False,in: other listed tile,<128
5120,2048,4096,False,bfloat16,untuned,1078,160,1127.0,1269.1,torch,native,torch:hipBLASLt,12.6,Cijk_Alik_Bljk_BBS_BH_Bias_HA_S_SAV_UserArgs_MT256x160x64_MI16x16x1_SN_LDSB0_AFC0_AFEM1_AFEM1_ASEM1_CLR1_CADS0_DTLA0_DTLB0_DTVA0_DTVB0_EPS0_FDSI0_GRPM1_GRVWA8_GRVWB8_GSU0_GSUAMB_GLS0_ISA950_IU1_K1_LDSTI0_LBSPPA1024_LBSPPB128_LBSPPM0_LPA16_LPB16_LPM0_LRVW8_LWPMn1_MIAV0_MIWT8_5_MO40_NTn1_NTA0_NTB0_NTC0_NTD0_NTM0_NEPBS0_NLCA1_NLCB1_ONLL1_PGR2_PLR1_PKA1_SIA3_SS1_SPO0_SRVW0_SSO0_SVW8_SK3_SKFTR0_SKXCCM0_TLDS1_ULSGRO0_USL1_UIOFGRO0_USFGRO0_VSn1_VWA8_VWB1_WSGRA0_WSGRB0_WS64_WG32_8_1,256,160,False,in: non-pow2 tile,128-255
6144,512,4096,False,bfloat16,tuned,424,48,392.6,769.0,flydsl,flydsl_hgemm_abf16_wbf16_bf16_t96x128x64x4_ks1_w2x2x1_bias0_ktail0_gm4_pft_gfx950,flydsl:flydsl_hgemm_abf16_wbf16_bf16_t96x128x64x4_ks1_w2x2x1_bias0_ktail0_gm4_pft_gfx950,95.9,,96,128,False,in: non-pow2 tile,<128
6144,1024,4096,False,bfloat16,tuned,723,96,727.0,1142.5,opus,opus_gemm_mono_tile_512x192x128x64_2x4_16x16x32_0x0x0_nooob,opus:opus_gemm_mono_tile_512x192x128x64_2x4_16x16x32_0x0x0_nooob,57.1,,192,128,False,in: non-pow2 tile,<128
6144,2048,4096,False,bfloat16,tuned,1117,192,1312.7,1417.0,opus,opus_gemm_mono_tile_512x192x256x64_2x4_16x16x32_0x0x0_nooob_4g_safe,opus:opus_gemm_mono_tile_512x192x256x64_2x4_16x16x32_0x0x0_nooob_4g_safe,7.9,,192,256,False,in: non-pow2 tile,128-255
6144,129280,4096,False,bfloat16,tuned,2412,12120,1514.1,1517.7,asm,_ZN5aiter24bf16gemm_bf16_tn_256x256E,asm:_ZN5aiter24bf16gemm_bf16_tn_256x256E,0.2,,256,256,False,in: 256x256,>=512
6400,512,4096,False,bfloat16,untuned,425,50,407.8,654.0,flydsl,flydsl_hgemm_abf16_wbf16_bf16_t128x128x64x3_ks1_w4x2x1_bias0_ktail0_gm4_pft_gfx950,flydsl:flydsl_hgemm_abf16_wbf16_bf16_t128x128x64x3_ks1_w4x2x1_bias0_ktail0_gm4_pft_gfx950,60.4,,128,128,False,in: other listed tile,<128
6400,1024,4096,False,bfloat16,untuned,726,100,760.1,1092.5,opus,opus_gemm_mono_tile_512x128x256x64_2x4_16x16x32_0x0x0_nooob,opus:opus_gemm_mono_tile_512x128x256x64_2x4_16x16x32_0x0x0_nooob,43.7,,128,256,False,in: other listed tile,<128
6400,2048,4096,False,bfloat16,untuned,1125,200,1324.9,1249.4,torch,native,gluon,0.0,,256,256,False,in: 256x256,128-255
6912,512,4096,False,bfloat16,untuned,427,54,438.6,677.7,flydsl,flydsl_hgemm_abf16_wbf16_bf16_t128x128x64x3_ks1_w4x2x1_bias0_ktail0_gm4_pft_gfx950,flydsl:flydsl_hgemm_abf16_wbf16_bf16_t128x128x64x3_ks1_w4x2x1_bias0_ktail0_gm4_pft_gfx950,54.5,,128,128,False,in: other listed tile,<128
6912,1024,4096,False,bfloat16,untuned,732,108,806.6,1134.6,opus,opus_gemm_mono_tile_512x128x256x64_2x4_16x16x32_0x0x0_nooob,opus:opus_gemm_mono_tile_512x128x256x64_2x4_16x16x32_0x0x0_nooob,40.7,,128,256,False,in: other listed tile,<128
6912,2048,4096,False,bfloat16,untuned,1140,216,1396.3,1345.4,torch,native,gluon,0.0,,256,256,False,in: 256x256,128-255
7168,512,4096,False,bfloat16,untuned,428,56,450.6,770.7,flydsl,flydsl_hgemm_abf16_wbf16_bf16_t128x128x64x3_ks1_w4x2x1_bias0_ktail0_gm4_pft_gfx950,flydsl:flydsl_hgemm_abf16_wbf16_bf16_t128x128x64x3_ks1_w4x2x1_bias0_ktail0_gm4_pft_gfx950,71.0,,128,128,False,in: other listed tile,<128
7168,1024,4096,False,bfloat16,untuned,735,112,837.4,1200.4,opus,opus_gemm_mono_tile_512x128x256x64_2x4_16x16x32_0x0x0_nooob,opus:opus_gemm_mono_tile_512x128x256x64_2x4_16x16x32_0x0x0_nooob,43.3,,128,256,False,in: other listed tile,<128
7168,2048,4096,False,bfloat16,untuned,1147,224,1429.7,1374.1,torch,native,gluon,0.0,,256,256,False,in: 256x256,128-255
7424,512,4096,False,bfloat16,untuned,429,58,465.1,541.4,flydsl,flydsl_hgemm_abf16_wbf16_bf16_t128x128x64x3_ks1_w4x2x1_bias0_ktail0_gm4_pft_gfx950,flydsl:flydsl_hgemm_abf16_wbf16_bf16_t128x128x64x3_ks1_w4x2x1_bias0_ktail0_gm4_pft_gfx950,16.4,,128,128,False,in: other listed tile,<128
7424,1024,4096,False,bfloat16,untuned,738,116,867.3,1172.1,opus,opus_gemm_mono_tile_512x128x256x64_2x4_16x16x32_0x0x0_nooob,opus:opus_gemm_mono_tile_512x128x256x64_2x4_16x16x32_0x0x0_nooob,35.1,,128,256,False,in: other listed tile,<128
7424,2048,4096,False,bfloat16,untuned,1153,232,1450.1,1219.5,torch,native,gluon,0.0,,256,256,False,in: 256x256,128-255
7680,512,4096,False,bfloat16,untuned,430,60,478.3,692.9,flydsl,flydsl_hgemm_abf16_wbf16_bf16_t128x128x64x3_ks1_w4x2x1_bias0_ktail0_gm4_pft_gfx950,flydsl:flydsl_hgemm_abf16_wbf16_bf16_t128x128x64x3_ks1_w4x2x1_bias0_ktail0_gm4_pft_gfx950,44.9,,128,128,False,in: other listed tile,<128
7680,1024,4096,False,bfloat16,untuned,740,120,883.8,1220.6,opus,opus_gemm_mono_tile_512x128x256x64_2x4_16x16x32_0x0x0_nooob,opus:opus_gemm_mono_tile_512x128x256x64_2x4_16x16x32_0x0x0_nooob,38.1,,128,256,False,in: other listed tile,<128
7680,2048,4096,False,bfloat16,untuned,1159,240,1476.6,1247.7,torch,native,gluon,0.0,,256,256,False,in: 256x256,128-255
7936,512,4096,False,bfloat16,untuned,430,62,493.8,724.5,flydsl,flydsl_hgemm_abf16_wbf16_bf16_t128x128x64x3_ks1_w4x2x1_bias0_ktail0_gm4_pft_gfx950,flydsl:flydsl_hgemm_abf16_wbf16_bf16_t128x128x64x3_ks1_w4x2x1_bias0_ktail0_gm4_pft_gfx950,46.7,,128,128,False,in: other listed tile,<128
7936,1024,4096,False,bfloat16,untuned,743,124,909.7,1197.7,opus,opus_gemm_mono_tile_512x128x256x64_2x4_16x16x32_0x0x0_nooob,opus:opus_gemm_mono_tile_512x128x256x64_2x4_16x16x32_0x0x0_nooob,31.7,,128,256,False,in: other listed tile,<128
7936,2048,4096,False,bfloat16,untuned,1165,248,1503.0,1470.6,torch,native,gluon,0.0,,256,256,False,in: 256x256,128-255
8192,512,4096,False,bfloat16,tuned,431,64,503.1,879.1,flydsl,flydsl_hgemm_abf16_wbf16_bf16_t128x128x64x3_ks1_w4x2x1_bias0_ktail0_gm4_pft_gfx950,flydsl:flydsl_hgemm_abf16_wbf16_bf16_t128x128x64x3_ks1_w4x2x1_bias0_ktail0_gm4_pft_gfx950,74.7,,128,128,False,in: other listed tile,<128
8192,1024,4096,False,bfloat16,tuned,745,128,923.7,1276.2,opus,opus_gemm_mono_tile_512x128x256x64_2x4_16x16x32_0x0x0_nooob,opus:opus_gemm_mono_tile_512x128x256x64_2x4_16x16x32_0x0x0_nooob,38.2,,128,256,False,in: other listed tile,128-255
8192,2048,4096,False,bfloat16,tuned,1170,256,1541.9,1498.8,torch,native,gluon,0.0,,256,256,False,in: 256x256,256-511
8192,4096,4096,False,bfloat16,tuned,1638,512,1563.2,1525.5,flydsl,flydsl_hgemm_abf16_wbf16_bf16_t256x256x64x2_ks1_w2x4x1_bias0_ktail0_gm4_pht_gfx950,gluon,0.0,,256,256,False,in: 256x256,>=512
8192,8192,4096,False,bfloat16,tuned,2048,1024,1576.0,1569.1,asm,_ZN5aiter24bf16gemm_bf16_tn_256x256E,gluon,0.0,,256,256,False,in: 256x256,>=512
8192,8704,4096,False,bfloat16,tuned,2079,1088,1454.7,1429.1,asm,_ZN5aiter24bf16gemm_bf16_tn_256x256E,gluon,0.0,,256,256,False,in: 256x256,>=512
8192,10240,4096,False,bfloat16,tuned,2156,1280,1563.9,1543.4,torch,native,gluon,0.0,,256,256,False,in: 256x256,>=512
8192,16384,4096,False,bfloat16,tuned,2341,2048,1554.3,1554.2,torch,native,gluon,0.0,,256,256,False,in: 256x256,>=512
8192,129280,4096,False,bfloat16,tuned,2674,16160,1547.6,1497.0,flydsl,flydsl_hgemm_abf16_wbf16_bf16_t256x256x64x2_ks1_w2x4x1_bias0_ktail0_gm4_pht_gfx950,gluon,0.0,,256,256,False,in: 256x256,>=512
10240,512,4096,False,bfloat16,tuned,436,80,616.7,1014.9,torch,native,torch:hipBLASLt,64.6,Cijk_Alik_Bljk_BBS_BH_Bias_HA_S_SAV_UserArgs_MT128x160x128_MI16x16x1_SN_LDSB1_AFC0_AFEM1_AFEM1_ASEM1_CLR1_CADS0_DTLA0_DTLB0_DTVA0_DTVB0_EPS0_FDSI0_GRPM1_GRVWA8_GRVWB8_GSU0_GSUAMB_GLS0_ISA950_IU1_K1_LDSTI0_LBSPPA1024_LBSPPB256_LBSPPM0_LPA16_LPB16_LPM0_LRVW8_LWPMn1_MIAV0_MIWT4_5_MO40_NTn1_NTA0_NTB0_NTC0_NTD0_NTM0_NEPBS0_NLCA1_NLCB1_ONLL1_PGR2_PLR1_PKA1_SIA3_SS1_SPO0_SRVW0_SSO0_SVW4_SK3_SKFTR0_SKXCCM0_TLDS1_ULSGRO0_USL1_UIOFGRO0_USFGRO0_VSn1_VWA4_VWB1_WSGRA0_WSGRB0_WS64_WG32_8_1,128,160,False,in: non-pow2 tile,<128
10240,1024,4096,False,bfloat16,tuned,759,160,1120.8,1270.3,torch,native,torch:hipBLASLt,13.3,Cijk_Alik_Bljk_BBS_BH_Bias_HA_S_SAV_UserArgs_MT256x160x64_MI16x16x1_SN_LDSB0_AFC0_AFEM1_AFEM1_ASEM1_CLR1_CADS0_DTLA0_DTLB0_DTVA0_DTVB0_EPS0_FDSI0_GRPM1_GRVWA8_GRVWB8_GSU0_GSUAMB_GLS0_ISA950_IU1_K1_LDSTI0_LBSPPA1024_LBSPPB128_LBSPPM0_LPA16_LPB16_LPM0_LRVW8_LWPMn1_MIAV0_MIWT8_5_MO40_NTn1_NTA0_NTB0_NTC0_NTD0_NTM0_NEPBS0_NLCA1_NLCB1_ONLL1_PGR2_PLR1_PKA1_SIA3_SS1_SPO0_SRVW0_SSO0_SVW8_SK3_SKFTR0_SKXCCM0_TLDS1_ULSGRO0_USL1_UIOFGRO0_USFGRO0_VSn1_VWA8_VWB1_WSGRA0_WSGRB0_WS64_WG32_8_1,256,160,False,in: non-pow2 tile,128-255
10240,2048,4096,False,bfloat16,tuned,1205,320,1178.2,1293.7,torch,native,torch:hipBLASLt,9.8,Cijk_Alik_Bljk_BBS_BH_Bias_HA_S_SAV_UserArgs_MT256x160x64_MI16x16x1_SN_LDSB0_AFC0_AFEM1_AFEM1_ASEM1_CLR1_CADS0_DTLA0_DTLB0_DTVA0_DTVB0_EPS0_FDSI0_GRPM1_GRVWA8_GRVWB8_GSU0_GSUAMB_GLS0_ISA950_IU1_K1_LDSTI0_LBSPPA1024_LBSPPB128_LBSPPM0_LPA16_LPB16_LPM0_LRVW8_LWPMn1_MIAV0_MIWT8_5_MO40_NTn1_NTA0_NTB0_NTC0_NTD0_NTM0_NEPBS0_NLCA1_NLCB1_ONLL1_PGR2_PLR1_PKA1_SIA3_SS1_SPO0_SRVW0_SSO0_SVW8_SK3_SKFTR0_SKXCCM0_TLDS1_ULSGRO0_USL1_UIOFGRO0_USFGRO0_VSn1_VWA8_VWB1_WSGRA0_WSGRB0_WS64_WG32_8_1,256,160,False,in: non-pow2 tile,256-511
10240,129280,4096,False,bfloat16,tuned,2861,20200,1521.9,1516.1,asm,_ZN5aiter24bf16gemm_bf16_tn_256x256E,gluon,0.0,,256,256,False,in: 256x256,>=512
12288,512,4096,False,bfloat16,tuned,439,96,724.0,1133.6,opus,opus_gemm_mono_tile_512x192x128x64_2x4_16x16x32_0x0x0_nooob,opus:opus_gemm_mono_tile_512x192x128x64_2x4_16x16x32_0x0x0_nooob,56.6,,192,128,False,in: non-pow2 tile,<128
12288,1024,4096,False,bfloat16,tuned,768,192,1292.7,1418.9,opus,opus_gemm_mono_tile_512x192x256x64_2x4_16x16x32_0x0x0_nooob,opus:opus_gemm_mono_tile_512x192x256x64_2x4_16x16x32_0x0x0_nooob,9.8,,192,256,False,in: non-pow2 tile,128-255
12288,2048,4096,False,bfloat16,tuned,1229,384,1358.5,1433.4,opus,opus_gemm_mono_tile_512x192x256x64_2x4_16x16x32_0x0x0_nooob_4g_safe,opus:opus_gemm_mono_tile_512x192x256x64_2x4_16x16x32_0x0x0_nooob_4g_safe,5.5,,192,256,False,in: non-pow2 tile,256-511
12288,129280,4096,False,bfloat16,tuned,3001,24240,1542.8,1513.7,asm,_ZN5aiter24bf16gemm_bf16_tn_256x256E,gluon,0.0,,256,256,False,in: 256x256,>=512
14336,512,4096,False,bfloat16,tuned,441,112,824.3,1189.1,opus,opus_gemm_mono_tile_512x128x256x64_2x4_16x16x32_0x0x0_nooob,opus:opus_gemm_mono_tile_512x128x256x64_2x4_16x16x32_0x0x0_nooob,44.3,,128,256,False,in: other listed tile,<128
14336,1024,4096,False,bfloat16,tuned,775,224,1426.7,1374.4,torch,native,gluon,0.0,,256,256,False,in: 256x256,128-255
14336,2048,4096,False,bfloat16,tuned,1247,448,1443.1,1414.5,flydsl,flydsl_hgemm_abf16_wbf16_bf16_t256x256x64x2_ks1_w2x4x1_bias0_ktail0_gm4_pht_gfx950,gluon,0.0,,256,256,False,in: 256x256,256-511
14336,129280,4096,False,bfloat16,tuned,3109,28280,1521.5,1510.1,asm,_ZN5aiter24bf16gemm_bf16_tn_256x256E,gluon,0.0,,256,256,False,in: 256x256,>=512
16384,512,4096,False,bfloat16,tuned,443,128,918.8,1274.4,opus,opus_gemm_mono_tile_512x128x256x64_2x4_16x16x32_0x0x0_nooob,opus:opus_gemm_mono_tile_512x128x256x64_2x4_16x16x32_0x0x0_nooob,38.7,,128,256,False,in: other listed tile,128-255
16384,1024,4096,False,bfloat16,tuned,780,256,1542.5,1491.8,flydsl,flydsl_hgemm_abf16_wbf16_bf16_t256x256x64x2_ks1_w2x4x1_bias0_ktail0_gm4_pht_gfx950,gluon,0.0,,256,256,False,in: 256x256,256-511
16384,2048,4096,False,bfloat16,tuned,1260,512,1563.6,1455.7,torch,native,gluon,0.0,,256,256,False,in: 256x256,>=512
16384,16384,4096,False,bfloat16,tuned,2731,4096,1554.8,1558.1,torch,native,torch:hipBLASLt,0.2,Cijk_Alik_Bljk_BBS_BH_Bias_HA_S_SAV_UserArgs_MT256x256x64_MI16x16x1_CMS_SN_LDSB0_AFC0_AFEM1_AFEM1_ASEM1_CLR1_CADS0_DTLA1_DTLB1_DTVA0_DTVB0_EPS0_FDSI0_GRPM1_GRVWA8_GRVWB8_GSU0_GSUAMB_GLS0_ISA950_IU1_K1_LDSTI0_LBSPPA1024_LBSPPB1024_LBSPPM0_LPA16_LPB16_LPM0_LRVW8_LWPMn1_MIAV0_MIWT8_8_MO40_NTn1_NTA0_NTB0_NTC0_NTD4_NTM0_NEPBS0_NLCA1_NLCB1_ONLL1_PGR2_PLR1_PKA1_SIA3_SS1_SPO0_SRVW0_SSO0_SVW8_SK3_SKFTR0_SKXCCM0_TLDS1_ULSGRO0_USL1_UIOFGRO0_USFGRO0_VSn1_VWA8_VWB8_WSGRA0_WSGRB0_WS64_WG32_8_1,256,256,False,in: 256x256,>=512
16384,129280,4096,False,bfloat16,tuned,3196,32320,1546.3,1512.5,asm,_ZN5aiter24bf16gemm_bf16_tn_256x256E,gluon,0.0,,256,256,False,in: 256x256,>=512
32768,16384,4096,False,bfloat16,tuned,2979,8192,1558.0,1519.7,flydsl,flydsl_hgemm_abf16_wbf16_bf16_t256x256x64x2_ks1_w2x4x1_bias0_ktail0_gm0_pht_gfx950,gluon,0.0,,256,256,False,in: 256x256,>=512
512,7168,4224,False,bfloat16,tuned,429,56,448.2,858.1,flydsl,flydsl_hgemm_abf16_wbf16_bf16_t128x128x64x3_ks1_w4x4x1_bias0_ktail0_gm0_pft_gfx950,flydsl:flydsl_hgemm_abf16_wbf16_bf16_t128x128x64x3_ks1_w4x4x1_bias0_ktail0_gm0_pft_gfx950,91.4,,128,128,False,in: other listed tile,<128
1024,7168,4224,False,bfloat16,tuned,739,112,829.7,1155.6,flydsl,flydsl_hgemm_abf16_wbf16_bf16_t128x256x64x2_ks1_w2x4x1_bias0_ktail0_gm0_pht_gfx950,flydsl:flydsl_hgemm_abf16_wbf16_bf16_t128x256x64x2_ks1_w2x4x1_bias0_ktail0_gm0_pht_gfx950,39.3,,128,256,False,in: other listed tile,<128
10240,7168,4224,False,bfloat16,tuned,2110,1120,1466.2,973.4,opus,opus_gemm_256x256x128x32_2x2_16x16x32_0x0x0_nooob,gluon,0.0,,256,256,False,in: 256x256,>=512
512,6144,4608,False,bfloat16,tuned,429,48,399.1,795.4,flydsl,flydsl_hgemm_abf16_wbf16_bf16_t128x96x64x4_ks1_w2x2x1_bias0_ktail0_gm4_pft_gfx950,flydsl:flydsl_hgemm_abf16_wbf16_bf16_t128x96x64x4_ks1_w2x2x1_bias0_ktail0_gm4_pft_gfx950,99.3,,128,96,False,in: non-pow2 tile,<128
1024,6144,4608,False,bfloat16,tuned,737,96,744.3,1034.2,torch,native,torch:hipBLASLt,38.9,Cijk_Alik_Bljk_BBS_BH_Bias_HA_S_SAV_UserArgs_MT192x128x128_MI16x16x1_SN_LDSB1_AFC0_AFEM1_AFEM1_ASEM1_CLR0_CADS0_DTLA0_DTLB0_DTVA0_DTVB0_EPS0_FDSI0_GRPM1_GRVWA8_GRVWB8_GSU0_GSUAMB_GLS0_ISA950_IU1_K1_LDSTI0_LBSPPA512_LBSPPB1024_LBSPPM0_LPA16_LPB16_LPM0_LRVW8_LWPMn1_MIAV0_MIWT6_4_MO40_NTn1_NTA0_NTB0_NTC1_NTD4_NTM0_NEPBS0_NLCA1_NLCB1_ONLL1_PGR2_PLR1_PKA1_SIA3_SS1_SPO0_SRVW0_SSO1_SVW2_SK3_SKFTR0_SKXCCM0_TLDS2_ULSGRO0_USL1_UIOFGRO0_USFGRO0_VSn1_VWA2_VWB4_WSGRA0_WSGRB0_WS64_WG32_8_1,192,128,False,in: non-pow2 tile,<128
2048,6144,4608,False,bfloat16,tuned,1152,192,1354.5,1297.1,flydsl,flydsl_hgemm_abf16_wbf16_bf16_t256x256x64x2_ks1_w2x4x1_bias0_ktail0_gm0_pht_gfx950,gluon,0.0,,256,256,False,in: 256x256,128-255
4096,6144,4608,False,bfloat16,tuned,1603,384,1374.9,1353.5,torch,native,gluon,0.0,,256,256,False,in: 256x256,256-511
8192,6144,4608,False,bfloat16,tuned,1993,768,1586.4,1548.5,torch,native,gluon,0.0,,256,256,False,in: 256x256,>=512
16384,6144,4608,False,bfloat16,tuned,2269,1536,1563.8,1560.7,torch,native,gluon,0.0,,256,256,False,in: 256x256,>=512
32768,6144,4608,False,bfloat16,tuned,2437,3072,1563.7,1540.3,torch,native,gluon,0.0,,256,256,False,in: 256x256,>=512
512,1024,5120,False,float32,tuned,301,8,65.3,336.5,asm,_ZN5aiter39bf16gemm_fp32bf16_tn_64x64_splitk_cleanE,asm:_ZN5aiter39bf16gemm_fp32bf16_tn_64x64_splitk_cleanE,415.5,,64,64,True,out: split-K,<128
512,5120,5120,False,bfloat16,tuned,427,40,335.9,806.8,torch,native,torch:hipBLASLt,140.2,Cijk_Alik_Bljk_BBS_BH_Bias_HA_S_SAV_UserArgs_MT96x128x128_MI16x16x1_SN_LDSB0_AFC0_AFEM1_AFEM1_ASEM1_CLR0_CADS0_DTLA0_DTLB0_DTVA0_DTVB0_EPS0_FDSI0_GRPM1_GRVWA8_GRVWB8_GSU0_GSUAMB_GLS0_ISA950_IU1_K1_LDSTI0_LBSPPA512_LBSPPB512_LBSPPM0_LPA16_LPB16_LPM0_LRVW8_LWPMn1_MIAV1_MIWT6_2_MO40_NTn1_NTA0_NTB2_NTC0_NTD5_NTM0_NEPBS0_NLCA1_NLCB1_ONLL1_PGR2_PLR1_PKA1_SIA3_SS1_SPO1_SRVW0_SSO1_SVW2_SK3_SKFTR0_SKXCCM8_TLDS1_ULSGRO0_USL1_UIOFGRO0_USFGRO0_VSn1_VWA2_VWB2_WSGRA0_WSGRB0_WS64_WG16_16_1,96,128,False,in: non-pow2 tile,<128
512,6400,5120,False,bfloat16,tuned,434,50,417.6,707.2,flydsl,flydsl_hgemm_abf16_wbf16_bf16_t128x128x64x4_ks1_w4x2x2_bias0_ktail0_gm0_pft_gfx950,flydsl:flydsl_hgemm_abf16_wbf16_bf16_t128x128x64x4_ks1_w4x2x2_bias0_ktail0_gm0_pft_gfx950,69.3,,128,128,False,in: other listed tile,<128
512,12800,5120,False,bfloat16,tuned,449,100,791.3,810.3,flydsl,flydsl_hgemm_abf16_wbf16_bf16_t128x128x64x4_ks1_w2x2x2_bias0_ktail0_gm4_pft_gfx950,flydsl:flydsl_hgemm_abf16_wbf16_bf16_t128x128x64x4_ks1_w2x2x2_bias0_ktail0_gm4_pft_gfx950,2.4,,128,128,False,in: other listed tile,<128
512,37888,5120,False,bfloat16,tuned,460,296,984.5,1074.0,torch,native,torch:hipBLASLt,9.1,Cijk_Alik_Bljk_BBS_BH_Bias_HA_S_SAV_UserArgs_MT160x256x64_MI16x16x1_SN_LDSB0_AFC0_AFEM1_AFEM1_ASEM1_CLR1_CADS0_DTLA0_DTLB0_DTVA0_DTVB0_EPS0_FDSI0_GRPM1_GRVWA8_GRVWB8_GSU0_GSUAMB_GLS0_ISA950_IU1_K1_LDSTI0_LBSPPA128_LBSPPB1024_LBSPPM0_LPA16_LPB16_LPM0_LRVW8_LWPMn1_MIAV0_MIWT5_8_MO40_NTn1_NTA4_NTB0_NTC0_NTD0_NTM0_NEPBS0_NLCA1_NLCB1_ONLL1_PGR2_PLR1_PKA1_SIA3_SS1_SPO0_SRVW0_SSO0_SVW1_SK3_SKFTR0_SKXCCM8_TLDS1_ULSGRO0_USL1_UIOFGRO0_USFGRO0_VSn1_VWA1_VWB8_WSGRA0_WSGRB0_WS64_WG32_8_1,160,256,False,in: non-pow2 tile,256-511
512,51200,5120,False,bfloat16,tuned,461,400,1226.7,1151.9,flydsl,flydsl_hgemm_abf16_wbf16_bf16_t256x256x64x2_ks1_w2x4x1_bias0_ktail0_gm4_pht_gfx950,gluon,0.0,,256,256,False,in: 256x256,256-511
768,1024,5120,False,float32,tuned,375,12,97.8,416.4,asm,_ZN5aiter39bf16gemm_fp32bf16_tn_96x64_splitk_cleanE,asm:_ZN5aiter39bf16gemm_fp32bf16_tn_96x64_splitk_cleanE,325.6,,96,64,True,out: split-K,<128
768,37888,5120,False,bfloat16,untuned,656,444,1344.6,1251.8,torch,,gluon,0.0,,256,256,False,in: 256x256,256-511
1024,1024,5120,False,float32,tuned,427,16,130.2,463.7,asm,_ZN5aiter37bf16gemm_fp32bf16_tn_64x64_pf3_splitkE,asm:_ZN5aiter37bf16gemm_fp32bf16_tn_64x64_pf3_splitkE,256.2,,64,64,True,out: split-K,<128
1024,5120,5120,False,bfloat16,tuned,731,80,636.9,1020.7,torch,native,torch:hipBLASLt,60.3,Cijk_Alik_Bljk_BBS_BH_Bias_HA_S_SAV_UserArgs_MT160x128x128_MI16x16x1_SN_LDSB1_AFC0_AFEM1_AFEM1_ASEM1_CLR1_CADS0_DTLA0_DTLB0_DTVA0_DTVB0_EPS0_FDSI0_GRPM1_GRVWA8_GRVWB8_GSU0_GSUAMB_GLS0_ISA950_IU1_K1_LDSTI0_LBSPPA256_LBSPPB1024_LBSPPM0_LPA16_LPB16_LPM0_LRVW8_LWPMn1_MIAV0_MIWT5_4_MO40_NTn1_NTA0_NTB0_NTC0_NTD0_NTM0_NEPBS0_NLCA1_NLCB1_ONLL1_PGR2_PLR1_PKA1_SIA3_SS1_SPO0_SRVW0_SSO0_SVW1_SK3_SKFTR0_SKXCCM0_TLDS1_ULSGRO0_USL1_UIOFGRO0_USFGRO0_VSn1_VWA1_VWB4_WSGRA0_WSGRB0_WS64_WG32_8_1,160,128,False,in: non-pow2 tile,<128
1024,6400,5120,False,bfloat16,tuned,753,100,795.4,948.8,flydsl,flydsl_hgemm_abf16_wbf16_bf16_t256x128x64x3_ks1_w4x2x2_bias0_ktail0_gm0_pft_gfx950,flydsl:flydsl_hgemm_abf16_wbf16_bf16_t256x128x64x3_ks1_w4x2x2_bias0_ktail0_gm0_pft_gfx950,19.3,,256,128,False,in: other listed tile,<128
1024,12800,5120,False,bfloat16,tuned,800,200,1398.1,807.6,flydsl,flydsl_hgemm_abf16_wbf16_bf16_t128x128x64x3_ks1_w4x4x1_bias0_ktail0_gm0_pft_gfx950,gluon,0.0,,256,256,False,in: 256x256,128-255
1024,37888,5120,False,bfloat16,untuned,835,592,1293.7,1085.3,torch,,gluon,0.0,,256,256,False,in: 256x256,>=512
1024,51200,5120,False,bfloat16,tuned,839,800,1289.4,1244.8,asm,_ZN5aiter24bf16gemm_bf16_tn_256x256E,gluon,0.0,,256,256,False,in: 256x256,>=512
1536,1024,5120,False,float32,tuned,495,24,195.0,588.2,asm,_ZN5aiter37bf16gemm_fp32bf16_tn_96x64_pf3_splitkE,asm:_ZN5aiter37bf16gemm_fp32bf16_tn_96x64_pf3_splitkE,201.6,,96,64,True,out: split-K,<128
1536,37888,5120,False,bfloat16,untuned,1146,888,1382.4,1288.5,torch,,gluon,0.0,,256,256,False,in: 256x256,>=512
2048,1024,5120,False,float32,tuned,539,32,256.3,638.0,opus,opus_gemm_mono_tile_512x64x128x64_2x4_16x16x32_0x0x0_nooob,opus:opus_gemm_mono_tile_512x64x128x64_2x4_16x16x32_0x0x0_nooob,149.0,,64,128,False,in: other listed tile,<128
2048,5120,5120,False,bfloat16,tuned,1138,160,1234.6,1266.3,torch,native,torch:hipBLASLt,2.6,Cijk_Alik_Bljk_BBS_BH_Bias_HA_S_SAV_UserArgs_MT160x256x64_MI16x16x1_SN_LDSB0_AFC0_AFEM1_AFEM1_ASEM1_CLR1_CADS0_DTLA0_DTLB0_DTVA0_DTVB0_EPS0_FDSI0_GRPM1_GRVWA8_GRVWB8_GSU0_GSUAMB_GLS0_ISA950_IU1_K1_LDSTI0_LBSPPA128_LBSPPB1024_LBSPPM0_LPA16_LPB16_LPM0_LRVW8_LWPMn1_MIAV0_MIWT5_8_MO40_NTn1_NTA0_NTB0_NTC0_NTD0_NTM0_NEPBS0_NLCA1_NLCB1_ONLL1_PGR2_PLR1_PKA1_SIA3_SS1_SPO0_SRVW0_SSO0_SVW1_SK3_SKFTR0_SKXCCM0_TLDS1_ULSGRO0_USL1_UIOFGRO0_USFGRO0_VSn1_VWA1_VWB8_WSGRA0_WSGRB0_WS64_WG32_8_1,160,256,False,in: non-pow2 tile,128-255
2048,6400,5120,False,bfloat16,tuned,1191,200,1389.5,1266.5,flydsl,flydsl_hgemm_abf16_wbf16_bf16_t256x256x64x2_ks1_w2x4x1_bias0_ktail0_gm0_pht_gfx950,gluon,0.0,,256,256,False,in: 256x256,128-255
2048,12800,5120,False,bfloat16,tuned,1313,400,1430.8,804.3,flydsl,flydsl_hgemm_abf16_wbf16_bf16_t128x256x64x3_ks1_w4x4x1_bias0_ktail0_gm0_pft_gfx950,gluon,0.0,,256,256,False,in: 256x256,256-511
2048,37888,5120,False,bfloat16,untuned,1408,1184,1471.0,1228.2,torch,,gluon,0.0,,256,256,False,in: 256x256,>=512
2048,51200,5120,False,bfloat16,tuned,1422,1600,1446.5,214.0,asm,_ZN5aiter37bf16gemm_fp32bf16_tn_48x64_pf3_splitkE,gluon,0.0,,256,256,False,in: 256x256,>=512
4096,1024,5120,False,float32,tuned,621,64,485.7,980.6,opus,opus_gemm_mono_tile_512x128x128x64_2x4_16x16x32_0x0x0_nooob_4g_safe,opus:opus_gemm_mono_tile_512x128x128x64_2x4_16x16x32_0x0x0_nooob_4g_safe,101.9,,128,128,False,in: other listed tile,<128
4096,5120,5120,False,bfloat16,tuned,1575,320,1195.4,1290.0,torch,native,torch:hipBLASLt,7.9,Cijk_Alik_Bljk_BBS_BH_Bias_HA_S_SAV_UserArgs_MT160x256x64_MI16x16x1_SN_LDSB0_AFC0_AFEM1_AFEM1_ASEM1_CLR1_CADS0_DTLA0_DTLB0_DTVA0_DTVB0_EPS0_FDSI0_GRPM1_GRVWA8_GRVWB8_GSU0_GSUAMB_GLS0_ISA950_IU1_K1_LDSTI0_LBSPPA128_LBSPPB1024_LBSPPM0_LPA16_LPB16_LPM0_LRVW8_LWPMn1_MIAV0_MIWT5_8_MO40_NTn1_NTA0_NTB0_NTC0_NTD0_NTM0_NEPBS0_NLCA1_NLCB1_ONLL1_PGR2_PLR1_PKA1_SIA3_SS1_SPO0_SRVW0_SSO0_SVW1_SK3_SKFTR0_SKXCCM0_TLDS1_ULSGRO0_USL1_UIOFGRO0_USFGRO0_VSn1_VWA1_VWB8_WSGRA0_WSGRB0_WS64_WG32_8_1,160,256,False,in: non-pow2 tile,256-511
4096,6400,5120,False,bfloat16,tuned,1679,400,1425.9,1371.8,flydsl,flydsl_hgemm_abf16_wbf16_bf16_t256x256x64x2_ks1_w2x4x1_bias0_ktail0_gm4_pht_gfx950,gluon,0.0,,256,256,False,in: 256x256,256-511
4096,12800,5120,False,bfloat16,tuned,1932,800,1411.9,1364.4,asm,_ZN5aiter24bf16gemm_bf16_tn_256x256E,gluon,0.0,,256,256,False,in: 256x256,>=512
4096,51200,5120,False,bfloat16,tuned,2179,3200,1527.8,1491.7,asm,_ZN5aiter24bf16gemm_bf16_tn_256x256E,gluon,0.0,,256,256,False,in: 256x256,>=512
8192,1024,5120,False,float32,tuned,671,128,971.5,1268.7,opus,opus_gemm_mono_tile_512x128x256x64_2x4_16x16x32_0x0x0_nooob,opus:opus_gemm_mono_tile_512x128x256x64_2x4_16x16x32_0x0x0_nooob,30.6,,128,256,False,in: other listed tile,128-255
8192,5120,5120,False,bfloat16,tuned,1950,640,1451.7,1378.2,torch,native,gluon,0.0,,256,256,False,in: 256x256,>=512
8192,6400,5120,False,bfloat16,tuned,2111,800,1409.3,1354.0,flydsl,flydsl_hgemm_abf16_wbf16_bf16_t256x256x64x2_ks1_w2x4x1_bias0_ktail0_gm4_pht_gfx950,gluon,0.0,,256,256,False,in: 256x256,>=512
8192,12800,5120,False,bfloat16,tuned,2528,1600,1479.5,1459.5,asm,_ZN5aiter24bf16gemm_bf16_tn_256x256E,gluon,0.0,,256,256,False,in: 256x256,>=512
8192,51200,5120,False,bfloat16,tuned,2968,6400,1581.6,1514.4,flydsl,flydsl_hgemm_abf16_wbf16_bf16_t256x256x64x2_ks1_w2x4x1_bias0_ktail0_gm4_pht_gfx950,gluon,0.0,,256,256,False,in: 256x256,>=512
16384,1024,5120,False,float32,tuned,700,256,1474.8,1362.0,opus,opus_gemm_persistent_512x256x256x64_2x4_16x16x32_0x0x0_cA0cB0,gluon,0.0,,256,256,False,in: 256x256,256-511
16384,5120,5120,False,bfloat16,tuned,2214,1280,1566.0,1566.3,torch,native,torch:hipBLASLt,0.0,Cijk_Alik_Bljk_BBS_BH_Bias_HA_S_SAV_UserArgs_MT256x256x64_MI16x16x1_CMS_SN_LDSB0_AFC0_AFEM1_AFEM1_ASEM1_CLR1_CADS0_DTLA1_DTLB1_DTVA0_DTVB0_EPS0_FDSI0_GRPM1_GRVWA8_GRVWB8_GSU0_GSUAMB_GLS0_ISA950_IU1_K1_LDSTI0_LBSPPA1024_LBSPPB1024_LBSPPM0_LPA16_LPB16_LPM0_LRVW8_LWPMn1_MIAV0_MIWT8_8_MO40_NTn1_NTA0_NTB0_NTC0_NTD4_NTM0_NEPBS0_NLCA1_NLCB1_ONLL1_PGR2_PLR1_PKA1_SIA3_SS1_SPO0_SRVW0_SSO0_SVW8_SK3_SKFTR0_SKXCCM0_TLDS1_ULSGRO0_USL1_UIOFGRO0_USFGRO0_VSn1_VWA8_VWB8_WSGRA0_WSGRB0_WS64_WG32_8_1,256,256,False,in: 256x256,>=512
16384,6400,5120,False,bfloat16,tuned,2424,1600,1465.8,1423.5,flydsl,flydsl_hgemm_abf16_wbf16_bf16_t256x256x64x2_ks1_w2x4x1_bias0_ktail0_gm4_pht_gfx950,gluon,0.0,,256,256,False,in: 256x256,>=512
16384,12800,5120,False,bfloat16,tuned,2990,3200,1530.1,1533.9,torch,native,torch:hipBLASLt,0.3,Cijk_Alik_Bljk_BBS_BH_Bias_HA_S_SAV_UserArgs_MT256x256x64_MI16x16x1_CMS_SN_LDSB0_AFC0_AFEM1_AFEM1_ASEM1_CLR1_CADS0_DTLA1_DTLB1_DTVA0_DTVB0_EPS0_FDSI0_GRPM1_GRVWA8_GRVWB8_GSU0_GSUAMB_GLS0_ISA950_IU1_K1_LDSTI0_LBSPPA1024_LBSPPB1024_LBSPPM0_LPA16_LPB16_LPM0_LRVW8_LWPMn1_MIAV0_MIWT8_8_MO40_NTn1_NTA0_NTB0_NTC0_NTD4_NTM0_NEPBS0_NLCA1_NLCB1_ONLL1_PGR2_PLR1_PKA1_SIA3_SS1_SPO0_SRVW0_SSO0_SVW8_SK3_SKFTR0_SKXCCM0_TLDS1_ULSGRO0_USL1_UIOFGRO0_USFGRO0_VSn1_VWA8_VWB8_WSGRA0_WSGRB0_WS64_WG32_8_1,256,256,False,in: 256x256,>=512
16384,51200,5120,False,bfloat16,tuned,3625,12800,1567.5,1515.0,flydsl,flydsl_hgemm_abf16_wbf16_bf16_t256x256x64x2_ks1_w2x4x1_bias0_ktail0_gm4_pht_gfx950,gluon,0.0,,256,256,False,in: 256x256,>=512
32768,5120,5120,False,bfloat16,tuned,2374,2560,1555.3,1542.7,torch,native,gluon,0.0,,256,256,False,in: 256x256,>=512
32768,6400,5120,False,bfloat16,tuned,2617,3200,1512.4,1526.6,torch,native,torch:hipBLASLt,0.9,Cijk_Alik_Bljk_BBS_BH_Bias_HA_S_SAV_UserArgs_MT256x256x64_MI16x16x1_CMS_SN_LDSB0_AFC0_AFEM1_AFEM1_ASEM1_CLR1_CADS0_DTLA1_DTLB1_DTVA0_DTVB0_EPS0_FDSI0_GRPM1_GRVWA8_GRVWB8_GSU0_GSUAMB_GLS0_ISA950_IU1_K1_LDSTI0_LBSPPA1024_LBSPPB1024_LBSPPM0_LPA16_LPB16_LPM0_LRVW8_LWPMn1_MIAV0_MIWT8_8_MO40_NTn1_NTA0_NTB0_NTC0_NTD4_NTM0_NEPBS0_NLCA1_NLCB1_ONLL1_PGR2_PLR1_PKA1_SIA3_SS1_SPO0_SRVW0_SSO0_SVW8_SK3_SKFTR0_SKXCCM0_TLDS1_ULSGRO0_USL1_UIOFGRO0_USFGRO0_VSn1_VWA8_VWB8_WSGRA0_WSGRB0_WS64_WG32_8_1,256,256,False,in: 256x256,>=512
32768,12800,5120,False,bfloat16,tuned,3290,6400,1562.0,1564.3,torch,native,torch:hipBLASLt,0.1,Cijk_Alik_Bljk_BBS_BH_Bias_HA_S_SAV_UserArgs_MT256x256x64_MI16x16x1_CMS_SN_LDSB0_AFC0_AFEM1_AFEM1_ASEM1_CLR1_CADS0_DTLA1_DTLB1_DTVA0_DTVB0_EPS0_FDSI0_GRPM1_GRVWA8_GRVWB8_GSU0_GSUAMB_GLS0_ISA950_IU1_K1_LDSTI0_LBSPPA1024_LBSPPB1024_LBSPPM0_LPA16_LPB16_LPM0_LRVW8_LWPMn1_MIAV0_MIWT8_8_MO40_NTn1_NTA0_NTB0_NTC0_NTD4_NTM0_NEPBS0_NLCA1_NLCB1_ONLL1_PGR2_PLR1_PKA1_SIA3_SS1_SPO0_SRVW0_SSO0_SVW8_SK3_SKFTR0_SKXCCM0_TLDS1_ULSGRO0_USL1_UIOFGRO0_USFGRO0_VSn1_VWA8_VWB8_WSGRA0_WSGRB0_WS64_WG32_8_1,256,256,False,in: 256x256,>=512
32768,51200,5120,False,bfloat16,tuned,4076,25600,1563.2,1515.0,flydsl,flydsl_hgemm_abf16_wbf16_bf16_t256x256x64x2_ks1_w2x4x1_bias0_ktail0_gm4_pht_gfx950,gluon,0.0,,256,256,False,in: 256x256,>=512
512,1280,6144,False,bfloat16,tuned,345,10,86.4,405.2,flydsl,flydsl_hgemm_abf16_wbf16_bf16_t64x64x64x5_ks3_w2x2x1_bias0_ktail0_gm0_pft_gfx950,flydsl:flydsl_hgemm_abf16_wbf16_bf16_t64x64x64x5_ks3_w2x2x1_bias0_ktail0_gm0_pft_gfx950,369.2,,64,64,True,out: split-K,<128
512,1536,6144,False,bfloat16,tuned,361,12,103.5,431.4,flydsl,flydsl_hgemm_abf16_wbf16_bf16_t64x96x128x3_ks2_w2x2x2_bias0_ktail0_gm0_pft_gfx950,flydsl:flydsl_hgemm_abf16_wbf16_bf16_t64x96x128x3_ks2_w2x2x2_bias0_ktail0_gm0_pft_gfx950,316.8,,64,96,True,out: split-K,<128
512,2048,6144,False,float32,tuned,361,16,133.7,492.0,asm,_ZN5aiter37bf16gemm_fp32bf16_tn_64x64_pf3_splitkE,asm:_ZN5aiter37bf16gemm_fp32bf16_tn_64x64_pf3_splitkE,268.0,,64,64,True,out: split-K,<128
512,2304,6144,False,bfloat16,tuned,392,18,154.7,516.3,flydsl,flydsl_hgemm_abf16_wbf16_bf16_t96x96x64x3_ks3_w2x2x1_bias0_ktail0_gm0_pft_gfx950,flydsl:flydsl_hgemm_abf16_wbf16_bf16_t96x96x64x3_ks3_w2x2x1_bias0_ktail0_gm0_pft_gfx950,233.8,,96,96,True,out: split-K,<128
512,2560,6144,False,bfloat16,tuned,399,20,171.7,513.9,torch,native,torch:hipBLASLt,199.2,Cijk_Alik_Bljk_BBS_BH_Bias_HA_S_SAV_UserArgs_MT256x128x64_MI16x16x1_SN_LDSB1_AFC0_AFEM1_AFEM1_ASEM1_CLR1_CADS0_DTLA0_DTLB0_DTVA0_DTVB0_EPS0_FDSI0_GRPM1_GRVWA8_GRVWB8_GSU0_GSUAMB_GLS0_ISA950_IU1_K1_LDSTI0_LBSPPA1024_LBSPPB512_LBSPPM0_LPA16_LPB16_LPM0_LRVW8_LWPMn1_MIAV0_MIWT8_4_MO40_NTn1_NTA0_NTB0_NTC0_NTD0_NTM0_NEPBS0_NLCA1_NLCB1_ONLL1_PGR2_PLR1_PKA1_SIA3_SS1_SPO0_SRVW0_SSO0_SVW8_SK3_SKFTR0_SKXCCM0_TLDS1_ULSGRO0_USL1_UIOFGRO0_USFGRO0_VSn1_VWA8_VWB4_WSGRA0_WSGRB0_WS64_WG32_8_1 | Cijk_SB_BiasS_HAS_ScaleAlphaVec_PostGSU8_VW4,256,128,False,in: other listed tile,<128
512,3072,6144,False,float32,tuned,384,24,200.1,490.3,opus,opus_gemm_flatmm_splitk_256x64x96x64_2x1_16x16x32_0x0x0_wgpcu2_nooob,opus:opus_gemm_flatmm_splitk_256x64x96x64_2x1_16x16x32_0x0x0_wgpcu2_nooob,145.1,,64,96,True,out: split-K,<128
512,3072,6144,False,bfloat16,tuned,410,24,206.7,601.8,flydsl,flydsl_hgemm_abf16_wbf16_bf16_t64x96x128x3_ks1_w2x2x2_bias0_ktail0_gm4_pft_gfx950,flydsl:flydsl_hgemm_abf16_wbf16_bf16_t64x96x128x3_ks1_w2x2x2_bias0_ktail0_gm4_pft_gfx950,191.2,,64,96,False,out: smaller tile,<128
512,6144,6144,False,bfloat16,tuned,439,48,409.7,821.1,flydsl,flydsl_hgemm_abf16_wbf16_bf16_t128x96x64x4_ks1_w2x2x1_bias0_ktail0_gm4_pft_gfx950,flydsl:flydsl_hgemm_abf16_wbf16_bf16_t128x96x64x4_ks1_w2x2x1_bias0_ktail0_gm4_pft_gfx950,100.4,,128,96,False,in: non-pow2 tile,<128
512,9216,6144,False,bfloat16,tuned,450,72,600.7,906.1,flydsl,flydsl_hgemm_abf16_wbf16_bf16_t128x256x64x2_ks1_w2x4x1_bias0_ktail0_gm0_pht_gfx950,flydsl:flydsl_hgemm_abf16_wbf16_bf16_t128x256x64x2_ks1_w2x4x1_bias0_ktail0_gm0_pht_gfx950,50.8,,128,256,False,in: other listed tile,<128
1024,2048,6144,False,float32,tuned,559,32,262.9,531.8,opus,opus_gemm_flatmm_splitk_256x64x64x64_2x1_16x16x32_0x0x0_wgpcu2_nooob,opus:opus_gemm_flatmm_splitk_256x64x64x64_2x1_16x16x32_0x0x0_wgpcu2_nooob,102.3,,64,64,True,out: split-K,<128
1024,2304,6144,False,bfloat16,tuned,636,36,307.6,669.0,torch,native,torch:hipBLASLt,117.5,Cijk_Alik_Bljk_BBS_BH_Bias_HA_S_SAV_UserArgs_MT256x176x64_MI16x16x1_SN_LDSB0_AFC0_AFEM1_AFEM1_ASEM1_CLR1_CADS0_DTLA0_DTLB0_DTVA0_DTVB0_EPS0_FDSI0_GRPM1_GRVWA8_GRVWB4_GSU0_GSUAMB_GLS0_ISA950_IU1_K1_LDSTI0_LBSPPA512_LBSPPB128_LBSPPM0_LPA16_LPB16_LPM0_LRVW8_LWPMn1_MIAV0_MIWT4_11_MO40_NTn1_NTA0_NTB0_NTC0_NTD0_NTM0_NEPBS0_NLCA1_NLCB1_ONLL1_PGR2_PLR1_PKA1_SIA3_SS1_SPO0_SRVW0_SSO0_SVW4_SK3_SKFTR0_SKXCCM0_TLDS1_ULSGRO0_USL1_UIOFGRO0_USFGRO0_VSn1_VWA4_VWB1_WSGRA0_WSGRB0_WS64_WG64_4_1 | Cijk_SB_BiasS_HAS_ScaleAlphaVec_PostGSU4_VW4,256,176,False,in: non-pow2 tile,<128
1024,2560,6144,False,bfloat16,tuned,654,40,342.3,787.3,torch,native,torch:hipBLASLt,130.0,Cijk_Alik_Bljk_BBS_BH_Bias_HA_S_SAV_UserArgs_MT160x128x128_MI16x16x1_SN_LDSB1_AFC0_AFEM1_AFEM1_ASEM1_CLR1_CADS0_DTLA0_DTLB0_DTVA0_DTVB0_EPS0_FDSI0_GRPM1_GRVWA8_GRVWB8_GSU0_GSUAMB_GLS0_ISA950_IU1_K1_LDSTI0_LBSPPA256_LBSPPB1024_LBSPPM0_LPA16_LPB16_LPM0_LRVW8_LWPMn1_MIAV0_MIWT5_4_MO40_NTn1_NTA0_NTB0_NTC0_NTD0_NTM0_NEPBS0_NLCA1_NLCB1_ONLL1_PGR2_PLR1_PKA1_SIA3_SS1_SPO0_SRVW0_SSO0_SVW1_SK3_SKFTR0_SKXCCM0_TLDS1_ULSGRO0_USL1_UIOFGRO0_USFGRO0_VSn1_VWA1_VWB4_WSGRA0_WSGRB0_WS64_WG32_8_1,160,128,False,in: non-pow2 tile,<128
1024,3072,6144,False,float32,tuned,614,48,385.2,663.1,opus,opus_gemm_512x128x128x64_2x4_16x16x32_0x0x0_nooob_4g_safe,opus:opus_gemm_512x128x128x64_2x4_16x16x32_0x0x0_nooob_4g_safe,72.2,,128,128,False,in: other listed tile,<128
1024,6144,6144,False,bfloat16,tuned,768,96,791.0,1022.7,torch,native,torch:hipBLASLt,29.3,Cijk_Alik_Bljk_BBS_BH_Bias_HA_S_SAV_UserArgs_MT192x256x64_MI16x16x1_SN_LDSB0_AFC0_AFEM1_AFEM1_ASEM1_CLR1_CADS0_DTLA0_DTLB0_DTVA0_DTVB0_EPS0_FDSI0_GRPM1_GRVWA8_GRVWB8_GSU0_GSUAMB_GLS0_ISA950_IU1_K1_LDSTI0_LBSPPA256_LBSPPB1024_LBSPPM0_LPA16_LPB16_LPM0_LRVW8_LWPMn1_MIAV0_MIWT6_8_MO40_NTn1_NTA6_NTB3_NTC1_NTD1_NTM0_NEPBS0_NLCA1_NLCB1_ONLL1_PGR2_PLR1_PKA1_SIA3_SS1_SPO0_SRVW0_SSO1_SVW2_SK3_SKFTR0_SKXCCM0_TLDS1_ULSGRO0_USL1_UIOFGRO0_USFGRO0_VSn1_VWA2_VWB8_WSGRA0_WSGRB0_WS64_WG32_8_1,192,256,False,in: non-pow2 tile,<128
1024,9216,6144,False,bfloat16,tuned,801,144,1163.6,1255.2,torch,native,torch:hipBLASLt,7.9,Cijk_Alik_Bljk_BBS_BH_Bias_HA_S_SAV_UserArgs_MT144x256x64_MI16x16x1_SN_LDSB0_AFC0_AFEM1_AFEM1_ASEM1_CLR1_CADS0_DTLA0_DTLB0_DTVA0_DTVB0_EPS0_FDSI0_GRPM1_GRVWA4_GRVWB8_GSU0_GSUAMB_GLS0_ISA950_IU1_K1_LDSTI0_LBSPPA128_LBSPPB512_LBSPPM0_LPA16_LPB16_LPM0_LRVW8_LWPMn1_MIAV0_MIWT9_4_MO40_NTn1_NTA0_NTB0_NTC0_NTD0_NTM0_NEPBS0_NLCA1_NLCB1_ONLL1_PGR2_PLR1_PKA1_SIA3_SS1_SPO0_SRVW0_SSO0_SVW1_SK3_SKFTR0_SKXCCM0_TLDS1_ULSGRO0_USL1_UIOFGRO0_USFGRO0_VSn1_VWA1_VWB4_WSGRA0_WSGRB0_WS64_WG16_16_1,144,256,False,in: non-pow2 tile,128-255
2048,2048,6144,False,float32,tuned,768,64,498.9,892.9,opus,opus_gemm_persistent_512x128x128x64_2x4_16x16x32_0x0x0_cA0cB0,opus:opus_gemm_persistent_512x128x128x64_2x4_16x16x32_0x0x0_cA0cB0,79.0,,128,128,False,in: other listed tile,<128
2048,2304,6144,False,bfloat16,tuned,922,72,600.7,998.0,torch,native,torch:hipBLASLt,66.2,Cijk_Alik_Bljk_BBS_BH_Bias_HA_S_SAV_UserArgs_MT128x160x128_MI16x16x1_SN_LDSB1_AFC0_AFEM1_AFEM1_ASEM1_CLR1_CADS0_DTLA0_DTLB0_DTVA0_DTVB0_EPS0_FDSI0_GRPM1_GRVWA8_GRVWB8_GSU0_GSUAMB_GLS0_ISA950_IU1_K1_LDSTI0_LBSPPA1024_LBSPPB256_LBSPPM0_LPA16_LPB16_LPM0_LRVW8_LWPMn1_MIAV0_MIWT4_5_MO40_NTn1_NTA0_NTB0_NTC0_NTD0_NTM0_NEPBS0_NLCA1_NLCB1_ONLL1_PGR2_PLR1_PKA1_SIA3_SS1_SPO0_SRVW0_SSO0_SVW4_SK3_SKFTR0_SKXCCM0_TLDS1_ULSGRO0_USL1_UIOFGRO0_USFGRO0_VSn1_VWA4_VWB1_WSGRA0_WSGRB0_WS64_WG32_8_1,128,160,False,in: non-pow2 tile,<128
2048,2560,6144,False,bfloat16,tuned,960,80,663.7,1068.7,torch,native,torch:hipBLASLt,61.0,Cijk_Alik_Bljk_BBS_BH_Bias_HA_S_SAV_UserArgs_MT160x128x128_MI16x16x1_SN_LDSB1_AFC0_AFEM1_AFEM1_ASEM1_CLR1_CADS0_DTLA0_DTLB0_DTVA0_DTVB0_EPS0_FDSI0_GRPM1_GRVWA8_GRVWB8_GSU0_GSUAMB_GLS0_ISA950_IU1_K1_LDSTI0_LBSPPA256_LBSPPB1024_LBSPPM0_LPA16_LPB16_LPM0_LRVW8_LWPMn1_MIAV0_MIWT5_4_MO40_NTn1_NTA0_NTB0_NTC0_NTD0_NTM0_NEPBS0_NLCA1_NLCB1_ONLL1_PGR2_PLR1_PKA1_SIA3_SS1_SPO0_SRVW0_SSO0_SVW1_SK3_SKFTR0_SKXCCM0_TLDS1_ULSGRO0_USL1_UIOFGRO0_USFGRO0_VSn1_VWA1_VWB4_WSGRA0_WSGRB0_WS64_WG32_8_1,160,128,False,in: non-pow2 tile,<128
2048,3072,6144,False,float32,tuned,878,96,751.7,842.2,opus,opus_gemm_512x256x128x64_2x4_16x16x32_0x0x0_nooob_4g_safe,opus:opus_gemm_512x256x128x64_2x4_16x16x32_0x0x0_nooob_4g_safe,12.0,,256,128,False,in: other listed tile,<128
2048,6144,6144,False,bfloat16,tuned,1229,192,1378.9,1365.3,torch,native,gluon,0.0,,256,256,False,in: 256x256,128-255
2048,9216,6144,False,bfloat16,tuned,1317,288,1103.2,1265.4,torch,native,torch:hipBLASLt,14.7,Cijk_Alik_Bljk_BBS_BH_Bias_HA_S_SAV_UserArgs_MT144x256x64_MI16x16x1_SN_LDSB0_AFC0_AFEM1_AFEM1_ASEM1_CLR1_CADS0_DTLA0_DTLB0_DTVA0_DTVB0_EPS0_FDSI0_GRPM1_GRVWA4_GRVWB8_GSU0_GSUAMB_GLS0_ISA950_IU1_K1_LDSTI0_LBSPPA128_LBSPPB512_LBSPPM0_LPA16_LPB16_LPM0_LRVW8_LWPMn1_MIAV0_MIWT9_4_MO40_NTn1_NTA0_NTB0_NTC0_NTD0_NTM0_NEPBS0_NLCA1_NLCB1_ONLL1_PGR2_PLR1_PKA1_SIA3_SS1_SPO0_SRVW0_SSO0_SVW1_SK3_SKFTR0_SKXCCM0_TLDS1_ULSGRO0_USL1_UIOFGRO0_USFGRO0_VSn1_VWA1_VWB4_WSGRA0_WSGRB0_WS64_WG16_16_1,144,256,False,in: non-pow2 tile,256-511
4096,2048,6144,False,float32,tuned,945,128,988.2,1171.4,opus,opus_gemm_persistent_512x128x256x64_2x4_16x16x32_0x0x0_nooob,opus:opus_gemm_persistent_512x128x256x64_2x4_16x16x32_0x0x0_nooob,18.5,,128,256,False,in: other listed tile,128-255
4096,2304,6144,False,bfloat16,tuned,1189,144,1155.7,798.2,flydsl,flydsl_hgemm_abf16_wbf16_bf16_t128x128x64x4_ks1_w4x2x1_bias0_ktail0_gm0_pft_gfx950,gluon,0.0,,256,256,False,in: 256x256,128-255
4096,2560,6144,False,bfloat16,tuned,1254,160,1255.6,717.2,flydsl,flydsl_hgemm_abf16_wbf16_bf16_t256x64x64x3_ks1_w4x1x1_bias0_ktail0_gm4_pft_gfx950,gluon,0.0,,256,256,False,in: 256x256,128-255
4096,3072,6144,False,float32,tuned,1117,192,1325.5,1255.0,asm,_ZN5aiter24bf16gemm_bf16_tn_256x256E,gluon,0.0,,256,256,False,in: 256x256,128-255
4096,6144,6144,False,bfloat16,tuned,1755,384,1403.3,1384.2,torch,native,gluon,0.0,,256,256,False,in: 256x256,256-511
4096,9216,6144,False,bfloat16,tuned,1940,576,1395.5,1389.7,torch,native,gluon,0.0,,256,256,False,in: 256x256,>=512
8192,2048,6144,False,float32,tuned,1069,256,1526.1,1416.0,opus,opus_gemm_persistent_512x256x256x64_2x4_16x16x32_0x0x0_nooob,gluon,0.0,,256,256,False,in: 256x256,256-511
8192,2304,6144,False,bfloat16,tuned,1391,288,1105.0,1261.3,torch,native,torch:hipBLASLt,14.1,Cijk_Alik_Bljk_BBS_BH_Bias_HA_S_SAV_UserArgs_MT144x256x64_MI16x16x1_SN_LDSB0_AFC0_AFEM1_AFEM1_ASEM1_CLR1_CADS0_DTLA0_DTLB0_DTVA0_DTVB0_EPS0_FDSI0_GRPM1_GRVWA4_GRVWB8_GSU0_GSUAMB_GLS0_ISA950_IU1_K1_LDSTI0_LBSPPA128_LBSPPB512_LBSPPM0_LPA16_LPB16_LPM0_LRVW8_LWPMn1_MIAV0_MIWT9_4_MO40_NTn1_NTA0_NTB0_NTC0_NTD0_NTM0_NEPBS0_NLCA1_NLCB1_ONLL1_PGR2_PLR1_PKA1_SIA3_SS1_SPO0_SRVW0_SSO0_SVW1_SK3_SKFTR0_SKXCCM0_TLDS1_ULSGRO0_USL1_UIOFGRO0_USFGRO0_VSn1_VWA1_VWB4_WSGRA0_WSGRB0_WS64_WG16_16_1,144,256,False,in: non-pow2 tile,256-511
8192,2560,6144,False,bfloat16,tuned,1480,320,1217.7,527.3,asm,_ZN5aiter37bf16gemm_fp32bf16_tn_64x64_pf3_splitkE,gluon,0.0,,256,256,False,in: 256x256,256-511
8192,3072,6144,False,float32,tuned,1293,384,1296.3,1273.0,asm,_ZN5aiter24bf16gemm_bf16_tn_256x256E,gluon,0.0,,256,256,False,in: 256x256,256-511
8192,6144,6144,False,bfloat16,tuned,2234,768,1618.4,1570.3,flydsl,flydsl_hgemm_abf16_wbf16_bf16_t256x256x64x2_ks1_w2x4x1_bias0_ktail0_gm4_pht_gfx950,gluon,0.0,,256,256,False,in: 256x256,>=512
8192,9216,6144,False,bfloat16,tuned,2542,1152,1504.1,1504.4,asm,_ZN5aiter24bf16gemm_bf16_tn_256x256E,asm:_ZN5aiter24bf16gemm_bf16_tn_256x256E,0.0,,256,256,False,in: 256x256,>=512
16384,2048,6144,False,float32,tuned,1143,512,1437.8,1393.8,opus,opus_gemm_512x256x256x64_2x4_16x16x32_0x0x0_nooob_cA17cB1,gluon,0.0,,256,256,False,in: 256x256,>=512
16384,2304,6144,False,bfloat16,tuned,1520,576,1355.9,1064.7,flydsl,flydsl_hgemm_abf16_wbf16_bf16_t128x128x64x2_ks1_w2x4x1_bias0_ktail0_gm4_pft_gfx950,gluon,0.0,,256,256,False,in: 256x256,>=512
16384,2560,6144,False,bfloat16,tuned,1628,640,1437.7,1394.9,flydsl,flydsl_hgemm_abf16_wbf16_bf16_t256x256x64x2_ks1_w2x4x1_bias0_ktail0_gm4_pht_gfx950,gluon,0.0,,256,256,False,in: 256x256,>=512
16384,3072,6144,False,float32,tuned,1404,768,1443.4,1422.8,asm,_ZN5aiter24bf16gemm_bf16_tn_256x256E,gluon,0.0,,256,256,False,in: 256x256,>=512
16384,6144,6144,False,bfloat16,tuned,2587,1536,1583.4,1566.7,asm,_ZN5aiter24bf16gemm_bf16_tn_256x256E,gluon,0.0,,256,256,False,in: 256x256,>=512
16384,9216,6144,False,bfloat16,tuned,3009,2304,1582.2,1577.6,torch,native,gluon,0.0,,256,256,False,in: 256x256,>=512
32768,2304,6144,False,bfloat16,tuned,1594,1152,1437.3,667.3,flydsl,flydsl_hgemm_abf16_wbf16_bf16_t64x256x128x2_ks1_w4x4x1_bias0_ktail0_gm0_pft_gfx950,gluon,0.0,,256,256,False,in: 256x256,>=512
32768,2560,6144,False,bfloat16,tuned,1713,1280,1538.5,1492.8,flydsl,flydsl_hgemm_abf16_wbf16_bf16_t256x256x64x2_ks1_w2x4x1_bias0_ktail0_gm4_pht_gfx950,gluon,0.0,,256,256,False,in: 256x256,>=512
32768,6144,6144,False,bfloat16,tuned,2809,3072,1582.5,1570.9,torch,native,gluon,0.0,,256,256,False,in: 256x256,>=512
32768,9216,6144,False,bfloat16,tuned,3314,4608,1579.0,1580.5,torch,native,torch:hipBLASLt,0.1,Cijk_Alik_Bljk_BBS_BH_Bias_HA_S_SAV_UserArgs_MT256x256x64_MI16x16x1_CMS_SN_LDSB0_AFC0_AFEM1_AFEM1_ASEM1_CLR1_CADS0_DTLA1_DTLB1_DTVA0_DTVB0_EPS0_FDSI0_GRPM1_GRVWA8_GRVWB8_GSU0_GSUAMB_GLS0_ISA950_IU1_K1_LDSTI0_LBSPPA1024_LBSPPB1024_LBSPPM0_LPA16_LPB16_LPM0_LRVW8_LWPMn1_MIAV0_MIWT8_8_MO40_NTn1_NTA0_NTB0_NTC0_NTD4_NTM0_NEPBS0_NLCA1_NLCB1_ONLL1_PGR2_PLR1_PKA1_SIA3_SS1_SPO0_SRVW0_SSO0_SVW8_SK3_SKFTR0_SKXCCM0_TLDS1_ULSGRO0_USL1_UIOFGRO0_USFGRO0_VSn1_VWA8_VWB8_WSGRA0_WSGRB0_WS64_WG32_8_1,256,256,False,in: 256x256,>=512
512,5120,6400,False,bfloat16,tuned,434,40,342.4,725.5,flydsl,flydsl_hgemm_abf16_wbf16_bf16_t96x128x128x2_ks1_w2x2x2_bias0_ktail0_gm0_pft_gfx950,flydsl:flydsl_hgemm_abf16_wbf16_bf16_t96x128x128x2_ks1_w2x2x2_bias0_ktail0_gm0_pft_gfx950,111.9,,96,128,False,in: non-pow2 tile,<128
1024,5120,6400,False,bfloat16,tuned,753,80,670.8,710.8,flydsl,flydsl_hgemm_abf16_wbf16_bf16_t128x128x64x4_ks1_w4x2x1_bias0_ktail0_gm0_pft_gfx950,flydsl:flydsl_hgemm_abf16_wbf16_bf16_t128x128x64x4_ks1_w4x2x1_bias0_ktail0_gm0_pft_gfx950,6.0,,128,128,False,in: other listed tile,<128
2048,5120,6400,False,bfloat16,tuned,1191,160,1250.6,802.9,flydsl,flydsl_hgemm_abf16_wbf16_bf16_t256x128x64x3_ks1_w4x2x1_bias0_ktail0_gm0_pft_gfx950,gluon,0.0,,256,256,False,in: 256x256,128-255
4096,5120,6400,False,bfloat16,tuned,1679,320,1219.4,1314.6,torch,native,torch:hipBLASLt,7.8,Cijk_Alik_Bljk_BBS_BH_Bias_HA_S_SAV_UserArgs_MT160x256x64_MI16x16x1_SN_LDSB0_AFC0_AFEM1_AFEM1_ASEM1_CLR1_CADS0_DTLA0_DTLB0_DTVA0_DTVB0_EPS0_FDSI0_GRPM1_GRVWA8_GRVWB8_GSU0_GSUAMB_GLS0_ISA950_IU1_K1_LDSTI0_LBSPPA128_LBSPPB1024_LBSPPM0_LPA16_LPB16_LPM0_LRVW8_LWPMn1_MIAV0_MIWT5_8_MO40_NTn1_NTA0_NTB0_NTC0_NTD0_NTM0_NEPBS0_NLCA1_NLCB1_ONLL1_PGR2_PLR1_PKA1_SIA3_SS1_SPO0_SRVW0_SSO0_SVW1_SK3_SKFTR0_SKXCCM0_TLDS1_ULSGRO0_USL1_UIOFGRO0_USFGRO0_VSn1_VWA1_VWB8_WSGRA0_WSGRB0_WS64_WG32_8_1,160,256,False,in: non-pow2 tile,256-511
8192,5120,6400,False,bfloat16,tuned,2111,640,1474.2,1431.1,flydsl,flydsl_hgemm_abf16_wbf16_bf16_t256x256x64x2_ks1_w2x4x1_bias0_ktail0_gm4_pht_gfx950,gluon,0.0,,256,256,False,in: 256x256,>=512
16384,5120,6400,False,bfloat16,tuned,2424,1280,1578.1,1584.1,torch,native,torch:hipBLASLt,0.4,Cijk_Alik_Bljk_BBS_BH_Bias_HA_S_SAV_UserArgs_MT256x256x64_MI16x16x1_CMS_SN_LDSB0_AFC0_AFEM1_AFEM1_ASEM1_CLR1_CADS0_DTLA1_DTLB1_DTVA0_DTVB0_EPS0_FDSI0_GRPM1_GRVWA8_GRVWB8_GSU0_GSUAMB_GLS0_ISA950_IU1_K1_LDSTI0_LBSPPA1024_LBSPPB1024_LBSPPM0_LPA16_LPB16_LPM0_LRVW8_LWPMn1_MIAV0_MIWT8_8_MO40_NTn1_NTA0_NTB0_NTC0_NTD4_NTM0_NEPBS0_NLCA1_NLCB1_ONLL1_PGR2_PLR1_PKA1_SIA3_SS1_SPO0_SRVW0_SSO0_SVW8_SK3_SKFTR0_SKXCCM0_TLDS1_ULSGRO0_USL1_UIOFGRO0_USFGRO0_VSn1_VWA8_VWB8_WSGRA0_WSGRB0_WS64_WG32_8_1,256,256,False,in: 256x256,>=512
32768,5120,6400,False,bfloat16,tuned,2617,2560,1578.4,1575.9,torch,native,gluon,0.0,,256,256,False,in: 256x256,>=512
512,16384,6656,False,bfloat16,tuned,462,128,1013.8,966.7,flydsl,flydsl_hgemm_abf16_wbf16_bf16_t128x128x64x5_ks1_w4x4x1_bias0_ktail0_gm4_pft_gfx950,gluon,0.0,,256,256,False,in: 256x256,128-255
1024,16384,6656,False,bfloat16,tuned,842,256,1569.0,409.7,asm,_ZN5aiter37bf16gemm_fp32bf16_tn_64x64_pf3_splitkE,gluon,0.0,,256,256,False,in: 256x256,256-511
2048,16384,6656,False,bfloat16,tuned,1429,512,1567.4,1515.2,asm,_ZN5aiter24bf16gemm_bf16_tn_256x256E,gluon,0.0,,256,256,False,in: 256x256,>=512
4096,16384,6656,False,bfloat16,tuned,2196,1024,1588.0,1607.9,torch,native,torch:hipBLASLt,1.3,Cijk_Alik_Bljk_BBS_BH_Bias_HA_S_SAV_UserArgs_MT256x256x64_MI16x16x1_CMS_SN_LDSB0_AFC0_AFEM1_AFEM1_ASEM1_CLR1_CADS0_DTLA1_DTLB1_DTVA0_DTVB0_EPS0_FDSI0_GRPM1_GRVWA8_GRVWB8_GSU0_GSUAMB_GLS0_ISA950_IU1_K1_LDSTI0_LBSPPA1024_LBSPPB1024_LBSPPM0_LPA16_LPB16_LPM0_LRVW8_LWPMn1_MIAV0_MIWT8_8_MO40_NTn1_NTA0_NTB0_NTC0_NTD4_NTM0_NEPBS0_NLCA1_NLCB1_ONLL1_PGR2_PLR1_PKA1_SIA3_SS1_SPO0_SRVW0_SSO0_SVW8_SK3_SKFTR0_SKXCCM0_TLDS1_ULSGRO0_USL1_UIOFGRO0_USFGRO0_VSn1_VWA8_VWB8_WSGRA0_WSGRB0_WS64_WG32_8_1,256,256,False,in: 256x256,>=512
8192,16384,6656,False,bfloat16,tuned,3000,2048,1612.2,1560.1,asm,_ZN5aiter24bf16gemm_bf16_tn_256x256E,gluon,0.0,,256,256,False,in: 256x256,>=512
16384,16384,6656,False,bfloat16,tuned,3672,4096,1598.6,1579.5,asm,_ZN5aiter24bf16gemm_bf16_tn_256x256E,gluon,0.0,,256,256,False,in: 256x256,>=512
32768,16384,6656,False,bfloat16,tuned,4136,8192,1595.9,292.3,asm,_ZN5aiter37bf16gemm_fp32bf16_tn_48x64_pf3_splitkE,gluon,0.0,,256,256,False,in: 256x256,>=512
512,1024,7168,False,bfloat16,tuned,326,8,69.8,432.4,torch,native,torch:hipBLASLt,519.5,Cijk_Alik_Bljk_BBS_BH_Bias_HA_S_SAV_UserArgs_MT128x128x64_MI32x32x1_SN_LDSB0_AFC1_AFEM1_AFEM1_ASEM1_CLR1_CADS0_DTLA0_DTLB0_DTVA0_DTVB0_EPS0_FDSI0_GRPM1_GRVWA8_GRVWB8_GSU0_GSUAMB_GLS0_ISA950_IU1_K1_LDSTI0_LBSPPA256_LBSPPB256_LBSPPM0_LPA8_LPB8_LPM0_LRVW8_LWPMn1_MIAV1_MIWT2_2_MO40_NTn1_NTA0_NTB3_NTC1_NTD3_NTM0_NEPBS2_NLCA1_NLCB1_ONLL1_PGR2_PLR1_PKA1_SIA3_SS1_SPO0_SRVW0_SSO0_SVW2_SK3_SKFTR0_SKXCCM4_TLDS1_ULSGRO0_USL1_UIOFGRO0_USFGRO0_VSn1_VWA2_VWB2_WSGRA0_WSGRB0_WS64_WG64_4_1 | Cijk_SB_BiasS_HAS_ScaleAlphaVec_PostGSU8_VW4,128,128,False,in: other listed tile,<128
512,1536,7168,False,bfloat16,tuned,364,12,104.7,449.6,torch,native,torch:hipBLASLt,329.2,Cijk_Alik_Bljk_BBS_BH_Bias_HA_S_SAV_UserArgs_MT192x64x128_MI16x16x1_SN_LDSB1_AFC0_AFEM1_AFEM1_ASEM1_CLR1_CADS0_DTLA0_DTLB0_DTVA0_DTVB0_EPS0_FDSI0_GRPM1_GRVWA8_GRVWB8_GSU0_GSUAMB_GLS0_ISA950_IU1_K1_LDSTI0_LBSPPA512_LBSPPB512_LBSPPM0_LPA16_LPB16_LPM0_LRVW8_LWPMn1_MIAV0_MIWT6_2_MO40_NTn1_NTA0_NTB0_NTC0_NTD0_NTM0_NEPBS0_NLCA1_NLCB1_ONLL1_PGR2_PLR1_PKA1_SIA3_SS1_SPO0_SRVW0_SSO0_SVW2_SK3_SKFTR0_SKXCCM0_TLDS1_ULSGRO0_USL1_UIOFGRO0_USFGRO0_VSn1_VWA2_VWB2_WSGRA0_WSGRB0_WS64_WG32_8_1,192,64,False,in: non-pow2 tile,<128
512,2048,7168,False,bfloat16,tuned,387,16,138.9,588.7,torch,native,torch:hipBLASLt,324.0,Cijk_Alik_Bljk_BBS_BH_Bias_HA_S_SAV_UserArgs_MT128x128x128_MI32x32x1_SN_LDSB0_AFC1_AFEM1_AFEM1_ASEM1_CLR0_CADS0_DTLA0_DTLB0_DTVA0_DTVB0_EPS0_FDSI0_GRPM1_GRVWA8_GRVWB8_GSU0_GSUAMB_GLS0_ISA950_IU1_K1_LDSTI0_LBSPPA1024_LBSPPB256_LBSPPM0_LPA8_LPB8_LPM0_LRVW8_LWPMn1_MIAV0_MIWT4_1_MO40_NTn1_NTA3_NTB3_NTC7_NTD3_NTM0_NEPBS16_NLCA1_NLCB1_ONLL1_PGR2_PLR1_PKA1_SIA3_SS1_SPO1_SRVW0_SSO1_SVW4_SK3_SKFTR0_SKXCCM8_TLDS2_ULSGRO0_USL1_UIOFGRO0_USFGRO0_VSn1_VWA4_VWB1_WSGRA0_WSGRB0_WS64_WG32_8_1,128,128,False,in: other listed tile,<128
512,3584,7168,False,bfloat16,tuned,422,28,243.4,618.4,flydsl,flydsl_hgemm_abf16_wbf16_bf16_t96x96x64x5_ks1_w2x2x1_bias0_ktail0_gm0_pft_gfx950,flydsl:flydsl_hgemm_abf16_wbf16_bf16_t96x96x64x5_ks1_w2x2x1_bias0_ktail0_gm0_pft_gfx950,154.1,,96,96,False,in: non-pow2 tile,<128
512,6144,7168,False,bfloat16,tuned,443,48,413.9,839.0,flydsl,flydsl_hgemm_abf16_wbf16_bf16_t128x96x64x4_ks1_w2x2x1_bias0_ktail0_gm0_pft_gfx950,flydsl:flydsl_hgemm_abf16_wbf16_bf16_t128x96x64x4_ks1_w2x2x1_bias0_ktail0_gm0_pft_gfx950,102.7,,128,96,False,in: non-pow2 tile,<128
512,8192,7168,False,bfloat16,tuned,452,64,545.3,889.0,flydsl,flydsl_hgemm_abf16_wbf16_bf16_t256x64x128x2_ks1_w2x2x1_bias0_ktail0_gm0_pht_gfx950,flydsl:flydsl_hgemm_abf16_wbf16_bf16_t256x64x128x2_ks1_w2x2x1_bias0_ktail0_gm0_pht_gfx950,63.0,,256,64,False,in: other listed tile,<128
512,8448,7168,False,bfloat16,tuned,452,66,565.6,757.7,flydsl,flydsl_hgemm_abf16_wbf16_bf16_t128x128x64x2_ks1_w2x4x1_bias0_ktail0_gm4_pht_gfx950,flydsl:flydsl_hgemm_abf16_wbf16_bf16_t128x128x64x2_ks1_w2x4x1_bias0_ktail0_gm4_pht_gfx950,34.0,,128,128,False,in: other listed tile,<128
512,20480,7168,False,bfloat16,tuned,467,160,1127.0,1048.2,flydsl,flydsl_hgemm_abf16_wbf16_bf16_t256x256x64x2_ks1_w2x4x1_bias0_ktail0_gm0_pht_gfx950,gluon,0.0,,256,256,False,in: 256x256,128-255
768,1024,7168,False,bfloat16,tuned,414,12,105.1,446.5,torch,native,torch:hipBLASLt,325.0,Cijk_Alik_Bljk_BBS_BH_Bias_HA_S_SAV_UserArgs_MT256x96x64_MI16x16x1_SN_LDSB1_AFC0_AFEM1_AFEM1_ASEM1_CLR1_CADS0_DTLA0_DTLB0_DTVA0_DTVB0_EPS0_FDSI0_GRPM1_GRVWA8_GRVWB8_GSU0_GSUAMB_GLS0_ISA950_IU1_K1_LDSTI0_LBSPPA1024_LBSPPB128_LBSPPM0_LPA16_LPB16_LPM0_LRVW8_LWPMn1_MIAV0_MIWT8_3_MO40_NTn1_NTA0_NTB0_NTC0_NTD0_NTM0_NEPBS0_NLCA1_NLCB1_ONLL1_PGR2_PLR1_PKA1_SIA3_SS1_SPO0_SRVW0_SSO0_SVW8_SK3_SKFTR0_SKXCCM0_TLDS1_ULSGRO0_USL1_UIOFGRO0_USFGRO0_VSn1_VWA8_VWB1_WSGRA0_WSGRB0_WS64_WG32_8_1 | Cijk_SB_BiasS_HAS_ScaleAlphaVec_PostGSU8_VW4,256,96,False,in: non-pow2 tile,<128
768,2048,7168,False,bfloat16,tuned,518,24,209.0,618.1,flydsl,flydsl_hgemm_abf16_wbf16_bf16_t96x64x128x3_ks1_w2x2x2_bias0_ktail0_gm4_pft_gfx950,flydsl:flydsl_hgemm_abf16_wbf16_bf16_t96x64x128x3_ks1_w2x2x2_bias0_ktail0_gm4_pft_gfx950,195.8,,96,64,False,out: smaller tile,<128
1024,512,7168,False,bfloat16,tuned,326,8,70.0,379.4,flydsl,flydsl_hgemm_abf16_wbf16_bf16_t64x128x64x4_ks4_w2x4x1_bias0_ktail0_gm0_pft_gfx950,flydsl:flydsl_hgemm_abf16_wbf16_bf16_t64x128x64x4_ks4_w2x4x1_bias0_ktail0_gm0_pft_gfx950,441.8,,64,128,True,out: split-K,<128
1024,1024,7168,False,bfloat16,tuned,478,16,139.4,597.1,torch,native,torch:hipBLASLt,328.4,Cijk_Alik_Bljk_BBS_BH_Bias_HA_S_SAV_UserArgs_MT128x128x128_MI16x16x1_SN_LDSB0_AFC1_AFEM1_AFEM1_ASEM1_CLR0_CADS0_DTLA0_DTLB0_DTVA0_DTVB0_EPS0_FDSI0_GRPM1_GRVWA8_GRVWB8_GSU0_GSUAMB_GLS0_ISA950_IU1_K1_LDSTI0_LBSPPA1024_LBSPPB1024_LBSPPM0_LPA16_LPB16_LPM0_LRVW8_LWPMn1_MIAV0_MIWT4_4_MO40_NTn1_NTA3_NTB1_NTC5_NTD3_NTM0_NEPBS16_NLCA1_NLCB1_ONLL1_PGR2_PLR1_PKA1_SIA3_SS1_SPO1_SRVW0_SSO0_SVW4_SK3_SKFTR0_SKXCCM8_TLDS1_ULSGRO0_USL1_UIOFGRO0_USFGRO0_VSn1_VWA4_VWB4_WSGRA0_WSGRB0_WS64_WG32_8_1,128,128,False,in: other listed tile,<128
1024,1536,7168,False,bfloat16,tuned,566,24,209.2,639.6,flydsl,flydsl_hgemm_abf16_wbf16_bf16_t64x96x128x4_ks1_w2x2x2_bias0_ktail0_gm4_pft_gfx950,flydsl:flydsl_hgemm_abf16_wbf16_bf16_t64x96x128x4_ks1_w2x2x2_bias0_ktail0_gm4_pft_gfx950,205.7,,64,96,False,out: smaller tile,<128
1024,2048,7168,False,bfloat16,tuned,623,32,277.3,753.3,torch,native,torch:hipBLASLt,171.6,Cijk_Alik_Bljk_BBS_BH_Bias_HA_S_SAV_UserArgs_MT256x128x64_MI16x16x1_SN_LDSB0_AFC1_AFEM1_AFEM1_ASEM1_CLR0_CADS0_DTLA1_DTLB1_DTVA0_DTVB0_EPS0_FDSI0_GRPM1_GRVWA8_GRVWB8_GSU0_GSUAMB_GLS0_ISA950_IU1_K1_LDSTI0_LBSPPA1024_LBSPPB1024_LBSPPM0_LPA16_LPB16_LPM0_LRVW8_LWPMn1_MIAV0_MIWT4_8_MO40_NTn1_NTA2_NTB4_NTC5_NTD2_NTM0_NEPBS2_NLCA1_NLCB1_ONLL1_PGR2_PLR1_PKA1_SIA3_SS1_SPO1_SRVW0_SSO1_SVW4_SK3_SKFTR0_SKXCCM0_TLDS2_ULSGRO0_USL1_UIOFGRO0_USFGRO0_VSn1_VWA4_VWB8_WSGRA0_WSGRB0_WS64_WG64_4_1 | Cijk_SB_BiasS_HAS_ScaleAlphaVec_PostGSU4_VW4,256,128,False,in: other listed tile,<128
1024,3584,7168,False,bfloat16,tuned,717,56,480.5,887.3,flydsl,flydsl_hgemm_abf16_wbf16_bf16_t128x128x64x4_ks1_w4x2x1_bias0_ktail0_gm0_pft_gfx950,flydsl:flydsl_hgemm_abf16_wbf16_bf16_t128x128x64x4_ks1_w4x2x1_bias0_ktail0_gm0_pft_gfx950,84.7,,128,128,False,in: other listed tile,<128
1024,6144,7168,False,bfloat16,tuned,782,96,803.1,1058.3,torch,native,torch:hipBLASLt,31.8,Cijk_Alik_Bljk_BBS_BH_Bias_HA_S_SAV_UserArgs_MT192x256x64_MI16x16x1_SN_LDSB0_AFC0_AFEM1_AFEM1_ASEM1_CLR1_CADS0_DTLA0_DTLB0_DTVA0_DTVB0_EPS0_FDSI0_GRPM1_GRVWA8_GRVWB8_GSU0_GSUAMB_GLS0_ISA950_IU1_K1_LDSTI0_LBSPPA256_LBSPPB1024_LBSPPM0_LPA16_LPB16_LPM0_LRVW8_LWPMn1_MIAV0_MIWT6_8_MO40_NTn1_NTA0_NTB0_NTC0_NTD0_NTM0_NEPBS0_NLCA1_NLCB1_ONLL1_PGR2_PLR1_PKA1_SIA3_SS1_SPO0_SRVW0_SSO0_SVW2_SK3_SKFTR0_SKXCCM0_TLDS1_ULSGRO0_USL1_UIOFGRO0_USFGRO0_VSn1_VWA2_VWB8_WSGRA0_WSGRB0_WS64_WG32_8_1,192,256,False,in: non-pow2 tile,<128
1024,8192,7168,False,bfloat16,tuned,808,128,1020.1,1113.7,flydsl,flydsl_hgemm_abf16_wbf16_bf16_t256x128x64x3_ks1_w4x4x1_bias0_ktail0_gm0_pft_gfx950,flydsl:flydsl_hgemm_abf16_wbf16_bf16_t256x128x64x3_ks1_w4x4x1_bias0_ktail0_gm0_pft_gfx950,9.2,,256,128,False,in: other listed tile,128-255
1024,8448,7168,False,bfloat16,tuned,810,132,1094.7,1206.6,torch,native,torch:hipBLASLt,10.2,Cijk_Alik_Bljk_BBS_BH_Bias_HA_S_SAV_UserArgs_MT144x256x64_MI16x16x1_SN_LDSB0_AFC0_AFEM1_AFEM1_ASEM1_CLR1_CADS0_DTLA0_DTLB0_DTVA0_DTVB0_EPS0_FDSI0_GRPM1_GRVWA4_GRVWB8_GSU0_GSUAMB_GLS0_ISA950_IU1_K1_LDSTI0_LBSPPA128_LBSPPB512_LBSPPM0_LPA16_LPB16_LPM0_LRVW8_LWPMn1_MIAV0_MIWT9_4_MO40_NTn1_NTA0_NTB0_NTC0_NTD0_NTM0_NEPBS0_NLCA1_NLCB1_ONLL1_PGR2_PLR1_PKA1_SIA3_SS1_SPO0_SRVW0_SSO0_SVW1_SK3_SKFTR0_SKXCCM0_TLDS1_ULSGRO0_USL1_UIOFGRO0_USFGRO0_VSn1_VWA1_VWB4_WSGRA0_WSGRB0_WS64_WG16_16_1,144,256,False,in: non-pow2 tile,128-255
1024,20480,7168,False,bfloat16,tuned,858,320,1153.6,796.6,flydsl,flydsl_hgemm_abf16_wbf16_bf16_t128x128x64x4_ks1_w2x2x1_bias0_ktail0_gm0_pft_gfx950,gluon,0.0,,256,256,False,in: 256x256,256-511
1280,512,7168,False,bfloat16,tuned,348,10,87.4,407.8,torch,native,torch:hipBLASLt,366.3,Cijk_Alik_Bljk_BBS_BH_Bias_HA_S_SAV_UserArgs_MT256x80x64_MI16x16x1_SN_LDSB1_AFC0_AFEM1_AFEM1_ASEM1_CLR1_CADS0_DTLA0_DTLB0_DTVA0_DTVB0_EPS0_FDSI0_GRPM1_GRVWA8_GRVWB4_GSU0_GSUAMB_GLS0_ISA950_IU1_K1_LDSTI0_LBSPPA512_LBSPPB128_LBSPPM0_LPA16_LPB16_LPM0_LRVW8_LWPMn1_MIAV0_MIWT4_5_MO40_NTn1_NTA0_NTB0_NTC0_NTD0_NTM0_NEPBS0_NLCA1_NLCB1_ONLL1_PGR2_PLR1_PKA1_SIA3_SS1_SPO0_SRVW0_SSO0_SVW4_SK3_SKFTR0_SKXCCM0_TLDS1_ULSGRO0_USL1_UIOFGRO0_USFGRO0_VSn1_VWA4_VWB1_WSGRA0_WSGRB0_WS64_WG64_4_1 | Cijk_SB_BiasS_HAS_ScaleAlphaVec_PostGSU8_VW4,256,80,False,in: non-pow2 tile,<128
1280,1024,7168,False,bfloat16,tuned,527,20,173.5,599.1,torch,native,torch:hipBLASLt,245.3,Cijk_Alik_Bljk_BBS_BH_Bias_HA_S_SAV_UserArgs_MT256x80x128_MI16x16x1_SN_LDSB1_AFC0_AFEM1_AFEM1_ASEM1_CLR1_CADS0_DTLA0_DTLB0_DTVA0_DTVB0_EPS0_FDSI0_GRPM1_GRVWA8_GRVWB8_GSU0_GSUAMB_GLS0_ISA950_IU1_K1_LDSTI0_LBSPPA1024_LBSPPB256_LBSPPM0_LPA16_LPB16_LPM0_LRVW8_LWPMn1_MIAV0_MIWT4_5_MO40_NTn1_NTA0_NTB0_NTC0_NTD0_NTM0_NEPBS0_NLCA1_NLCB1_ONLL1_PGR2_PLR1_PKA1_SIA3_SS1_SPO0_SRVW0_SSO0_SVW4_SK3_SKFTR0_SKXCCM0_TLDS1_ULSGRO0_USL1_UIOFGRO0_USFGRO0_VSn1_VWA4_VWB1_WSGRA0_WSGRB0_WS64_WG64_4_1,256,80,False,in: non-pow2 tile,<128
1280,2048,7168,False,bfloat16,tuned,710,40,345.5,853.3,torch,native,torch:hipBLASLt,146.9,Cijk_Alik_Bljk_BBS_BH_Bias_HA_S_SAV_UserArgs_MT128x160x128_MI16x16x1_SN_LDSB1_AFC0_AFEM1_AFEM1_ASEM1_CLR1_CADS0_DTLA0_DTLB0_DTVA0_DTVB0_EPS0_FDSI0_GRPM1_GRVWA8_GRVWB8_GSU0_GSUAMB_GLS0_ISA950_IU1_K1_LDSTI0_LBSPPA1024_LBSPPB256_LBSPPM0_LPA16_LPB16_LPM0_LRVW8_LWPMn1_MIAV0_MIWT4_5_MO40_NTn1_NTA0_NTB0_NTC0_NTD0_NTM0_NEPBS0_NLCA1_NLCB1_ONLL1_PGR2_PLR1_PKA1_SIA3_SS1_SPO0_SRVW0_SSO0_SVW4_SK3_SKFTR0_SKXCCM0_TLDS1_ULSGRO0_USL1_UIOFGRO0_USFGRO0_VSn1_VWA4_VWB1_WSGRA0_WSGRB0_WS64_WG32_8_1,128,160,False,in: non-pow2 tile,<128
1536,512,7168,False,bfloat16,tuned,364,12,104.9,452.2,torch,native,torch:hipBLASLt,331.0,Cijk_Alik_Bljk_BBS_BH_Bias_HA_S_SAV_UserArgs_MT256x96x64_MI16x16x1_SN_LDSB1_AFC0_AFEM1_AFEM1_ASEM1_CLR1_CADS0_DTLA0_DTLB0_DTVA0_DTVB0_EPS0_FDSI0_GRPM1_GRVWA8_GRVWB8_GSU0_GSUAMB_GLS0_ISA950_IU1_K1_LDSTI0_LBSPPA1024_LBSPPB128_LBSPPM0_LPA16_LPB16_LPM0_LRVW8_LWPMn1_MIAV0_MIWT8_3_MO40_NTn1_NTA0_NTB0_NTC0_NTD0_NTM0_NEPBS0_NLCA1_NLCB1_ONLL1_PGR2_PLR1_PKA1_SIA3_SS1_SPO0_SRVW0_SSO0_SVW8_SK3_SKFTR0_SKXCCM0_TLDS1_ULSGRO0_USL1_UIOFGRO0_USFGRO0_VSn1_VWA8_VWB1_WSGRA0_WSGRB0_WS64_WG32_8_1 | Cijk_SB_BiasS_HAS_ScaleAlphaVec_PostGSU8_VW4,256,96,False,in: non-pow2 tile,<128
1536,1024,7168,False,bfloat16,tuned,566,24,208.4,770.1,torch,native,torch:hipBLASLt,269.5,Cijk_Alik_Bljk_BBS_BH_Bias_HA_S_SAV_UserArgs_MT128x96x128_MI16x16x1_SN_LDSB0_AFC1_AFEM1_AFEM1_ASEM1_CLR0_CADS0_DTLA0_DTLB0_DTVA0_DTVB0_EPS0_FDSI0_GRPM1_GRVWA8_GRVWB8_GSU0_GSUAMB_GLS0_ISA950_IU1_K1_LDSTI0_LBSPPA1024_LBSPPB256_LBSPPM0_LPA16_LPB16_LPM0_LRVW8_LWPMn1_MIAV0_MIWT4_3_MO40_NTn1_NTA3_NTB3_NTC6_NTD1_NTM0_NEPBS16_NLCA1_NLCB1_ONLL1_PGR2_PLR1_PKA1_SIA3_SS1_SPO1_SRVW0_SSO0_SVW4_SK3_SKFTR0_SKXCCM0_TLDS2_ULSGRO0_USL1_UIOFGRO0_USFGRO0_VSn1_VWA4_VWB1_WSGRA0_WSGRB0_WS64_WG32_8_1,128,96,False,in: non-pow2 tile,<128
1536,2048,7168,False,bfloat16,tuned,782,48,413.4,965.2,torch,native,torch:hipBLASLt,133.5,Cijk_Alik_Bljk_BBS_BH_Bias_HA_S_SAV_UserArgs_MT128x192x64_MI16x16x1_SN_LDSB0_AFC1_AFEM1_AFEM1_ASEM1_CLR0_CADS0_DTLA0_DTLB0_DTVA0_DTVB0_EPS0_FDSI0_GRPM1_GRVWA8_GRVWB8_GSU0_GSUAMB_GLS0_ISA950_IU1_K1_LDSTI0_LBSPPA512_LBSPPB256_LBSPPM0_LPA16_LPB16_LPM0_LRVW8_LWPMn1_MIAV0_MIWT4_6_MO40_NTn1_NTA3_NTB0_NTC6_NTD2_NTM0_NEPBS0_NLCA1_NLCB1_ONLL1_PGR2_PLR1_PKA1_SIA3_SS1_SPO0_SRVW0_SSO0_SVW4_SK3_SKFTR0_SKXCCM0_TLDS1_ULSGRO0_USL1_UIOFGRO0_USFGRO0_VSn1_VWA4_VWB2_WSGRA0_WSGRB0_WS64_WG32_8_1,128,192,False,in: non-pow2 tile,<128
1792,512,7168,False,bfloat16,tuned,377,14,122.2,488.0,torch,native,torch:hipBLASLt,299.5,Cijk_Alik_Bljk_BBS_BH_Bias_HA_S_SAV_UserArgs_MT256x112x64_MI16x16x1_SN_LDSB1_AFC0_AFEM1_AFEM1_ASEM1_CLR1_CADS0_DTLA0_DTLB0_DTVA0_DTVB0_EPS0_FDSI0_GRPM1_GRVWA8_GRVWB4_GSU0_GSUAMB_GLS0_ISA950_IU1_K1_LDSTI0_LBSPPA512_LBSPPB128_LBSPPM0_LPA16_LPB16_LPM0_LRVW8_LWPMn1_MIAV0_MIWT4_7_MO40_NTn1_NTA0_NTB0_NTC0_NTD0_NTM0_NEPBS0_NLCA1_NLCB1_ONLL1_PGR2_PLR1_PKA1_SIA3_SS1_SPO0_SRVW0_SSO0_SVW4_SK3_SKFTR0_SKXCCM0_TLDS1_ULSGRO0_USL1_UIOFGRO0_USFGRO0_VSn1_VWA4_VWB1_WSGRA0_WSGRB0_WS64_WG64_4_1 | Cijk_SB_BiasS_HAS_ScaleAlphaVec_PostGSU8_VW4,256,112,False,in: non-pow2 tile,<128
1792,1024,7168,False,bfloat16,tuned,597,28,243.4,637.8,flydsl,flydsl_hgemm_abf16_wbf16_bf16_t64x64x64x4_ks1_w2x1x1_bias0_ktail0_gm4_pft_gfx950,flydsl:flydsl_hgemm_abf16_wbf16_bf16_t64x64x64x4_ks1_w2x1x1_bias0_ktail0_gm4_pft_gfx950,162.1,,64,64,False,out: smaller tile,<128
1792,2048,7168,False,bfloat16,tuned,843,56,480.1,923.0,flydsl,flydsl_hgemm_abf16_wbf16_bf16_t128x128x128x2_ks1_w2x4x1_bias0_ktail0_gm0_pht_gfx950,flydsl:flydsl_hgemm_abf16_wbf16_bf16_t128x128x128x2_ks1_w2x4x1_bias0_ktail0_gm0_pht_gfx950,92.2,,128,128,False,in: other listed tile,<128
2048,512,7168,False,bfloat16,tuned,387,16,138.9,570.5,torch,native,torch:hipBLASLt,310.6,Cijk_Alik_Bljk_BBS_BH_Bias_HA_S_SAV_UserArgs_MT128x128x64_MI16x16x1_SN_LDSB0_AFC0_AFEM1_AFEM1_ASEM1_CLR0_CADS0_DTLA1_DTLB1_DTVA0_DTVB0_EPS0_FDSI0_GRPM1_GRVWA8_GRVWB8_GSU0_GSUAMB_GLS0_ISA950_IU1_K1_LDSTI0_LBSPPA1024_LBSPPB1024_LBSPPM0_LPA16_LPB16_LPM0_LRVW8_LWPMn1_MIAV0_MIWT4_4_MO40_NTn1_NTA0_NTB0_NTC4_NTD0_NTM0_NEPBS2_NLCA1_NLCB1_ONLL1_PGR2_PLR1_PKA1_SIA3_SS1_SPO1_SRVW0_SSO0_SVW4_SK3_SKFTR0_SKXCCM0_TLDS1_ULSGRO0_USL1_UIOFGRO0_USFGRO1_VSn1_VWA4_VWB4_WSGRA0_WSGRB0_WS64_WG32_8_1 | Cijk_SB_BiasS_HAS_ScaleAlphaVec_PostGSU4_VW4,128,128,False,in: other listed tile,<128
2048,1024,7168,False,bfloat16,tuned,623,32,276.7,827.4,torch,native,torch:hipBLASLt,199.0,Cijk_Alik_Bljk_BBS_BH_Bias_HA_S_SAV_UserArgs_MT128x128x128_MI32x32x1_SN_LDSB0_AFC0_AFEM1_AFEM1_ASEM1_CLR1_CADS0_DTLA0_DTLB0_DTVA0_DTVB0_EPS0_FDSI0_GRPM1_GRVWA8_GRVWB8_GSU0_GSUAMB_GLS0_ISA950_IU1_K1_LDSTI0_LBSPPA1024_LBSPPB256_LBSPPM0_LPA8_LPB8_LPM0_LRVW8_LWPMn1_MIAV0_MIWT4_1_MO40_NTn1_NTA0_NTB0_NTC0_NTD0_NTM0_NEPBS16_NLCA1_NLCB1_ONLL1_PGR2_PLR1_PKA1_SIA3_SS1_SPO1_SRVW0_SSO0_SVW4_SK3_SKFTR0_SKXCCM8_TLDS1_ULSGRO0_USL1_UIOFGRO0_USFGRO0_VSn1_VWA4_VWB1_WSGRA0_WSGRB0_WS64_WG32_8_1,128,128,False,in: other listed tile,<128
2048,2048,7168,False,bfloat16,tuned,896,64,543.8,1006.0,flydsl,flydsl_hgemm_abf16_wbf16_bf16_t128x128x128x2_ks1_w2x4x1_bias0_ktail0_gm4_pht_gfx950,flydsl:flydsl_hgemm_abf16_wbf16_bf16_t128x128x128x2_ks1_w2x4x1_bias0_ktail0_gm4_pht_gfx950,85.0,,128,128,False,in: other listed tile,<128
2048,3584,7168,False,bfloat16,tuned,1103,112,940.7,1245.2,opus,opus_gemm_mono_tile_512x128x256x64_2x4_16x16x32_0x0x0_nooob,opus:opus_gemm_mono_tile_512x128x256x64_2x4_16x16x32_0x0x0_nooob,32.4,,128,256,False,in: other listed tile,<128
2048,8192,7168,False,bfloat16,tuned,1334,256,1611.0,1599.4,asm,_ZN5aiter24bf16gemm_bf16_tn_256x256E,gluon,0.0,,256,256,False,in: 256x256,256-511
2048,20480,7168,False,bfloat16,tuned,1478,640,1425.8,833.1,flydsl,flydsl_hgemm_abf16_wbf16_bf16_t64x256x64x2_ks1_w2x4x1_bias0_ktail0_gm4_pft_gfx950,gluon,0.0,,256,256,False,in: 256x256,>=512
4096,512,7168,False,bfloat16,tuned,428,32,277.8,723.6,flydsl,flydsl_hgemm_abf16_wbf16_bf16_t64x128x128x3_ks1_w2x2x2_bias0_ktail0_gm4_pft_gfx950,flydsl:flydsl_hgemm_abf16_wbf16_bf16_t64x128x128x3_ks1_w2x2x2_bias0_ktail0_gm4_pft_gfx950,160.5,,64,128,False,in: other listed tile,<128
4096,1024,7168,False,bfloat16,tuned,735,64,543.2,976.3,torch,native,torch:hipBLASLt,79.7,Cijk_Alik_Bljk_BBS_BH_Bias_HA_S_SAV_UserArgs_MT256x128x64_MI16x16x1_SN_LDSB0_AFC1_AFEM1_AFEM1_ASEM1_CLR0_CADS0_DTLA1_DTLB1_DTVA0_DTVB0_EPS0_FDSI0_GRPM1_GRVWA8_GRVWB8_GSU0_GSUAMB_GLS0_ISA950_IU1_K1_LDSTI0_LBSPPA1024_LBSPPB1024_LBSPPM0_LPA16_LPB16_LPM0_LRVW8_LWPMn1_MIAV0_MIWT4_8_MO40_NTn1_NTA2_NTB7_NTC4_NTD7_NTM0_NEPBS16_NLCA1_NLCB1_ONLL1_PGR2_PLR1_PKA1_SIA3_SS1_SPO0_SRVW0_SSO0_SVW4_SK3_SKFTR0_SKXCCM0_TLDS1_ULSGRO0_USL1_UIOFGRO0_USFGRO0_VSn1_VWA4_VWB8_WSGRA0_WSGRB0_WS64_WG64_4_1,256,128,False,in: other listed tile,<128
4096,2048,7168,False,bfloat16,tuned,1147,128,1028.4,1332.2,torch,native,torch:hipBLASLt,29.5,Cijk_Alik_Bljk_BBS_BH_Bias_HA_S_SAV_UserArgs_MT256x128x64_MI16x16x1_SN_LDSB0_AFC1_AFEM1_AFEM1_ASEM1_CLR1_CADS0_DTLA1_DTLB1_DTVA0_DTVB0_EPS0_FDSI0_GRPM1_GRVWA8_GRVWB8_GSU0_GSUAMB_GLS0_ISA950_IU1_K1_LDSTI0_LBSPPA1024_LBSPPB1024_LBSPPM0_LPA16_LPB16_LPM0_LRVW8_LWPMn1_MIAV0_MIWT8_4_MO40_NTn1_NTA1_NTB0_NTC6_NTD3_NTM0_NEPBS16_NLCA1_NLCB1_ONLL1_PGR2_PLR1_PKA1_SIA3_SS1_SPO1_SRVW0_SSO1_SVW8_SK3_SKFTR0_SKXCCM4_TLDS2_ULSGRO0_USL1_UIOFGRO0_USFGRO0_VSn1_VWA8_VWB4_WSGRA0_WSGRB0_WS64_WG32_8_1,256,128,False,in: other listed tile,128-255
4096,3584,7168,False,bfloat16,tuned,1509,224,1504.5,1429.0,flydsl,flydsl_hgemm_abf16_wbf16_bf16_t256x256x64x2_ks1_w2x4x1_bias0_ktail0_gm0_pht_gfx950,gluon,0.0,,256,256,False,in: 256x256,128-255
4096,8192,7168,False,bfloat16,tuned,1977,512,1634.3,1586.0,flydsl,flydsl_hgemm_abf16_wbf16_bf16_t256x256x64x2_ks1_w2x4x1_bias0_ktail0_gm4_pht_gfx950,gluon,0.0,,256,256,False,in: 256x256,>=512
4096,20480,7168,False,bfloat16,tuned,2312,1280,1602.7,1557.7,flydsl,flydsl_hgemm_abf16_wbf16_bf16_t256x256x64x2_ks1_w2x4x1_bias0_ktail0_gm4_pht_gfx950,gluon,0.0,,256,256,False,in: 256x256,>=512
6144,512,7168,False,bfloat16,tuned,443,48,415.0,815.8,flydsl,flydsl_hgemm_abf16_wbf16_bf16_t96x128x64x4_ks1_w2x2x1_bias0_ktail0_gm4_pft_gfx950,flydsl:flydsl_hgemm_abf16_wbf16_bf16_t96x128x64x4_ks1_w2x2x1_bias0_ktail0_gm4_pft_gfx950,96.6,,96,128,False,in: non-pow2 tile,<128
6144,1024,7168,False,bfloat16,tuned,782,96,805.0,1235.9,opus,opus_gemm_mono_tile_512x192x128x64_2x4_16x16x32_0x0x0_nooob_4g_safe,opus:opus_gemm_mono_tile_512x192x128x64_2x4_16x16x32_0x0x0_nooob_4g_safe,53.5,,192,128,False,in: non-pow2 tile,<128
6144,2048,7168,False,bfloat16,tuned,1265,192,1400.4,1518.3,opus,opus_gemm_mono_tile_512x192x256x64_2x4_16x16x32_0x0x0_nooob_4g_safe,opus:opus_gemm_mono_tile_512x192x256x64_2x4_16x16x32_0x0x0_nooob_4g_safe,8.4,,192,256,False,in: non-pow2 tile,128-255
8192,512,7168,False,bfloat16,tuned,452,64,545.3,991.4,flydsl,flydsl_hgemm_abf16_wbf16_bf16_t128x128x64x4_ks1_w4x4x1_bias0_ktail0_gm4_pft_gfx950,flydsl:flydsl_hgemm_abf16_wbf16_bf16_t128x128x64x4_ks1_w4x4x1_bias0_ktail0_gm4_pft_gfx950,81.8,,128,128,False,in: other listed tile,<128
8192,1024,7168,False,bfloat16,tuned,808,128,1056.7,1179.8,torch,native,torch:hipBLASLt,11.6,Cijk_Alik_Bljk_BBS_BH_Bias_HA_S_SAV_UserArgs_MT256x128x64_MI32x32x1_SN_LDSB0_AFC1_AFEM1_AFEM1_ASEM1_CLR1_CADS0_DTLA0_DTLB0_DTVA0_DTVB0_EPS0_FDSI0_GRPM1_GRVWA8_GRVWB8_GSU0_GSUAMB_GLS0_ISA950_IU1_K1_LDSTI0_LBSPPA256_LBSPPB512_LBSPPM0_LPA8_LPB8_LPM0_LRVW8_LWPMn1_MIAV0_MIWT2_4_MO40_NTn1_NTA0_NTB6_NTC4_NTD2_NTM0_NEPBS0_NLCA1_NLCB1_ONLL1_PGR2_PLR1_PKA1_SIA3_SS1_SPO1_SRVW0_SSO0_SVW2_SK3_SKFTR0_SKXCCM4_TLDS1_ULSGRO0_USL1_UIOFGRO0_USFGRO0_VSn1_VWA2_VWB4_WSGRA0_WSGRB0_WS64_WG128_2_1,256,128,False,in: other listed tile,128-255
8192,2048,7168,False,bfloat16,tuned,1334,256,1612.9,1483.9,torch,native,gluon,0.0,,256,256,False,in: 256x256,256-511
8192,3584,7168,False,bfloat16,tuned,1850,448,1518.2,1490.0,flydsl,flydsl_hgemm_abf16_wbf16_bf16_t256x256x64x2_ks1_w2x4x1_bias0_ktail0_gm4_pht_gfx950,gluon,0.0,,256,256,False,in: 256x256,256-511
8192,8192,7168,False,bfloat16,tuned,2607,1024,1611.7,1570.8,flydsl,flydsl_hgemm_abf16_wbf16_bf16_t256x256x64x2_ks1_w2x4x1_bias0_ktail0_gm4_pht_gfx950,gluon,0.0,,256,256,False,in: 256x256,>=512
8192,20480,7168,False,bfloat16,tuned,3222,2560,1619.5,1579.3,asm,_ZN5aiter24bf16gemm_bf16_tn_256x256E,gluon,0.0,,256,256,False,in: 256x256,>=512
10240,512,7168,False,bfloat16,tuned,457,80,672.8,843.6,torch,native,torch:hipBLASLt,25.4,Cijk_Alik_Bljk_BBS_BH_Bias_HA_S_SAV_UserArgs_MT256x160x64_MI16x16x1_SN_LDSB0_AFC0_AFEM1_AFEM1_ASEM1_CLR1_CADS0_DTLA0_DTLB0_DTVA0_DTVB0_EPS0_FDSI0_GRPM1_GRVWA8_GRVWB8_GSU0_GSUAMB_GLS0_ISA950_IU1_K1_LDSTI0_LBSPPA1024_LBSPPB128_LBSPPM0_LPA16_LPB16_LPM0_LRVW8_LWPMn1_MIAV0_MIWT8_5_MO40_NTn1_NTA0_NTB4_NTC0_NTD0_NTM0_NEPBS0_NLCA1_NLCB1_ONLL1_PGR2_PLR1_PKA1_SIA3_SS1_SPO0_SRVW0_SSO0_SVW8_SK3_SKFTR0_SKXCCM8_TLDS1_ULSGRO0_USL1_UIOFGRO0_USFGRO0_VSn1_VWA8_VWB1_WSGRA0_WSGRB0_WS64_WG32_8_1,256,160,False,in: non-pow2 tile,<128
10240,1024,7168,False,bfloat16,tuned,824,160,1257.7,1339.7,torch,native,torch:hipBLASLt,6.5,Cijk_Alik_Bljk_BBS_BH_Bias_HA_S_SAV_UserArgs_MT256x160x64_MI16x16x1_SN_LDSB0_AFC0_AFEM1_AFEM1_ASEM1_CLR1_CADS0_DTLA0_DTLB0_DTVA0_DTVB0_EPS0_FDSI0_GRPM1_GRVWA8_GRVWB8_GSU0_GSUAMB_GLS0_ISA950_IU1_K1_LDSTI0_LBSPPA1024_LBSPPB128_LBSPPM0_LPA16_LPB16_LPM0_LRVW8_LWPMn1_MIAV0_MIWT8_5_MO40_NTn1_NTA0_NTB0_NTC0_NTD0_NTM0_NEPBS0_NLCA1_NLCB1_ONLL1_PGR2_PLR1_PKA1_SIA3_SS1_SPO0_SRVW0_SSO0_SVW8_SK3_SKFTR0_SKXCCM0_TLDS1_ULSGRO0_USL1_UIOFGRO0_USFGRO0_VSn1_VWA8_VWB1_WSGRA0_WSGRB0_WS64_WG32_8_1,256,160,False,in: non-pow2 tile,128-255
10240,2048,7168,False,bfloat16,tuned,1378,320,1231.3,1350.8,torch,native,torch:hipBLASLt,9.7,Cijk_Alik_Bljk_BBS_BH_Bias_HA_S_SAV_UserArgs_MT256x160x64_MI16x16x1_SN_LDSB0_AFC0_AFEM1_AFEM1_ASEM1_CLR1_CADS0_DTLA0_DTLB0_DTVA0_DTVB0_EPS0_FDSI0_GRPM1_GRVWA8_GRVWB8_GSU0_GSUAMB_GLS0_ISA950_IU1_K1_LDSTI0_LBSPPA1024_LBSPPB128_LBSPPM0_LPA16_LPB16_LPM0_LRVW8_LWPMn1_MIAV0_MIWT8_5_MO40_NTn1_NTA0_NTB0_NTC0_NTD0_NTM0_NEPBS0_NLCA1_NLCB1_ONLL1_PGR2_PLR1_PKA1_SIA3_SS1_SPO0_SRVW0_SSO0_SVW8_SK3_SKFTR0_SKXCCM0_TLDS1_ULSGRO0_USL1_UIOFGRO0_USFGRO0_VSn1_VWA8_VWB1_WSGRA0_WSGRB0_WS64_WG32_8_1,256,160,False,in: non-pow2 tile,256-511
10240,8448,7168,False,bfloat16,tuned,2813,1320,1439.6,1457.7,asm,_ZN5aiter24bf16gemm_bf16_tn_256x256E,asm:_ZN5aiter24bf16gemm_bf16_tn_256x256E,1.3,,256,256,False,in: 256x256,>=512
10240,20480,7168,False,bfloat16,tuned,3497,3200,1507.9,1542.5,asm,_ZN5aiter24bf16gemm_bf16_tn_256x256E,asm:_ZN5aiter24bf16gemm_bf16_tn_256x256E,2.3,,256,256,False,in: 256x256,>=512
12288,512,7168,False,bfloat16,tuned,460,96,799.2,1215.5,opus,opus_gemm_mono_tile_512x192x128x64_2x4_16x16x32_0x0x0_nooob_4g_safe,opus:opus_gemm_mono_tile_512x192x128x64_2x4_16x16x32_0x0x0_nooob_4g_safe,52.1,,192,128,False,in: non-pow2 tile,<128
12288,1024,7168,False,bfloat16,tuned,835,192,1398.0,1515.9,opus,opus_gemm_mono_tile_512x192x256x64_2x4_16x16x32_0x0x0_nooob,opus:opus_gemm_mono_tile_512x192x256x64_2x4_16x16x32_0x0x0_nooob,8.4,,192,256,False,in: non-pow2 tile,128-255
12288,2048,7168,False,bfloat16,tuned,1410,384,1415.9,1519.3,opus,opus_gemm_mono_tile_512x192x256x64_2x4_16x16x32_0x0x0_nooob_4g_safe,opus:opus_gemm_mono_tile_512x192x256x64_2x4_16x16x32_0x0x0_nooob_4g_safe,7.3,,192,256,False,in: non-pow2 tile,256-511
14336,512,7168,False,bfloat16,tuned,462,112,919.5,1276.2,opus,opus_gemm_mono_tile_512x128x256x64_2x4_16x16x32_0x0x0_nooob,opus:opus_gemm_mono_tile_512x128x256x64_2x4_16x16x32_0x0x0_nooob,38.8,,128,256,False,in: other listed tile,<128
14336,1024,7168,False,bfloat16,tuned,843,224,1450.1,1424.8,torch,native,gluon,0.0,,256,256,False,in: 256x256,128-255
14336,2048,7168,False,bfloat16,tuned,1434,448,1475.5,1445.3,flydsl,flydsl_hgemm_abf16_wbf16_bf16_t256x256x64x2_ks1_w2x4x1_bias0_ktail0_gm4_pht_gfx950,gluon,0.0,,256,256,False,in: 256x256,256-511
16384,512,7168,False,bfloat16,tuned,464,128,1024.8,1363.9,opus,opus_gemm_mono_tile_512x128x256x64_2x4_16x16x32_0x0x0_nooob,opus:opus_gemm_mono_tile_512x128x256x64_2x4_16x16x32_0x0x0_nooob,33.1,,128,256,False,in: other listed tile,128-255
16384,1024,7168,False,bfloat16,tuned,850,256,1560.4,1572.2,torch,native,torch:hipBLASLt,0.8,Cijk_Alik_Bljk_BBS_BH_Bias_HA_S_SAV_UserArgs_MT256x256x64_MI16x16x1_CMS_SN_LDSB0_AFC0_AFEM1_AFEM1_ASEM1_CLR1_CADS0_DTLA1_DTLB1_DTVA0_DTVB0_EPS0_FDSI0_GRPM1_GRVWA8_GRVWB8_GSU0_GSUAMB_GLS0_ISA950_IU1_K1_LDSTI0_LBSPPA1024_LBSPPB1024_LBSPPM0_LPA16_LPB16_LPM0_LRVW8_LWPMn1_MIAV0_MIWT8_8_MO40_NTn1_NTA0_NTB0_NTC0_NTD4_NTM0_NEPBS0_NLCA1_NLCB1_ONLL1_PGR2_PLR1_PKA1_SIA3_SS1_SPO0_SRVW0_SSO0_SVW8_SK3_SKFTR0_SKXCCM0_TLDS1_ULSGRO0_USL1_UIOFGRO0_USFGRO0_VSn1_VWA8_VWB8_WSGRA0_WSGRB0_WS64_WG32_8_1,256,256,False,in: 256x256,256-511
16384,2048,7168,False,bfloat16,tuned,1452,512,1545.1,1590.4,torch,native,torch:hipBLASLt,2.9,Cijk_Alik_Bljk_BBS_BH_Bias_HA_S_SAV_UserArgs_MT256x256x64_MI16x16x1_CMS_SN_LDSB0_AFC0_AFEM1_AFEM1_ASEM1_CLR1_CADS0_DTLA1_DTLB1_DTVA0_DTVB0_EPS0_FDSI0_GRPM1_GRVWA8_GRVWB8_GSU0_GSUAMB_GLS0_ISA950_IU1_K1_LDSTI0_LBSPPA1024_LBSPPB1024_LBSPPM0_LPA16_LPB16_LPM0_LRVW8_LWPMn1_MIAV0_MIWT8_8_MO40_NTn1_NTA0_NTB0_NTC0_NTD4_NTM0_NEPBS0_NLCA1_NLCB1_ONLL1_PGR2_PLR1_PKA1_SIA3_SS1_SPO0_SRVW0_SSO0_SVW8_SK3_SKFTR0_SKXCCM0_TLDS1_ULSGRO0_USL1_UIOFGRO0_USFGRO0_VSn1_VWA8_VWB8_WSGRA0_WSGRB0_WS64_WG32_8_1,256,256,False,in: 256x256,>=512
16384,3584,7168,False,bfloat16,tuned,2085,896,1463.8,1425.5,flydsl,flydsl_hgemm_abf16_wbf16_bf16_t256x256x64x2_ks1_w2x4x1_bias0_ktail0_gm4_pht_gfx950,gluon,0.0,,256,256,False,in: 256x256,>=512
16384,8192,7168,False,bfloat16,tuned,3100,2048,1586.2,1592.4,torch,native,torch:hipBLASLt,0.4,Cijk_Alik_Bljk_BBS_BH_Bias_HA_S_SAV_UserArgs_MT256x256x64_MI16x16x1_CMS_SN_LDSB0_AFC0_AFEM1_AFEM1_ASEM1_CLR1_CADS0_DTLA1_DTLB1_DTVA0_DTVB0_EPS0_FDSI0_GRPM1_GRVWA8_GRVWB8_GSU0_GSUAMB_GLS0_ISA950_IU1_K1_LDSTI0_LBSPPA1024_LBSPPB1024_LBSPPM0_LPA16_LPB16_LPM0_LRVW8_LWPMn1_MIAV0_MIWT8_8_MO40_NTn1_NTA0_NTB0_NTC0_NTD4_NTM0_NEPBS0_NLCA1_NLCB1_ONLL1_PGR2_PLR1_PKA1_SIA3_SS1_SPO0_SRVW0_SSO0_SVW8_SK3_SKFTR0_SKXCCM0_TLDS1_ULSGRO0_USL1_UIOFGRO0_USFGRO0_VSn1_VWA8_VWB8_WSGRA0_WSGRB0_WS64_WG32_8_1,256,256,False,in: 256x256,>=512
16384,20480,7168,False,bfloat16,tuned,4010,5120,1609.2,1567.4,flydsl,flydsl_hgemm_abf16_wbf16_bf16_t256x256x64x2_ks1_w2x4x1_bias0_ktail0_gm4_pht_gfx950,gluon,0.0,,256,256,False,in: 256x256,>=512
32768,512,7168,False,bfloat16,tuned,471,256,1391.4,1386.7,torch,native,gluon,0.0,,256,256,False,in: 256x256,256-511
32768,1024,7168,False,bfloat16,tuned,872,512,1522.9,1486.7,torch,native,gluon,0.0,,256,256,False,in: 256x256,>=512
32768,2048,7168,False,bfloat16,tuned,1519,1024,1550.2,1538.4,torch,native,gluon,0.0,,256,256,False,in: 256x256,>=512
32768,3584,7168,False,bfloat16,tuned,2227,1792,1557.5,1558.1,torch,native,torch:hipBLASLt,0.0,Cijk_Alik_Bljk_BBS_BH_Bias_HA_S_SAV_UserArgs_MT256x256x64_MI16x16x1_CMS_SN_LDSB0_AFC0_AFEM1_AFEM1_ASEM1_CLR1_CADS0_DTLA1_DTLB1_DTVA0_DTVB0_EPS0_FDSI0_GRPM1_GRVWA8_GRVWB8_GSU0_GSUAMB_GLS0_ISA950_IU1_K1_LDSTI0_LBSPPA1024_LBSPPB1024_LBSPPM0_LPA16_LPB16_LPM0_LRVW8_LWPMn1_MIAV0_MIWT8_8_MO40_NTn1_NTA0_NTB0_NTC0_NTD4_NTM0_NEPBS0_NLCA1_NLCB1_ONLL1_PGR2_PLR1_PKA1_SIA3_SS1_SPO0_SRVW0_SSO0_SVW8_SK3_SKFTR0_SKXCCM0_TLDS1_ULSGRO0_USL1_UIOFGRO0_USFGRO0_VSn1_VWA8_VWB8_WSGRA0_WSGRB0_WS64_WG32_8_1,256,256,False,in: 256x256,>=512
32768,8192,7168,False,bfloat16,tuned,3424,4096,1591.9,1593.2,torch,native,torch:hipBLASLt,0.1,Cijk_Alik_Bljk_BBS_BH_Bias_HA_S_SAV_UserArgs_MT256x256x64_MI16x16x1_CMS_SN_LDSB0_AFC0_AFEM1_AFEM1_ASEM1_CLR1_CADS0_DTLA1_DTLB1_DTVA0_DTVB0_EPS0_FDSI0_GRPM1_GRVWA8_GRVWB8_GSU0_GSUAMB_GLS0_ISA950_IU1_K1_LDSTI0_LBSPPA1024_LBSPPB1024_LBSPPM0_LPA16_LPB16_LPM0_LRVW8_LWPMn1_MIAV0_MIWT8_8_MO40_NTn1_NTA0_NTB0_NTC0_NTD4_NTM0_NEPBS0_NLCA1_NLCB1_ONLL1_PGR2_PLR1_PKA1_SIA3_SS1_SPO0_SRVW0_SSO0_SVW8_SK3_SKFTR0_SKXCCM0_TLDS1_ULSGRO0_USL1_UIOFGRO0_USFGRO0_VSn1_VWA8_VWB8_WSGRA0_WSGRB0_WS64_WG32_8_1,256,256,False,in: 256x256,>=512
32768,20480,7168,False,bfloat16,tuned,4569,10240,1606.6,1585.4,asm,_ZN5aiter24bf16gemm_bf16_tn_256x256E,gluon,0.0,,256,256,False,in: 256x256,>=512
512,1280,8192,False,bfloat16,tuned,350,10,88.3,467.8,torch,native,torch:hipBLASLt,429.7,Cijk_Alik_Bljk_BBS_BH_Bias_HA_S_SAV_UserArgs_MT160x64x128_MI16x16x1_SN_LDSB1_AFC0_AFEM1_AFEM1_ASEM1_CLR1_CADS0_DTLA0_DTLB0_DTVA0_DTVB0_EPS0_FDSI0_GRPM1_GRVWA8_GRVWB8_GSU0_GSUAMB_GLS0_ISA950_IU1_K1_LDSTI0_LBSPPA256_LBSPPB512_LBSPPM0_LPA16_LPB16_LPM0_LRVW8_LWPMn1_MIAV0_MIWT5_2_MO40_NTn1_NTA0_NTB0_NTC0_NTD0_NTM0_NEPBS0_NLCA1_NLCB1_ONLL1_PGR2_PLR1_PKA1_SIA3_SS1_SPO0_SRVW0_SSO0_SVW1_SK3_SKFTR0_SKXCCM0_TLDS1_ULSGRO0_USL1_UIOFGRO0_USFGRO0_VSn1_VWA1_VWB2_WSGRA0_WSGRB0_WS64_WG32_8_1 | Cijk_SB_BiasS_HAS_ScaleAlphaVec_PostGSU4_VW4,160,64,False,in: non-pow2 tile,<128
512,2560,8192,False,bfloat16,tuned,406,20,175.4,607.2,torch,native,torch:hipBLASLt,246.2,Cijk_Alik_Bljk_BBS_BH_Bias_HA_S_SAV_UserArgs_MT256x128x64_MI16x16x1_SN_LDSB1_AFC0_AFEM1_AFEM1_ASEM1_CLR1_CADS0_DTLA0_DTLB0_DTVA0_DTVB0_EPS0_FDSI0_GRPM1_GRVWA8_GRVWB8_GSU0_GSUAMB_GLS0_ISA950_IU1_K1_LDSTI0_LBSPPA1024_LBSPPB512_LBSPPM0_LPA16_LPB16_LPM0_LRVW8_LWPMn1_MIAV0_MIWT8_4_MO40_NTn1_NTA0_NTB0_NTC0_NTD0_NTM0_NEPBS0_NLCA1_NLCB1_ONLL1_PGR2_PLR1_PKA1_SIA3_SS1_SPO0_SRVW0_SSO0_SVW8_SK3_SKFTR0_SKXCCM0_TLDS1_ULSGRO0_USL1_UIOFGRO0_USFGRO0_VSn1_VWA8_VWB4_WSGRA0_WSGRB0_WS64_WG32_8_1 | Cijk_SB_BiasS_HAS_ScaleAlphaVec_PostGSU8_VW4,256,128,False,in: other listed tile,<128
512,4096,8192,False,bfloat16,tuned,431,32,279.6,759.9,flydsl,flydsl_hgemm_abf16_wbf16_bf16_t128x128x64x4_ks2_w4x4x1_bias0_ktail0_gm0_pft_gfx950,flydsl:flydsl_hgemm_abf16_wbf16_bf16_t128x128x64x4_ks2_w4x4x1_bias0_ktail0_gm0_pft_gfx950,171.8,,128,128,True,out: split-K,<128
512,4608,8192,False,bfloat16,untuned,436,36,314.2,870.0,torch,,torch:hipBLASLt,176.9,Cijk_Alik_Bljk_BBS_BH_Bias_HA_S_SAV_UserArgs_MT160x128x128_MI16x16x1_SN_LDSB1_AFC0_AFEM1_AFEM1_ASEM1_CLR1_CADS0_DTLA0_DTLB0_DTVA0_DTVB0_EPS0_FDSI0_GRPM1_GRVWA8_GRVWB8_GSU0_GSUAMB_GLS0_ISA950_IU1_K1_LDSTI0_LBSPPA256_LBSPPB1024_LBSPPM0_LPA16_LPB16_LPM0_LRVW8_LWPMn1_MIAV0_MIWT5_4_MO40_NTn1_NTA0_NTB0_NTC0_NTD0_NTM0_NEPBS0_NLCA1_NLCB1_ONLL1_PGR2_PLR1_PKA1_SIA3_SS1_SPO0_SRVW0_SSO0_SVW1_SK3_SKFTR0_SKXCCM0_TLDS1_ULSGRO0_USL1_UIOFGRO0_USFGRO0_VSn1_VWA1_VWB4_WSGRA0_WSGRB0_WS64_WG32_8_1,160,128,False,in: non-pow2 tile,<128
512,7168,8192,False,bfloat16,tuned,452,56,485.9,942.6,flydsl,flydsl_hgemm_abf16_wbf16_bf16_t128x128x64x4_ks1_w4x4x1_bias0_ktail0_gm0_pft_gfx950,flydsl:flydsl_hgemm_abf16_wbf16_bf16_t128x128x64x4_ks1_w4x4x1_bias0_ktail0_gm0_pft_gfx950,94.0,,128,128,False,in: other listed tile,<128
512,8192,8192,False,bfloat16,tuned,455,64,552.7,896.1,flydsl,flydsl_hgemm_abf16_wbf16_bf16_t64x128x64x3_ks1_w2x2x1_bias0_ktail0_gm4_pft_gfx950,flydsl:flydsl_hgemm_abf16_wbf16_bf16_t64x128x64x3_ks1_w2x2x1_bias0_ktail0_gm4_pft_gfx950,62.1,,64,128,False,in: other listed tile,<128
512,10240,8192,False,bfloat16,tuned,460,80,689.7,707.9,flydsl,flydsl_hgemm_abf16_wbf16_bf16_t128x128x64x3_ks1_w4x2x1_bias0_ktail0_gm4_pft_gfx950,flydsl:flydsl_hgemm_abf16_wbf16_bf16_t128x128x64x3_ks1_w4x2x1_bias0_ktail0_gm4_pft_gfx950,2.6,,128,128,False,in: other listed tile,<128
512,14336,8192,False,bfloat16,tuned,466,112,942.1,1050.2,torch,native,torch:hipBLASLt,11.5,Cijk_Alik_Bljk_BBS_BH_Bias_HA_S_SAV_UserArgs_MT224x256x64_MI16x16x1_SN_LDSB1_AFC0_AFEM1_AFEM1_ASEM1_CLR1_CADS0_DTLA0_DTLB0_DTVA0_DTVB0_EPS0_FDSI0_GRPM1_GRVWA8_GRVWB8_GSU0_GSUAMB_GLS0_ISA950_IU1_K1_LDSTI0_LBSPPA128_LBSPPB1024_LBSPPM0_LPA16_LPB16_LPM0_LRVW8_LWPMn1_MIAV0_MIWT7_8_MO40_NTn1_NTA4_NTB0_NTC0_NTD0_NTM0_NEPBS0_NLCA1_NLCB1_ONLL1_PGR2_PLR1_PKA1_SIA3_SS1_SPO0_SRVW0_SSO0_SVW1_SK3_SKFTR0_SKXCCM8_TLDS1_ULSGRO0_USL1_UIOFGRO0_USFGRO0_VSn1_VWA1_VWB8_WSGRA0_WSGRB0_WS64_WG32_8_1,224,256,False,in: non-pow2 tile,<128
512,16384,8192,False,bfloat16,tuned,468,128,978.2,700.4,flydsl,flydsl_hgemm_abf16_wbf16_bf16_t128x64x64x6_ks1_w2x2x2_bias0_ktail0_gm4_pft_gfx950,gluon,0.0,,256,256,False,in: 256x256,128-255
512,57344,8192,False,bfloat16,tuned,478,448,1260.7,1285.5,flydsl,flydsl_hgemm_abf16_wbf16_bf16_t256x256x64x2_ks1_w2x4x1_bias0_ktail0_gm4_pht_gfx950,flydsl:flydsl_hgemm_abf16_wbf16_bf16_t256x256x64x2_ks1_w2x4x1_bias0_ktail0_gm4_pht_gfx950,2.0,,256,256,False,in: 256x256,256-511
768,4096,8192,False,bfloat16,tuned,599,48,417.9,850.0,flydsl,flydsl_hgemm_abf16_wbf16_bf16_t128x128x64x3_ks1_w4x4x1_bias0_ktail0_gm0_pft_gfx950,flydsl:flydsl_hgemm_abf16_wbf16_bf16_t128x128x64x3_ks1_w4x4x1_bias0_ktail0_gm0_pft_gfx950,103.4,,128,128,False,in: other listed tile,<128
1024,512,8192,False,bfloat16,untuned,328,8,70.7,363.9,torch,,torch:hipBLASLt,414.5,Cijk_Alik_Bljk_BBS_BH_Bias_HA_S_SAV_UserArgs_MT256x64x64_MI16x16x1_SN_LDSB1_AFC0_AFEM1_AFEM1_ASEM1_CLR1_CADS0_DTLA0_DTLB0_DTVA0_DTVB0_EPS0_FDSI0_GRPM1_GRVWA8_GRVWB8_GSU0_GSUAMB_GLS0_ISA950_IU1_K1_LDSTI0_LBSPPA1024_LBSPPB256_LBSPPM0_LPA16_LPB16_LPM0_LRVW8_LWPMn1_MIAV0_MIWT8_2_MO40_NTn1_NTA0_NTB0_NTC0_NTD0_NTM0_NEPBS0_NLCA1_NLCB1_ONLL1_PGR2_PLR1_PKA1_SIA3_SS1_SPO0_SRVW0_SSO0_SVW8_SK3_SKFTR0_SKXCCM0_TLDS1_ULSGRO0_USL1_UIOFGRO0_USFGRO0_VSn1_VWA8_VWB2_WSGRA0_WSGRB0_WS64_WG32_8_1 | Cijk_SB_BiasS_HAS_ScaleAlphaVec_PostGSU8_VW4,256,64,False,in: other listed tile,<128
1024,1280,8192,False,bfloat16,tuned,532,20,175.4,619.8,torch,native,torch:hipBLASLt,253.3,Cijk_Alik_Bljk_BBS_BH_Bias_HA_S_SAV_UserArgs_MT256x128x64_MI16x16x1_SN_LDSB1_AFC0_AFEM1_AFEM1_ASEM1_CLR1_CADS0_DTLA0_DTLB0_DTVA0_DTVB0_EPS0_FDSI0_GRPM1_GRVWA8_GRVWB8_GSU0_GSUAMB_GLS0_ISA950_IU1_K1_LDSTI0_LBSPPA1024_LBSPPB512_LBSPPM0_LPA16_LPB16_LPM0_LRVW8_LWPMn1_MIAV0_MIWT8_4_MO40_NTn1_NTA0_NTB0_NTC0_NTD0_NTM0_NEPBS0_NLCA1_NLCB1_ONLL1_PGR2_PLR1_PKA1_SIA3_SS1_SPO0_SRVW0_SSO0_SVW8_SK3_SKFTR0_SKXCCM0_TLDS1_ULSGRO0_USL1_UIOFGRO0_USFGRO0_VSn1_VWA8_VWB4_WSGRA0_WSGRB0_WS64_WG32_8_1 | Cijk_SB_BiasS_HAS_ScaleAlphaVec_PostGSU8_VW4,256,128,False,in: other listed tile,<128
1024,2560,8192,False,bfloat16,tuned,671,40,349.0,887.4,torch,native,torch:hipBLASLt,154.3,Cijk_Alik_Bljk_BBS_BH_Bias_HA_S_SAV_UserArgs_MT160x128x128_MI16x16x1_SN_LDSB1_AFC0_AFEM1_AFEM1_ASEM1_CLR1_CADS0_DTLA0_DTLB0_DTVA0_DTVB0_EPS0_FDSI0_GRPM1_GRVWA8_GRVWB8_GSU0_GSUAMB_GLS0_ISA950_IU1_K1_LDSTI0_LBSPPA256_LBSPPB1024_LBSPPM0_LPA16_LPB16_LPM0_LRVW8_LWPMn1_MIAV0_MIWT5_4_MO40_NTn1_NTA0_NTB0_NTC0_NTD0_NTM0_NEPBS0_NLCA1_NLCB1_ONLL1_PGR2_PLR1_PKA1_SIA3_SS1_SPO0_SRVW0_SSO0_SVW1_SK3_SKFTR0_SKXCCM0_TLDS1_ULSGRO0_USL1_UIOFGRO0_USFGRO0_VSn1_VWA1_VWB4_WSGRA0_WSGRB0_WS64_WG32_8_1,160,128,False,in: non-pow2 tile,<128
1024,4096,8192,False,bfloat16,tuned,745,64,551.9,1009.2,flydsl,flydsl_hgemm_abf16_wbf16_bf16_t128x128x64x4_ks1_w4x4x1_bias0_ktail0_gm0_pft_gfx950,flydsl:flydsl_hgemm_abf16_wbf16_bf16_t128x128x64x4_ks1_w4x4x1_bias0_ktail0_gm0_pft_gfx950,82.9,,128,128,False,in: other listed tile,<128
1024,4608,8192,False,bfloat16,untuned,760,72,620.8,1002.4,torch,,torch:hipBLASLt,61.5,Cijk_Alik_Bljk_BBS_BH_Bias_HA_S_SAV_UserArgs_MT160x256x64_MI16x16x1_SN_LDSB0_AFC0_AFEM1_AFEM1_ASEM1_CLR1_CADS0_DTLA0_DTLB0_DTVA0_DTVB0_EPS0_FDSI0_GRPM1_GRVWA8_GRVWB8_GSU0_GSUAMB_GLS0_ISA950_IU1_K1_LDSTI0_LBSPPA128_LBSPPB1024_LBSPPM0_LPA16_LPB16_LPM0_LRVW8_LWPMn1_MIAV0_MIWT5_8_MO40_NTn1_NTA0_NTB0_NTC0_NTD0_NTM0_NEPBS0_NLCA1_NLCB1_ONLL1_PGR2_PLR1_PKA1_SIA3_SS1_SPO0_SRVW0_SSO0_SVW1_SK3_SKFTR0_SKXCCM0_TLDS1_ULSGRO0_USL1_UIOFGRO0_USFGRO0_VSn1_VWA1_VWB8_WSGRA0_WSGRB0_WS64_WG32_8_1,160,256,False,in: non-pow2 tile,<128
1024,7168,8192,False,bfloat16,tuned,808,112,954.1,860.4,flydsl,flydsl_hgemm_abf16_wbf16_bf16_t128x64x64x3_ks1_w2x1x1_bias0_ktail0_gm4_pft_gfx950,gluon,0.0,,256,256,False,in: 256x256,<128
1024,8192,8192,False,bfloat16,tuned,819,128,1066.7,1175.3,flydsl,flydsl_hgemm_abf16_wbf16_bf16_t256x128x64x2_ks1_w4x4x1_bias0_ktail0_gm4_pft_gfx950,flydsl:flydsl_hgemm_abf16_wbf16_bf16_t256x128x64x2_ks1_w4x4x1_bias0_ktail0_gm4_pft_gfx950,10.2,,256,128,False,in: other listed tile,128-255
1024,10240,8192,False,bfloat16,tuned,836,160,1290.1,894.8,flydsl,flydsl_hgemm_abf16_wbf16_bf16_t128x128x64x3_ks1_w2x2x2_bias0_ktail0_gm4_pft_gfx950,gluon,0.0,,256,256,False,in: 256x256,128-255
1024,14336,8192,False,bfloat16,tuned,856,224,1466.4,1434.6,flydsl,flydsl_hgemm_abf16_wbf16_bf16_t256x256x64x2_ks1_w2x4x1_bias0_ktail0_gm0_pht_gfx950,gluon,0.0,,256,256,False,in: 256x256,128-255
1024,16384,8192,False,bfloat16,tuned,862,256,1543.1,1518.6,torch,native,gluon,0.0,,256,256,False,in: 256x256,256-511
1024,57344,8192,False,bfloat16,tuned,896,896,1442.8,1408.7,asm,_ZN5aiter24bf16gemm_bf16_tn_256x256E,gluon,0.0,,256,256,False,in: 256x256,>=512
2048,512,8192,False,bfloat16,untuned,390,16,140.2,539.1,torch,,torch:hipBLASLt,284.6,Cijk_Alik_Bljk_BBS_BH_Bias_HA_S_SAV_UserArgs_MT256x128x64_MI16x16x1_SN_LDSB1_AFC0_AFEM1_AFEM1_ASEM1_CLR1_CADS0_DTLA0_DTLB0_DTVA0_DTVB0_EPS0_FDSI0_GRPM1_GRVWA8_GRVWB8_GSU0_GSUAMB_GLS0_ISA950_IU1_K1_LDSTI0_LBSPPA1024_LBSPPB512_LBSPPM0_LPA16_LPB16_LPM0_LRVW8_LWPMn1_MIAV0_MIWT8_4_MO40_NTn1_NTA0_NTB0_NTC0_NTD0_NTM0_NEPBS0_NLCA1_NLCB1_ONLL1_PGR2_PLR1_PKA1_SIA3_SS1_SPO0_SRVW0_SSO0_SVW8_SK3_SKFTR0_SKXCCM0_TLDS1_ULSGRO0_USL1_UIOFGRO0_USFGRO0_VSn1_VWA8_VWB4_WSGRA0_WSGRB0_WS64_WG32_8_1 | Cijk_SB_BiasS_HAS_ScaleAlphaVec_PostGSU8_VW4,256,128,False,in: other listed tile,<128
2048,1280,8192,False,bfloat16,tuned,719,40,348.0,723.2,torch,native,torch:hipBLASLt,107.8,Cijk_Alik_Bljk_BBS_BH_Bias_HA_S_SAV_UserArgs_MT320x192x64_MI16x16x1_SN_LDSB1_AFC0_AFEM1_AFEM1_ASEM1_CLR0_CADS0_DTLA0_DTLB0_DTVA0_DTVB0_EPS0_FDSI0_GRPM1_GRVWA8_GRVWB8_GSU0_GSUAMB_GLS0_ISA950_IU1_K1_LDSTI0_LBSPPA256_LBSPPB256_LBSPPM0_LPA16_LPB16_LPM0_LRVW8_LWPMn1_MIAV0_MIWT10_6_MO40_NTn1_NTA0_NTB0_NTC0_NTD4_NTM0_NEPBS0_NLCA1_NLCB1_ONLL1_PGR2_PLR1_PKA1_SIA3_SS1_SPO1_SRVW0_SSO1_SVW2_SK3_SKFTR0_SKXCCM0_TLDS2_ULSGRO0_USL1_UIOFGRO0_USFGRO0_VSn1_VWA2_VWB2_WSGRA0_WSGRB0_WS64_WG32_8_1 | Cijk_SB_BiasS_HAS_ScaleAlphaVec_PostGSU8_VW4,320,192,False,in: non-pow2 tile,<128
2048,2560,8192,False,bfloat16,tuned,999,80,685.9,1052.0,torch,native,torch:hipBLASLt,53.4,Cijk_Alik_Bljk_BBS_BH_Bias_HA_S_SAV_UserArgs_MT160x256x64_MI16x16x1_SN_LDSB0_AFC0_AFEM1_AFEM1_ASEM1_CLR1_CADS0_DTLA0_DTLB0_DTVA0_DTVB0_EPS0_FDSI0_GRPM1_GRVWA8_GRVWB8_GSU0_GSUAMB_GLS0_ISA950_IU1_K1_LDSTI0_LBSPPA128_LBSPPB1024_LBSPPM0_LPA16_LPB16_LPM0_LRVW8_LWPMn1_MIAV0_MIWT5_8_MO40_NTn1_NTA0_NTB0_NTC0_NTD0_NTM0_NEPBS0_NLCA1_NLCB1_ONLL1_PGR2_PLR1_PKA1_SIA3_SS1_SPO0_SRVW0_SSO0_SVW1_SK3_SKFTR0_SKXCCM0_TLDS1_ULSGRO0_USL1_UIOFGRO0_USFGRO0_VSn1_VWA1_VWB8_WSGRA0_WSGRB0_WS64_WG32_8_1,160,256,False,in: non-pow2 tile,<128
2048,4096,8192,False,bfloat16,tuned,1170,128,1033.9,1330.9,opus,opus_gemm_mono_tile_512x128x256x64_2x4_16x16x32_0x0x0_nooob_4g_safe,opus:opus_gemm_mono_tile_512x128x256x64_2x4_16x16x32_0x0x0_nooob_4g_safe,28.7,,128,256,False,in: other listed tile,128-255
2048,4608,8192,False,bfloat16,untuned,1209,144,1193.0,1282.8,torch,,torch:hipBLASLt,7.5,Cijk_Alik_Bljk_BBS_BH_Bias_HA_S_SAV_UserArgs_MT144x256x64_MI16x16x1_SN_LDSB0_AFC0_AFEM1_AFEM1_ASEM1_CLR1_CADS0_DTLA0_DTLB0_DTVA0_DTVB0_EPS0_FDSI0_GRPM1_GRVWA4_GRVWB8_GSU0_GSUAMB_GLS0_ISA950_IU1_K1_LDSTI0_LBSPPA128_LBSPPB512_LBSPPM0_LPA16_LPB16_LPM0_LRVW8_LWPMn1_MIAV0_MIWT9_4_MO40_NTn1_NTA0_NTB0_NTC0_NTD0_NTM0_NEPBS0_NLCA1_NLCB1_ONLL1_PGR2_PLR1_PKA1_SIA3_SS1_SPO0_SRVW0_SSO0_SVW1_SK3_SKFTR0_SKXCCM0_TLDS1_ULSGRO0_USL1_UIOFGRO0_USFGRO0_VSn1_VWA1_VWB4_WSGRA0_WSGRB0_WS64_WG16_16_1,144,256,False,in: non-pow2 tile,128-255
2048,7168,8192,False,bfloat16,tuned,1334,224,1519.1,1482.9,asm,_ZN5aiter24bf16gemm_bf16_tn_256x256E,gluon,0.0,,256,256,False,in: 256x256,128-255
2048,8192,8192,False,bfloat16,tuned,1365,256,1630.0,1596.3,torch,native,gluon,0.0,,256,256,False,in: 256x256,256-511
2048,10240,8192,False,bfloat16,tuned,1412,320,1233.4,1013.8,flydsl,flydsl_hgemm_abf16_wbf16_bf16_t128x128x128x2_ks1_w2x2x1_bias0_ktail0_gm0_pht_gfx950,gluon,0.0,,256,256,False,in: 256x256,256-511
2048,14336,8192,False,bfloat16,tuned,1470,448,1472.3,1435.6,flydsl,flydsl_hgemm_abf16_wbf16_bf16_t256x256x64x2_ks1_w2x4x1_bias0_ktail0_gm4_pht_gfx950,gluon,0.0,,256,256,False,in: 256x256,256-511
2048,16384,8192,False,bfloat16,tuned,1489,512,1589.4,1540.2,asm,_ZN5aiter24bf16gemm_bf16_tn_256x256E,gluon,0.0,,256,256,False,in: 256x256,>=512
2048,57344,8192,False,bfloat16,tuned,1593,1792,1602.1,1564.2,flydsl,flydsl_hgemm_abf16_wbf16_bf16_t256x256x64x2_ks1_w2x4x1_bias0_ktail0_gm4_pht_gfx950,gluon,0.0,,256,256,False,in: 256x256,>=512
4096,512,8192,False,bfloat16,tuned,431,32,280.3,759.8,flydsl,flydsl_hgemm_abf16_wbf16_bf16_t64x128x64x4_ks1_w2x4x1_bias0_ktail0_gm4_pft_gfx950,flydsl:flydsl_hgemm_abf16_wbf16_bf16_t64x128x64x4_ks1_w2x4x1_bias0_ktail0_gm4_pft_gfx950,171.0,,64,128,False,in: other listed tile,<128
4096,1280,8192,False,bfloat16,tuned,871,80,688.8,1026.7,torch,native,torch:hipBLASLt,49.0,Cijk_Alik_Bljk_BBS_BH_Bias_HA_S_SAV_UserArgs_MT160x256x64_MI16x16x1_SN_LDSB0_AFC0_AFEM1_AFEM1_ASEM1_CLR1_CADS0_DTLA0_DTLB0_DTVA0_DTVB0_EPS0_FDSI0_GRPM1_GRVWA8_GRVWB8_GSU0_GSUAMB_GLS0_ISA950_IU1_K1_LDSTI0_LBSPPA128_LBSPPB1024_LBSPPM0_LPA16_LPB16_LPM0_LRVW8_LWPMn1_MIAV0_MIWT5_8_MO40_NTn1_NTA0_NTB0_NTC0_NTD0_NTM0_NEPBS0_NLCA1_NLCB1_ONLL1_PGR2_PLR1_PKA1_SIA3_SS1_SPO0_SRVW0_SSO0_SVW1_SK3_SKFTR0_SKXCCM0_TLDS1_ULSGRO0_USL1_UIOFGRO0_USFGRO0_VSn1_VWA1_VWB8_WSGRA0_WSGRB0_WS64_WG32_8_1,160,256,False,in: non-pow2 tile,<128
4096,2560,8192,False,bfloat16,tuned,1321,160,1289.9,1328.4,torch,native,torch:hipBLASLt,3.0,Cijk_Alik_Bljk_BBS_BH_Bias_HA_S_SAV_UserArgs_MT160x256x64_MI16x16x1_SN_LDSB0_AFC0_AFEM1_AFEM1_ASEM1_CLR1_CADS0_DTLA0_DTLB0_DTVA0_DTVB0_EPS0_FDSI0_GRPM1_GRVWA8_GRVWB8_GSU0_GSUAMB_GLS0_ISA950_IU1_K1_LDSTI0_LBSPPA128_LBSPPB1024_LBSPPM0_LPA16_LPB16_LPM0_LRVW8_LWPMn1_MIAV0_MIWT5_8_MO40_NTn1_NTA0_NTB0_NTC0_NTD0_NTM0_NEPBS0_NLCA1_NLCB1_ONLL1_PGR2_PLR1_PKA1_SIA3_SS1_SPO0_SRVW0_SSO0_SVW1_SK3_SKFTR0_SKXCCM0_TLDS1_ULSGRO0_USL1_UIOFGRO0_USFGRO0_VSn1_VWA1_VWB8_WSGRA0_WSGRB0_WS64_WG32_8_1,160,256,False,in: non-pow2 tile,128-255
4096,4096,8192,False,bfloat16,tuned,1638,256,1631.2,1582.2,torch,native,gluon,0.0,,256,256,False,in: 256x256,256-511
4096,4608,8192,False,bfloat16,untuned,1715,288,1121.5,1298.8,torch,,torch:hipBLASLt,15.8,Cijk_Alik_Bljk_BBS_BH_Bias_HA_S_SAV_UserArgs_MT144x256x64_MI16x16x1_SN_LDSB0_AFC0_AFEM1_AFEM1_ASEM1_CLR1_CADS0_DTLA0_DTLB0_DTVA0_DTVB0_EPS0_FDSI0_GRPM1_GRVWA4_GRVWB8_GSU0_GSUAMB_GLS0_ISA950_IU1_K1_LDSTI0_LBSPPA128_LBSPPB512_LBSPPM0_LPA16_LPB16_LPM0_LRVW8_LWPMn1_MIAV0_MIWT9_4_MO40_NTn1_NTA0_NTB0_NTC0_NTD0_NTM0_NEPBS0_NLCA1_NLCB1_ONLL1_PGR2_PLR1_PKA1_SIA3_SS1_SPO0_SRVW0_SSO0_SVW1_SK3_SKFTR0_SKXCCM0_TLDS1_ULSGRO0_USL1_UIOFGRO0_USFGRO0_VSn1_VWA1_VWB4_WSGRA0_WSGRB0_WS64_WG16_16_1,144,256,False,in: non-pow2 tile,256-511
4096,7168,8192,False,bfloat16,tuned,1977,448,1524.3,1495.4,flydsl,flydsl_hgemm_abf16_wbf16_bf16_t256x256x64x2_ks1_w2x4x1_bias0_ktail0_gm4_pht_gfx950,gluon,0.0,,256,256,False,in: 256x256,256-511
4096,8192,8192,False,bfloat16,tuned,2048,512,1647.3,1635.4,asm,_ZN5aiter24bf16gemm_bf16_tn_256x256E,gluon,0.0,,256,256,False,in: 256x256,>=512
4096,10240,8192,False,bfloat16,tuned,2156,640,1458.8,1426.2,flydsl,flydsl_hgemm_abf16_wbf16_bf16_t256x256x64x2_ks1_w2x4x1_bias0_ktail0_gm4_pht_gfx950,gluon,0.0,,256,256,False,in: 256x256,>=512
4096,14336,8192,False,bfloat16,tuned,2294,896,1496.9,1468.3,flydsl,flydsl_hgemm_abf16_wbf16_bf16_t256x256x64x2_ks1_w2x4x1_bias0_ktail0_gm4_pht_gfx950,gluon,0.0,,256,256,False,in: 256x256,>=512
4096,16384,8192,False,bfloat16,tuned,2341,1024,1604.3,1571.7,flydsl,flydsl_hgemm_abf16_wbf16_bf16_t256x256x64x2_ks1_w2x4x1_bias0_ktail0_gm4_pht_gfx950,gluon,0.0,,256,256,False,in: 256x256,>=512
4096,57344,8192,False,bfloat16,tuned,2607,3584,1622.0,1582.3,flydsl,flydsl_hgemm_abf16_wbf16_bf16_t256x256x64x2_ks1_w2x4x1_bias0_ktail0_gm4_pht_gfx950,gluon,0.0,,256,256,False,in: 256x256,>=512
8192,512,8192,False,bfloat16,tuned,455,64,552.3,998.1,flydsl,flydsl_hgemm_abf16_wbf16_bf16_t128x128x64x4_ks1_w4x4x1_bias0_ktail0_gm4_pft_gfx950,flydsl:flydsl_hgemm_abf16_wbf16_bf16_t128x128x64x4_ks1_w4x4x1_bias0_ktail0_gm4_pft_gfx950,80.7,,128,128,False,in: other listed tile,<128
8192,1280,8192,False,bfloat16,tuned,975,160,1287.8,1327.5,torch,native,torch:hipBLASLt,3.1,Cijk_Alik_Bljk_BBS_BH_Bias_HA_S_SAV_UserArgs_MT160x256x64_MI16x16x1_SN_LDSB0_AFC0_AFEM1_AFEM1_ASEM1_CLR1_CADS0_DTLA0_DTLB0_DTVA0_DTVB0_EPS0_FDSI0_GRPM1_GRVWA8_GRVWB8_GSU0_GSUAMB_GLS0_ISA950_IU1_K1_LDSTI0_LBSPPA128_LBSPPB1024_LBSPPM0_LPA16_LPB16_LPM0_LRVW8_LWPMn1_MIAV0_MIWT5_8_MO40_NTn1_NTA0_NTB0_NTC0_NTD0_NTM0_NEPBS0_NLCA1_NLCB1_ONLL1_PGR2_PLR1_PKA1_SIA3_SS1_SPO0_SRVW0_SSO0_SVW1_SK3_SKFTR0_SKXCCM0_TLDS1_ULSGRO0_USL1_UIOFGRO0_USFGRO0_VSn1_VWA1_VWB8_WSGRA0_WSGRB0_WS64_WG32_8_1,160,256,False,in: non-pow2 tile,128-255
8192,2560,8192,False,bfloat16,tuned,1575,320,1238.5,1331.3,torch,native,torch:hipBLASLt,7.5,Cijk_Alik_Bljk_BBS_BH_Bias_HA_S_SAV_UserArgs_MT160x256x64_MI16x16x1_SN_LDSB0_AFC0_AFEM1_AFEM1_ASEM1_CLR1_CADS0_DTLA0_DTLB0_DTVA0_DTVB0_EPS0_FDSI0_GRPM1_GRVWA8_GRVWB8_GSU0_GSUAMB_GLS0_ISA950_IU1_K1_LDSTI0_LBSPPA128_LBSPPB1024_LBSPPM0_LPA16_LPB16_LPM0_LRVW8_LWPMn1_MIAV0_MIWT5_8_MO40_NTn1_NTA0_NTB0_NTC0_NTD0_NTM0_NEPBS0_NLCA1_NLCB1_ONLL1_PGR2_PLR1_PKA1_SIA3_SS1_SPO0_SRVW0_SSO0_SVW1_SK3_SKFTR0_SKXCCM0_TLDS1_ULSGRO0_USL1_UIOFGRO0_USFGRO0_VSn1_VWA1_VWB8_WSGRA0_WSGRB0_WS64_WG32_8_1,160,256,False,in: non-pow2 tile,256-511
8192,4096,8192,False,bfloat16,tuned,2048,512,1642.2,1633.9,torch,native,gluon,0.0,,256,256,False,in: 256x256,>=512
8192,4608,8192,False,bfloat16,untuned,2168,576,1413.4,1407.4,torch,,gluon,0.0,,256,256,False,in: 256x256,>=512
8192,7168,8192,False,bfloat16,tuned,2607,896,1510.3,1477.8,asm,_ZN5aiter24bf16gemm_bf16_tn_256x256E,gluon,0.0,,256,256,False,in: 256x256,>=512
8192,8192,8192,False,bfloat16,tuned,2731,1024,1618.4,1623.8,asm,_ZN5aiter24bf16gemm_bf16_tn_256x256E,asm:_ZN5aiter24bf16gemm_bf16_tn_256x256E,0.3,,256,256,False,in: 256x256,>=512
8192,10240,8192,False,bfloat16,tuned,2926,1280,1629.1,1591.0,flydsl,flydsl_hgemm_abf16_wbf16_bf16_t256x256x64x2_ks1_w2x4x1_bias0_ktail0_gm4_pht_gfx950,gluon,0.0,,256,256,False,in: 256x256,>=512
8192,14336,8192,False,bfloat16,tuned,3186,1792,1623.2,1597.1,flydsl,flydsl_hgemm_abf16_wbf16_bf16_t256x256x64x2_ks1_w2x4x1_bias0_ktail0_gm4_pht_gfx950,gluon,0.0,,256,256,False,in: 256x256,>=512
8192,16384,8192,False,bfloat16,tuned,3277,2048,1624.3,1593.8,asm,_ZN5aiter24bf16gemm_bf16_tn_256x256E,gluon,0.0,,256,256,False,in: 256x256,>=512
8192,57344,8192,False,bfloat16,tuned,3823,7168,1617.5,1595.2,asm,_ZN5aiter24bf16gemm_bf16_tn_256x256E,gluon,0.0,,256,256,False,in: 256x256,>=512
16384,512,8192,False,bfloat16,untuned,468,128,974.7,1075.6,torch,,torch:hipBLASLt,10.4,Cijk_Alik_Bljk_BBS_BH_Bias_HA_S_SAV_UserArgs_MT256x256x64_MI16x16x1_CMS_SN_LDSB0_AFC0_AFEM1_AFEM1_ASEM1_CLR1_CADS0_DTLA1_DTLB1_DTVA0_DTVB0_EPS0_FDSI0_GRPM1_GRVWA8_GRVWB8_GSU0_GSUAMB_GLS0_ISA950_IU1_K1_LDSTI0_LBSPPA1024_LBSPPB1024_LBSPPM0_LPA16_LPB16_LPM0_LRVW8_LWPMn1_MIAV0_MIWT8_8_MO40_NTn1_NTA0_NTB4_NTC0_NTD4_NTM0_NEPBS0_NLCA1_NLCB1_ONLL1_PGR2_PLR1_PKA1_SIA3_SS1_SPO0_SRVW0_SSO0_SVW8_SK3_SKFTR0_SKXCCM0_TLDS1_ULSGRO0_USL1_UIOFGRO0_USFGRO0_VSn1_VWA8_VWB8_WSGRA0_WSGRB0_WS64_WG32_8_1,256,256,False,in: 256x256,128-255
16384,1280,8192,False,bfloat16,tuned,1037,320,1230.9,1295.1,torch,native,torch:hipBLASLt,5.2,Cijk_Alik_Bljk_BBS_BH_Bias_HA_S_SAV_UserArgs_MT160x256x64_MI16x16x1_SN_LDSB0_AFC0_AFEM1_AFEM1_ASEM1_CLR1_CADS0_DTLA0_DTLB0_DTVA0_DTVB0_EPS0_FDSI0_GRPM1_GRVWA8_GRVWB8_GSU0_GSUAMB_GLS0_ISA950_IU1_K1_LDSTI0_LBSPPA128_LBSPPB1024_LBSPPM0_LPA16_LPB16_LPM0_LRVW8_LWPMn1_MIAV0_MIWT5_8_MO40_NTn1_NTA0_NTB0_NTC0_NTD0_NTM0_NEPBS0_NLCA1_NLCB1_ONLL1_PGR2_PLR1_PKA1_SIA3_SS1_SPO0_SRVW0_SSO0_SVW1_SK3_SKFTR0_SKXCCM0_TLDS1_ULSGRO0_USL1_UIOFGRO0_USFGRO0_VSn1_VWA1_VWB8_WSGRA0_WSGRB0_WS64_WG32_8_1,160,256,False,in: non-pow2 tile,256-511
16384,2560,8192,False,bfloat16,tuned,1743,640,1413.5,1381.2,flydsl,flydsl_hgemm_abf16_wbf16_bf16_t256x256x64x2_ks1_w2x4x1_bias0_ktail0_gm4_pht_gfx950,gluon,0.0,,256,256,False,in: 256x256,>=512
16384,4608,8192,False,bfloat16,tuned,2499,1152,1489.4,1460.9,flydsl,flydsl_hgemm_abf16_wbf16_bf16_t256x256x64x2_ks1_w2x4x1_bias0_ktail0_gm4_pht_gfx950,gluon,0.0,,256,256,False,in: 256x256,>=512
16384,7168,8192,False,bfloat16,tuned,3100,1792,1598.4,1603.8,torch,native,torch:hipBLASLt,0.3,Cijk_Alik_Bljk_BBS_BH_Bias_HA_S_SAV_UserArgs_MT256x256x64_MI16x16x1_CMS_SN_LDSB0_AFC0_AFEM1_AFEM1_ASEM1_CLR1_CADS0_DTLA1_DTLB1_DTVA0_DTVB0_EPS0_FDSI0_GRPM1_GRVWA8_GRVWB8_GSU0_GSUAMB_GLS0_ISA950_IU1_K1_LDSTI0_LBSPPA1024_LBSPPB1024_LBSPPM0_LPA16_LPB16_LPM0_LRVW8_LWPMn1_MIAV0_MIWT8_8_MO40_NTn1_NTA0_NTB0_NTC0_NTD4_NTM0_NEPBS0_NLCA1_NLCB1_ONLL1_PGR2_PLR1_PKA1_SIA3_SS1_SPO0_SRVW0_SSO0_SVW8_SK3_SKFTR0_SKXCCM0_TLDS1_ULSGRO0_USL1_UIOFGRO0_USFGRO0_VSn1_VWA8_VWB8_WSGRA0_WSGRB0_WS64_WG32_8_1,256,256,False,in: 256x256,>=512
16384,8192,8192,False,bfloat16,tuned,3277,2048,1607.2,1609.3,torch,native,torch:hipBLASLt,0.1,Cijk_Alik_Bljk_BBS_BH_Bias_HA_S_SAV_UserArgs_MT256x256x64_MI16x16x1_CMS_SN_LDSB0_AFC0_AFEM1_AFEM1_ASEM1_CLR1_CADS0_DTLA1_DTLB1_DTVA0_DTVB0_EPS0_FDSI0_GRPM1_GRVWA8_GRVWB8_GSU0_GSUAMB_GLS0_ISA950_IU1_K1_LDSTI0_LBSPPA1024_LBSPPB1024_LBSPPM0_LPA16_LPB16_LPM0_LRVW8_LWPMn1_MIAV0_MIWT8_8_MO40_NTn1_NTA0_NTB0_NTC0_NTD4_NTM0_NEPBS0_NLCA1_NLCB1_ONLL1_PGR2_PLR1_PKA1_SIA3_SS1_SPO0_SRVW0_SSO0_SVW8_SK3_SKFTR0_SKXCCM0_TLDS1_ULSGRO0_USL1_UIOFGRO0_USFGRO0_VSn1_VWA8_VWB8_WSGRA0_WSGRB0_WS64_WG32_8_1,256,256,False,in: 256x256,>=512
16384,10240,8192,False,bfloat16,tuned,3562,2560,1612.4,1610.8,torch,native,gluon,0.0,,256,256,False,in: 256x256,>=512
16384,14336,8192,False,bfloat16,tuned,3955,3584,1616.8,1598.0,asm,_ZN5aiter24bf16gemm_bf16_tn_256x256E,gluon,0.0,,256,256,False,in: 256x256,>=512
16384,16384,8192,False,bfloat16,tuned,4096,4096,1619.9,1596.0,asm,_ZN5aiter24bf16gemm_bf16_tn_256x256E,gluon,0.0,,256,256,False,in: 256x256,>=512
16384,57344,8192,False,bfloat16,tuned,4986,14336,1630.2,1606.7,asm,_ZN5aiter24bf16gemm_bf16_tn_256x256E,gluon,0.0,,256,256,False,in: 256x256,>=512
32768,1280,8192,False,bfloat16,tuned,1071,640,1383.0,1338.9,flydsl,flydsl_hgemm_abf16_wbf16_bf16_t256x256x64x2_ks1_w2x4x1_bias0_ktail0_gm4_pht_gfx950,gluon,0.0,,256,256,False,in: 256x256,>=512
32768,2560,8192,False,bfloat16,tuned,1841,1280,1565.4,1564.8,torch,native,gluon,0.0,,256,256,False,in: 256x256,>=512
32768,7168,8192,False,bfloat16,tuned,3424,3584,1612.6,1605.3,torch,native,gluon,0.0,,256,256,False,in: 256x256,>=512
32768,8192,8192,False,bfloat16,tuned,3641,4096,1612.4,1606.7,flydsl,flydsl_hgemm_abf16_wbf16_bf16_t256x256x64x2_ks1_w2x4x1_bias0_ktail0_gm0_pht_gfx950,gluon,0.0,,256,256,False,in: 256x256,>=512
32768,10240,8192,False,bfloat16,tuned,3996,5120,1620.2,1624.0,torch,native,torch:hipBLASLt,0.2,Cijk_Alik_Bljk_BBS_BH_Bias_HA_S_SAV_UserArgs_MT256x256x64_MI16x16x1_CMS_SN_LDSB0_AFC0_AFEM1_AFEM1_ASEM1_CLR1_CADS0_DTLA1_DTLB1_DTVA0_DTVB0_EPS0_FDSI0_GRPM1_GRVWA8_GRVWB8_GSU0_GSUAMB_GLS0_ISA950_IU1_K1_LDSTI0_LBSPPA1024_LBSPPB1024_LBSPPM0_LPA16_LPB16_LPM0_LRVW8_LWPMn1_MIAV0_MIWT8_8_MO40_NTn1_NTA0_NTB0_NTC0_NTD4_NTM0_NEPBS0_NLCA1_NLCB1_ONLL1_PGR2_PLR1_PKA1_SIA3_SS1_SPO0_SRVW0_SSO0_SVW8_SK3_SKFTR0_SKXCCM0_TLDS1_ULSGRO0_USL1_UIOFGRO0_USFGRO0_VSn1_VWA8_VWB8_WSGRA0_WSGRB0_WS64_WG32_8_1,256,256,False,in: 256x256,>=512
32768,14336,8192,False,bfloat16,tuned,4498,7168,1624.1,1611.6,asm,_ZN5aiter24bf16gemm_bf16_tn_256x256E,gluon,0.0,,256,256,False,in: 256x256,>=512
32768,16384,8192,False,bfloat16,tuned,4681,8192,1622.6,1607.9,asm,_ZN5aiter24bf16gemm_bf16_tn_256x256E,gluon,0.0,,256,256,False,in: 256x256,>=512
32768,57344,8192,False,bfloat16,tuned,5881,28672,1626.1,1609.3,asm,_ZN5aiter24bf16gemm_bf16_tn_256x256E,gluon,0.0,,256,256,False,in: 256x256,>=512
512,6144,12288,False,bfloat16,tuned,455,48,425.1,939.6,torch,native,torch:hipBLASLt,121.0,Cijk_Alik_Bljk_BBS_BH_Bias_HA_S_SAV_UserArgs_MT192x128x128_MI16x16x1_SN_LDSB1_AFC0_AFEM1_AFEM1_ASEM1_CLR0_CADS0_DTLA0_DTLB0_DTVA0_DTVB0_EPS0_FDSI0_GRPM1_GRVWA8_GRVWB8_GSU0_GSUAMB_GLS0_ISA950_IU1_K1_LDSTI0_LBSPPA512_LBSPPB1024_LBSPPM0_LPA16_LPB16_LPM0_LRVW8_LWPMn1_MIAV0_MIWT6_4_MO40_NTn1_NTA0_NTB0_NTC1_NTD4_NTM0_NEPBS0_NLCA1_NLCB1_ONLL1_PGR2_PLR1_PKA1_SIA3_SS1_SPO0_SRVW0_SSO1_SVW2_SK3_SKFTR0_SKXCCM0_TLDS2_ULSGRO0_USL1_UIOFGRO0_USFGRO0_VSn1_VWA2_VWB4_WSGRA0_WSGRB0_WS64_WG32_8_1,192,128,False,in: non-pow2 tile,<128
1024,6144,12288,False,bfloat16,tuned,819,96,838.5,1208.3,torch,native,torch:hipBLASLt,44.1,Cijk_Alik_Bljk_BBS_BH_Bias_HA_S_SAV_UserArgs_MT192x256x64_MI16x16x1_SN_LDSB0_AFC0_AFEM1_AFEM1_ASEM1_CLR1_CADS0_DTLA0_DTLB0_DTVA0_DTVB0_EPS0_FDSI0_GRPM1_GRVWA8_GRVWB8_GSU0_GSUAMB_GLS0_ISA950_IU1_K1_LDSTI0_LBSPPA256_LBSPPB1024_LBSPPM0_LPA16_LPB16_LPM0_LRVW8_LWPMn1_MIAV0_MIWT6_8_MO40_NTn1_NTA0_NTB0_NTC0_NTD0_NTM0_NEPBS0_NLCA1_NLCB1_ONLL1_PGR2_PLR1_PKA1_SIA3_SS1_SPO0_SRVW0_SSO0_SVW2_SK3_SKFTR0_SKXCCM0_TLDS1_ULSGRO0_USL1_UIOFGRO0_USFGRO0_VSn1_VWA2_VWB8_WSGRA0_WSGRB0_WS64_WG32_8_1,192,256,False,in: non-pow2 tile,<128
2048,6144,12288,False,bfloat16,tuned,1365,192,1444.9,1419.4,torch,native,gluon,0.0,,256,256,False,in: 256x256,128-255
4096,6144,12288,False,bfloat16,tuned,2048,384,1398.9,1417.2,torch,native,torch:hipBLASLt,1.3,Cijk_Alik_Bljk_BBS_BH_Bias_HA_S_SAV_UserArgs_MT192x256x64_MI16x16x1_SN_LDSB0_AFC0_AFEM1_AFEM1_ASEM1_CLR1_CADS0_DTLA0_DTLB0_DTVA0_DTVB0_EPS0_FDSI0_GRPM1_GRVWA8_GRVWB8_GSU0_GSUAMB_GLS0_ISA950_IU1_K1_LDSTI0_LBSPPA256_LBSPPB1024_LBSPPM0_LPA16_LPB16_LPM0_LRVW8_LWPMn1_MIAV0_MIWT6_8_MO40_NTn1_NTA0_NTB0_NTC0_NTD0_NTM0_NEPBS0_NLCA1_NLCB1_ONLL1_PGR2_PLR1_PKA1_SIA3_SS1_SPO0_SRVW0_SSO0_SVW2_SK3_SKFTR0_SKXCCM0_TLDS1_ULSGRO0_USL1_UIOFGRO0_USFGRO0_VSn1_VWA2_VWB8_WSGRA0_WSGRB0_WS64_WG32_8_1,192,256,False,in: non-pow2 tile,256-511
8192,6144,12288,False,bfloat16,tuned,2731,768,1606.7,1604.8,torch,native,gluon,0.0,,256,256,False,in: 256x256,>=512
16384,6144,12288,False,bfloat16,tuned,3277,1536,1589.0,1604.8,torch,native,torch:hipBLASLt,1.0,Cijk_Alik_Bljk_BBS_BH_Bias_HA_S_SAV_UserArgs_MT256x256x64_MI16x16x1_CMS_SN_LDSB0_AFC0_AFEM1_AFEM1_ASEM1_CLR1_CADS0_DTLA1_DTLB1_DTVA0_DTVB0_EPS0_FDSI0_GRPM1_GRVWA8_GRVWB8_GSU0_GSUAMB_GLS0_ISA950_IU1_K1_LDSTI0_LBSPPA1024_LBSPPB1024_LBSPPM0_LPA16_LPB16_LPM0_LRVW8_LWPMn1_MIAV0_MIWT8_8_MO40_NTn1_NTA0_NTB0_NTC0_NTD4_NTM0_NEPBS0_NLCA1_NLCB1_ONLL1_PGR2_PLR1_PKA1_SIA3_SS1_SPO0_SRVW0_SSO0_SVW8_SK3_SKFTR0_SKXCCM0_TLDS1_ULSGRO0_USL1_UIOFGRO0_USFGRO0_VSn1_VWA8_VWB8_WSGRA0_WSGRB0_WS64_WG32_8_1,256,256,False,in: 256x256,>=512
32768,6144,12288,False,bfloat16,tuned,3641,3072,1592.5,1605.2,asm,_ZN5aiter24bf16gemm_bf16_tn_256x256E,asm:_ZN5aiter24bf16gemm_bf16_tn_256x256E,0.8,,256,256,False,in: 256x256,>=512
512,16384,13312,False,bfloat16,tuned,479,128,934.0,721.5,flydsl,flydsl_hgemm_abf16_wbf16_bf16_t128x128x128x2_ks1_w4x2x1_bias0_ktail0_gm0_pft_gfx950,gluon,0.0,,256,256,False,in: 256x256,128-255
1024,16384,13312,False,bfloat16,tuned,899,256,1543.2,1519.9,asm,_ZN5aiter24bf16gemm_bf16_tn_256x256E,gluon,0.0,,256,256,False,in: 256x256,256-511
2048,16384,13312,False,bfloat16,tuned,1601,512,1585.3,1027.3,flydsl,flydsl_hgemm_abf16_wbf16_bf16_t128x128x64x2_ks1_w2x4x1_bias0_ktail0_gm0_pft_gfx950,gluon,0.0,,256,256,False,in: 256x256,>=512
4096,16384,13312,False,bfloat16,tuned,2630,1024,1637.3,1598.2,flydsl,flydsl_hgemm_abf16_wbf16_bf16_t256x256x64x2_ks1_w2x4x1_bias0_ktail0_gm4_pht_gfx950,gluon,0.0,,256,256,False,in: 256x256,>=512
8192,16384,13312,False,bfloat16,tuned,3873,2048,1608.2,1572.5,flydsl,flydsl_hgemm_abf16_wbf16_bf16_t256x256x64x2_ks1_w2x4x1_bias0_ktail0_gm4_pht_gfx950,gluon,0.0,,256,256,False,in: 256x256,>=512
16384,16384,13312,False,bfloat16,tuned,5071,4096,1609.0,1572.8,asm,_ZN5aiter24bf16gemm_bf16_tn_256x256E,gluon,0.0,,256,256,False,in: 256x256,>=512
32768,16384,13312,False,bfloat16,tuned,6000,8192,1602.4,1553.3,flydsl,flydsl_hgemm_abf16_wbf16_bf16_t256x256x64x2_ks1_w2x4x1_bias0_ktail0_gm4_pht_gfx950,gluon,0.0,,256,256,False,in: 256x256,>=512
512,2304,16384,False,bfloat16,tuned,408,18,161.9,738.7,torch,native,torch:hipBLASLt,356.2,Cijk_Alik_Bljk_BBS_BH_Bias_HA_S_SAV_UserArgs_MT256x128x64_MI16x16x1_SN_LDSB1_AFC0_AFEM1_AFEM1_ASEM1_CLR1_CADS0_DTLA0_DTLB0_DTVA0_DTVB0_EPS0_FDSI0_GRPM1_GRVWA8_GRVWB8_GSU0_GSUAMB_GLS0_ISA950_IU1_K1_LDSTI0_LBSPPA1024_LBSPPB512_LBSPPM0_LPA16_LPB16_LPM0_LRVW8_LWPMn1_MIAV0_MIWT8_4_MO40_NTn1_NTA0_NTB0_NTC0_NTD0_NTM0_NEPBS0_NLCA1_NLCB1_ONLL1_PGR2_PLR1_PKA1_SIA3_SS1_SPO0_SRVW0_SSO0_SVW8_SK3_SKFTR0_SKXCCM0_TLDS1_ULSGRO0_USL1_UIOFGRO0_USFGRO0_VSn1_VWA8_VWB4_WSGRA0_WSGRB0_WS64_WG32_8_1 | Cijk_SB_BiasS_HAS_ScaleAlphaVec_PostGSU8_VW4,256,128,False,in: other listed tile,<128
512,4608,16384,False,bfloat16,tuned,448,36,321.4,583.2,flydsl,flydsl_hgemm_abf16_wbf16_bf16_t64x64x64x3_ks1_w1x1x1_bias0_ktail0_gm4_pft_gfx950,flydsl:flydsl_hgemm_abf16_wbf16_bf16_t64x64x64x3_ks1_w1x1x1_bias0_ktail0_gm4_pft_gfx950,81.4,,64,64,False,out: smaller tile,<128
512,9216,16384,False,bfloat16,tuned,471,72,588.9,643.2,flydsl,flydsl_hgemm_abf16_wbf16_bf16_t256x128x64x2_ks1_w2x2x1_bias0_ktail0_gm0_pht_gfx950,flydsl:flydsl_hgemm_abf16_wbf16_bf16_t256x128x64x2_ks1_w2x2x1_bias0_ktail0_gm0_pht_gfx950,9.2,,256,128,False,in: other listed tile,<128
512,13312,16384,False,bfloat16,tuned,479,104,777.0,548.0,flydsl,flydsl_hgemm_abf16_wbf16_bf16_t64x128x64x5_ks1_w1x2x2_bias0_ktail0_gm4_pft_gfx950,gluon,0.0,,256,256,False,in: 256x256,<128
512,26624,16384,False,bfloat16,tuned,487,208,1319.6,774.7,flydsl,flydsl_hgemm_abf16_wbf16_bf16_t128x256x64x2_ks1_w4x4x1_bias0_ktail0_gm4_pft_gfx950,gluon,0.0,,256,256,False,in: 256x256,128-255
512,53248,16384,False,bfloat16,tuned,492,416,1328.2,651.5,flydsl,flydsl_hgemm_abf16_wbf16_bf16_t128x128x64x2_ks1_w2x4x1_bias0_ktail0_gm0_pht_gfx950,gluon,0.0,,256,256,False,in: 256x256,256-511
1024,2304,16384,False,bfloat16,tuned,680,36,321.8,881.4,torch,native,torch:hipBLASLt,173.9,Cijk_Alik_Bljk_BBS_BH_Bias_HA_S_SAV_UserArgs_MT256x256x64_MI16x16x1_CMS_SN_LDSB0_AFC0_AFEM1_AFEM1_ASEM1_CLR1_CADS0_DTLA1_DTLB1_DTVA0_DTVB0_EPS0_FDSI0_GRPM1_GRVWA8_GRVWB8_GSU0_GSUAMB_GLS0_ISA950_IU1_K1_LDSTI0_LBSPPA1024_LBSPPB1024_LBSPPM0_LPA16_LPB16_LPM0_LRVW8_LWPMn1_MIAV0_MIWT8_8_MO40_NTn1_NTA0_NTB0_NTC0_NTD4_NTM0_NEPBS0_NLCA1_NLCB1_ONLL1_PGR2_PLR1_PKA1_SIA3_SS1_SPO0_SRVW0_SSO0_SVW8_SK3_SKFTR0_SKXCCM0_TLDS1_ULSGRO0_USL1_UIOFGRO0_USFGRO0_VSn1_VWA8_VWB8_WSGRA0_WSGRB0_WS64_WG32_8_1 | Cijk_SB_BiasS_HAS_ScaleAlphaVec_PostGSU8_VW4,256,256,False,in: 256x256,<128
1024,4608,16384,False,bfloat16,tuned,797,72,638.9,855.9,flydsl,flydsl_hgemm_abf16_wbf16_bf16_t128x128x64x2_ks1_w4x2x1_bias0_ktail0_gm4_pft_gfx950,flydsl:flydsl_hgemm_abf16_wbf16_bf16_t128x128x64x2_ks1_w4x2x1_bias0_ktail0_gm4_pft_gfx950,34.0,,128,128,False,in: other listed tile,<128
1024,9216,16384,False,bfloat16,tuned,873,144,1149.5,719.1,flydsl,flydsl_hgemm_abf16_wbf16_bf16_t128x256x64x2_ks1_w2x4x1_bias0_ktail0_gm0_pht_gfx950,gluon,0.0,,256,256,False,in: 256x256,128-255
1024,13312,16384,False,bfloat16,tuned,899,208,1387.0,1354.9,asm,_ZN5aiter24bf16gemm_bf16_tn_256x256E,gluon,0.0,,256,256,False,in: 256x256,128-255
1024,26624,16384,False,bfloat16,tuned,930,416,1400.6,972.8,flydsl,flydsl_hgemm_abf16_wbf16_bf16_t128x256x64x3_ks1_w2x4x1_bias0_ktail0_gm4_pft_gfx950,gluon,0.0,,256,256,False,in: 256x256,256-511
1024,53248,16384,False,bfloat16,tuned,947,832,1397.5,1006.7,triton,auto,gluon,0.0,,256,256,False,in: 256x256,>=512
2048,2304,16384,False,bfloat16,tuned,1017,72,642.2,945.9,torch,native,torch:hipBLASLt,47.3,Cijk_Alik_Bljk_BBS_BH_Bias_HA_S_SAV_UserArgs_MT256x256x64_MI16x16x1_CMS_SN_LDSB0_AFC0_AFEM1_AFEM1_ASEM1_CLR1_CADS0_DTLA1_DTLB1_DTVA0_DTVB0_EPS0_FDSI0_GRPM1_GRVWA8_GRVWB8_GSU0_GSUAMB_GLS0_ISA950_IU1_K1_LDSTI0_LBSPPA1024_LBSPPB1024_LBSPPM0_LPA16_LPB16_LPM0_LRVW8_LWPMn1_MIAV0_MIWT8_8_MO40_NTn1_NTA0_NTB0_NTC0_NTD4_NTM0_NEPBS0_NLCA1_NLCB1_ONLL1_PGR2_PLR1_PKA1_SIA3_SS1_SPO0_SRVW0_SSO0_SVW8_SK3_SKFTR0_SKXCCM0_TLDS1_ULSGRO0_USL1_UIOFGRO0_USFGRO0_VSn1_VWA8_VWB8_WSGRA0_WSGRB0_WS64_WG32_8_1,256,256,False,in: 256x256,<128
2048,4608,16384,False,bfloat16,tuned,1305,144,1233.4,751.0,flydsl,flydsl_hgemm_abf16_wbf16_bf16_t256x128x64x3_ks1_w4x2x1_bias0_ktail0_gm4_pft_gfx950,gluon,0.0,,256,256,False,in: 256x256,128-255
2048,9216,16384,False,bfloat16,tuned,1520,288,1115.3,925.3,flydsl,flydsl_hgemm_abf16_wbf16_bf16_t128x128x128x2_ks1_w2x2x1_bias0_ktail0_gm4_pht_gfx950,gluon,0.0,,256,256,False,in: 256x256,256-511
2048,13312,16384,False,bfloat16,tuned,1601,416,1425.6,1388.4,flydsl,flydsl_hgemm_abf16_wbf16_bf16_t256x256x64x2_ks1_w2x4x1_bias0_ktail0_gm4_pht_gfx950,gluon,0.0,,256,256,False,in: 256x256,256-511
2048,26624,16384,False,bfloat16,tuned,1704,832,1432.5,926.0,flydsl,flydsl_hgemm_abf16_wbf16_bf16_t128x128x64x4_ks1_w2x2x1_bias0_ktail0_gm4_pft_gfx950,gluon,0.0,,256,256,False,in: 256x256,>=512
2048,53248,16384,False,bfloat16,tuned,1760,1664,1552.5,808.4,flydsl,flydsl_hgemm_abf16_wbf16_bf16_t128x256x64x3_ks1_w2x4x1_bias0_ktail0_gm0_pft_gfx950,gluon,0.0,,256,256,False,in: 256x256,>=512
4096,2304,16384,False,bfloat16,tuned,1353,144,1239.7,1341.5,torch,native,torch:hipBLASLt,8.2,Cijk_Alik_Bljk_BBS_BH_Bias_HA_S_SAV_UserArgs_MT144x256x64_MI16x16x1_SN_LDSB0_AFC0_AFEM1_AFEM1_ASEM1_CLR1_CADS0_DTLA0_DTLB0_DTVA0_DTVB0_EPS0_FDSI0_GRPM1_GRVWA4_GRVWB8_GSU0_GSUAMB_GLS0_ISA950_IU1_K1_LDSTI0_LBSPPA128_LBSPPB512_LBSPPM0_LPA16_LPB16_LPM0_LRVW8_LWPMn1_MIAV0_MIWT9_4_MO40_NTn1_NTA0_NTB0_NTC0_NTD0_NTM0_NEPBS0_NLCA1_NLCB1_ONLL1_PGR2_PLR1_PKA1_SIA3_SS1_SPO0_SRVW0_SSO0_SVW1_SK3_SKFTR0_SKXCCM0_TLDS1_ULSGRO0_USL1_UIOFGRO0_USFGRO0_VSn1_VWA1_VWB4_WSGRA0_WSGRB0_WS64_WG16_16_1,144,256,False,in: non-pow2 tile,128-255
4096,4608,16384,False,bfloat16,tuned,1915,288,1124.0,1278.3,torch,native,torch:hipBLASLt,13.7,Cijk_Alik_Bljk_BBS_BH_Bias_HA_S_SAV_UserArgs_MT144x256x64_MI16x16x1_SN_LDSB0_AFC0_AFEM1_AFEM1_ASEM1_CLR1_CADS0_DTLA0_DTLB0_DTVA0_DTVB0_EPS0_FDSI0_GRPM1_GRVWA4_GRVWB8_GSU0_GSUAMB_GLS0_ISA950_IU1_K1_LDSTI0_LBSPPA128_LBSPPB512_LBSPPM0_LPA16_LPB16_LPM0_LRVW8_LWPMn1_MIAV0_MIWT9_4_MO40_NTn1_NTA0_NTB0_NTC0_NTD0_NTM0_NEPBS0_NLCA1_NLCB1_ONLL1_PGR2_PLR1_PKA1_SIA3_SS1_SPO0_SRVW0_SSO0_SVW1_SK3_SKFTR0_SKXCCM0_TLDS1_ULSGRO0_USL1_UIOFGRO0_USFGRO0_VSn1_VWA1_VWB4_WSGRA0_WSGRB0_WS64_WG16_16_1,144,256,False,in: non-pow2 tile,256-511
4096,9216,16384,False,bfloat16,tuned,2417,576,1398.0,1359.7,torch,native,gluon,0.0,,256,256,False,in: 256x256,>=512
4096,13312,16384,False,bfloat16,tuned,2630,832,1443.0,1415.9,flydsl,flydsl_hgemm_abf16_wbf16_bf16_t256x256x64x2_ks1_w2x4x1_bias0_ktail0_gm4_pht_gfx950,gluon,0.0,,256,256,False,in: 256x256,>=512
4096,26624,16384,False,bfloat16,tuned,2918,1664,1571.2,1531.1,flydsl,flydsl_hgemm_abf16_wbf16_bf16_t256x256x64x2_ks1_w2x4x1_bias0_ktail0_gm4_pht_gfx950,gluon,0.0,,256,256,False,in: 256x256,>=512
4096,53248,16384,False,bfloat16,tuned,3087,3328,1623.5,1585.0,flydsl,flydsl_hgemm_abf16_wbf16_bf16_t256x256x64x2_ks1_w2x4x1_bias0_ktail0_gm4_pht_gfx950,gluon,0.0,,256,256,False,in: 256x256,>=512
8192,2304,16384,False,bfloat16,tuned,1620,288,1045.7,1211.7,torch,native,torch:hipBLASLt,15.9,Cijk_Alik_Bljk_BBS_BH_Bias_HA_S_SAV_UserArgs_MT144x256x64_MI16x16x1_SN_LDSB0_AFC0_AFEM1_AFEM1_ASEM1_CLR1_CADS0_DTLA0_DTLB0_DTVA0_DTVB0_EPS0_FDSI0_GRPM1_GRVWA4_GRVWB8_GSU0_GSUAMB_GLS0_ISA950_IU1_K1_LDSTI0_LBSPPA128_LBSPPB512_LBSPPM0_LPA16_LPB16_LPM0_LRVW8_LWPMn1_MIAV0_MIWT9_4_MO40_NTn1_NTA0_NTB0_NTC0_NTD0_NTM0_NEPBS0_NLCA1_NLCB1_ONLL1_PGR2_PLR1_PKA1_SIA3_SS1_SPO0_SRVW0_SSO0_SVW1_SK3_SKFTR0_SKXCCM0_TLDS1_ULSGRO0_USL1_UIOFGRO0_USFGRO0_VSn1_VWA1_VWB4_WSGRA0_WSGRB0_WS64_WG16_16_1,144,256,False,in: non-pow2 tile,256-511
8192,4608,16384,False,bfloat16,tuned,2499,576,1328.0,1378.5,torch,native,torch:hipBLASLt,3.8,Cijk_Alik_Bljk_BBS_BH_Bias_HA_S_SAV_UserArgs_MT192x256x64_MI16x16x1_SN_LDSB0_AFC0_AFEM1_AFEM1_ASEM1_CLR1_CADS0_DTLA0_DTLB0_DTVA0_DTVB0_EPS0_FDSI0_GRPM1_GRVWA8_GRVWB8_GSU0_GSUAMB_GLS0_ISA950_IU1_K1_LDSTI0_LBSPPA256_LBSPPB1024_LBSPPM0_LPA16_LPB16_LPM0_LRVW8_LWPMn1_MIAV0_MIWT6_8_MO40_NTn1_NTA0_NTB0_NTC0_NTD0_NTM0_NEPBS0_NLCA1_NLCB1_ONLL1_PGR2_PLR1_PKA1_SIA3_SS1_SPO0_SRVW0_SSO0_SVW2_SK3_SKFTR0_SKXCCM0_TLDS1_ULSGRO0_USL1_UIOFGRO0_USFGRO0_VSn1_VWA2_VWB8_WSGRA0_WSGRB0_WS64_WG32_8_1,192,256,False,in: non-pow2 tile,>=512
8192,9216,16384,False,bfloat16,tuned,3429,1152,1485.2,1427.6,flydsl,flydsl_hgemm_abf16_wbf16_bf16_t256x256x64x2_ks1_w2x4x1_bias0_ktail0_gm0_pht_gfx950,gluon,0.0,,256,256,False,in: 256x256,>=512
8192,13312,16384,False,bfloat16,tuned,3873,1664,1521.8,1489.6,flydsl,flydsl_hgemm_abf16_wbf16_bf16_t256x256x64x2_ks1_w2x4x1_bias0_ktail0_gm4_pht_gfx950,gluon,0.0,,256,256,False,in: 256x256,>=512
8192,26624,16384,False,bfloat16,tuned,4532,3328,1574.2,1555.3,flydsl,flydsl_hgemm_abf16_wbf16_bf16_t256x256x64x2_ks1_w2x4x1_bias0_ktail0_gm4_pht_gfx950,gluon,0.0,,256,256,False,in: 256x256,>=512
8192,53248,16384,False,bfloat16,tuned,4953,6656,1594.0,1551.6,flydsl,flydsl_hgemm_abf16_wbf16_bf16_t256x256x64x2_ks1_w2x4x1_bias0_ktail0_gm4_pht_gfx950,gluon,0.0,,256,256,False,in: 256x256,>=512
16384,2304,16384,False,bfloat16,tuned,1798,576,1332.8,1380.3,torch,native,torch:hipBLASLt,3.6,Cijk_Alik_Bljk_BBS_BH_Bias_HA_S_SAV_UserArgs_MT192x256x64_MI16x16x1_SN_LDSB0_AFC0_AFEM1_AFEM1_ASEM1_CLR1_CADS0_DTLA0_DTLB0_DTVA0_DTVB0_EPS0_FDSI0_GRPM1_GRVWA8_GRVWB8_GSU0_GSUAMB_GLS0_ISA950_IU1_K1_LDSTI0_LBSPPA256_LBSPPB1024_LBSPPM0_LPA16_LPB16_LPM0_LRVW8_LWPMn1_MIAV0_MIWT6_8_MO40_NTn1_NTA0_NTB0_NTC0_NTD0_NTM0_NEPBS0_NLCA1_NLCB1_ONLL1_PGR2_PLR1_PKA1_SIA3_SS1_SPO0_SRVW0_SSO0_SVW2_SK3_SKFTR0_SKXCCM0_TLDS1_ULSGRO0_USL1_UIOFGRO0_USFGRO0_VSn1_VWA2_VWB8_WSGRA0_WSGRB0_WS64_WG32_8_1,192,256,False,in: non-pow2 tile,>=512
16384,4608,16384,False,bfloat16,tuned,2949,1152,1476.2,1452.0,flydsl,flydsl_hgemm_abf16_wbf16_bf16_t256x256x64x2_ks1_w2x4x1_bias0_ktail0_gm4_pht_gfx950,gluon,0.0,,256,256,False,in: 256x256,>=512
16384,9216,16384,False,bfloat16,tuned,4337,2304,1594.4,1553.0,flydsl,flydsl_hgemm_abf16_wbf16_bf16_t256x256x64x2_ks1_w2x4x1_bias0_ktail0_gm4_pht_gfx950,gluon,0.0,,256,256,False,in: 256x256,>=512
16384,13312,16384,False,bfloat16,tuned,5071,3328,1590.7,1542.9,asm,_ZN5aiter24bf16gemm_bf16_tn_256x256E,gluon,0.0,,256,256,False,in: 256x256,>=512
16384,26624,16384,False,bfloat16,tuned,6264,6656,1603.3,1550.3,flydsl,flydsl_hgemm_abf16_wbf16_bf16_t256x256x64x2_ks1_w2x4x1_bias0_ktail0_gm4_pht_gfx950,gluon,0.0,,256,256,False,in: 256x256,>=512
16384,53248,16384,False,bfloat16,tuned,7100,13312,1601.4,1541.1,asm,_ZN5aiter24bf16gemm_bf16_tn_256x256E,gluon,0.0,,256,256,False,in: 256x256,>=512
32768,2304,16384,False,bfloat16,tuned,1903,1152,1475.2,1442.0,flydsl,flydsl_hgemm_abf16_wbf16_bf16_t256x256x64x2_ks1_w2x4x1_bias0_ktail0_gm4_pht_gfx950,gluon,0.0,,256,256,False,in: 256x256,>=512
32768,4608,16384,False,bfloat16,tuned,3241,2304,1585.2,1561.1,torch,native,gluon,0.0,,256,256,False,in: 256x256,>=512
32768,9216,16384,False,bfloat16,tuned,4999,4608,1599.4,1518.2,asm,_ZN5aiter24bf16gemm_bf16_tn_256x256E,gluon,0.0,,256,256,False,in: 256x256,>=512
32768,13312,16384,False,bfloat16,tuned,6000,6656,1591.2,1535.3,asm,_ZN5aiter24bf16gemm_bf16_tn_256x256E,gluon,0.0,,256,256,False,in: 256x256,>=512
32768,26624,16384,False,bfloat16,tuned,7745,13312,1600.8,1544.7,flydsl,flydsl_hgemm_abf16_wbf16_bf16_t256x256x64x2_ks1_w2x4x1_bias0_ktail0_gm4_pht_gfx950,gluon,0.0,,256,256,False,in: 256x256,>=512
32768,53248,16384,False,bfloat16,tuned,9063,26624,1600.3,1497.6,flydsl,flydsl_hgemm_abf16_wbf16_bf16_t256x256x64x2_ks1_w2x4x1_bias0_ktail0_gm4_pht_gfx950,gluon,0.0,,256,256,False,in: 256x256,>=512
512,6144,18432,False,bfloat16,tuned,461,48,430.9,930.0,flydsl,flydsl_hgemm_abf16_wbf16_bf16_t128x256x64x3_ks2_w2x4x2_bias0_ktail0_gm0_pft_gfx950,flydsl:flydsl_hgemm_abf16_wbf16_bf16_t128x256x64x3_ks2_w2x4x2_bias0_ktail0_gm0_pft_gfx950,115.8,,128,256,True,out: split-K,<128
1024,6144,18432,False,bfloat16,tuned,838,96,789.5,1235.3,torch,native,torch:hipBLASLt,56.5,Cijk_Alik_Bljk_BBS_BH_Bias_HA_S_SAV_UserArgs_MT192x256x64_MI16x16x1_SN_LDSB0_AFC0_AFEM1_AFEM1_ASEM1_CLR1_CADS0_DTLA0_DTLB0_DTVA0_DTVB0_EPS0_FDSI0_GRPM1_GRVWA8_GRVWB8_GSU0_GSUAMB_GLS0_ISA950_IU1_K1_LDSTI0_LBSPPA256_LBSPPB1024_LBSPPM0_LPA16_LPB16_LPM0_LRVW8_LWPMn1_MIAV0_MIWT6_8_MO40_NTn1_NTA0_NTB0_NTC0_NTD0_NTM0_NEPBS0_NLCA1_NLCB1_ONLL1_PGR2_PLR1_PKA1_SIA3_SS1_SPO0_SRVW0_SSO0_SVW2_SK3_SKFTR0_SKXCCM0_TLDS1_ULSGRO0_USL1_UIOFGRO0_USFGRO0_VSn1_VWA2_VWB8_WSGRA0_WSGRB0_WS64_WG32_8_1,192,256,False,in: non-pow2 tile,<128
2048,6144,18432,False,bfloat16,tuned,1418,192,1359.4,1368.1,torch,native,torch:hipBLASLt,0.6,Cijk_Alik_Bljk_BBS_BH_Bias_HA_S_SAV_UserArgs_MT192x256x64_MI16x16x1_SN_LDSB0_AFC0_AFEM1_AFEM1_ASEM1_CLR1_CADS0_DTLA0_DTLB0_DTVA0_DTVB0_EPS0_FDSI0_GRPM1_GRVWA8_GRVWB8_GSU0_GSUAMB_GLS0_ISA950_IU1_K1_LDSTI0_LBSPPA256_LBSPPB1024_LBSPPM0_LPA16_LPB16_LPM0_LRVW8_LWPMn1_MIAV0_MIWT6_8_MO40_NTn1_NTA0_NTB0_NTC0_NTD0_NTM0_NEPBS0_NLCA1_NLCB1_ONLL1_PGR2_PLR1_PKA1_SIA3_SS1_SPO0_SRVW0_SSO0_SVW2_SK3_SKFTR0_SKXCCM0_TLDS1_ULSGRO0_USL1_UIOFGRO0_USFGRO0_VSn1_VWA2_VWB8_WSGRA0_WSGRB0_WS64_WG32_8_1,192,256,False,in: non-pow2 tile,128-255
4096,6144,18432,False,bfloat16,tuned,2168,384,1387.6,1364.0,torch,native,gluon,0.0,,256,256,False,in: 256x256,256-511
8192,6144,18432,False,bfloat16,tuned,2949,768,1603.8,1559.1,torch,native,gluon,0.0,,256,256,False,in: 256x256,>=512
16384,6144,18432,False,bfloat16,tuned,3596,1536,1613.3,1591.8,asm,_ZN5aiter24bf16gemm_bf16_tn_256x256E,gluon,0.0,,256,256,False,in: 256x256,>=512
32768,6144,18432,False,bfloat16,tuned,4040,3072,1619.8,1584.4,asm,_ZN5aiter24bf16gemm_bf16_tn_256x256E,gluon,0.0,,256,256,False,in: 256x256,>=512
512,5120,25600,False,bfloat16,tuned,457,40,325.8,457.6,flydsl,flydsl_hgemm_abf16_wbf16_bf16_t128x64x64x2_ks1_w4x1x2_bias0_ktail0_gm4_pft_gfx950,flydsl:flydsl_hgemm_abf16_wbf16_bf16_t128x64x64x2_ks1_w4x1x2_bias0_ktail0_gm4_pft_gfx950,40.5,,128,64,False,in: other listed tile,<128
1024,5120,25600,False,bfloat16,tuned,826,80,653.6,1185.7,torch,native,torch:hipBLASLt,81.4,Cijk_Alik_Bljk_BBS_BH_Bias_HA_S_SAV_UserArgs_MT160x256x64_MI16x16x1_SN_LDSB0_AFC0_AFEM1_AFEM1_ASEM1_CLR1_CADS0_DTLA0_DTLB0_DTVA0_DTVB0_EPS0_FDSI0_GRPM1_GRVWA8_GRVWB8_GSU0_GSUAMB_GLS0_ISA950_IU1_K1_LDSTI0_LBSPPA128_LBSPPB1024_LBSPPM0_LPA16_LPB16_LPM0_LRVW8_LWPMn1_MIAV0_MIWT5_8_MO40_NTn1_NTA0_NTB0_NTC0_NTD0_NTM0_NEPBS0_NLCA1_NLCB1_ONLL1_PGR2_PLR1_PKA1_SIA3_SS1_SPO0_SRVW0_SSO0_SVW1_SK3_SKFTR0_SKXCCM0_TLDS1_ULSGRO0_USL1_UIOFGRO0_USFGRO0_VSn1_VWA1_VWB8_WSGRA0_WSGRB0_WS64_WG32_8_1,160,256,False,in: non-pow2 tile,<128
2048,5120,25600,False,bfloat16,tuned,1384,160,1172.6,1314.0,torch,native,torch:hipBLASLt,12.1,Cijk_Alik_Bljk_BBS_BH_Bias_HA_S_SAV_UserArgs_MT160x256x64_MI16x16x1_SN_LDSB0_AFC0_AFEM1_AFEM1_ASEM1_CLR1_CADS0_DTLA0_DTLB0_DTVA0_DTVB0_EPS0_FDSI0_GRPM1_GRVWA8_GRVWB8_GSU0_GSUAMB_GLS0_ISA950_IU1_K1_LDSTI0_LBSPPA128_LBSPPB1024_LBSPPM0_LPA16_LPB16_LPM0_LRVW8_LWPMn1_MIAV0_MIWT5_8_MO40_NTn1_NTA0_NTB0_NTC0_NTD0_NTM0_NEPBS0_NLCA1_NLCB1_ONLL1_PGR2_PLR1_PKA1_SIA3_SS1_SPO0_SRVW0_SSO0_SVW1_SK3_SKFTR0_SKXCCM0_TLDS1_ULSGRO0_USL1_UIOFGRO0_USFGRO0_VSn1_VWA1_VWB8_WSGRA0_WSGRB0_WS64_WG32_8_1,160,256,False,in: non-pow2 tile,128-255
4096,5120,25600,False,bfloat16,tuned,2090,320,1157.7,1293.2,torch,native,torch:hipBLASLt,11.7,Cijk_Alik_Bljk_BBS_BH_Bias_HA_S_SAV_UserArgs_MT160x256x64_MI16x16x1_SN_LDSB0_AFC0_AFEM1_AFEM1_ASEM1_CLR1_CADS0_DTLA0_DTLB0_DTVA0_DTVB0_EPS0_FDSI0_GRPM1_GRVWA8_GRVWB8_GSU0_GSUAMB_GLS0_ISA950_IU1_K1_LDSTI0_LBSPPA128_LBSPPB1024_LBSPPM0_LPA16_LPB16_LPM0_LRVW8_LWPMn1_MIAV0_MIWT5_8_MO40_NTn1_NTA0_NTB0_NTC0_NTD0_NTM0_NEPBS0_NLCA1_NLCB1_ONLL1_PGR2_PLR1_PKA1_SIA3_SS1_SPO0_SRVW0_SSO0_SVW1_SK3_SKFTR0_SKXCCM0_TLDS1_ULSGRO0_USL1_UIOFGRO0_USFGRO0_VSn1_VWA1_VWB8_WSGRA0_WSGRB0_WS64_WG32_8_1,160,256,False,in: non-pow2 tile,256-511
8192,5120,25600,False,bfloat16,tuned,2805,640,1431.4,1431.7,asm,_ZN5aiter24bf16gemm_bf16_tn_256x256E,asm:_ZN5aiter24bf16gemm_bf16_tn_256x256E,0.0,,256,256,False,in: 256x256,>=512
16384,5120,25600,False,bfloat16,tuned,3385,1280,1615.9,1565.3,torch,native,gluon,0.0,,256,256,False,in: 256x256,>=512
32768,5120,25600,False,bfloat16,tuned,3775,2560,1616.7,1547.5,torch,native,gluon,0.0,,256,256,False,in: 256x256,>=512
512,16384,26624,False,bfloat16,tuned,487,128,903.1,652.3,flydsl,flydsl_hgemm_abf16_wbf16_bf16_t128x64x64x2_ks1_w2x1x2_bias0_ktail0_gm4_pft_gfx950,gluon,0.0,,256,256,False,in: 256x256,128-255
1024,16384,26624,False,bfloat16,tuned,930,256,1569.1,799.1,flydsl,flydsl_hgemm_abf16_wbf16_bf16_t256x64x128x2_ks1_w4x2x1_bias0_ktail0_gm4_pft_gfx950,gluon,0.0,,256,256,False,in: 256x256,256-511
2048,16384,26624,False,bfloat16,tuned,1704,512,1601.8,833.6,flydsl,flydsl_hgemm_abf16_wbf16_bf16_t128x128x64x4_ks1_w2x2x2_bias0_ktail0_gm0_pft_gfx950,gluon,0.0,,256,256,False,in: 256x256,>=512
4096,16384,26624,False,bfloat16,tuned,2918,1024,1624.1,1595.7,flydsl,flydsl_hgemm_abf16_wbf16_bf16_t256x256x64x2_ks1_w2x4x1_bias0_ktail0_gm4_pht_gfx950,gluon,0.0,,256,256,False,in: 256x256,>=512
8192,16384,26624,False,bfloat16,tuned,4532,2048,1626.3,238.0,asm,_ZN5aiter37bf16gemm_fp32bf16_tn_48x64_pf3_splitkE,gluon,0.0,,256,256,False,in: 256x256,>=512
16384,16384,26624,False,bfloat16,tuned,6264,4096,1629.6,1592.8,asm,_ZN5aiter24bf16gemm_bf16_tn_256x256E,gluon,0.0,,256,256,False,in: 256x256,>=512
32768,16384,26624,False,bfloat16,tuned,7745,8192,1633.4,1558.7,asm,_ZN5aiter24bf16gemm_bf16_tn_256x256E,gluon,0.0,,256,256,False,in: 256x256,>=512
512,8192,28672,False,bfloat16,tuned,474,64,474.4,787.0,flydsl,flydsl_hgemm_abf16_wbf16_bf16_t128x256x64x2_ks2_w2x4x1_bias0_ktail0_gm0_pft_gfx950,flydsl:flydsl_hgemm_abf16_wbf16_bf16_t128x256x64x2_ks2_w2x4x1_bias0_ktail0_gm0_pft_gfx950,65.9,,128,256,True,out: split-K,<128
1024,8192,28672,False,bfloat16,tuned,882,128,952.3,695.2,triton,auto,gluon,0.0,,256,256,False,in: 256x256,128-255
2048,8192,28672,False,bfloat16,tuned,1550,256,1615.3,1058.3,flydsl,flydsl_hgemm_abf16_wbf16_bf16_t128x128x64x2_ks1_w4x4x1_bias0_ktail0_gm0_pft_gfx950,gluon,0.0,,256,256,False,in: 256x256,256-511
4096,8192,28672,False,bfloat16,tuned,2493,512,1626.5,1585.2,flydsl,flydsl_hgemm_abf16_wbf16_bf16_t256x256x64x2_ks1_w2x4x1_bias0_ktail0_gm4_pht_gfx950,gluon,0.0,,256,256,False,in: 256x256,>=512
8192,8192,28672,False,bfloat16,tuned,3584,1024,1620.5,1598.6,asm,_ZN5aiter24bf16gemm_bf16_tn_256x256E,gluon,0.0,,256,256,False,in: 256x256,>=512
16384,8192,28672,False,bfloat16,tuned,4588,2048,1625.4,1586.5,asm,_ZN5aiter24bf16gemm_bf16_tn_256x256E,gluon,0.0,,256,256,False,in: 256x256,>=512
32768,8192,28672,False,bfloat16,tuned,5334,4096,1629.2,1586.5,asm,_ZN5aiter24bf16gemm_bf16_tn_256x256E,gluon,0.0,,256,256,False,in: 256x256,>=512
512,7168,35840,False,bfloat16,tuned,472,56,439.4,827.5,flydsl,flydsl_hgemm_abf16_wbf16_bf16_t128x128x64x4_ks1_w2x2x2_bias0_ktail0_gm0_pft_gfx950,flydsl:flydsl_hgemm_abf16_wbf16_bf16_t128x128x64x4_ks1_w2x2x2_bias0_ktail0_gm0_pft_gfx950,88.3,,128,128,False,in: other listed tile,<128
1024,7168,35840,False,bfloat16,tuned,874,112,869.3,577.7,flydsl,flydsl_hgemm_abf16_wbf16_bf16_t64x128x64x2_ks1_w2x2x1_bias0_ktail0_gm0_pft_gfx950,gluon,0.0,,256,256,False,in: 256x256,<128
2048,7168,35840,False,bfloat16,tuned,1525,224,1514.1,1477.7,asm,_ZN5aiter24bf16gemm_bf16_tn_256x256E,gluon,0.0,,256,256,False,in: 256x256,128-255
4096,7168,35840,False,bfloat16,tuned,2430,448,1524.7,1498.9,flydsl,flydsl_hgemm_abf16_wbf16_bf16_t256x256x64x2_ks1_w2x4x1_bias0_ktail0_gm4_pht_gfx950,gluon,0.0,,256,256,False,in: 256x256,256-511
8192,7168,35840,False,bfloat16,tuned,3454,896,1496.6,1467.6,asm,_ZN5aiter24bf16gemm_bf16_tn_256x256E,gluon,0.0,,256,256,False,in: 256x256,>=512
16384,7168,35840,False,bfloat16,tuned,4377,1792,1629.5,1545.0,torch,native,gluon,0.0,,256,256,False,in: 256x256,>=512
32768,7168,35840,False,bfloat16,tuned,5052,3584,1634.6,1550.9,flydsl,flydsl_hgemm_abf16_wbf16_bf16_t256x256x64x2_ks1_w2x4x1_bias0_ktail0_gm4_pht_gfx950,gluon,0.0,,256,256,False,in: 256x256,>=512
