M,N,K,bias,out,src,AI,tiles,gluon_tflops,aiter_pick_tflops,aiter_pick,aiter_kernel,winner,gap_pct,hbl,bm,bn,sk,scope,band
1024,3072,512,False,bfloat16,tuned,307,48,226.0,462.5,flydsl,flydsl_hgemm_abf16_wbf16_bf16_t128x96x64x4_ks1_w2x2x1_bias0_ktail0_gm0_pft_gfx950,flydsl:flydsl_hgemm_abf16_wbf16_bf16_t128x96x64x4_ks1_w2x2x1_bias0_ktail0_gm0_pft_gfx950,104.6,,128,96,False,in: non-pow2 tile,<128
1024,4096,512,False,bfloat16,tuned,315,64,285.7,529.9,flydsl,flydsl_hgemm_abf16_wbf16_bf16_t128x128x64x3_ks1_w4x4x1_bias0_ktail0_gm0_pft_gfx950,flydsl:flydsl_hgemm_abf16_wbf16_bf16_t128x128x64x3_ks1_w4x4x1_bias0_ktail0_gm0_pft_gfx950,85.5,,128,128,False,in: other listed tile,<128
1024,7168,512,False,bfloat16,tuned,326,112,460.1,615.5,flydsl,flydsl_hgemm_abf16_wbf16_bf16_t128x128x64x2_ks1_w4x2x1_bias0_ktail0_gm0_pft_gfx950,flydsl:flydsl_hgemm_abf16_wbf16_bf16_t128x128x64x2_ks1_w4x2x1_bias0_ktail0_gm0_pft_gfx950,33.8,,128,128,False,in: other listed tile,<128
2048,2048,512,False,bfloat16,tuned,341,64,285.5,532.5,flydsl,flydsl_hgemm_abf16_wbf16_bf16_t128x128x64x3_ks1_w4x2x1_bias0_ktail0_gm0_pft_gfx950,flydsl:flydsl_hgemm_abf16_wbf16_bf16_t128x128x64x3_ks1_w4x2x1_bias0_ktail0_gm0_pft_gfx950,86.5,,128,128,False,in: other listed tile,<128
2048,4096,512,False,bfloat16,tuned,372,128,498.1,622.9,torch,native,torch:hipBLASLt,25.1,Cijk_Alik_Bljk_BBS_BH_Bias_HA_S_SAV_UserArgs_MT256x128x64_MI16x16x1_SN_LDSB1_AFC0_AFEM1_AFEM1_ASEM1_CLR1_CADS0_DTLA0_DTLB0_DTVA0_DTVB0_EPS0_FDSI0_GRPM1_GRVWA8_GRVWB8_GSU0_GSUAMB_GLS0_ISA950_IU1_K1_LDSTI0_LBSPPA1024_LBSPPB512_LBSPPM0_LPA16_LPB16_LPM0_LRVW8_LWPMn1_MIAV0_MIWT8_4_MO40_NTn1_NTA0_NTB0_NTC0_NTD0_NTM0_NEPBS0_NLCA1_NLCB1_ONLL1_PGR2_PLR1_PKA1_SIA3_SS1_SPO0_SRVW0_SSO0_SVW8_SK3_SKFTR0_SKXCCM0_TLDS1_ULSGRO0_USL1_UIOFGRO0_USFGRO0_VSn1_VWA8_VWB4_WSGRA0_WSGRB0_WS64_WG32_8_1,256,128,False,in: other listed tile,128-255
4096,2048,512,False,bfloat16,tuned,372,128,495.5,669.9,torch,native,torch:hipBLASLt,35.2,Cijk_Alik_Bljk_BBS_BH_Bias_HA_S_SAV_UserArgs_MT256x128x64_MI16x16x1_SN_LDSB0_AFC1_AFEM1_AFEM1_ASEM1_CLR0_CADS0_DTLA1_DTLB1_DTVA0_DTVB0_EPS0_FDSI0_GRPM1_GRVWA8_GRVWB8_GSU0_GSUAMB_GLS0_ISA950_IU1_K1_LDSTI0_LBSPPA1024_LBSPPB1024_LBSPPM0_LPA16_LPB16_LPM0_LRVW8_LWPMn1_MIAV0_MIWT8_4_MO40_NTn1_NTA3_NTB1_NTC6_NTD4_NTM0_NEPBS16_NLCA1_NLCB1_ONLL1_PGR2_PLR1_PKA1_SIA3_SS1_SPO0_SRVW0_SSO1_SVW8_SK3_SKFTR0_SKXCCM4_TLDS1_ULSGRO0_USL1_UIOFGRO0_USFGROn1_VSn1_VWA8_VWB4_WSGRA0_WSGRB0_WS64_WG32_8_1,256,128,False,in: other listed tile,128-255
4096,4096,512,False,bfloat16,tuned,410,256,860.9,807.1,torch,native,gluon,0.0,,256,256,False,in: 256x256,256-511
4096,7168,512,False,bfloat16,tuned,428,448,881.2,858.8,flydsl,flydsl_hgemm_abf16_wbf16_bf16_t256x256x64x2_ks1_w2x4x1_bias0_ktail0_gm0_pht_gfx950,gluon,0.0,,256,256,False,in: 256x256,256-511
8192,2048,512,False,bfloat16,tuned,390,256,868.0,808.1,torch,native,gluon,0.0,,256,256,False,in: 256x256,256-511
8192,4096,512,False,bfloat16,tuned,431,512,931.3,863.6,flydsl,flydsl_hgemm_abf16_wbf16_bf16_t256x256x64x2_ks1_w2x4x1_bias0_ktail0_gm0_pht_gfx950,gluon,0.0,,256,256,False,in: 256x256,>=512
16384,2048,512,False,bfloat16,tuned,400,512,931.1,862.6,torch,native,gluon,0.0,,256,256,False,in: 256x256,>=512
16384,4096,512,False,bfloat16,tuned,443,1024,977.3,942.5,torch,native,gluon,0.0,,256,256,False,in: 256x256,>=512
16384,7168,512,False,bfloat16,tuned,464,1792,1016.9,992.8,torch,native,gluon,0.0,,256,256,False,in: 256x256,>=512
32768,2048,512,False,bfloat16,tuned,405,1024,979.6,948.0,torch,native,gluon,0.0,,256,256,False,in: 256x256,>=512
1024,5120,640,False,bfloat16,tuned,366,80,379.2,528.2,torch,native,torch:hipBLASLt,39.3,Cijk_Alik_Bljk_BBS_BH_Bias_HA_S_SAV_UserArgs_MT160x128x128_MI16x16x1_SN_LDSB1_AFC0_AFEM1_AFEM1_ASEM1_CLR1_CADS0_DTLA0_DTLB0_DTVA0_DTVB0_EPS0_FDSI0_GRPM1_GRVWA8_GRVWB8_GSU0_GSUAMB_GLS0_ISA950_IU1_K1_LDSTI0_LBSPPA256_LBSPPB1024_LBSPPM0_LPA16_LPB16_LPM0_LRVW8_LWPMn1_MIAV0_MIWT5_4_MO40_NTn1_NTA0_NTB0_NTC0_NTD0_NTM0_NEPBS0_NLCA1_NLCB1_ONLL1_PGR2_PLR1_PKA1_SIA3_SS1_SPO0_SRVW0_SSO0_SVW1_SK3_SKFTR0_SKXCCM0_TLDS1_ULSGRO0_USL1_UIOFGRO0_USFGRO0_VSn1_VWA1_VWB4_WSGRA0_WSGRB0_WS64_WG32_8_1,160,128,False,in: non-pow2 tile,<128
2048,5120,640,False,bfloat16,tuned,445,160,681.0,675.7,flydsl,flydsl_hgemm_abf16_wbf16_bf16_t256x256x64x2_ks1_w2x4x1_bias0_ktail0_gm0_pht_gfx950,gluon,0.0,,256,256,False,in: 256x256,128-255
4096,5120,640,False,bfloat16,tuned,500,320,754.2,816.4,flydsl,flydsl_hgemm_abf16_wbf16_bf16_t128x128x64x2_ks1_w4x2x1_bias0_ktail0_gm0_pft_gfx950,flydsl:flydsl_hgemm_abf16_wbf16_bf16_t128x128x64x2_ks1_w4x2x1_bias0_ktail0_gm0_pft_gfx950,8.2,,128,128,False,in: other listed tile,256-511
8192,5120,640,False,bfloat16,tuned,532,640,938.4,898.1,torch,native,gluon,0.0,,256,256,False,in: 256x256,>=512
16384,5120,640,False,bfloat16,tuned,550,1280,1082.2,1051.8,torch,native,gluon,0.0,,256,256,False,in: 256x256,>=512
32768,5120,640,False,bfloat16,tuned,559,2560,1072.9,1084.7,torch,native,torch:hipBLASLt,1.1,Cijk_Alik_Bljk_BBS_BH_Bias_HA_S_SAV_UserArgs_MT256x256x64_MI16x16x1_CMS_SN_LDSB0_AFC0_AFEM1_AFEM1_ASEM1_CLR1_CADS0_DTLA1_DTLB1_DTVA0_DTVB0_EPS0_FDSI0_GRPM1_GRVWA8_GRVWB8_GSU0_GSUAMB_GLS0_ISA950_IU1_K1_LDSTI0_LBSPPA1024_LBSPPB1024_LBSPPM0_LPA16_LPB16_LPM0_LRVW8_LWPMn1_MIAV0_MIWT8_8_MO40_NTn1_NTA0_NTB0_NTC0_NTD4_NTM0_NEPBS0_NLCA1_NLCB1_ONLL1_PGR2_PLR1_PKA1_SIA3_SS1_SPO0_SRVW0_SSO0_SVW8_SK3_SKFTR0_SKXCCM0_TLDS1_ULSGRO0_USL1_UIOFGRO0_USFGRO0_VSn1_VWA8_VWB8_WSGRA0_WSGRB0_WS64_WG32_8_1,256,256,False,in: 256x256,>=512
1024,7168,768,False,bfloat16,tuned,414,112,544.6,712.8,flydsl,flydsl_hgemm_abf16_wbf16_bf16_t128x128x64x2_ks1_w4x2x1_bias0_ktail0_gm0_pft_gfx950,flydsl:flydsl_hgemm_abf16_wbf16_bf16_t128x128x64x2_ks1_w4x2x1_bias0_ktail0_gm0_pft_gfx950,30.9,,128,128,False,in: other listed tile,<128
10240,7168,768,False,bfloat16,tuned,650,1120,1070.6,419.8,opus,opus_gemm_persistent_512x128x256x64_2x4_16x16x32_0x0x0_nooob_4g_safe,gluon,0.0,,256,256,False,in: 256x256,>=512
512,4096,1024,False,bfloat16,untuned,315,32,199.6,488.1,torch,,torch:hipBLASLt,144.5,Cijk_Alik_Bljk_BBS_BH_Bias_HA_S_SAV_UserArgs_MT128x64x128_MI16x16x1_SN_LDSB1_AFC0_AFEM1_AFEM1_ASEM1_CLR1_CADS0_DTLA0_DTLB0_DTVA0_DTVB0_EPS0_FDSI0_GRPM1_GRVWA8_GRVWB8_GSU0_GSUAMB_GLS0_ISA950_IU1_K1_LDSTI0_LBSPPA1024_LBSPPB512_LBSPPM0_LPA16_LPB16_LPM0_LRVW8_LWPMn1_MIAV0_MIWT4_2_MO40_NTn1_NTA0_NTB0_NTC0_NTD0_NTM0_NEPBS0_NLCA1_NLCB1_ONLL1_PGR2_PLR1_PKA1_SIA3_SS1_SPO0_SRVW0_SSO0_SVW4_SK3_SKFTR0_SKXCCM0_TLDS1_ULSGRO0_USL1_UIOFGRO0_USFGRO0_VSn1_VWA4_VWB2_WSGRA0_WSGRB0_WS64_WG32_8_1,128,64,False,in: other listed tile,<128
512,6144,1024,False,bfloat16,tuned,323,48,298.0,587.7,flydsl,flydsl_hgemm_abf16_wbf16_bf16_t128x96x64x4_ks1_w2x2x1_bias0_ktail0_gm4_pft_gfx950,flydsl:flydsl_hgemm_abf16_wbf16_bf16_t128x96x64x4_ks1_w2x2x1_bias0_ktail0_gm4_pft_gfx950,97.2,,128,96,False,in: non-pow2 tile,<128
512,7168,1024,False,bfloat16,tuned,326,56,335.7,648.9,flydsl,flydsl_hgemm_abf16_wbf16_bf16_t128x128x64x3_ks1_w4x4x1_bias0_ktail0_gm0_pft_gfx950,flydsl:flydsl_hgemm_abf16_wbf16_bf16_t128x128x64x3_ks1_w4x4x1_bias0_ktail0_gm0_pft_gfx950,93.3,,128,128,False,in: other listed tile,<128
512,8192,1024,False,bfloat16,tuned,328,64,375.4,705.7,flydsl,flydsl_hgemm_abf16_wbf16_bf16_t128x128x64x4_ks1_w4x4x1_bias0_ktail0_gm0_pft_gfx950,flydsl:flydsl_hgemm_abf16_wbf16_bf16_t128x128x64x4_ks1_w4x4x1_bias0_ktail0_gm0_pft_gfx950,88.0,,128,128,False,in: other listed tile,<128
1024,4096,1024,False,bfloat16,untuned,455,64,374.1,666.3,torch,,torch:hipBLASLt,78.1,Cijk_Alik_Bljk_BBS_BH_Bias_HA_S_SAV_UserArgs_MT128x128x128_MI16x16x1_SN_LDSB1_AFC0_AFEM1_AFEM1_ASEM1_CLR1_CADS0_DTLA0_DTLB0_DTVA0_DTVB0_EPS0_FDSI0_GRPM1_GRVWA8_GRVWB8_GSU0_GSUAMB_GLS0_ISA950_IU1_K1_LDSTI0_LBSPPA1024_LBSPPB1024_LBSPPM0_LPA16_LPB16_LPM0_LRVW8_LWPMn1_MIAV0_MIWT4_4_MO40_NTn1_NTA0_NTB0_NTC0_NTD0_NTM0_NEPBS0_NLCA1_NLCB1_ONLL1_PGR2_PLR1_PKA1_SIA3_SS1_SPO0_SRVW0_SSO0_SVW4_SK3_SKFTR0_SKXCCM0_TLDS1_ULSGRO0_USL1_UIOFGRO0_USFGRO0_VSn1_VWA4_VWB4_WSGRA0_WSGRB0_WS64_WG32_8_1,128,128,False,in: other listed tile,<128
1024,7168,1024,False,bfloat16,tuned,478,112,612.7,783.4,flydsl,flydsl_hgemm_abf16_wbf16_bf16_t128x128x64x2_ks1_w2x4x1_bias0_ktail0_gm0_pft_gfx950,flydsl:flydsl_hgemm_abf16_wbf16_bf16_t128x128x64x2_ks1_w2x4x1_bias0_ktail0_gm0_pft_gfx950,27.9,,128,128,False,in: other listed tile,<128
1024,8192,1024,False,bfloat16,tuned,482,128,672.9,844.9,torch,native,torch:hipBLASLt,25.6,Cijk_Alik_Bljk_BBS_BH_Bias_HA_S_SAV_UserArgs_MT256x128x64_MI16x16x1_SN_LDSB1_AFC0_AFEM1_AFEM1_ASEM1_CLR1_CADS0_DTLA0_DTLB0_DTVA0_DTVB0_EPS0_FDSI0_GRPM1_GRVWA8_GRVWB8_GSU0_GSUAMB_GLS0_ISA950_IU1_K1_LDSTI0_LBSPPA1024_LBSPPB512_LBSPPM0_LPA16_LPB16_LPM0_LRVW8_LWPMn1_MIAV0_MIWT8_4_MO40_NTn1_NTA0_NTB0_NTC0_NTD0_NTM0_NEPBS0_NLCA1_NLCB1_ONLL1_PGR2_PLR1_PKA1_SIA3_SS1_SPO0_SRVW0_SSO0_SVW8_SK3_SKFTR0_SKXCCM0_TLDS1_ULSGRO0_USL1_UIOFGRO0_USFGRO0_VSn1_VWA8_VWB4_WSGRA0_WSGRB0_WS64_WG32_8_1,256,128,False,in: other listed tile,128-255
2048,4096,1024,False,bfloat16,untuned,585,128,674.6,840.0,torch,,torch:hipBLASLt,24.5,Cijk_Alik_Bljk_BBS_BH_Bias_HA_S_SAV_UserArgs_MT256x128x64_MI16x16x1_SN_LDSB1_AFC0_AFEM1_AFEM1_ASEM1_CLR1_CADS0_DTLA0_DTLB0_DTVA0_DTVB0_EPS0_FDSI0_GRPM1_GRVWA8_GRVWB8_GSU0_GSUAMB_GLS0_ISA950_IU1_K1_LDSTI0_LBSPPA1024_LBSPPB512_LBSPPM0_LPA16_LPB16_LPM0_LRVW8_LWPMn1_MIAV0_MIWT8_4_MO40_NTn1_NTA0_NTB0_NTC0_NTD0_NTM0_NEPBS0_NLCA1_NLCB1_ONLL1_PGR2_PLR1_PKA1_SIA3_SS1_SPO0_SRVW0_SSO0_SVW8_SK3_SKFTR0_SKXCCM0_TLDS1_ULSGRO0_USL1_UIOFGRO0_USFGRO0_VSn1_VWA8_VWB4_WSGRA0_WSGRB0_WS64_WG32_8_1,256,128,False,in: other listed tile,128-255
2048,7168,1024,False,bfloat16,tuned,623,224,1074.6,1037.6,flydsl,flydsl_hgemm_abf16_wbf16_bf16_t256x256x64x2_ks1_w2x4x1_bias0_ktail0_gm0_pht_gfx950,gluon,0.0,,256,256,False,in: 256x256,128-255
2048,8192,1024,False,bfloat16,tuned,630,256,1155.0,1109.6,flydsl,flydsl_hgemm_abf16_wbf16_bf16_t256x256x64x2_ks1_w2x4x1_bias0_ktail0_gm0_pht_gfx950,gluon,0.0,,256,256,False,in: 256x256,256-511
3072,4096,1024,False,bfloat16,untuned,647,192,957.2,978.0,torch,,torch:hipBLASLt,2.2,Cijk_Alik_Bljk_BBS_BH_Bias_HA_S_SAV_UserArgs_MT256x192x64_MI16x16x1_SN_LDSB0_AFC0_AFEM1_AFEM1_ASEM1_CLR1_CADS0_DTLA0_DTLB0_DTVA0_DTVB0_EPS0_FDSI0_GRPM1_GRVWA8_GRVWB8_GSU0_GSUAMB_GLS0_ISA950_IU1_K1_LDSTI0_LBSPPA1024_LBSPPB256_LBSPPM0_LPA16_LPB16_LPM0_LRVW8_LWPMn1_MIAV0_MIWT8_6_MO40_NTn1_NTA0_NTB0_NTC0_NTD0_NTM0_NEPBS0_NLCA1_NLCB1_ONLL1_PGR2_PLR1_PKA1_SIA3_SS1_SPO0_SRVW0_SSO0_SVW8_SK3_SKFTR0_SKXCCM0_TLDS1_ULSGRO0_USL1_UIOFGRO0_USFGRO0_VSn1_VWA8_VWB2_WSGRA0_WSGRB0_WS64_WG32_8_1,256,192,False,in: non-pow2 tile,128-255
4096,4096,1024,False,bfloat16,untuned,683,256,1154.3,1132.2,torch,,gluon,0.0,,256,256,False,in: 256x256,256-511
4096,7168,1024,False,bfloat16,tuned,735,448,1129.1,1110.9,flydsl,flydsl_hgemm_abf16_wbf16_bf16_t256x256x64x2_ks1_w2x4x1_bias0_ktail0_gm4_pht_gfx950,gluon,0.0,,256,256,False,in: 256x256,256-511
4096,8192,1024,False,bfloat16,tuned,745,512,1185.9,1193.6,asm,_ZN5aiter24bf16gemm_bf16_tn_256x256E,asm:_ZN5aiter24bf16gemm_bf16_tn_256x256E,0.6,,256,256,False,in: 256x256,>=512
5120,4096,1024,False,bfloat16,untuned,706,320,893.3,1024.8,torch,,torch:hipBLASLt,14.7,Cijk_Alik_Bljk_BBS_BH_Bias_HA_S_SAV_UserArgs_MT256x160x64_MI16x16x1_SN_LDSB0_AFC1_AFEM1_AFEM1_ASEM1_CLR0_CADS0_DTLA1_DTLB1_DTVA0_DTVB0_EPS0_FDSI0_GRPM1_GRVWA8_GRVWB8_GSU0_GSUAMB_GLS0_ISA950_IU1_K1_LDSTI0_LBSPPA1024_LBSPPB1024_LBSPPM0_LPA16_LPB16_LPM0_LRVW8_LWPMn1_MIAV0_MIWT8_5_MO40_NTn1_NTA0_NTB1_NTC6_NTD6_NTM0_NEPBS12_NLCA1_NLCB1_ONLL1_PGR2_PLR1_PKA1_SIA3_SS1_SPO0_SRVW0_SSO1_SVW8_SK3_SKFTR0_SKXCCM4_TLDS1_ULSGRO0_USL1_UIOFGRO0_USFGRO1_VSn1_VWA8_VWB1_WSGRA0_WSGRB0_WS64_WG32_8_1,256,160,False,in: non-pow2 tile,256-511
7680,4096,1024,False,bfloat16,untuned,740,480,1158.8,982.1,torch,,gluon,0.0,,256,256,False,in: 256x256,256-511
8192,7168,1024,False,bfloat16,tuned,808,896,1169.5,1104.1,asm,_ZN5aiter24bf16gemm_bf16_tn_256x256E,gluon,0.0,,256,256,False,in: 256x256,>=512
8192,8192,1024,False,bfloat16,tuned,819,1024,1228.3,1213.6,asm,_ZN5aiter24bf16gemm_bf16_tn_256x256E,gluon,0.0,,256,256,False,in: 256x256,>=512
16384,4096,1024,False,bfloat16,untuned,780,1024,1239.6,1199.9,torch,,gluon,0.0,,256,256,False,in: 256x256,>=512
16384,7168,1024,False,bfloat16,tuned,850,1792,1269.7,1192.1,asm,_ZN5aiter24bf16gemm_bf16_tn_256x256E,gluon,0.0,,256,256,False,in: 256x256,>=512
16384,8192,1024,False,bfloat16,tuned,862,2048,1243.2,1241.5,torch,native,gluon,0.0,,256,256,False,in: 256x256,>=512
32768,7168,1024,False,bfloat16,tuned,872,3584,1240.0,1261.5,torch,native,torch:hipBLASLt,1.7,Cijk_Alik_Bljk_BBS_BH_Bias_HA_S_SAV_UserArgs_MT256x256x64_MI16x16x1_CMS_SN_LDSB0_AFC0_AFEM1_AFEM1_ASEM1_CLR1_CADS0_DTLA1_DTLB1_DTVA0_DTVB0_EPS0_FDSI0_GRPM1_GRVWA8_GRVWB8_GSU0_GSUAMB_GLS0_ISA950_IU1_K1_LDSTI0_LBSPPA1024_LBSPPB1024_LBSPPM0_LPA16_LPB16_LPM0_LRVW8_LWPMn1_MIAV0_MIWT8_8_MO40_NTn1_NTA0_NTB0_NTC0_NTD4_NTM0_NEPBS0_NLCA1_NLCB1_ONLL1_PGR2_PLR1_PKA1_SIA3_SS1_SPO0_SRVW0_SSO0_SVW8_SK3_SKFTR0_SKXCCM0_TLDS1_ULSGRO0_USL1_UIOFGRO0_USFGRO0_VSn1_VWA8_VWB8_WSGRA0_WSGRB0_WS64_WG32_8_1,256,256,False,in: 256x256,>=512
32768,8192,1024,False,bfloat16,tuned,886,4096,1227.1,1253.7,torch,native,torch:hipBLASLt,2.2,Cijk_Alik_Bljk_BBS_BH_Bias_HA_S_SAV_UserArgs_MT256x256x64_MI16x16x1_CMS_SN_LDSB0_AFC0_AFEM1_AFEM1_ASEM1_CLR1_CADS0_DTLA1_DTLB1_DTVA0_DTVB0_EPS0_FDSI0_GRPM1_GRVWA8_GRVWB8_GSU0_GSUAMB_GLS0_ISA950_IU1_K1_LDSTI0_LBSPPA1024_LBSPPB1024_LBSPPM0_LPA16_LPB16_LPM0_LRVW8_LWPMn1_MIAV0_MIWT8_8_MO40_NTn1_NTA0_NTB0_NTC0_NTD4_NTM0_NEPBS0_NLCA1_NLCB1_ONLL1_PGR2_PLR1_PKA1_SIA3_SS1_SPO0_SRVW0_SSO0_SVW8_SK3_SKFTR0_SKXCCM0_TLDS1_ULSGRO0_USL1_UIOFGRO0_USFGRO0_VSn1_VWA8_VWB8_WSGRA0_WSGRB0_WS64_WG32_8_1,256,256,False,in: 256x256,>=512
512,5120,1280,False,bfloat16,tuned,341,40,264.2,550.0,flydsl,flydsl_hgemm_abf16_wbf16_bf16_t96x128x64x4_ks1_w2x2x1_bias0_ktail0_gm0_pft_gfx950,flydsl:flydsl_hgemm_abf16_wbf16_bf16_t96x128x64x4_ks1_w2x2x1_bias0_ktail0_gm0_pft_gfx950,108.2,,96,128,False,in: non-pow2 tile,<128
1024,5120,1280,False,bfloat16,tuned,512,80,487.4,719.8,torch,native,torch:hipBLASLt,47.7,Cijk_Alik_Bljk_BBS_BH_Bias_HA_S_SAV_UserArgs_MT160x128x128_MI16x16x1_SN_LDSB1_AFC0_AFEM1_AFEM1_ASEM1_CLR1_CADS0_DTLA0_DTLB0_DTVA0_DTVB0_EPS0_FDSI0_GRPM1_GRVWA8_GRVWB8_GSU0_GSUAMB_GLS0_ISA950_IU1_K1_LDSTI0_LBSPPA256_LBSPPB1024_LBSPPM0_LPA16_LPB16_LPM0_LRVW8_LWPMn1_MIAV0_MIWT5_4_MO40_NTn1_NTA0_NTB0_NTC0_NTD0_NTM0_NEPBS0_NLCA1_NLCB1_ONLL1_PGR2_PLR1_PKA1_SIA3_SS1_SPO0_SRVW0_SSO0_SVW1_SK3_SKFTR0_SKXCCM0_TLDS1_ULSGRO0_USL1_UIOFGRO0_USFGRO0_VSn1_VWA1_VWB4_WSGRA0_WSGRB0_WS64_WG32_8_1,160,128,False,in: non-pow2 tile,<128
2048,5120,1280,False,bfloat16,tuned,683,160,887.5,955.1,torch,native,torch:hipBLASLt,7.6,Cijk_Alik_Bljk_BBS_BH_Bias_HA_S_SAV_UserArgs_MT160x256x64_MI16x16x1_SN_LDSB0_AFC0_AFEM1_AFEM1_ASEM1_CLR1_CADS0_DTLA0_DTLB0_DTVA0_DTVB0_EPS0_FDSI0_GRPM1_GRVWA8_GRVWB8_GSU0_GSUAMB_GLS0_ISA950_IU1_K1_LDSTI0_LBSPPA128_LBSPPB1024_LBSPPM0_LPA16_LPB16_LPM0_LRVW8_LWPMn1_MIAV0_MIWT5_8_MO40_NTn1_NTA0_NTB0_NTC0_NTD0_NTM0_NEPBS0_NLCA1_NLCB1_ONLL1_PGR2_PLR1_PKA1_SIA3_SS1_SPO0_SRVW0_SSO0_SVW1_SK3_SKFTR0_SKXCCM0_TLDS1_ULSGRO0_USL1_UIOFGRO0_USFGRO0_VSn1_VWA1_VWB8_WSGRA0_WSGRB0_WS64_WG32_8_1,160,256,False,in: non-pow2 tile,128-255
4096,5120,1280,False,bfloat16,tuned,819,320,961.1,993.3,torch,native,torch:hipBLASLt,3.4,Cijk_Alik_Bljk_BBS_BH_Bias_HA_S_SAV_UserArgs_MT160x256x64_MI16x16x1_SN_LDSB0_AFC0_AFEM1_AFEM1_ASEM1_CLR1_CADS0_DTLA0_DTLB0_DTVA0_DTVB0_EPS0_FDSI0_GRPM1_GRVWA8_GRVWB8_GSU0_GSUAMB_GLS0_ISA950_IU1_K1_LDSTI0_LBSPPA128_LBSPPB1024_LBSPPM0_LPA16_LPB16_LPM0_LRVW8_LWPMn1_MIAV0_MIWT5_8_MO40_NTn1_NTA0_NTB0_NTC0_NTD0_NTM0_NEPBS0_NLCA1_NLCB1_ONLL1_PGR2_PLR1_PKA1_SIA3_SS1_SPO0_SRVW0_SSO0_SVW1_SK3_SKFTR0_SKXCCM0_TLDS1_ULSGRO0_USL1_UIOFGRO0_USFGRO0_VSn1_VWA1_VWB8_WSGRA0_WSGRB0_WS64_WG32_8_1,160,256,False,in: non-pow2 tile,256-511
8192,5120,1280,False,bfloat16,tuned,910,640,1178.9,1154.1,flydsl,flydsl_hgemm_abf16_wbf16_bf16_t256x256x64x2_ks1_w2x4x1_bias0_ktail0_gm4_pht_gfx950,gluon,0.0,,256,256,False,in: 256x256,>=512
16384,5120,1280,False,bfloat16,tuned,964,1280,1317.2,1257.3,flydsl,flydsl_hgemm_abf16_wbf16_bf16_t256x256x64x2_ks1_w2x4x1_bias0_ktail0_gm4_pht_gfx950,gluon,0.0,,256,256,False,in: 256x256,>=512
32768,5120,1280,False,bfloat16,tuned,993,2560,1292.0,1305.9,torch,native,torch:hipBLASLt,1.1,Cijk_Alik_Bljk_BBS_BH_Bias_HA_S_SAV_UserArgs_MT256x256x64_MI16x16x1_CMS_SN_LDSB0_AFC0_AFEM1_AFEM1_ASEM1_CLR1_CADS0_DTLA1_DTLB1_DTVA0_DTVB0_EPS0_FDSI0_GRPM1_GRVWA8_GRVWB8_GSU0_GSUAMB_GLS0_ISA950_IU1_K1_LDSTI0_LBSPPA1024_LBSPPB1024_LBSPPM0_LPA16_LPB16_LPM0_LRVW8_LWPMn1_MIAV0_MIWT8_8_MO40_NTn1_NTA0_NTB0_NTC0_NTD4_NTM0_NEPBS0_NLCA1_NLCB1_ONLL1_PGR2_PLR1_PKA1_SIA3_SS1_SPO0_SRVW0_SSO0_SVW8_SK3_SKFTR0_SKXCCM0_TLDS1_ULSGRO0_USL1_UIOFGRO0_USFGRO0_VSn1_VWA8_VWB8_WSGRA0_WSGRB0_WS64_WG32_8_1,256,256,False,in: 256x256,>=512
512,1536,1536,False,bfloat16,tuned,307,12,85.7,348.5,flydsl,flydsl_hgemm_abf16_wbf16_bf16_t64x64x64x6_ks1_w2x4x1_bias0_ktail0_gm0_pft_gfx950,flydsl:flydsl_hgemm_abf16_wbf16_bf16_t64x64x64x6_ks1_w2x4x1_bias0_ktail0_gm0_pft_gfx950,306.7,,64,64,False,out: smaller tile,<128
512,2048,1536,False,bfloat16,untuned,323,16,113.5,404.3,torch,,torch:hipBLASLt,256.2,Cijk_Alik_Bljk_BBS_BH_Bias_HA_S_SAV_UserArgs_MT64x64x256_MI16x16x1_SN_LDSB0_AFC0_AFEM1_AFEM1_ASEM1_CLR0_CADS0_DTLA0_DTLB0_DTVA0_DTVB0_EPS0_FDSI0_GRPM1_GRVWA8_GRVWB8_GSU0_GSUAMB_GLS0_ISA950_IU1_K1_LDSTI0_LBSPPA1024_LBSPPB1024_LBSPPM0_LPA16_LPB16_LPM0_LRVW8_LWPMn1_MIAV1_MIWT2_2_MO40_NTn1_NTA0_NTB0_NTC3_NTD3_NTM0_NEPBS16_NLCA1_NLCB1_ONLL1_PGR2_PLR1_PKA1_SIA3_SS1_SPO0_SRVW0_SSO0_SVW2_SK3_SKFTR0_SKXCCM0_TLDS1_ULSGRO0_USL1_UIOFGRO0_USFGRO0_VSn1_VWA2_VWB2_WSGRA0_WSGRB0_WS64_WG32_8_1,64,64,False,out: smaller tile,<128
512,2304,1536,False,bfloat16,tuned,329,18,126.4,394.6,flydsl,flydsl_hgemm_abf16_wbf16_bf16_t96x64x64x4_ks1_w2x2x1_bias0_ktail0_gm0_pft_gfx950,flydsl:flydsl_hgemm_abf16_wbf16_bf16_t96x64x64x4_ks1_w2x2x1_bias0_ktail0_gm0_pft_gfx950,212.2,,96,64,False,out: smaller tile,<128
512,4096,1536,False,bfloat16,untuned,351,32,223.3,573.8,torch,,torch:hipBLASLt,157.0,Cijk_Alik_Bljk_BBS_BH_Bias_HA_S_SAV_UserArgs_MT128x64x128_MI16x16x1_SN_LDSB1_AFC0_AFEM1_AFEM1_ASEM1_CLR1_CADS0_DTLA0_DTLB0_DTVA0_DTVB0_EPS0_FDSI0_GRPM1_GRVWA8_GRVWB8_GSU0_GSUAMB_GLS0_ISA950_IU1_K1_LDSTI0_LBSPPA1024_LBSPPB512_LBSPPM0_LPA16_LPB16_LPM0_LRVW8_LWPMn1_MIAV0_MIWT4_2_MO40_NTn1_NTA0_NTB0_NTC0_NTD0_NTM0_NEPBS0_NLCA1_NLCB1_ONLL1_PGR2_PLR1_PKA1_SIA3_SS1_SPO0_SRVW0_SSO0_SVW4_SK3_SKFTR0_SKXCCM0_TLDS1_ULSGRO0_USL1_UIOFGRO0_USFGRO0_VSn1_VWA4_VWB2_WSGRA0_WSGRB0_WS64_WG32_8_1,128,64,False,in: other listed tile,<128
512,6144,1536,False,bfloat16,tuned,361,48,328.9,656.5,flydsl,flydsl_hgemm_abf16_wbf16_bf16_t128x96x64x4_ks1_w2x2x1_bias0_ktail0_gm0_pft_gfx950,flydsl:flydsl_hgemm_abf16_wbf16_bf16_t128x96x64x4_ks1_w2x2x1_bias0_ktail0_gm0_pft_gfx950,99.6,,128,96,False,in: non-pow2 tile,<128
512,7168,1536,False,bfloat16,tuned,364,56,375.8,682.4,flydsl,flydsl_hgemm_abf16_wbf16_bf16_t128x128x64x3_ks1_w4x2x1_bias0_ktail0_gm0_pft_gfx950,flydsl:flydsl_hgemm_abf16_wbf16_bf16_t128x128x64x3_ks1_w4x2x1_bias0_ktail0_gm0_pft_gfx950,81.6,,128,128,False,in: other listed tile,<128
1024,1536,1536,False,bfloat16,tuned,439,24,168.7,502.1,flydsl,flydsl_hgemm_abf16_wbf16_bf16_t64x96x64x4_ks1_w2x2x1_bias0_ktail0_gm4_pft_gfx950,flydsl:flydsl_hgemm_abf16_wbf16_bf16_t64x96x64x4_ks1_w2x2x1_bias0_ktail0_gm4_pft_gfx950,197.6,,64,96,False,out: smaller tile,<128
1024,2048,1536,False,bfloat16,untuned,473,32,220.2,575.0,torch,,torch:hipBLASLt,161.1,Cijk_Alik_Bljk_BBS_BH_Bias_HA_S_SAV_UserArgs_MT128x64x128_MI16x16x1_SN_LDSB1_AFC0_AFEM1_AFEM1_ASEM1_CLR1_CADS0_DTLA0_DTLB0_DTVA0_DTVB0_EPS0_FDSI0_GRPM1_GRVWA8_GRVWB8_GSU0_GSUAMB_GLS0_ISA950_IU1_K1_LDSTI0_LBSPPA1024_LBSPPB512_LBSPPM0_LPA16_LPB16_LPM0_LRVW8_LWPMn1_MIAV0_MIWT4_2_MO40_NTn1_NTA0_NTB0_NTC0_NTD0_NTM0_NEPBS0_NLCA1_NLCB1_ONLL1_PGR2_PLR1_PKA1_SIA3_SS1_SPO0_SRVW0_SSO0_SVW4_SK3_SKFTR0_SKXCCM0_TLDS1_ULSGRO0_USL1_UIOFGRO0_USFGRO0_VSn1_VWA4_VWB2_WSGRA0_WSGRB0_WS64_WG32_8_1,128,64,False,in: other listed tile,<128
1024,2304,1536,False,bfloat16,tuned,485,36,248.7,532.4,torch,native,torch:hipBLASLt,114.1,Cijk_Alik_Bljk_BBS_BH_Bias_HA_S_SAV_UserArgs_MT128x80x128_MI16x16x1_SN_LDSB0_AFC0_AFEM1_AFEM1_ASEM1_CLR1_CADS0_DTLA1_DTLB1_DTVA0_DTVB0_EPS0_FDSI0_GRPM1_GRVWA8_GRVWB2_GSU0_GSUAMB_GLS0_ISA950_IU1_K1_LDSTI0_LBSPPA1024_LBSPPB256_LBSPPM0_LPA16_LPB16_LPM0_LRVW8_LWPMn1_MIAV0_MIWT2_5_MO40_NTn1_NTA0_NTB0_NTC4_NTD4_NTM0_NEPBS0_NLCA1_NLCB1_ONLL1_PGR2_PLR1_PKA1_SIA3_SS1_SPO0_SRVW0_SSO1_SVW2_SK3_SKFTR0_SKXCCM0_TLDS2_ULSGRO0_USL1_UIOFGRO0_USFGRO0_VSn1_VWA2_VWB1_WSGRA0_WSGRB0_WS64_WG64_4_1,128,80,False,in: non-pow2 tile,<128
1024,3072,1536,False,bfloat16,tuned,512,48,329.7,647.9,flydsl,flydsl_hgemm_abf16_wbf16_bf16_t128x96x64x4_ks1_w2x2x1_bias0_ktail0_gm4_pft_gfx950,flydsl:flydsl_hgemm_abf16_wbf16_bf16_t128x96x64x4_ks1_w2x2x1_bias0_ktail0_gm4_pft_gfx950,96.5,,128,96,False,in: non-pow2 tile,<128
1024,4096,1536,False,bfloat16,untuned,534,64,421.6,637.7,torch,,torch:hipBLASLt,51.3,Cijk_Alik_Bljk_BBS_BH_Bias_HA_S_SAV_UserArgs_MT128x128x256_MI16x16x1_SN_LDSB1_AFC0_AFEM1_AFEM1_ASEM1_CLR0_CADS0_DTLA0_DTLB0_DTVA0_DTVB0_EPS0_FDSI0_GRPM1_GRVWA8_GRVWB8_GSU0_GSUAMB_GLS0_ISA950_IU1_K1_LDSTI0_LBSPPA2048_LBSPPB2048_LBSPPM0_LPA16_LPB16_LPM0_LRVW8_LWPMn1_MIAV0_MIWT4_4_MO40_NTn1_NTA0_NTB0_NTC1_NTD1_NTM0_NEPBS0_NLCA1_NLCB1_ONLL1_PGR2_PLR1_PKA1_SIA3_SS1_SPO1_SRVW0_SSO4_SVW4_SK3_SKFTR0_SKXCCM0_TLDS1_ULSGRO0_USL1_UIOFGRO0_USFGRO0_VSn1_VWA4_VWB4_WSGRA0_WSGRB0_WS64_WG32_8_1,128,128,False,in: other listed tile,<128
1024,7168,1536,False,bfloat16,tuned,566,112,689.9,890.3,torch,native,torch:hipBLASLt,29.0,Cijk_Alik_Bljk_BBS_BH_Bias_HA_S_SAV_UserArgs_MT224x128x64_MI16x16x1_SN_LDSB1_AFC0_AFEM1_AFEM1_ASEM1_CLR1_CADS0_DTLA0_DTLB0_DTVA0_DTVB0_EPS0_FDSI0_GRPM1_GRVWA8_GRVWB8_GSU0_GSUAMB_GLS0_ISA950_IU1_K1_LDSTI0_LBSPPA128_LBSPPB512_LBSPPM0_LPA16_LPB16_LPM0_LRVW8_LWPMn1_MIAV0_MIWT7_4_MO40_NTn1_NTA0_NTB0_NTC0_NTD0_NTM0_NEPBS0_NLCA1_NLCB1_ONLL1_PGR2_PLR1_PKA1_SIA3_SS1_SPO0_SRVW0_SSO0_SVW1_SK3_SKFTR0_SKXCCM0_TLDS1_ULSGRO0_USL1_UIOFGRO0_USFGRO0_VSn1_VWA1_VWB4_WSGRA0_WSGRB0_WS64_WG32_8_1,224,128,False,in: non-pow2 tile,<128
2048,1536,1536,False,bfloat16,tuned,559,48,328.6,667.5,torch,native,torch:hipBLASLt,103.1,Cijk_Alik_Bljk_BBS_BH_Bias_HA_S_SAV_UserArgs_MT96x128x128_MI16x16x1_SN_LDSB1_AFC0_AFEM1_AFEM1_ASEM1_CLR1_CADS0_DTLA0_DTLB0_DTVA0_DTVB0_EPS0_FDSI0_GRPM1_GRVWA8_GRVWB8_GSU0_GSUAMB_GLS0_ISA950_IU1_K1_LDSTI0_LBSPPA256_LBSPPB1024_LBSPPM0_LPA16_LPB16_LPM0_LRVW8_LWPMn1_MIAV0_MIWT3_4_MO40_NTn1_NTA0_NTB0_NTC0_NTD0_NTM0_NEPBS0_NLCA1_NLCB1_ONLL1_PGR2_PLR1_PKA1_SIA3_SS1_SPO0_SRVW0_SSO0_SVW1_SK3_SKFTR0_SKXCCM0_TLDS1_ULSGRO0_USL1_UIOFGRO0_USFGRO0_VSn1_VWA1_VWB4_WSGRA0_WSGRB0_WS64_WG32_8_1,96,128,False,in: non-pow2 tile,<128
2048,2048,1536,False,bfloat16,untuned,614,64,420.7,637.7,torch,,torch:hipBLASLt,51.6,Cijk_Alik_Bljk_BBS_BH_Bias_HA_S_SAV_UserArgs_MT128x128x256_MI16x16x1_SN_LDSB1_AFC0_AFEM1_AFEM1_ASEM1_CLR0_CADS0_DTLA0_DTLB0_DTVA0_DTVB0_EPS0_FDSI0_GRPM1_GRVWA8_GRVWB8_GSU0_GSUAMB_GLS0_ISA950_IU1_K1_LDSTI0_LBSPPA2048_LBSPPB2048_LBSPPM0_LPA16_LPB16_LPM0_LRVW8_LWPMn1_MIAV0_MIWT4_4_MO40_NTn1_NTA0_NTB0_NTC1_NTD1_NTM0_NEPBS0_NLCA1_NLCB1_ONLL1_PGR2_PLR1_PKA1_SIA3_SS1_SPO1_SRVW0_SSO4_SVW4_SK3_SKFTR0_SKXCCM0_TLDS1_ULSGRO0_USL1_UIOFGRO0_USFGRO0_VSn1_VWA4_VWB4_WSGRA0_WSGRB0_WS64_WG32_8_1,128,128,False,in: other listed tile,<128
2048,4096,1536,False,bfloat16,tuned,723,128,763.7,956.7,torch,native,torch:hipBLASLt,25.3,Cijk_Alik_Bljk_BBS_BH_Bias_HA_S_SAV_UserArgs_MT256x128x64_MI16x16x1_SN_LDSB1_AFC0_AFEM1_AFEM1_ASEM1_CLR1_CADS0_DTLA0_DTLB0_DTVA0_DTVB0_EPS0_FDSI0_GRPM1_GRVWA8_GRVWB8_GSU0_GSUAMB_GLS0_ISA950_IU1_K1_LDSTI0_LBSPPA1024_LBSPPB512_LBSPPM0_LPA16_LPB16_LPM0_LRVW8_LWPMn1_MIAV0_MIWT8_4_MO40_NTn1_NTA0_NTB0_NTC0_NTD0_NTM0_NEPBS0_NLCA1_NLCB1_ONLL1_PGR2_PLR1_PKA1_SIA3_SS1_SPO0_SRVW0_SSO0_SVW8_SK3_SKFTR0_SKXCCM0_TLDS1_ULSGRO0_USL1_UIOFGRO0_USFGRO0_VSn1_VWA8_VWB4_WSGRA0_WSGRB0_WS64_WG32_8_1,256,128,False,in: other listed tile,128-255
3072,2048,1536,False,bfloat16,untuned,683,96,604.1,878.8,opus,opus_gemm_mono_tile_512x128x256x64_2x4_16x16x32_0x0x0_nooob_4g_safe,opus:opus_gemm_mono_tile_512x128x256x64_2x4_16x16x32_0x0x0_nooob_4g_safe,45.5,,128,256,False,in: other listed tile,<128
3072,4096,1536,False,bfloat16,tuned,819,192,1079.2,1149.5,opus,opus_gemm_mono_tile_512x192x256x64_2x4_16x16x32_0x0x0_nooob,opus:opus_gemm_mono_tile_512x192x256x64_2x4_16x16x32_0x0x0_nooob,6.5,,192,256,False,in: non-pow2 tile,128-255
4096,1536,1536,False,bfloat16,tuned,647,96,603.6,817.5,torch,native,torch:hipBLASLt,35.4,Cijk_Alik_Bljk_BBS_BH_Bias_HA_S_SAV_UserArgs_MT192x128x128_MI16x16x1_SN_LDSB1_AFC0_AFEM1_AFEM1_ASEM1_CLR0_CADS0_DTLA0_DTLB0_DTVA0_DTVB0_EPS0_FDSI0_GRPM1_GRVWA8_GRVWB8_GSU0_GSUAMB_GLS0_ISA950_IU1_K1_LDSTI0_LBSPPA512_LBSPPB1024_LBSPPM0_LPA16_LPB16_LPM0_LRVW8_LWPMn1_MIAV0_MIWT6_4_MO40_NTn1_NTA0_NTB0_NTC1_NTD4_NTM0_NEPBS0_NLCA1_NLCB1_ONLL1_PGR2_PLR1_PKA1_SIA3_SS1_SPO0_SRVW0_SSO1_SVW2_SK3_SKFTR0_SKXCCM0_TLDS2_ULSGRO0_USL1_UIOFGRO0_USFGRO0_VSn1_VWA2_VWB4_WSGRA0_WSGRB0_WS64_WG32_8_1,192,128,False,in: non-pow2 tile,<128
4096,2048,1536,False,bfloat16,tuned,723,128,764.9,1023.7,opus,opus_gemm_mono_tile_512x128x256x64_2x4_16x16x32_0x0x0_nooob_4g_safe,opus:opus_gemm_mono_tile_512x128x256x64_2x4_16x16x32_0x0x0_nooob_4g_safe,33.8,,128,256,False,in: other listed tile,128-255
4096,3072,1536,False,bfloat16,tuned,819,192,1083.6,1046.6,flydsl,flydsl_hgemm_abf16_wbf16_bf16_t256x256x64x2_ks1_w2x4x1_bias0_ktail0_gm0_pht_gfx950,gluon,0.0,,256,256,False,in: 256x256,128-255
4096,4096,1536,False,bfloat16,untuned,878,256,1263.2,1228.4,torch,,gluon,0.0,,256,256,False,in: 256x256,256-511
5120,2048,1536,False,bfloat16,untuned,749,160,930.1,1032.4,torch,,torch:hipBLASLt,11.0,Cijk_Alik_Bljk_BBS_BH_Bias_HA_S_SAV_UserArgs_MT256x160x64_MI16x16x1_SN_LDSB0_AFC0_AFEM1_AFEM1_ASEM1_CLR1_CADS0_DTLA0_DTLB0_DTVA0_DTVB0_EPS0_FDSI0_GRPM1_GRVWA8_GRVWB8_GSU0_GSUAMB_GLS0_ISA950_IU1_K1_LDSTI0_LBSPPA1024_LBSPPB128_LBSPPM0_LPA16_LPB16_LPM0_LRVW8_LWPMn1_MIAV0_MIWT8_5_MO40_NTn1_NTA0_NTB0_NTC0_NTD0_NTM0_NEPBS0_NLCA1_NLCB1_ONLL1_PGR2_PLR1_PKA1_SIA3_SS1_SPO0_SRVW0_SSO0_SVW8_SK3_SKFTR0_SKXCCM0_TLDS1_ULSGRO0_USL1_UIOFGRO0_USFGRO0_VSn1_VWA8_VWB1_WSGRA0_WSGRB0_WS64_WG32_8_1,256,160,False,in: non-pow2 tile,128-255
5120,4096,1536,False,bfloat16,untuned,917,320,1012.7,1103.5,torch,,torch:hipBLASLt,9.0,Cijk_Alik_Bljk_BBS_BH_Bias_HA_S_SAV_UserArgs_MT256x160x64_MI16x16x1_SN_LDSB0_AFC0_AFEM1_AFEM1_ASEM1_CLR1_CADS0_DTLA0_DTLB0_DTVA0_DTVB0_EPS0_FDSI0_GRPM1_GRVWA8_GRVWB8_GSU0_GSUAMB_GLS0_ISA950_IU1_K1_LDSTI0_LBSPPA1024_LBSPPB128_LBSPPM0_LPA16_LPB16_LPM0_LRVW8_LWPMn1_MIAV0_MIWT8_5_MO40_NTn1_NTA0_NTB0_NTC0_NTD0_NTM0_NEPBS0_NLCA1_NLCB1_ONLL1_PGR2_PLR1_PKA1_SIA3_SS1_SPO0_SRVW0_SSO0_SVW8_SK3_SKFTR0_SKXCCM0_TLDS1_ULSGRO0_USL1_UIOFGRO0_USFGRO0_VSn1_VWA8_VWB1_WSGRA0_WSGRB0_WS64_WG32_8_1,256,160,False,in: non-pow2 tile,256-511
7680,2048,1536,False,bfloat16,untuned,788,240,1222.6,1043.1,torch,,gluon,0.0,,256,256,False,in: 256x256,128-255
7680,4096,1536,False,bfloat16,untuned,975,480,1262.4,1086.6,torch,,gluon,0.0,,256,256,False,in: 256x256,256-511
8192,1536,1536,False,bfloat16,tuned,702,192,1077.5,1106.4,torch,native,torch:hipBLASLt,2.7,Cijk_Alik_Bljk_BBS_BH_Bias_HA_S_SAV_UserArgs_MT192x256x64_MI16x16x1_SN_LDSB0_AFC0_AFEM1_AFEM1_ASEM1_CLR1_CADS0_DTLA0_DTLB0_DTVA0_DTVB0_EPS0_FDSI0_GRPM1_GRVWA8_GRVWB8_GSU0_GSUAMB_GLS0_ISA950_IU1_K1_LDSTI0_LBSPPA256_LBSPPB1024_LBSPPM0_LPA16_LPB16_LPM0_LRVW8_LWPMn1_MIAV0_MIWT6_8_MO40_NTn1_NTA0_NTB0_NTC0_NTD0_NTM0_NEPBS0_NLCA1_NLCB1_ONLL1_PGR2_PLR1_PKA1_SIA3_SS1_SPO0_SRVW0_SSO0_SVW2_SK3_SKFTR0_SKXCCM0_TLDS1_ULSGRO0_USL1_UIOFGRO0_USFGRO0_VSn1_VWA2_VWB8_WSGRA0_WSGRB0_WS64_WG32_8_1,192,256,False,in: non-pow2 tile,128-255
10240,7168,1536,False,bfloat16,tuned,1126,1120,1258.3,1226.5,asm,_ZN5aiter24bf16gemm_bf16_tn_256x256E,gluon,0.0,,256,256,False,in: 256x256,>=512
16384,1536,1536,False,bfloat16,tuned,734,384,1155.2,1149.7,torch,native,gluon,0.0,,256,256,False,in: 256x256,256-511
16384,2048,1536,False,bfloat16,untuned,833,512,1306.7,1282.1,torch,,gluon,0.0,,256,256,False,in: 256x256,>=512
16384,3072,1536,False,bfloat16,tuned,964,768,1338.6,1309.3,torch,native,gluon,0.0,,256,256,False,in: 256x256,>=512
16384,4096,1536,False,bfloat16,untuned,1046,1024,1350.1,1325.3,torch,,gluon,0.0,,256,256,False,in: 256x256,>=512
32768,1536,1536,False,bfloat16,tuned,750,768,1328.8,1286.9,flydsl,flydsl_hgemm_abf16_wbf16_bf16_t256x256x64x2_ks1_w2x4x1_bias0_ktail0_gm4_pht_gfx950,gluon,0.0,,256,256,False,in: 256x256,>=512
512,7168,1792,False,bfloat16,tuned,377,56,391.9,719.8,flydsl,flydsl_hgemm_abf16_wbf16_bf16_t128x128x64x3_ks1_w4x4x1_bias0_ktail0_gm0_pft_gfx950,flydsl:flydsl_hgemm_abf16_wbf16_bf16_t128x128x64x3_ks1_w4x4x1_bias0_ktail0_gm0_pft_gfx950,83.7,,128,128,False,in: other listed tile,<128
1024,7168,1792,False,bfloat16,tuned,597,112,720.6,862.9,flydsl,flydsl_hgemm_abf16_wbf16_bf16_t256x128x64x3_ks1_w4x4x1_bias0_ktail0_gm0_pft_gfx950,flydsl:flydsl_hgemm_abf16_wbf16_bf16_t256x128x64x3_ks1_w4x4x1_bias0_ktail0_gm0_pft_gfx950,19.7,,256,128,False,in: other listed tile,<128
2048,7168,1792,False,bfloat16,tuned,843,224,1254.8,1189.5,flydsl,flydsl_hgemm_abf16_wbf16_bf16_t256x256x64x2_ks1_w2x4x1_bias0_ktail0_gm0_pht_gfx950,gluon,0.0,,256,256,False,in: 256x256,128-255
4096,7168,1792,False,bfloat16,tuned,1062,448,1282.3,1258.1,flydsl,flydsl_hgemm_abf16_wbf16_bf16_t256x256x64x2_ks1_w2x4x1_bias0_ktail0_gm4_pht_gfx950,gluon,0.0,,256,256,False,in: 256x256,256-511
8192,7168,1792,False,bfloat16,tuned,1220,896,1314.3,1267.8,asm,_ZN5aiter24bf16gemm_bf16_tn_256x256E,gluon,0.0,,256,256,False,in: 256x256,>=512
16384,7168,1792,False,bfloat16,tuned,1318,1792,1398.5,1386.2,torch,native,gluon,0.0,,256,256,False,in: 256x256,>=512
32768,7168,1792,False,bfloat16,tuned,1374,3584,1373.9,1397.5,torch,native,torch:hipBLASLt,1.7,Cijk_Alik_Bljk_BBS_BH_Bias_HA_S_SAV_UserArgs_MT256x256x64_MI16x16x1_CMS_SN_LDSB0_AFC0_AFEM1_AFEM1_ASEM1_CLR1_CADS0_DTLA1_DTLB1_DTVA0_DTVB0_EPS0_FDSI0_GRPM1_GRVWA8_GRVWB8_GSU0_GSUAMB_GLS0_ISA950_IU1_K1_LDSTI0_LBSPPA1024_LBSPPB1024_LBSPPM0_LPA16_LPB16_LPM0_LRVW8_LWPMn1_MIAV0_MIWT8_8_MO40_NTn1_NTA0_NTB0_NTC0_NTD4_NTM0_NEPBS0_NLCA1_NLCB1_ONLL1_PGR2_PLR1_PKA1_SIA3_SS1_SPO0_SRVW0_SSO0_SVW8_SK3_SKFTR0_SKXCCM0_TLDS1_ULSGRO0_USL1_UIOFGRO0_USFGRO0_VSn1_VWA8_VWB8_WSGRA0_WSGRB0_WS64_WG32_8_1,256,256,False,in: 256x256,>=512
512,4096,2048,False,bfloat16,untuned,372,32,237.5,616.0,torch,,torch:hipBLASLt,159.4,Cijk_Alik_Bljk_BBS_BH_Bias_HA_S_SAV_UserArgs_MT128x64x128_MI16x16x1_SN_LDSB1_AFC0_AFEM1_AFEM1_ASEM1_CLR1_CADS0_DTLA0_DTLB0_DTVA0_DTVB0_EPS0_FDSI0_GRPM1_GRVWA8_GRVWB8_GSU0_GSUAMB_GLS0_ISA950_IU1_K1_LDSTI0_LBSPPA1024_LBSPPB512_LBSPPM0_LPA16_LPB16_LPM0_LRVW8_LWPMn1_MIAV0_MIWT4_2_MO40_NTn1_NTA0_NTB0_NTC0_NTD0_NTM0_NEPBS0_NLCA1_NLCB1_ONLL1_PGR2_PLR1_PKA1_SIA3_SS1_SPO0_SRVW0_SSO0_SVW4_SK3_SKFTR0_SKXCCM0_TLDS1_ULSGRO0_USL1_UIOFGRO0_USFGRO0_VSn1_VWA4_VWB2_WSGRA0_WSGRB0_WS64_WG32_8_1,128,64,False,in: other listed tile,<128
512,6144,2048,False,float32,tuned,323,48,315.4,424.3,asm,_ZN5aiter37bf16gemm_fp32bf16_tn_96x64_pf3_splitkE,asm:_ZN5aiter37bf16gemm_fp32bf16_tn_96x64_pf3_splitkE,34.5,,96,64,True,out: split-K,<128
512,6144,2048,False,bfloat16,tuned,384,48,356.3,682.0,flydsl,flydsl_hgemm_abf16_wbf16_bf16_t128x96x64x4_ks1_w2x2x1_bias0_ktail0_gm4_pft_gfx950,flydsl:flydsl_hgemm_abf16_wbf16_bf16_t128x96x64x4_ks1_w2x2x1_bias0_ktail0_gm4_pft_gfx950,91.4,,128,96,False,in: non-pow2 tile,<128
512,8192,2048,False,bfloat16,tuned,390,64,452.8,788.1,flydsl,flydsl_hgemm_abf16_wbf16_bf16_t128x128x64x3_ks1_w4x4x1_bias0_ktail0_gm0_pft_gfx950,flydsl:flydsl_hgemm_abf16_wbf16_bf16_t128x128x64x3_ks1_w4x4x1_bias0_ktail0_gm0_pft_gfx950,74.1,,128,128,False,in: other listed tile,<128
512,16384,2048,False,bfloat16,tuned,400,128,827.1,815.8,flydsl,flydsl_hgemm_abf16_wbf16_bf16_t128x128x64x4_ks1_w2x4x1_bias0_ktail0_gm0_pft_gfx950,gluon,0.0,,256,256,False,in: 256x256,128-255
1024,4096,2048,False,bfloat16,untuned,585,64,453.3,688.3,torch,,torch:hipBLASLt,51.8,Cijk_Alik_Bljk_BBS_BH_Bias_HA_S_SAV_UserArgs_MT128x128x256_MI16x16x1_SN_LDSB1_AFC0_AFEM1_AFEM1_ASEM1_CLR0_CADS0_DTLA0_DTLB0_DTVA0_DTVB0_EPS0_FDSI0_GRPM1_GRVWA8_GRVWB8_GSU0_GSUAMB_GLS0_ISA950_IU1_K1_LDSTI0_LBSPPA2048_LBSPPB2048_LBSPPM0_LPA16_LPB16_LPM0_LRVW8_LWPMn1_MIAV0_MIWT4_4_MO40_NTn1_NTA0_NTB0_NTC1_NTD1_NTM0_NEPBS0_NLCA1_NLCB1_ONLL1_PGR2_PLR1_PKA1_SIA3_SS1_SPO1_SRVW0_SSO4_SVW4_SK3_SKFTR0_SKXCCM0_TLDS1_ULSGRO0_USL1_UIOFGRO0_USFGRO0_VSn1_VWA4_VWB4_WSGRA0_WSGRB0_WS64_WG32_8_1,128,128,False,in: other listed tile,<128
1024,6144,2048,False,float32,tuned,473,96,598.8,668.4,opus,opus_gemm_persistent_512x128x128x64_2x4_16x16x32_0x0x0,opus:opus_gemm_persistent_512x128x128x64_2x4_16x16x32_0x0x0,11.6,,128,128,False,in: other listed tile,<128
1024,6144,2048,False,bfloat16,tuned,614,96,652.7,812.5,flydsl,flydsl_hgemm_abf16_wbf16_bf16_t256x128x64x3_ks1_w4x2x2_bias0_ktail0_gm0_pft_gfx950,flydsl:flydsl_hgemm_abf16_wbf16_bf16_t256x128x64x3_ks1_w4x2x2_bias0_ktail0_gm0_pft_gfx950,24.5,,256,128,False,in: other listed tile,<128
1024,8192,2048,False,bfloat16,tuned,630,128,821.5,1057.2,flydsl,flydsl_hgemm_abf16_wbf16_bf16_t128x256x64x2_ks1_w2x4x1_bias0_ktail0_gm4_pht_gfx950,flydsl:flydsl_hgemm_abf16_wbf16_bf16_t128x256x64x2_ks1_w2x4x1_bias0_ktail0_gm4_pht_gfx950,28.7,,128,256,False,in: other listed tile,128-255
1024,16384,2048,False,bfloat16,tuned,655,256,1375.8,940.3,flydsl,flydsl_hgemm_abf16_wbf16_bf16_t256x64x64x2_ks1_w2x2x1_bias0_ktail0_gm4_pht_gfx950,gluon,0.0,,256,256,False,in: 256x256,256-511
2048,4096,2048,False,bfloat16,untuned,819,128,828.1,1038.4,torch,,torch:hipBLASLt,25.4,Cijk_Alik_Bljk_BBS_BH_Bias_HA_S_SAV_UserArgs_MT256x128x64_MI16x16x1_SN_LDSB1_AFC0_AFEM1_AFEM1_ASEM1_CLR1_CADS0_DTLA0_DTLB0_DTVA0_DTVB0_EPS0_FDSI0_GRPM1_GRVWA8_GRVWB8_GSU0_GSUAMB_GLS0_ISA950_IU1_K1_LDSTI0_LBSPPA1024_LBSPPB512_LBSPPM0_LPA16_LPB16_LPM0_LRVW8_LWPMn1_MIAV0_MIWT8_4_MO40_NTn1_NTA0_NTB0_NTC0_NTD0_NTM0_NEPBS0_NLCA1_NLCB1_ONLL1_PGR2_PLR1_PKA1_SIA3_SS1_SPO0_SRVW0_SSO0_SVW8_SK3_SKFTR0_SKXCCM0_TLDS1_ULSGRO0_USL1_UIOFGRO0_USFGRO0_VSn1_VWA8_VWB4_WSGRA0_WSGRB0_WS64_WG32_8_1,256,128,False,in: other listed tile,128-255
2048,6144,2048,False,float32,tuned,614,192,1081.4,1031.0,asm,_ZN5aiter24bf16gemm_bf16_tn_256x256E,gluon,0.0,,256,256,False,in: 256x256,128-255
2048,6144,2048,False,bfloat16,tuned,878,192,1162.6,1149.3,flydsl,flydsl_hgemm_abf16_wbf16_bf16_t256x256x64x2_ks1_w2x4x1_bias0_ktail0_gm0_pht_gfx950,gluon,0.0,,256,256,False,in: 256x256,128-255
2048,8192,2048,False,bfloat16,tuned,910,256,1365.0,1318.4,flydsl,flydsl_hgemm_abf16_wbf16_bf16_t256x256x64x2_ks1_w2x4x1_bias0_ktail0_gm4_pht_gfx950,gluon,0.0,,256,256,False,in: 256x256,256-511
2048,16384,2048,False,bfloat16,tuned,964,512,1403.2,1105.7,flydsl,flydsl_hgemm_abf16_wbf16_bf16_t256x256x64x2_ks1_w4x4x1_bias0_ktail0_gm0_pft_gfx950,gluon,0.0,,256,256,False,in: 256x256,>=512
3072,4096,2048,False,bfloat16,untuned,945,192,1190.8,1183.4,torch,,gluon,0.0,,256,256,False,in: 256x256,128-255
4096,4096,2048,False,bfloat16,untuned,1024,256,1377.2,1323.0,torch,,gluon,0.0,,256,256,False,in: 256x256,256-511
4096,6144,2048,False,float32,tuned,723,384,1086.9,1039.3,asm,_ZN5aiter24bf16gemm_bf16_tn_256x256E,gluon,0.0,,256,256,False,in: 256x256,256-511
4096,6144,2048,False,bfloat16,tuned,1117,384,1223.0,1055.9,flydsl,flydsl_hgemm_abf16_wbf16_bf16_t128x128x64x2_ks1_w2x4x1_bias0_ktail0_gm4_pht_gfx950,gluon,0.0,,256,256,False,in: 256x256,256-511
4096,8192,2048,False,bfloat16,tuned,1170,512,1399.2,1348.3,flydsl,flydsl_hgemm_abf16_wbf16_bf16_t256x256x64x2_ks1_w2x4x1_bias0_ktail0_gm0_pht_gfx950,gluon,0.0,,256,256,False,in: 256x256,>=512
4096,16384,2048,False,bfloat16,tuned,1260,1024,1429.3,974.7,flydsl,flydsl_hgemm_abf16_wbf16_bf16_t256x64x64x2_ks1_w4x2x1_bias0_ktail0_gm4_pft_gfx950,gluon,0.0,,256,256,False,in: 256x256,>=512
5120,4096,2048,False,bfloat16,untuned,1078,320,1060.4,1228.4,torch,,torch:hipBLASLt,15.8,Cijk_Alik_Bljk_BBS_BH_Bias_HA_S_SAV_UserArgs_MT256x160x64_MI16x16x1_SN_LDSB0_AFC1_AFEM1_AFEM1_ASEM1_CLR0_CADS0_DTLA1_DTLB1_DTVA0_DTVB0_EPS0_FDSI0_GRPM1_GRVWA8_GRVWB8_GSU0_GSUAMB_GLS0_ISA950_IU1_K1_LDSTI0_LBSPPA1024_LBSPPB1024_LBSPPM0_LPA16_LPB16_LPM0_LRVW8_LWPMn1_MIAV0_MIWT8_5_MO40_NTn1_NTA1_NTB2_NTC6_NTD2_NTM0_NEPBS16_NLCA1_NLCB1_ONLL1_PGR2_PLR1_PKA1_SIA3_SS1_SPO0_SRVW0_SSO4_SVW8_SK3_SKFTR0_SKXCCM8_TLDS1_ULSGRO0_USL1_UIOFGRO0_USFGRO0_VSn1_VWA8_VWB1_WSGRA0_WSGRB0_WS64_WG32_8_1,256,160,False,in: non-pow2 tile,256-511
7680,4096,2048,False,bfloat16,untuned,1159,480,1356.8,1147.3,torch,,gluon,0.0,,256,256,False,in: 256x256,256-511
8192,6144,2048,False,float32,tuned,793,768,1265.9,1226.7,asm,_ZN5aiter24bf16gemm_bf16_tn_256x256E,gluon,0.0,,256,256,False,in: 256x256,>=512
8192,6144,2048,False,bfloat16,tuned,1293,768,1425.8,854.8,flydsl,flydsl_hgemm_abf16_wbf16_bf16_t128x128x64x4_ks1_w2x2x2_bias0_ktail0_gm0_pft_gfx950,gluon,0.0,,256,256,False,in: 256x256,>=512
8192,8192,2048,False,bfloat16,tuned,1365,1024,1429.3,1399.3,asm,_ZN5aiter24bf16gemm_bf16_tn_256x256E,gluon,0.0,,256,256,False,in: 256x256,>=512
8192,16384,2048,False,bfloat16,tuned,1489,2048,1361.2,1034.2,triton,auto,gluon,0.0,,256,256,False,in: 256x256,>=512
16384,4096,2048,False,bfloat16,tuned,1260,1024,1434.4,1361.3,torch,native,gluon,0.0,,256,256,False,in: 256x256,>=512
16384,6144,2048,False,float32,tuned,833,1536,1224.2,1187.1,asm,_ZN5aiter24bf16gemm_bf16_tn_256x256E,gluon,0.0,,256,256,False,in: 256x256,>=512
16384,6144,2048,False,bfloat16,tuned,1404,1536,1440.7,1407.5,torch,native,gluon,0.0,,256,256,False,in: 256x256,>=512
16384,8192,2048,False,bfloat16,tuned,1489,2048,1425.7,1415.8,torch,native,gluon,0.0,,256,256,False,in: 256x256,>=512
16384,16384,2048,False,bfloat16,tuned,1638,4096,1363.3,970.8,flydsl,flydsl_hgemm_abf16_wbf16_bf16_t128x128x64x2_ks1_w2x2x1_bias0_ktail0_gm0_pht_gfx950,gluon,0.0,,256,256,False,in: 256x256,>=512
32768,6144,2048,False,bfloat16,tuned,1467,3072,1395.1,1003.0,flydsl,flydsl_hgemm_abf16_wbf16_bf16_t256x128x64x3_ks1_w4x2x1_bias0_ktail0_gm0_pft_gfx950,gluon,0.0,,256,256,False,in: 256x256,>=512
32768,8192,2048,False,bfloat16,tuned,1560,4096,1419.9,1420.9,torch,native,torch:hipBLASLt,0.1,Cijk_Alik_Bljk_BBS_BH_Bias_HA_S_SAV_UserArgs_MT256x256x64_MI16x16x1_CMS_SN_LDSB0_AFC0_AFEM1_AFEM1_ASEM1_CLR1_CADS0_DTLA1_DTLB1_DTVA0_DTVB0_EPS0_FDSI0_GRPM1_GRVWA8_GRVWB8_GSU0_GSUAMB_GLS0_ISA950_IU1_K1_LDSTI0_LBSPPA1024_LBSPPB1024_LBSPPM0_LPA16_LPB16_LPM0_LRVW8_LWPMn1_MIAV0_MIWT8_8_MO40_NTn1_NTA0_NTB0_NTC0_NTD4_NTM0_NEPBS0_NLCA1_NLCB1_ONLL1_PGR2_PLR1_PKA1_SIA3_SS1_SPO0_SRVW0_SSO0_SVW8_SK3_SKFTR0_SKXCCM0_TLDS1_ULSGRO0_USL1_UIOFGRO0_USFGRO0_VSn1_VWA8_VWB8_WSGRA0_WSGRB0_WS64_WG32_8_1,256,256,False,in: 256x256,>=512
32768,16384,2048,False,bfloat16,tuned,1725,8192,1370.7,843.4,flydsl,flydsl_hgemm_abf16_wbf16_bf16_t128x128x64x3_ks1_w2x2x1_bias0_ktail0_gm4_pft_gfx950,gluon,0.0,,256,256,False,in: 256x256,>=512
512,6144,3072,False,float32,tuned,361,48,346.3,399.7,opus,opus_gemm_512x128x128x64_2x4_16x16x32_0x0x0_nooob_cA17cB1,opus:opus_gemm_512x128x128x64_2x4_16x16x32_0x0x0_nooob_cA17cB1,15.4,,128,128,False,in: other listed tile,<128
512,6144,3072,False,bfloat16,tuned,410,48,380.3,747.1,flydsl,flydsl_hgemm_abf16_wbf16_bf16_t128x96x64x4_ks1_w2x2x1_bias0_ktail0_gm0_pft_gfx950,flydsl:flydsl_hgemm_abf16_wbf16_bf16_t128x96x64x4_ks1_w2x2x1_bias0_ktail0_gm0_pft_gfx950,96.5,,128,96,False,in: non-pow2 tile,<128
1024,6144,3072,False,float32,tuned,559,96,687.6,631.2,opus,opus_gemm_512x256x128x64_2x4_16x16x32_0x0x0_cA1cB17,gluon,0.0,,256,256,False,in: 256x256,<128
1024,6144,3072,False,bfloat16,tuned,683,96,732.2,887.7,flydsl,flydsl_hgemm_abf16_wbf16_bf16_t256x128x64x3_ks1_w4x2x2_bias0_ktail0_gm0_pft_gfx950,flydsl:flydsl_hgemm_abf16_wbf16_bf16_t256x128x64x3_ks1_w4x2x2_bias0_ktail0_gm0_pft_gfx950,21.2,,256,128,False,in: other listed tile,<128
2048,6144,3072,False,float32,tuned,768,192,1198.9,1149.7,asm,_ZN5aiter24bf16gemm_bf16_tn_256x256E,gluon,0.0,,256,256,False,in: 256x256,128-255
2048,6144,3072,False,bfloat16,tuned,1024,192,1281.5,1212.4,flydsl,flydsl_hgemm_abf16_wbf16_bf16_t256x256x64x2_ks1_w2x4x1_bias0_ktail0_gm0_pht_gfx950,gluon,0.0,,256,256,False,in: 256x256,128-255
4096,6144,3072,False,float32,tuned,945,384,1183.0,1145.5,asm,_ZN5aiter24bf16gemm_bf16_tn_256x256E,gluon,0.0,,256,256,False,in: 256x256,256-511
4096,6144,3072,False,bfloat16,tuned,1365,384,1276.9,1110.1,flydsl,flydsl_hgemm_abf16_wbf16_bf16_t128x128x64x2_ks1_w2x2x1_bias0_ktail0_gm4_pht_gfx950,gluon,0.0,,256,256,False,in: 256x256,256-511
8192,6144,3072,False,float32,tuned,1069,768,1370.2,1329.7,asm,_ZN5aiter24bf16gemm_bf16_tn_256x256E,gluon,0.0,,256,256,False,in: 256x256,>=512
8192,6144,3072,False,bfloat16,tuned,1638,768,1506.7,850.1,flydsl,flydsl_hgemm_abf16_wbf16_bf16_t64x256x64x4_ks1_w2x4x1_bias0_ktail0_gm0_pft_gfx950,gluon,0.0,,256,256,False,in: 256x256,>=512
16384,6144,3072,False,float32,tuned,1143,1536,1323.8,1294.5,asm,_ZN5aiter24bf16gemm_bf16_tn_256x256E,gluon,0.0,,256,256,False,in: 256x256,>=512
16384,6144,3072,False,bfloat16,tuned,1820,1536,1494.9,1471.2,torch,native,gluon,0.0,,256,256,False,in: 256x256,>=512
32768,6144,3072,False,bfloat16,tuned,1928,3072,1492.0,870.5,flydsl,flydsl_hgemm_abf16_wbf16_bf16_t128x128x64x4_ks1_w2x2x2_bias0_ktail0_gm0_pft_gfx950,gluon,0.0,,256,256,False,in: 256x256,>=512
512,5120,3200,False,bfloat16,tuned,406,40,318.3,637.3,flydsl,flydsl_hgemm_abf16_wbf16_bf16_t128x64x64x3_ks1_w2x2x1_bias0_ktail0_gm0_pft_gfx950,flydsl:flydsl_hgemm_abf16_wbf16_bf16_t128x64x64x3_ks1_w2x2x1_bias0_ktail0_gm0_pft_gfx950,100.2,,128,64,False,in: other listed tile,<128
1024,5120,3200,False,bfloat16,tuned,674,80,597.1,959.0,torch,native,torch:hipBLASLt,60.6,Cijk_Alik_Bljk_BBS_BH_Bias_HA_S_SAV_UserArgs_MT160x128x128_MI16x16x1_SN_LDSB1_AFC0_AFEM1_AFEM1_ASEM1_CLR1_CADS0_DTLA0_DTLB0_DTVA0_DTVB0_EPS0_FDSI0_GRPM1_GRVWA8_GRVWB8_GSU0_GSUAMB_GLS0_ISA950_IU1_K1_LDSTI0_LBSPPA256_LBSPPB1024_LBSPPM0_LPA16_LPB16_LPM0_LRVW8_LWPMn1_MIAV0_MIWT5_4_MO40_NTn1_NTA0_NTB0_NTC0_NTD0_NTM0_NEPBS0_NLCA1_NLCB1_ONLL1_PGR2_PLR1_PKA1_SIA3_SS1_SPO0_SRVW0_SSO0_SVW1_SK3_SKFTR0_SKXCCM0_TLDS1_ULSGRO0_USL1_UIOFGRO0_USFGRO0_VSn1_VWA1_VWB4_WSGRA0_WSGRB0_WS64_WG32_8_1,160,128,False,in: non-pow2 tile,<128
2048,5120,3200,False,bfloat16,tuned,1004,160,1162.7,1173.9,torch,native,torch:hipBLASLt,1.0,Cijk_Alik_Bljk_BBS_BH_Bias_HA_S_SAV_UserArgs_MT160x256x64_MI16x16x1_SN_LDSB0_AFC0_AFEM1_AFEM1_ASEM1_CLR1_CADS0_DTLA0_DTLB0_DTVA0_DTVB0_EPS0_FDSI0_GRPM1_GRVWA8_GRVWB8_GSU0_GSUAMB_GLS0_ISA950_IU1_K1_LDSTI0_LBSPPA128_LBSPPB1024_LBSPPM0_LPA16_LPB16_LPM0_LRVW8_LWPMn1_MIAV0_MIWT5_8_MO40_NTn1_NTA0_NTB0_NTC0_NTD0_NTM0_NEPBS0_NLCA1_NLCB1_ONLL1_PGR2_PLR1_PKA1_SIA3_SS1_SPO0_SRVW0_SSO0_SVW1_SK3_SKFTR0_SKXCCM0_TLDS1_ULSGRO0_USL1_UIOFGRO0_USFGRO0_VSn1_VWA1_VWB8_WSGRA0_WSGRB0_WS64_WG32_8_1,160,256,False,in: non-pow2 tile,128-255
4096,5120,3200,False,bfloat16,tuned,1330,320,1118.0,1191.2,torch,native,torch:hipBLASLt,6.5,Cijk_Alik_Bljk_BBS_BH_Bias_HA_S_SAV_UserArgs_MT160x256x64_MI16x16x1_SN_LDSB0_AFC0_AFEM1_AFEM1_ASEM1_CLR1_CADS0_DTLA0_DTLB0_DTVA0_DTVB0_EPS0_FDSI0_GRPM1_GRVWA8_GRVWB8_GSU0_GSUAMB_GLS0_ISA950_IU1_K1_LDSTI0_LBSPPA128_LBSPPB1024_LBSPPM0_LPA16_LPB16_LPM0_LRVW8_LWPMn1_MIAV0_MIWT5_8_MO40_NTn1_NTA0_NTB0_NTC0_NTD0_NTM0_NEPBS0_NLCA1_NLCB1_ONLL1_PGR2_PLR1_PKA1_SIA3_SS1_SPO0_SRVW0_SSO0_SVW1_SK3_SKFTR0_SKXCCM0_TLDS1_ULSGRO0_USL1_UIOFGRO0_USFGRO0_VSn1_VWA1_VWB8_WSGRA0_WSGRB0_WS64_WG32_8_1,160,256,False,in: non-pow2 tile,256-511
8192,5120,3200,False,bfloat16,tuned,1588,640,1374.0,1328.2,asm,_ZN5aiter24bf16gemm_bf16_tn_256x256E,gluon,0.0,,256,256,False,in: 256x256,>=512
16384,5120,3200,False,bfloat16,tuned,1758,1280,1499.4,1473.7,torch,native,gluon,0.0,,256,256,False,in: 256x256,>=512
32768,5120,3200,False,bfloat16,tuned,1858,2560,1492.9,1481.3,torch,native,gluon,0.0,,256,256,False,in: 256x256,>=512
512,7168,3584,False,bfloat16,tuned,422,56,449.4,851.1,flydsl,flydsl_hgemm_abf16_wbf16_bf16_t128x128x64x4_ks1_w4x4x1_bias0_ktail0_gm0_pft_gfx950,flydsl:flydsl_hgemm_abf16_wbf16_bf16_t128x128x64x4_ks1_w4x4x1_bias0_ktail0_gm0_pft_gfx950,89.4,,128,128,False,in: other listed tile,<128
512,8192,3584,False,bfloat16,tuned,425,64,500.0,791.1,flydsl,flydsl_hgemm_abf16_wbf16_bf16_t64x256x64x4_ks1_w2x4x1_bias0_ktail0_gm4_pft_gfx950,flydsl:flydsl_hgemm_abf16_wbf16_bf16_t64x256x64x4_ks1_w2x4x1_bias0_ktail0_gm4_pft_gfx950,58.2,,64,256,False,in: other listed tile,<128
1024,7168,3584,False,bfloat16,tuned,717,112,855.1,1079.5,torch,native,torch:hipBLASLt,26.2,Cijk_Alik_Bljk_BBS_BH_Bias_HA_S_SAV_UserArgs_MT224x128x64_MI16x16x1_SN_LDSB1_AFC0_AFEM1_AFEM1_ASEM1_CLR1_CADS0_DTLA0_DTLB0_DTVA0_DTVB0_EPS0_FDSI0_GRPM1_GRVWA8_GRVWB8_GSU0_GSUAMB_GLS0_ISA950_IU1_K1_LDSTI0_LBSPPA128_LBSPPB512_LBSPPM0_LPA16_LPB16_LPM0_LRVW8_LWPMn1_MIAV0_MIWT7_4_MO40_NTn1_NTA0_NTB0_NTC0_NTD0_NTM0_NEPBS0_NLCA1_NLCB1_ONLL1_PGR2_PLR1_PKA1_SIA3_SS1_SPO0_SRVW0_SSO0_SVW1_SK3_SKFTR0_SKXCCM0_TLDS1_ULSGRO0_USL1_UIOFGRO0_USFGRO0_VSn1_VWA1_VWB4_WSGRA0_WSGRB0_WS64_WG32_8_1,224,128,False,in: non-pow2 tile,<128
1024,8192,3584,False,bfloat16,tuned,726,128,948.5,890.3,flydsl,flydsl_hgemm_abf16_wbf16_bf16_t128x128x64x5_ks1_w4x2x1_bias0_ktail0_gm4_pft_gfx950,gluon,0.0,,256,256,False,in: 256x256,128-255
2048,8192,3584,False,bfloat16,tuned,1124,256,1481.4,1433.0,flydsl,flydsl_hgemm_abf16_wbf16_bf16_t256x256x64x2_ks1_w2x4x1_bias0_ktail0_gm0_pht_gfx950,gluon,0.0,,256,256,False,in: 256x256,256-511
4096,8192,3584,False,bfloat16,tuned,1550,512,1508.3,1043.4,flydsl,flydsl_hgemm_abf16_wbf16_bf16_t256x128x64x2_ks1_w2x2x1_bias0_ktail0_gm0_pht_gfx950,gluon,0.0,,256,256,False,in: 256x256,>=512
8192,8192,3584,False,bfloat16,tuned,1911,1024,1536.9,1484.5,torch,native,gluon,0.0,,256,256,False,in: 256x256,>=512
10240,7168,3584,False,bfloat16,tuned,1937,1120,1425.9,838.8,flydsl,flydsl_hgemm_abf16_wbf16_bf16_t256x64x128x2_ks1_w2x2x1_bias0_ktail0_gm0_pht_gfx950,gluon,0.0,,256,256,False,in: 256x256,>=512
16384,8192,3584,False,bfloat16,tuned,2164,2048,1527.5,852.0,flydsl,flydsl_hgemm_abf16_wbf16_bf16_t128x128x128x2_ks1_w2x2x1_bias0_ktail0_gm4_pft_gfx950,gluon,0.0,,256,256,False,in: 256x256,>=512
32768,8192,3584,False,bfloat16,tuned,2317,4096,1521.4,876.3,flydsl,flydsl_hgemm_abf16_wbf16_bf16_t128x128x64x5_ks1_w2x2x1_bias0_ktail0_gm4_pft_gfx950,gluon,0.0,,256,256,False,in: 256x256,>=512
512,1024,4096,False,bfloat16,tuned,315,8,66.6,348.5,flydsl,flydsl_hgemm_abf16_wbf16_bf16_t32x64x128x4_ks1_w1x2x2_bias0_ktail0_gm4_pft_gfx950,flydsl:flydsl_hgemm_abf16_wbf16_bf16_t32x64x128x4_ks1_w1x2x2_bias0_ktail0_gm4_pft_gfx950,423.3,,32,64,False,out: smaller tile,<128
512,2048,4096,False,bfloat16,tuned,372,16,133.0,514.9,flydsl,flydsl_hgemm_abf16_wbf16_bf16_t64x64x64x6_ks1_w4x2x1_bias0_ktail0_gm0_pft_gfx950,flydsl:flydsl_hgemm_abf16_wbf16_bf16_t64x64x64x6_ks1_w4x2x1_bias0_ktail0_gm0_pft_gfx950,287.1,,64,64,False,out: smaller tile,<128
512,4096,4096,False,bfloat16,tuned,410,32,264.6,714.9,flydsl,flydsl_hgemm_abf16_wbf16_bf16_t128x64x64x4_ks1_w4x2x1_bias0_ktail0_gm0_pft_gfx950,flydsl:flydsl_hgemm_abf16_wbf16_bf16_t128x64x64x4_ks1_w4x2x1_bias0_ktail0_gm0_pft_gfx950,170.2,,128,64,False,in: other listed tile,<128
512,8192,4096,False,bfloat16,tuned,431,64,516.6,912.8,flydsl,flydsl_hgemm_abf16_wbf16_bf16_t128x128x64x4_ks1_w4x4x1_bias0_ktail0_gm4_pft_gfx950,flydsl:flydsl_hgemm_abf16_wbf16_bf16_t128x128x64x4_ks1_w4x4x1_bias0_ktail0_gm4_pft_gfx950,76.7,,128,128,False,in: other listed tile,<128
512,8704,4096,False,bfloat16,tuned,432,68,554.9,903.7,torch,native,torch:hipBLASLt,62.9,Cijk_Alik_Bljk_BBS_BH_Bias_HA_S_SAV_UserArgs_MT160x128x128_MI16x16x1_SN_LDSB1_AFC0_AFEM1_AFEM1_ASEM1_CLR1_CADS0_DTLA0_DTLB0_DTVA0_DTVB0_EPS0_FDSI0_GRPM1_GRVWA8_GRVWB8_GSU0_GSUAMB_GLS0_ISA950_IU1_K1_LDSTI0_LBSPPA256_LBSPPB1024_LBSPPM0_LPA16_LPB16_LPM0_LRVW8_LWPMn1_MIAV0_MIWT5_4_MO40_NTn1_NTA0_NTB0_NTC0_NTD0_NTM0_NEPBS0_NLCA1_NLCB1_ONLL1_PGR2_PLR1_PKA1_SIA3_SS1_SPO0_SRVW0_SSO0_SVW1_SK3_SKFTR0_SKXCCM0_TLDS1_ULSGRO0_USL1_UIOFGRO0_USFGRO0_VSn1_VWA1_VWB4_WSGRA0_WSGRB0_WS64_WG32_8_1,160,128,False,in: non-pow2 tile,<128
512,10240,4096,False,bfloat16,tuned,436,80,644.7,868.9,torch,native,torch:hipBLASLt,34.8,Cijk_Alik_Bljk_BBS_BH_Bias_HA_S_SAV_UserArgs_MT128x192x64_MI16x16x1_SN_LDSB0_AFC0_AFEM1_AFEM1_ASEM1_CLR0_CADS0_DTLA1_DTLB1_DTVA0_DTVB0_EPS0_FDSI0_GRPM1_GRVWA8_GRVWB8_GSU0_GSUAMB_GLS0_ISA950_IU1_K1_LDSTI0_LBSPPA1024_LBSPPB1024_LBSPPM0_LPA16_LPB16_LPM0_LRVW8_LWPMn1_MIAV0_MIWT8_3_MO40_NTn1_NTA6_NTB0_NTC1_NTD3_NTM0_NEPBS14_NLCA1_NLCB1_ONLL1_PGR2_PLR1_PKA1_SIA3_SS1_SPO1_SRVW0_SSO1_SVW8_SK3_SKFTR0_SKXCCM4_TLDS1_ULSGRO0_USL1_UIOFGRO0_USFGRO0_VSn1_VWA8_VWB1_WSGRA0_WSGRB0_WS64_WG16_16_1,128,192,False,in: non-pow2 tile,<128
512,16384,4096,False,bfloat16,tuned,443,128,951.8,839.1,flydsl,flydsl_hgemm_abf16_wbf16_bf16_t128x64x64x3_ks1_w4x2x1_bias0_ktail0_gm4_pft_gfx950,gluon,0.0,,256,256,False,in: 256x256,128-255
512,129280,4096,False,bfloat16,tuned,454,1010,1380.7,1308.5,asm,_ZN5aiter24bf16gemm_bf16_tn_256x256E,gluon,0.0,,256,256,False,in: 256x256,>=512
768,1024,4096,False,bfloat16,tuned,396,12,100.3,435.9,torch,native,torch:hipBLASLt,334.6,Cijk_Alik_Bljk_BBS_BH_Bias_HA_S_SAV_UserArgs_MT64x48x256_MI16x16x1_SN_LDSB0_AFC0_AFEM1_AFEM1_ASEM1_CLR1_CADS0_DTLA0_DTLB0_DTVA0_DTVB0_EPS0_FDSI0_GRPM1_GRVWA8_GRVWB8_GSU0_GSUAMB_GLS0_ISA950_IU1_K1_LDSTI0_LBSPPA512_LBSPPB512_LBSPPM0_LPA16_LPB16_LPM0_LRVW8_LWPMn1_MIAV0_MIWT1_3_MO40_NTn1_NTA0_NTB0_NTC1_NTD5_NTM0_NEPBS16_NLCA1_NLCB1_ONLL1_PGR2_PLR1_PKA1_SIA3_SS1_SPO1_SRVW0_SSO0_SVW1_SK3_SKFTR0_SKXCCM0_TLDS2_ULSGRO0_USL1_UIOFGRO0_USFGRO1_VSn1_VWA1_VWB1_WSGRA0_WSGRB0_WS64_WG64_4_1,64,48,False,out: smaller tile,<128
768,2048,4096,False,bfloat16,tuned,492,24,199.5,551.2,flydsl,flydsl_hgemm_abf16_wbf16_bf16_t64x64x64x4_ks1_w2x1x1_bias0_ktail0_gm4_pft_gfx950,flydsl:flydsl_hgemm_abf16_wbf16_bf16_t64x64x64x4_ks1_w2x1x1_bias0_ktail0_gm4_pft_gfx950,176.3,,64,64,False,out: smaller tile,<128
768,4096,4096,False,bfloat16,tuned,559,48,394.6,760.7,flydsl,flydsl_hgemm_abf16_wbf16_bf16_t96x128x64x4_ks1_w2x2x1_bias0_ktail0_gm4_pft_gfx950,flydsl:flydsl_hgemm_abf16_wbf16_bf16_t96x128x64x4_ks1_w2x2x1_bias0_ktail0_gm4_pft_gfx950,92.8,,96,128,False,in: non-pow2 tile,<128
768,8192,4096,False,bfloat16,tuned,599,96,758.5,1010.6,torch,native,torch:hipBLASLt,33.2,Cijk_Alik_Bljk_BBS_BH_Bias_HA_S_SAV_UserArgs_MT128x192x128_MI16x16x1_SN_LDSB1_AFC0_AFEM1_AFEM1_ASEM1_CLR0_CADS0_DTLA0_DTLB0_DTVA0_DTVB0_EPS0_FDSI0_GRPM1_GRVWA8_GRVWB8_GSU0_GSUAMB_GLS0_ISA950_IU1_K1_LDSTI0_LBSPPA2048_LBSPPB256_LBSPPM0_LPA16_LPB16_LPM0_LRVW8_LWPMn1_MIAV0_MIWT8_3_MO40_NTn1_NTA0_NTB0_NTC1_NTD4_NTM0_NEPBS0_NLCA1_NLCB1_ONLL1_PGR2_PLR1_PKA1_SIA3_SS1_SPO0_SRVW0_SSO0_SVW8_SK3_SKFTR0_SKXCCM0_TLDS2_ULSGRO0_USL1_UIOFGRO0_USFGRO0_VSn1_VWA8_VWB1_WSGRA0_WSGRB0_WS64_WG16_16_1,128,192,False,in: non-pow2 tile,<128
768,8704,4096,False,bfloat16,tuned,602,102,805.5,961.9,flydsl,flydsl_hgemm_abf16_wbf16_bf16_t256x128x64x3_ks1_w4x2x2_bias0_ktail0_gm0_pft_gfx950,flydsl:flydsl_hgemm_abf16_wbf16_bf16_t256x128x64x3_ks1_w4x2x2_bias0_ktail0_gm0_pft_gfx950,19.4,,256,128,False,in: other listed tile,<128
768,10240,4096,False,bfloat16,tuned,608,120,951.9,1208.0,flydsl,flydsl_hgemm_abf16_wbf16_bf16_t128x256x64x2_ks1_w2x4x1_bias0_ktail0_gm0_pht_gfx950,flydsl:flydsl_hgemm_abf16_wbf16_bf16_t128x256x64x2_ks1_w2x4x1_bias0_ktail0_gm0_pht_gfx950,26.9,,128,256,False,in: other listed tile,<128
768,129280,4096,False,bfloat16,tuned,644,1515,1426.2,1357.5,torch,native,gluon,0.0,,256,256,False,in: 256x256,>=512
1024,512,4096,False,bfloat16,tuned,315,8,66.6,329.4,flydsl,flydsl_hgemm_abf16_wbf16_bf16_t32x64x128x4_ks1_w2x2x1_bias0_ktail0_gm4_pft_gfx950,flydsl:flydsl_hgemm_abf16_wbf16_bf16_t32x64x128x4_ks1_w2x2x1_bias0_ktail0_gm4_pft_gfx950,394.6,,32,64,False,out: smaller tile,<128
1024,1024,4096,False,bfloat16,tuned,455,16,133.0,502.5,flydsl,flydsl_hgemm_abf16_wbf16_bf16_t64x64x64x6_ks1_w4x2x1_bias0_ktail0_gm4_pft_gfx950,flydsl:flydsl_hgemm_abf16_wbf16_bf16_t64x64x64x6_ks1_w4x2x1_bias0_ktail0_gm4_pft_gfx950,277.8,,64,64,False,out: smaller tile,<128
1024,2048,4096,False,bfloat16,tuned,585,32,261.9,693.9,flydsl,flydsl_hgemm_abf16_wbf16_bf16_t64x128x64x4_ks1_w2x4x1_bias0_ktail0_gm0_pft_gfx950,flydsl:flydsl_hgemm_abf16_wbf16_bf16_t64x128x64x4_ks1_w2x4x1_bias0_ktail0_gm0_pft_gfx950,164.9,,64,128,False,in: other listed tile,<128
1024,4096,4096,False,bfloat16,tuned,683,64,519.9,926.4,flydsl,flydsl_hgemm_abf16_wbf16_bf16_t128x128x64x4_ks1_w4x4x1_bias0_ktail0_gm0_pft_gfx950,flydsl:flydsl_hgemm_abf16_wbf16_bf16_t128x128x64x4_ks1_w4x4x1_bias0_ktail0_gm0_pft_gfx950,78.2,,128,128,False,in: other listed tile,<128
1024,8192,4096,False,bfloat16,tuned,745,128,988.1,1237.1,flydsl,flydsl_hgemm_abf16_wbf16_bf16_t128x256x64x2_ks1_w2x4x1_bias0_ktail0_gm0_pht_gfx950,flydsl:flydsl_hgemm_abf16_wbf16_bf16_t128x256x64x2_ks1_w2x4x1_bias0_ktail0_gm0_pht_gfx950,25.2,,128,256,False,in: other listed tile,128-255
1024,8704,4096,False,bfloat16,tuned,749,136,1067.1,1121.0,torch,native,torch:hipBLASLt,5.1,Cijk_Alik_Bljk_BBS_BH_Bias_HA_S_SAV_UserArgs_MT144x256x64_MI16x16x1_SN_LDSB0_AFC0_AFEM1_AFEM1_ASEM1_CLR1_CADS0_DTLA0_DTLB0_DTVA0_DTVB0_EPS0_FDSI0_GRPM1_GRVWA4_GRVWB8_GSU0_GSUAMB_GLS0_ISA950_IU1_K1_LDSTI0_LBSPPA128_LBSPPB512_LBSPPM0_LPA16_LPB16_LPM0_LRVW8_LWPMn1_MIAV0_MIWT9_4_MO40_NTn1_NTA0_NTB0_NTC0_NTD0_NTM0_NEPBS0_NLCA1_NLCB1_ONLL1_PGR2_PLR1_PKA1_SIA3_SS1_SPO0_SRVW0_SSO0_SVW1_SK3_SKFTR0_SKXCCM0_TLDS1_ULSGRO0_USL1_UIOFGRO0_USFGRO0_VSn1_VWA1_VWB4_WSGRA0_WSGRB0_WS64_WG16_16_1,144,256,False,in: non-pow2 tile,128-255
1024,10240,4096,False,bfloat16,tuned,759,160,1186.0,1222.4,torch,native,torch:hipBLASLt,3.1,Cijk_Alik_Bljk_BBS_BH_Bias_HA_S_SAV_UserArgs_MT160x256x64_MI16x16x1_SN_LDSB0_AFC0_AFEM1_AFEM1_ASEM1_CLR1_CADS0_DTLA0_DTLB0_DTVA0_DTVB0_EPS0_FDSI0_GRPM1_GRVWA8_GRVWB8_GSU0_GSUAMB_GLS0_ISA950_IU1_K1_LDSTI0_LBSPPA128_LBSPPB1024_LBSPPM0_LPA16_LPB16_LPM0_LRVW8_LWPMn1_MIAV0_MIWT5_8_MO40_NTn1_NTA0_NTB0_NTC0_NTD0_NTM0_NEPBS0_NLCA1_NLCB1_ONLL1_PGR2_PLR1_PKA1_SIA3_SS1_SPO0_SRVW0_SSO0_SVW1_SK3_SKFTR0_SKXCCM0_TLDS1_ULSGRO0_USL1_UIOFGRO0_USFGRO0_VSn1_VWA1_VWB8_WSGRA0_WSGRB0_WS64_WG32_8_1,160,256,False,in: non-pow2 tile,128-255
1024,16384,4096,False,bfloat16,tuned,780,256,1520.9,898.7,flydsl,flydsl_hgemm_abf16_wbf16_bf16_t128x128x64x3_ks1_w4x2x1_bias0_ktail0_gm0_pft_gfx950,gluon,0.0,,256,256,False,in: 256x256,256-511
1024,129280,4096,False,bfloat16,tuned,814,2020,1455.8,1384.0,torch,native,gluon,0.0,,256,256,False,in: 256x256,>=512
1280,512,4096,False,bfloat16,tuned,336,10,83.0,335.2,flydsl,flydsl_hgemm_abf16_wbf16_bf16_t48x32x128x4_ks1_w1x1x2_bias0_ktail0_gm4_pft_gfx950,flydsl:flydsl_hgemm_abf16_wbf16_bf16_t48x32x128x4_ks1_w1x1x2_bias0_ktail0_gm4_pft_gfx950,303.9,,48,32,False,out: smaller tile,<128
1280,1024,4096,False,bfloat16,tuned,500,20,166.3,564.6,torch,native,torch:hipBLASLt,239.5,Cijk_Alik_Bljk_BBS_BH_Bias_HA_S_SAV_UserArgs_MT64x80x256_MI16x16x1_SN_LDSB0_AFC0_AFEM1_AFEM1_ASEM1_CLR0_CADS0_DTLA0_DTLB0_DTVA0_DTVB0_EPS0_FDSI0_GRPM1_GRVWA8_GRVWB8_GSU0_GSUAMB_GLS0_ISA950_IU1_K1_LDSTI0_LBSPPA512_LBSPPB512_LBSPPM0_LPA16_LPB16_LPM0_LRVW8_LWPMn1_MIAV0_MIWT1_5_MO40_NTn1_NTA0_NTB0_NTC0_NTD5_NTM0_NEPBS0_NLCA1_NLCB1_ONLL1_PGR2_PLR1_PKA1_SIA3_SS1_SPO1_SRVW0_SSO0_SVW1_SK3_SKFTR0_SKXCCM0_TLDS1_ULSGRO0_USL1_UIOFGRO0_USFGRO0_VSn1_VWA1_VWB1_WSGRA0_WSGRB0_WS64_WG64_4_1,64,80,False,out: smaller tile,<128
1280,2048,4096,False,bfloat16,tuned,661,40,331.7,656.4,flydsl,flydsl_hgemm_abf16_wbf16_bf16_t64x96x64x4_ks1_w2x2x1_bias0_ktail0_gm4_pft_gfx950,flydsl:flydsl_hgemm_abf16_wbf16_bf16_t64x96x64x4_ks1_w2x2x1_bias0_ktail0_gm4_pft_gfx950,97.9,,64,96,False,out: smaller tile,<128
1280,129280,4096,False,bfloat16,tuned,968,2525,1429.0,1393.1,torch,native,gluon,0.0,,256,256,False,in: 256x256,>=512
1536,512,4096,False,bfloat16,tuned,351,12,100.2,434.5,torch,native,torch:hipBLASLt,333.6,Cijk_Alik_Bljk_BBS_BH_Bias_HA_S_SAV_UserArgs_MT64x48x256_MI16x16x1_SN_LDSB0_AFC0_AFEM1_AFEM1_ASEM1_CLR1_CADS0_DTLA0_DTLB0_DTVA0_DTVB0_EPS0_FDSI0_GRPM1_GRVWA8_GRVWB8_GSU0_GSUAMB_GLS0_ISA950_IU1_K1_LDSTI0_LBSPPA512_LBSPPB512_LBSPPM0_LPA16_LPB16_LPM0_LRVW8_LWPMn1_MIAV0_MIWT1_3_MO40_NTn1_NTA0_NTB0_NTC1_NTD5_NTM0_NEPBS16_NLCA1_NLCB1_ONLL1_PGR2_PLR1_PKA1_SIA3_SS1_SPO1_SRVW0_SSO0_SVW1_SK3_SKFTR0_SKXCCM0_TLDS2_ULSGRO0_USL1_UIOFGRO0_USFGRO1_VSn1_VWA1_VWB1_WSGRA0_WSGRB0_WS64_WG64_4_1,64,48,False,out: smaller tile,<128
1536,1024,4096,False,bfloat16,tuned,534,24,198.9,545.2,flydsl,flydsl_hgemm_abf16_wbf16_bf16_t64x64x64x4_ks1_w2x1x1_bias0_ktail0_gm4_pft_gfx950,flydsl:flydsl_hgemm_abf16_wbf16_bf16_t64x64x64x4_ks1_w2x1x1_bias0_ktail0_gm4_pft_gfx950,174.1,,64,64,False,out: smaller tile,<128
1536,2048,4096,False,bfloat16,tuned,723,48,395.7,761.3,flydsl,flydsl_hgemm_abf16_wbf16_bf16_t96x128x64x4_ks1_w2x2x1_bias0_ktail0_gm4_pft_gfx950,flydsl:flydsl_hgemm_abf16_wbf16_bf16_t96x128x64x4_ks1_w2x2x1_bias0_ktail0_gm4_pft_gfx950,92.4,,96,128,False,in: non-pow2 tile,<128
1536,129280,4096,False,bfloat16,tuned,1108,3030,1446.8,1403.4,torch,native,gluon,0.0,,256,256,False,in: 256x256,>=512
1792,512,4096,False,bfloat16,tuned,363,14,117.0,418.4,flydsl,flydsl_hgemm_abf16_wbf16_bf16_t64x32x64x6_ks1_w2x1x1_bias0_ktail0_gm4_pft_gfx950,flydsl:flydsl_hgemm_abf16_wbf16_bf16_t64x32x64x6_ks1_w2x1x1_bias0_ktail0_gm4_pft_gfx950,257.6,,64,32,False,out: smaller tile,<128
1792,1024,4096,False,bfloat16,tuned,562,28,233.0,611.4,flydsl,flydsl_hgemm_abf16_wbf16_bf16_t64x64x64x4_ks1_w2x1x1_bias0_ktail0_gm4_pft_gfx950,flydsl:flydsl_hgemm_abf16_wbf16_bf16_t64x64x64x4_ks1_w2x1x1_bias0_ktail0_gm4_pft_gfx950,162.4,,64,64,False,out: smaller tile,<128
1792,2048,4096,False,bfloat16,tuned,775,56,458.7,830.1,flydsl,flydsl_hgemm_abf16_wbf16_bf16_t128x128x64x3_ks1_w4x4x1_bias0_ktail0_gm0_pft_gfx950,flydsl:flydsl_hgemm_abf16_wbf16_bf16_t128x128x64x3_ks1_w4x4x1_bias0_ktail0_gm0_pft_gfx950,81.0,,128,128,False,in: other listed tile,<128
1792,129280,4096,False,bfloat16,tuned,1235,3535,1458.2,1444.0,asm,_ZN5aiter24bf16gemm_bf16_tn_256x256E,gluon,0.0,,256,256,False,in: 256x256,>=512
2048,512,4096,False,bfloat16,tuned,372,16,132.2,481.8,flydsl,flydsl_hgemm_abf16_wbf16_bf16_t64x64x64x5_ks1_w2x4x1_bias0_ktail0_gm4_pft_gfx950,flydsl:flydsl_hgemm_abf16_wbf16_bf16_t64x64x64x5_ks1_w2x4x1_bias0_ktail0_gm4_pft_gfx950,264.4,,64,64,False,out: smaller tile,<128
2048,1024,4096,False,bfloat16,tuned,585,32,264.9,691.1,flydsl,flydsl_hgemm_abf16_wbf16_bf16_t128x64x64x4_ks1_w4x2x1_bias0_ktail0_gm4_pft_gfx950,flydsl:flydsl_hgemm_abf16_wbf16_bf16_t128x64x64x4_ks1_w4x2x1_bias0_ktail0_gm4_pft_gfx950,160.9,,128,64,False,in: other listed tile,<128
2048,2048,4096,False,bfloat16,tuned,819,64,518.7,908.9,flydsl,flydsl_hgemm_abf16_wbf16_bf16_t128x128x64x4_ks1_w4x4x1_bias0_ktail0_gm4_pft_gfx950,flydsl:flydsl_hgemm_abf16_wbf16_bf16_t128x128x64x4_ks1_w4x4x1_bias0_ktail0_gm4_pft_gfx950,75.2,,128,128,False,in: other listed tile,<128
2048,4096,4096,False,bfloat16,tuned,1024,128,991.5,1212.4,opus,opus_gemm_mono_tile_512x128x256x64_2x4_16x16x32_0x0x0_nooob,opus:opus_gemm_mono_tile_512x128x256x64_2x4_16x16x32_0x0x0_nooob,22.3,,128,256,False,in: other listed tile,128-255
2048,8192,4096,False,bfloat16,tuned,1170,256,1516.2,1458.7,flydsl,flydsl_hgemm_abf16_wbf16_bf16_t256x256x64x2_ks1_w2x4x1_bias0_ktail0_gm0_pht_gfx950,gluon,0.0,,256,256,False,in: 256x256,256-511
2048,8704,4096,False,bfloat16,tuned,1180,272,990.4,1150.9,torch,native,torch:hipBLASLt,16.2,Cijk_Alik_Bljk_BBS_BH_Bias_HA_S_SAV_UserArgs_MT224x160x64_MI16x16x1_SN_LDSB0_AFC0_AFEM1_AFEM1_ASEM1_CLR1_CADS0_DTLA0_DTLB0_DTVA0_DTVB0_EPS0_FDSI0_GRPM1_GRVWA8_GRVWB8_GSU0_GSUAMB_GLS0_ISA950_IU1_K1_LDSTI0_LBSPPA128_LBSPPB128_LBSPPM0_LPA16_LPB16_LPM0_LRVW8_LWPMn1_MIAV0_MIWT7_5_MO40_NTn1_NTA0_NTB0_NTC0_NTD0_NTM0_NEPBS0_NLCA1_NLCB1_ONLL1_PGR2_PLR1_PKA1_SIA3_SS1_SPO0_SRVW0_SSO0_SVW1_SK3_SKFTR0_SKXCCM0_TLDS1_ULSGRO0_USL1_UIOFGRO0_USFGRO0_VSn1_VWA1_VWB1_WSGRA0_WSGRB0_WS64_WG32_8_1,224,160,False,in: non-pow2 tile,256-511
2048,10240,4096,False,bfloat16,tuned,1205,320,1150.1,1234.3,torch,native,torch:hipBLASLt,7.3,Cijk_Alik_Bljk_BBS_BH_Bias_HA_S_SAV_UserArgs_MT160x256x64_MI16x16x1_SN_LDSB0_AFC0_AFEM1_AFEM1_ASEM1_CLR1_CADS0_DTLA0_DTLB0_DTVA0_DTVB0_EPS0_FDSI0_GRPM1_GRVWA8_GRVWB8_GSU0_GSUAMB_GLS0_ISA950_IU1_K1_LDSTI0_LBSPPA128_LBSPPB1024_LBSPPM0_LPA16_LPB16_LPM0_LRVW8_LWPMn1_MIAV0_MIWT5_8_MO40_NTn1_NTA0_NTB0_NTC0_NTD0_NTM0_NEPBS0_NLCA1_NLCB1_ONLL1_PGR2_PLR1_PKA1_SIA3_SS1_SPO0_SRVW0_SSO0_SVW1_SK3_SKFTR0_SKXCCM0_TLDS1_ULSGRO0_USL1_UIOFGRO0_USFGRO0_VSn1_VWA1_VWB8_WSGRA0_WSGRB0_WS64_WG32_8_1,160,256,False,in: non-pow2 tile,256-511
2048,16384,4096,False,bfloat16,tuned,1260,512,1533.8,1488.3,flydsl,flydsl_hgemm_abf16_wbf16_bf16_t256x256x64x2_ks1_w2x4x1_bias0_ktail0_gm4_pht_gfx950,gluon,0.0,,256,256,False,in: 256x256,>=512
2048,129280,4096,False,bfloat16,tuned,1351,4040,1493.7,1445.7,flydsl,flydsl_hgemm_abf16_wbf16_bf16_t256x256x64x2_ks1_w2x4x1_bias0_ktail0_gm4_pht_gfx950,gluon,0.0,,256,256,False,in: 256x256,>=512
2304,512,4096,False,bfloat16,untuned,380,18,149.5,439.8,flydsl,flydsl_hgemm_abf16_wbf16_bf16_t64x128x64x6_ks1_w2x4x1_bias0_ktail0_gm4_pft_gfx950,flydsl:flydsl_hgemm_abf16_wbf16_bf16_t64x128x64x6_ks1_w2x4x1_bias0_ktail0_gm4_pft_gfx950,194.2,,64,128,False,in: other listed tile,<128
2304,1024,4096,False,bfloat16,untuned,604,36,295.7,646.2,flydsl,flydsl_hgemm_abf16_wbf16_bf16_t128x128x64x4_ks1_w4x4x1_bias0_ktail0_gm4_pft_gfx950,flydsl:flydsl_hgemm_abf16_wbf16_bf16_t128x128x64x4_ks1_w4x4x1_bias0_ktail0_gm4_pft_gfx950,118.5,,128,128,False,in: other listed tile,<128
2304,2048,4096,False,bfloat16,untuned,857,72,580.1,886.1,opus,opus_gemm_mono_tile_512x128x256x64_2x4_16x16x32_0x0x0_nooob_4g_safe,opus:opus_gemm_mono_tile_512x128x256x64_2x4_16x16x32_0x0x0_nooob_4g_safe,52.7,,128,256,False,in: other listed tile,<128
2560,512,4096,False,bfloat16,untuned,386,20,165.6,480.5,flydsl,flydsl_hgemm_abf16_wbf16_bf16_t64x128x64x6_ks1_w2x4x1_bias0_ktail0_gm4_pft_gfx950,flydsl:flydsl_hgemm_abf16_wbf16_bf16_t64x128x64x6_ks1_w2x4x1_bias0_ktail0_gm4_pft_gfx950,190.2,,64,128,False,in: other listed tile,<128
2560,1024,4096,False,bfloat16,untuned,621,40,330.5,690.1,flydsl,flydsl_hgemm_abf16_wbf16_bf16_t128x128x64x4_ks1_w4x4x1_bias0_ktail0_gm4_pft_gfx950,flydsl:flydsl_hgemm_abf16_wbf16_bf16_t128x128x64x4_ks1_w4x4x1_bias0_ktail0_gm4_pft_gfx950,108.8,,128,128,False,in: other listed tile,<128
2560,2048,4096,False,bfloat16,untuned,890,80,634.1,968.4,opus,opus_gemm_mono_tile_512x128x256x64_2x4_16x16x32_0x0x0_nooob_4g_safe,opus:opus_gemm_mono_tile_512x128x256x64_2x4_16x16x32_0x0x0_nooob_4g_safe,52.7,,128,256,False,in: other listed tile,<128
2816,512,4096,False,bfloat16,untuned,392,22,182.4,518.7,flydsl,flydsl_hgemm_abf16_wbf16_bf16_t64x128x64x6_ks1_w2x4x1_bias0_ktail0_gm4_pft_gfx950,flydsl:flydsl_hgemm_abf16_wbf16_bf16_t64x128x64x6_ks1_w2x4x1_bias0_ktail0_gm4_pft_gfx950,184.4,,64,128,False,in: other listed tile,<128
2816,1024,4096,False,bfloat16,untuned,635,44,363.3,727.9,flydsl,flydsl_hgemm_abf16_wbf16_bf16_t128x128x64x4_ks1_w4x4x1_bias0_ktail0_gm4_pft_gfx950,flydsl:flydsl_hgemm_abf16_wbf16_bf16_t128x128x64x4_ks1_w4x4x1_bias0_ktail0_gm4_pft_gfx950,100.4,,128,128,False,in: other listed tile,<128
2816,2048,4096,False,bfloat16,untuned,920,88,703.0,1017.7,opus,opus_gemm_mono_tile_512x128x256x64_2x4_16x16x32_0x0x0_nooob_4g_safe,opus:opus_gemm_mono_tile_512x128x256x64_2x4_16x16x32_0x0x0_nooob_4g_safe,44.8,,128,256,False,in: other listed tile,<128
3072,512,4096,False,bfloat16,untuned,396,24,199.9,543.4,flydsl,flydsl_hgemm_abf16_wbf16_bf16_t64x128x64x6_ks1_w2x4x1_bias0_ktail0_gm4_pft_gfx950,flydsl:flydsl_hgemm_abf16_wbf16_bf16_t64x128x64x6_ks1_w2x4x1_bias0_ktail0_gm4_pft_gfx950,171.8,,64,128,False,in: other listed tile,<128
3072,1024,4096,False,bfloat16,untuned,647,48,395.6,748.6,flydsl,flydsl_hgemm_abf16_wbf16_bf16_t128x128x64x4_ks1_w4x4x1_bias0_ktail0_gm4_pft_gfx950,flydsl:flydsl_hgemm_abf16_wbf16_bf16_t128x128x64x4_ks1_w4x4x1_bias0_ktail0_gm4_pft_gfx950,89.2,,128,128,False,in: other listed tile,<128
3072,2048,4096,False,bfloat16,tuned,945,96,767.9,1122.3,opus,opus_gemm_mono_tile_512x192x128x64_2x4_16x16x32_0x0x0_nooob_4g_safe,opus:opus_gemm_mono_tile_512x192x128x64_2x4_16x16x32_0x0x0_nooob_4g_safe,46.2,,192,128,False,in: non-pow2 tile,<128
3328,512,4096,False,bfloat16,untuned,400,26,215.2,587.3,flydsl,flydsl_hgemm_abf16_wbf16_bf16_t64x128x64x6_ks1_w2x4x1_bias0_ktail0_gm4_pft_gfx950,flydsl:flydsl_hgemm_abf16_wbf16_bf16_t64x128x64x6_ks1_w2x4x1_bias0_ktail0_gm4_pft_gfx950,172.9,,64,128,False,in: other listed tile,<128
3328,1024,4096,False,bfloat16,untuned,657,52,427.5,775.1,flydsl,flydsl_hgemm_abf16_wbf16_bf16_t128x128x64x4_ks1_w4x4x1_bias0_ktail0_gm4_pft_gfx950,flydsl:flydsl_hgemm_abf16_wbf16_bf16_t128x128x64x4_ks1_w4x4x1_bias0_ktail0_gm4_pft_gfx950,81.3,,128,128,False,in: other listed tile,<128
3328,2048,4096,False,bfloat16,untuned,968,104,820.9,1104.3,opus,opus_gemm_mono_tile_512x128x256x64_2x4_16x16x32_0x0x0_nooob_4g_safe,opus:opus_gemm_mono_tile_512x128x256x64_2x4_16x16x32_0x0x0_nooob_4g_safe,34.5,,128,256,False,in: other listed tile,<128
3584,512,4096,False,bfloat16,untuned,404,28,233.5,611.9,flydsl,flydsl_hgemm_abf16_wbf16_bf16_t64x128x64x6_ks1_w2x4x1_bias0_ktail0_gm4_pft_gfx950,flydsl:flydsl_hgemm_abf16_wbf16_bf16_t64x128x64x6_ks1_w2x4x1_bias0_ktail0_gm4_pft_gfx950,162.1,,64,128,False,in: other listed tile,<128
3584,1024,4096,False,bfloat16,untuned,667,56,454.9,801.1,flydsl,flydsl_hgemm_abf16_wbf16_bf16_t128x128x64x4_ks1_w4x4x1_bias0_ktail0_gm4_pft_gfx950,flydsl:flydsl_hgemm_abf16_wbf16_bf16_t128x128x64x4_ks1_w4x4x1_bias0_ktail0_gm4_pft_gfx950,76.1,,128,128,False,in: other listed tile,<128
3584,2048,4096,False,bfloat16,untuned,989,112,873.4,1155.3,opus,opus_gemm_mono_tile_512x128x256x64_2x4_16x16x32_0x0x0_nooob_4g_safe,opus:opus_gemm_mono_tile_512x128x256x64_2x4_16x16x32_0x0x0_nooob_4g_safe,32.3,,128,256,False,in: other listed tile,<128
3840,512,4096,False,bfloat16,untuned,407,30,250.2,644.0,flydsl,flydsl_hgemm_abf16_wbf16_bf16_t64x128x64x6_ks1_w2x4x1_bias0_ktail0_gm4_pft_gfx950,flydsl:flydsl_hgemm_abf16_wbf16_bf16_t64x128x64x6_ks1_w2x4x1_bias0_ktail0_gm4_pft_gfx950,157.4,,64,128,False,in: other listed tile,<128
3840,1024,4096,False,bfloat16,untuned,675,60,489.3,810.6,flydsl,flydsl_hgemm_abf16_wbf16_bf16_t128x128x64x4_ks1_w4x4x1_bias0_ktail0_gm4_pft_gfx950,flydsl:flydsl_hgemm_abf16_wbf16_bf16_t128x128x64x4_ks1_w4x4x1_bias0_ktail0_gm4_pft_gfx950,65.7,,128,128,False,in: other listed tile,<128
3840,2048,4096,False,bfloat16,untuned,1007,120,941.7,1179.4,opus,opus_gemm_mono_tile_512x128x256x64_2x4_16x16x32_0x0x0_nooob_4g_safe,opus:opus_gemm_mono_tile_512x128x256x64_2x4_16x16x32_0x0x0_nooob_4g_safe,25.2,,128,256,False,in: other listed tile,<128
4096,512,4096,False,bfloat16,tuned,410,32,264.4,678.8,flydsl,flydsl_hgemm_abf16_wbf16_bf16_t64x128x64x6_ks1_w2x4x1_bias0_ktail0_gm4_pft_gfx950,flydsl:flydsl_hgemm_abf16_wbf16_bf16_t64x128x64x6_ks1_w2x4x1_bias0_ktail0_gm4_pft_gfx950,156.7,,64,128,False,in: other listed tile,<128
4096,1024,4096,False,bfloat16,tuned,683,64,513.9,913.5,flydsl,flydsl_hgemm_abf16_wbf16_bf16_t128x128x64x4_ks1_w4x4x1_bias0_ktail0_gm4_pft_gfx950,flydsl:flydsl_hgemm_abf16_wbf16_bf16_t128x128x64x4_ks1_w4x4x1_bias0_ktail0_gm4_pft_gfx950,77.8,,128,128,False,in: other listed tile,<128
4096,2048,4096,False,bfloat16,tuned,1024,128,993.1,1237.8,opus,opus_gemm_mono_tile_512x128x256x64_2x4_16x16x32_0x0x0_nooob_4g_safe,opus:opus_gemm_mono_tile_512x128x256x64_2x4_16x16x32_0x0x0_nooob_4g_safe,24.6,,128,256,False,in: other listed tile,128-255
4096,4096,4096,False,bfloat16,tuned,1365,256,1525.0,1464.4,flydsl,flydsl_hgemm_abf16_wbf16_bf16_t256x256x64x2_ks1_w2x4x1_bias0_ktail0_gm4_pht_gfx950,gluon,0.0,,256,256,False,in: 256x256,256-511
4096,8192,4096,False,bfloat16,tuned,1638,512,1542.6,1516.5,asm,_ZN5aiter24bf16gemm_bf16_tn_256x256E,gluon,0.0,,256,256,False,in: 256x256,>=512
4096,8704,4096,False,bfloat16,tuned,1658,544,1252.3,1263.3,torch,native,torch:hipBLASLt,0.9,Cijk_Alik_Bljk_BBS_BH_Bias_HA_S_SAV_UserArgs_MT192x256x64_MI16x16x1_SN_LDSB0_AFC0_AFEM1_AFEM1_ASEM1_CLR1_CADS0_DTLA0_DTLB0_DTVA0_DTVB0_EPS0_FDSI0_GRPM1_GRVWA8_GRVWB8_GSU0_GSUAMB_GLS0_ISA950_IU1_K1_LDSTI0_LBSPPA256_LBSPPB1024_LBSPPM0_LPA16_LPB16_LPM0_LRVW8_LWPMn1_MIAV0_MIWT6_8_MO40_NTn1_NTA0_NTB0_NTC0_NTD0_NTM0_NEPBS0_NLCA1_NLCB1_ONLL1_PGR2_PLR1_PKA1_SIA3_SS1_SPO0_SRVW0_SSO0_SVW2_SK3_SKFTR0_SKXCCM0_TLDS1_ULSGRO0_USL1_UIOFGRO0_USFGRO0_VSn1_VWA2_VWB8_WSGRA0_WSGRB0_WS64_WG32_8_1,192,256,False,in: non-pow2 tile,>=512
4096,10240,4096,False,bfloat16,tuned,1707,640,1417.3,1371.1,flydsl,flydsl_hgemm_abf16_wbf16_bf16_t256x256x64x2_ks1_w2x4x1_bias0_ktail0_gm4_pht_gfx950,gluon,0.0,,256,256,False,in: 256x256,>=512
4096,16384,4096,False,bfloat16,tuned,1820,1024,1541.7,1493.1,flydsl,flydsl_hgemm_abf16_wbf16_bf16_t256x256x64x2_ks1_w2x4x1_bias0_ktail0_gm0_pht_gfx950,gluon,0.0,,256,256,False,in: 256x256,>=512
4096,129280,4096,False,bfloat16,tuned,2016,8080,1509.9,1479.0,asm,_ZN5aiter24bf16gemm_bf16_tn_256x256E,gluon,0.0,,256,256,False,in: 256x256,>=512
4352,512,4096,False,bfloat16,untuned,412,34,280.7,490.9,flydsl,flydsl_hgemm_abf16_wbf16_bf16_t128x128x64x3_ks1_w4x2x1_bias0_ktail0_gm4_pft_gfx950,flydsl:flydsl_hgemm_abf16_wbf16_bf16_t128x128x64x3_ks1_w4x2x1_bias0_ktail0_gm4_pft_gfx950,74.9,,128,128,False,in: other listed tile,<128
4352,1024,4096,False,bfloat16,untuned,689,68,547.3,848.7,opus,opus_gemm_mono_tile_512x128x256x64_2x4_16x16x32_0x0x0_nooob,opus:opus_gemm_mono_tile_512x128x256x64_2x4_16x16x32_0x0x0_nooob,55.1,,128,256,False,in: other listed tile,<128
4352,2048,4096,False,bfloat16,untuned,1039,136,1053.3,1088.3,torch,native,torch:hipBLASLt,3.3,Cijk_Alik_Bljk_BBS_BH_Bias_HA_S_SAV_UserArgs_MT192x192x64_MI16x16x1_SN_LDSB0_AFC0_AFEM1_AFEM1_ASEM1_CLR1_CADS0_DTLA0_DTLB0_DTVA0_DTVB0_EPS0_FDSI0_GRPM1_GRVWA8_GRVWB8_GSU0_GSUAMB_GLS0_ISA950_IU1_K1_LDSTI0_LBSPPA256_LBSPPB256_LBSPPM0_LPA16_LPB16_LPM0_LRVW8_LWPMn1_MIAV0_MIWT6_6_MO40_NTn1_NTA0_NTB0_NTC0_NTD0_NTM0_NEPBS0_NLCA1_NLCB1_ONLL1_PGR2_PLR1_PKA1_SIA3_SS1_SPO0_SRVW0_SSO0_SVW2_SK3_SKFTR0_SKXCCM0_TLDS1_ULSGRO0_USL1_UIOFGRO0_USFGRO0_VSn1_VWA2_VWB2_WSGRA0_WSGRB0_WS64_WG32_8_1,192,192,False,in: non-pow2 tile,128-255
5120,512,4096,False,bfloat16,untuned,418,40,328.3,581.2,flydsl,flydsl_hgemm_abf16_wbf16_bf16_t128x128x64x3_ks1_w4x2x1_bias0_ktail0_gm4_pft_gfx950,flydsl:flydsl_hgemm_abf16_wbf16_bf16_t128x128x64x3_ks1_w4x2x1_bias0_ktail0_gm4_pft_gfx950,77.0,,128,128,False,in: other listed tile,<128
5120,1024,4096,False,bfloat16,untuned,706,80,636.5,991.5,opus,opus_gemm_mono_tile_512x128x256x64_2x4_16x16x32_0x0x0_nooob,opus:opus_gemm_mono_tile_512x128x256x64_2x4_16x16x32_0x0x0_nooob,55.8,,128,256,False,in: other listed tile,<128
5120,2048,4096,False,bfloat16,untuned,1078,160,1171.3,1243.3,torch,native,torch:hipBLASLt,6.1,Cijk_Alik_Bljk_BBS_BH_Bias_HA_S_SAV_UserArgs_MT256x160x64_MI16x16x1_SN_LDSB0_AFC0_AFEM1_AFEM1_ASEM1_CLR1_CADS0_DTLA0_DTLB0_DTVA0_DTVB0_EPS0_FDSI0_GRPM1_GRVWA8_GRVWB8_GSU0_GSUAMB_GLS0_ISA950_IU1_K1_LDSTI0_LBSPPA1024_LBSPPB128_LBSPPM0_LPA16_LPB16_LPM0_LRVW8_LWPMn1_MIAV0_MIWT8_5_MO40_NTn1_NTA0_NTB0_NTC0_NTD0_NTM0_NEPBS0_NLCA1_NLCB1_ONLL1_PGR2_PLR1_PKA1_SIA3_SS1_SPO0_SRVW0_SSO0_SVW8_SK3_SKFTR0_SKXCCM0_TLDS1_ULSGRO0_USL1_UIOFGRO0_USFGRO0_VSn1_VWA8_VWB1_WSGRA0_WSGRB0_WS64_WG32_8_1,256,160,False,in: non-pow2 tile,128-255
6144,512,4096,False,bfloat16,tuned,424,48,394.9,763.2,flydsl,flydsl_hgemm_abf16_wbf16_bf16_t96x128x64x4_ks1_w2x2x1_bias0_ktail0_gm4_pft_gfx950,flydsl:flydsl_hgemm_abf16_wbf16_bf16_t96x128x64x4_ks1_w2x2x1_bias0_ktail0_gm4_pft_gfx950,93.3,,96,128,False,in: non-pow2 tile,<128
6144,1024,4096,False,bfloat16,tuned,723,96,755.4,1124.4,opus,opus_gemm_mono_tile_512x192x128x64_2x4_16x16x32_0x0x0_nooob,opus:opus_gemm_mono_tile_512x192x128x64_2x4_16x16x32_0x0x0_nooob,48.8,,192,128,False,in: non-pow2 tile,<128
6144,2048,4096,False,bfloat16,tuned,1117,192,1308.0,1374.5,opus,opus_gemm_mono_tile_512x192x256x64_2x4_16x16x32_0x0x0_nooob_4g_safe,opus:opus_gemm_mono_tile_512x192x256x64_2x4_16x16x32_0x0x0_nooob_4g_safe,5.1,,192,256,False,in: non-pow2 tile,128-255
6144,129280,4096,False,bfloat16,tuned,2412,12120,1487.0,1478.6,asm,_ZN5aiter24bf16gemm_bf16_tn_256x256E,gluon,0.0,,256,256,False,in: 256x256,>=512
6400,512,4096,False,bfloat16,untuned,425,50,411.5,724.3,flydsl,flydsl_hgemm_abf16_wbf16_bf16_t128x128x64x3_ks1_w4x2x1_bias0_ktail0_gm4_pft_gfx950,flydsl:flydsl_hgemm_abf16_wbf16_bf16_t128x128x64x3_ks1_w4x2x1_bias0_ktail0_gm4_pft_gfx950,76.0,,128,128,False,in: other listed tile,<128
6400,1024,4096,False,bfloat16,untuned,726,100,795.6,1077.9,opus,opus_gemm_mono_tile_512x128x256x64_2x4_16x16x32_0x0x0_nooob,opus:opus_gemm_mono_tile_512x128x256x64_2x4_16x16x32_0x0x0_nooob,35.5,,128,256,False,in: other listed tile,<128
6400,2048,4096,False,bfloat16,untuned,1125,200,1335.5,1229.6,torch,native,gluon,0.0,,256,256,False,in: 256x256,128-255
6912,512,4096,False,bfloat16,untuned,427,54,443.7,618.1,flydsl,flydsl_hgemm_abf16_wbf16_bf16_t128x128x64x3_ks1_w4x2x1_bias0_ktail0_gm4_pft_gfx950,flydsl:flydsl_hgemm_abf16_wbf16_bf16_t128x128x64x3_ks1_w4x2x1_bias0_ktail0_gm4_pft_gfx950,39.3,,128,128,False,in: other listed tile,<128
6912,1024,4096,False,bfloat16,untuned,732,108,863.9,1113.9,opus,opus_gemm_mono_tile_512x128x256x64_2x4_16x16x32_0x0x0_nooob,opus:opus_gemm_mono_tile_512x128x256x64_2x4_16x16x32_0x0x0_nooob,28.9,,128,256,False,in: other listed tile,<128
6912,2048,4096,False,bfloat16,untuned,1140,216,1370.4,1327.2,torch,native,gluon,0.0,,256,256,False,in: 256x256,128-255
7168,512,4096,False,bfloat16,untuned,428,56,456.6,581.5,flydsl,flydsl_hgemm_abf16_wbf16_bf16_t128x128x64x3_ks1_w4x2x1_bias0_ktail0_gm4_pft_gfx950,flydsl:flydsl_hgemm_abf16_wbf16_bf16_t128x128x64x3_ks1_w4x2x1_bias0_ktail0_gm4_pft_gfx950,27.4,,128,128,False,in: other listed tile,<128
7168,1024,4096,False,bfloat16,untuned,735,112,895.7,1179.0,opus,opus_gemm_mono_tile_512x128x256x64_2x4_16x16x32_0x0x0_nooob,opus:opus_gemm_mono_tile_512x128x256x64_2x4_16x16x32_0x0x0_nooob,31.6,,128,256,False,in: other listed tile,<128
7168,2048,4096,False,bfloat16,untuned,1147,224,1406.7,1349.5,torch,native,gluon,0.0,,256,256,False,in: 256x256,128-255
7424,512,4096,False,bfloat16,untuned,429,58,472.1,746.0,flydsl,flydsl_hgemm_abf16_wbf16_bf16_t128x128x64x3_ks1_w4x2x1_bias0_ktail0_gm4_pft_gfx950,flydsl:flydsl_hgemm_abf16_wbf16_bf16_t128x128x64x3_ks1_w4x2x1_bias0_ktail0_gm4_pft_gfx950,58.0,,128,128,False,in: other listed tile,<128
7424,1024,4096,False,bfloat16,untuned,738,116,916.6,1136.0,opus,opus_gemm_mono_tile_512x128x256x64_2x4_16x16x32_0x0x0_nooob,opus:opus_gemm_mono_tile_512x128x256x64_2x4_16x16x32_0x0x0_nooob,23.9,,128,256,False,in: other listed tile,<128
7424,2048,4096,False,bfloat16,untuned,1153,232,1429.6,1210.8,torch,native,gluon,0.0,,256,256,False,in: 256x256,128-255
7680,512,4096,False,bfloat16,untuned,430,60,488.7,636.1,flydsl,flydsl_hgemm_abf16_wbf16_bf16_t128x128x64x3_ks1_w4x2x1_bias0_ktail0_gm4_pft_gfx950,flydsl:flydsl_hgemm_abf16_wbf16_bf16_t128x128x64x3_ks1_w4x2x1_bias0_ktail0_gm4_pft_gfx950,30.2,,128,128,False,in: other listed tile,<128
7680,1024,4096,False,bfloat16,untuned,740,120,951.4,1195.5,opus,opus_gemm_mono_tile_512x128x256x64_2x4_16x16x32_0x0x0_nooob,opus:opus_gemm_mono_tile_512x128x256x64_2x4_16x16x32_0x0x0_nooob,25.7,,128,256,False,in: other listed tile,<128
7680,2048,4096,False,bfloat16,untuned,1159,240,1459.5,1241.2,torch,native,gluon,0.0,,256,256,False,in: 256x256,128-255
7936,512,4096,False,bfloat16,untuned,430,62,503.6,798.7,flydsl,flydsl_hgemm_abf16_wbf16_bf16_t128x128x64x3_ks1_w4x2x1_bias0_ktail0_gm4_pft_gfx950,flydsl:flydsl_hgemm_abf16_wbf16_bf16_t128x128x64x3_ks1_w4x2x1_bias0_ktail0_gm4_pft_gfx950,58.6,,128,128,False,in: other listed tile,<128
7936,1024,4096,False,bfloat16,untuned,743,124,975.8,1168.3,opus,opus_gemm_mono_tile_512x128x256x64_2x4_16x16x32_0x0x0_nooob,opus:opus_gemm_mono_tile_512x128x256x64_2x4_16x16x32_0x0x0_nooob,19.7,,128,256,False,in: other listed tile,<128
7936,2048,4096,False,bfloat16,untuned,1165,248,1487.1,1441.0,torch,native,gluon,0.0,,256,256,False,in: 256x256,128-255
8192,512,4096,False,bfloat16,tuned,431,64,507.8,863.1,flydsl,flydsl_hgemm_abf16_wbf16_bf16_t128x128x64x3_ks1_w4x2x1_bias0_ktail0_gm4_pft_gfx950,flydsl:flydsl_hgemm_abf16_wbf16_bf16_t128x128x64x3_ks1_w4x2x1_bias0_ktail0_gm4_pft_gfx950,70.0,,128,128,False,in: other listed tile,<128
8192,1024,4096,False,bfloat16,tuned,745,128,983.2,1248.9,opus,opus_gemm_mono_tile_512x128x256x64_2x4_16x16x32_0x0x0_nooob,opus:opus_gemm_mono_tile_512x128x256x64_2x4_16x16x32_0x0x0_nooob,27.0,,128,256,False,in: other listed tile,128-255
8192,2048,4096,False,bfloat16,tuned,1170,256,1519.4,1462.2,torch,native,gluon,0.0,,256,256,False,in: 256x256,256-511
8192,4096,4096,False,bfloat16,tuned,1638,512,1543.9,1498.6,flydsl,flydsl_hgemm_abf16_wbf16_bf16_t256x256x64x2_ks1_w2x4x1_bias0_ktail0_gm4_pht_gfx950,gluon,0.0,,256,256,False,in: 256x256,>=512
8192,8192,4096,False,bfloat16,tuned,2048,1024,1552.2,1531.8,asm,_ZN5aiter24bf16gemm_bf16_tn_256x256E,gluon,0.0,,256,256,False,in: 256x256,>=512
8192,8704,4096,False,bfloat16,tuned,2079,1088,1422.4,1402.5,asm,_ZN5aiter24bf16gemm_bf16_tn_256x256E,gluon,0.0,,256,256,False,in: 256x256,>=512
8192,10240,4096,False,bfloat16,tuned,2156,1280,1552.0,1495.8,torch,native,gluon,0.0,,256,256,False,in: 256x256,>=512
8192,16384,4096,False,bfloat16,tuned,2341,2048,1527.4,1522.8,torch,native,gluon,0.0,,256,256,False,in: 256x256,>=512
8192,129280,4096,False,bfloat16,tuned,2674,16160,1518.6,1475.7,flydsl,flydsl_hgemm_abf16_wbf16_bf16_t256x256x64x2_ks1_w2x4x1_bias0_ktail0_gm4_pht_gfx950,gluon,0.0,,256,256,False,in: 256x256,>=512
10240,512,4096,False,bfloat16,tuned,436,80,636.1,1006.8,torch,native,torch:hipBLASLt,58.3,Cijk_Alik_Bljk_BBS_BH_Bias_HA_S_SAV_UserArgs_MT128x160x128_MI16x16x1_SN_LDSB1_AFC0_AFEM1_AFEM1_ASEM1_CLR1_CADS0_DTLA0_DTLB0_DTVA0_DTVB0_EPS0_FDSI0_GRPM1_GRVWA8_GRVWB8_GSU0_GSUAMB_GLS0_ISA950_IU1_K1_LDSTI0_LBSPPA1024_LBSPPB256_LBSPPM0_LPA16_LPB16_LPM0_LRVW8_LWPMn1_MIAV0_MIWT4_5_MO40_NTn1_NTA0_NTB0_NTC0_NTD0_NTM0_NEPBS0_NLCA1_NLCB1_ONLL1_PGR2_PLR1_PKA1_SIA3_SS1_SPO0_SRVW0_SSO0_SVW4_SK3_SKFTR0_SKXCCM0_TLDS1_ULSGRO0_USL1_UIOFGRO0_USFGRO0_VSn1_VWA4_VWB1_WSGRA0_WSGRB0_WS64_WG32_8_1,128,160,False,in: non-pow2 tile,<128
10240,1024,4096,False,bfloat16,tuned,759,160,1168.9,1254.1,torch,native,torch:hipBLASLt,7.3,Cijk_Alik_Bljk_BBS_BH_Bias_HA_S_SAV_UserArgs_MT256x160x64_MI16x16x1_SN_LDSB0_AFC0_AFEM1_AFEM1_ASEM1_CLR1_CADS0_DTLA0_DTLB0_DTVA0_DTVB0_EPS0_FDSI0_GRPM1_GRVWA8_GRVWB8_GSU0_GSUAMB_GLS0_ISA950_IU1_K1_LDSTI0_LBSPPA1024_LBSPPB128_LBSPPM0_LPA16_LPB16_LPM0_LRVW8_LWPMn1_MIAV0_MIWT8_5_MO40_NTn1_NTA0_NTB0_NTC0_NTD0_NTM0_NEPBS0_NLCA1_NLCB1_ONLL1_PGR2_PLR1_PKA1_SIA3_SS1_SPO0_SRVW0_SSO0_SVW8_SK3_SKFTR0_SKXCCM0_TLDS1_ULSGRO0_USL1_UIOFGRO0_USFGRO0_VSn1_VWA8_VWB1_WSGRA0_WSGRB0_WS64_WG32_8_1,256,160,False,in: non-pow2 tile,128-255
10240,2048,4096,False,bfloat16,tuned,1205,320,1135.8,1277.1,torch,native,torch:hipBLASLt,12.4,Cijk_Alik_Bljk_BBS_BH_Bias_HA_S_SAV_UserArgs_MT256x160x64_MI16x16x1_SN_LDSB0_AFC0_AFEM1_AFEM1_ASEM1_CLR1_CADS0_DTLA0_DTLB0_DTVA0_DTVB0_EPS0_FDSI0_GRPM1_GRVWA8_GRVWB8_GSU0_GSUAMB_GLS0_ISA950_IU1_K1_LDSTI0_LBSPPA1024_LBSPPB128_LBSPPM0_LPA16_LPB16_LPM0_LRVW8_LWPMn1_MIAV0_MIWT8_5_MO40_NTn1_NTA0_NTB0_NTC0_NTD0_NTM0_NEPBS0_NLCA1_NLCB1_ONLL1_PGR2_PLR1_PKA1_SIA3_SS1_SPO0_SRVW0_SSO0_SVW8_SK3_SKFTR0_SKXCCM0_TLDS1_ULSGRO0_USL1_UIOFGRO0_USFGRO0_VSn1_VWA8_VWB1_WSGRA0_WSGRB0_WS64_WG32_8_1,256,160,False,in: non-pow2 tile,256-511
10240,129280,4096,False,bfloat16,tuned,2861,20200,1502.7,1496.5,asm,_ZN5aiter24bf16gemm_bf16_tn_256x256E,gluon,0.0,,256,256,False,in: 256x256,>=512
12288,512,4096,False,bfloat16,tuned,439,96,760.3,1114.1,opus,opus_gemm_mono_tile_512x192x128x64_2x4_16x16x32_0x0x0_nooob,opus:opus_gemm_mono_tile_512x192x128x64_2x4_16x16x32_0x0x0_nooob,46.5,,192,128,False,in: non-pow2 tile,<128
12288,1024,4096,False,bfloat16,tuned,768,192,1316.5,1379.9,opus,opus_gemm_mono_tile_512x192x256x64_2x4_16x16x32_0x0x0_nooob,opus:opus_gemm_mono_tile_512x192x256x64_2x4_16x16x32_0x0x0_nooob,4.8,,192,256,False,in: non-pow2 tile,128-255
12288,2048,4096,False,bfloat16,tuned,1229,384,1307.2,1384.5,opus,opus_gemm_mono_tile_512x192x256x64_2x4_16x16x32_0x0x0_nooob_4g_safe,opus:opus_gemm_mono_tile_512x192x256x64_2x4_16x16x32_0x0x0_nooob_4g_safe,5.9,,192,256,False,in: non-pow2 tile,256-511
12288,129280,4096,False,bfloat16,tuned,3001,24240,1517.1,1491.7,asm,_ZN5aiter24bf16gemm_bf16_tn_256x256E,gluon,0.0,,256,256,False,in: 256x256,>=512
14336,512,4096,False,bfloat16,tuned,441,112,874.9,1169.7,opus,opus_gemm_mono_tile_512x128x256x64_2x4_16x16x32_0x0x0_nooob,opus:opus_gemm_mono_tile_512x128x256x64_2x4_16x16x32_0x0x0_nooob,33.7,,128,256,False,in: other listed tile,<128
14336,1024,4096,False,bfloat16,tuned,775,224,1396.1,1351.8,torch,native,gluon,0.0,,256,256,False,in: 256x256,128-255
14336,2048,4096,False,bfloat16,tuned,1247,448,1435.0,1403.9,flydsl,flydsl_hgemm_abf16_wbf16_bf16_t256x256x64x2_ks1_w2x4x1_bias0_ktail0_gm4_pht_gfx950,gluon,0.0,,256,256,False,in: 256x256,256-511
14336,129280,4096,False,bfloat16,tuned,3109,28280,1498.8,1495.9,asm,_ZN5aiter24bf16gemm_bf16_tn_256x256E,gluon,0.0,,256,256,False,in: 256x256,>=512
16384,512,4096,False,bfloat16,tuned,443,128,978.7,1247.3,opus,opus_gemm_mono_tile_512x128x256x64_2x4_16x16x32_0x0x0_nooob,opus:opus_gemm_mono_tile_512x128x256x64_2x4_16x16x32_0x0x0_nooob,27.4,,128,256,False,in: other listed tile,128-255
16384,1024,4096,False,bfloat16,tuned,780,256,1517.9,1466.6,flydsl,flydsl_hgemm_abf16_wbf16_bf16_t256x256x64x2_ks1_w2x4x1_bias0_ktail0_gm4_pht_gfx950,gluon,0.0,,256,256,False,in: 256x256,256-511
16384,2048,4096,False,bfloat16,tuned,1260,512,1546.8,1407.3,torch,native,gluon,0.0,,256,256,False,in: 256x256,>=512
16384,16384,4096,False,bfloat16,tuned,2731,4096,1521.2,1535.6,torch,native,torch:hipBLASLt,0.9,Cijk_Alik_Bljk_BBS_BH_Bias_HA_S_SAV_UserArgs_MT256x256x64_MI16x16x1_CMS_SN_LDSB0_AFC0_AFEM1_AFEM1_ASEM1_CLR1_CADS0_DTLA1_DTLB1_DTVA0_DTVB0_EPS0_FDSI0_GRPM1_GRVWA8_GRVWB8_GSU0_GSUAMB_GLS0_ISA950_IU1_K1_LDSTI0_LBSPPA1024_LBSPPB1024_LBSPPM0_LPA16_LPB16_LPM0_LRVW8_LWPMn1_MIAV0_MIWT8_8_MO40_NTn1_NTA0_NTB0_NTC0_NTD4_NTM0_NEPBS0_NLCA1_NLCB1_ONLL1_PGR2_PLR1_PKA1_SIA3_SS1_SPO0_SRVW0_SSO0_SVW8_SK3_SKFTR0_SKXCCM0_TLDS1_ULSGRO0_USL1_UIOFGRO0_USFGRO0_VSn1_VWA8_VWB8_WSGRA0_WSGRB0_WS64_WG32_8_1,256,256,False,in: 256x256,>=512
16384,129280,4096,False,bfloat16,tuned,3196,32320,1532.5,1488.5,asm,_ZN5aiter24bf16gemm_bf16_tn_256x256E,gluon,0.0,,256,256,False,in: 256x256,>=512
32768,16384,4096,False,bfloat16,tuned,2979,8192,1521.6,1487.3,flydsl,flydsl_hgemm_abf16_wbf16_bf16_t256x256x64x2_ks1_w2x4x1_bias0_ktail0_gm0_pht_gfx950,gluon,0.0,,256,256,False,in: 256x256,>=512
512,7168,4224,False,bfloat16,tuned,429,56,457.4,838.7,flydsl,flydsl_hgemm_abf16_wbf16_bf16_t128x128x64x3_ks1_w4x4x1_bias0_ktail0_gm0_pft_gfx950,flydsl:flydsl_hgemm_abf16_wbf16_bf16_t128x128x64x3_ks1_w4x4x1_bias0_ktail0_gm0_pft_gfx950,83.4,,128,128,False,in: other listed tile,<128
1024,7168,4224,False,bfloat16,tuned,739,112,878.6,1150.4,flydsl,flydsl_hgemm_abf16_wbf16_bf16_t128x256x64x2_ks1_w2x4x1_bias0_ktail0_gm0_pht_gfx950,flydsl:flydsl_hgemm_abf16_wbf16_bf16_t128x256x64x2_ks1_w2x4x1_bias0_ktail0_gm0_pht_gfx950,30.9,,128,256,False,in: other listed tile,<128
10240,7168,4224,False,bfloat16,tuned,2110,1120,1447.3,959.0,opus,opus_gemm_256x256x128x32_2x2_16x16x32_0x0x0_nooob,gluon,0.0,,256,256,False,in: 256x256,>=512
512,6144,4608,False,bfloat16,tuned,429,48,398.6,788.4,flydsl,flydsl_hgemm_abf16_wbf16_bf16_t128x96x64x4_ks1_w2x2x1_bias0_ktail0_gm4_pft_gfx950,flydsl:flydsl_hgemm_abf16_wbf16_bf16_t128x96x64x4_ks1_w2x2x1_bias0_ktail0_gm4_pft_gfx950,97.8,,128,96,False,in: non-pow2 tile,<128
1024,6144,4608,False,bfloat16,tuned,737,96,773.8,1012.2,torch,native,torch:hipBLASLt,30.8,Cijk_Alik_Bljk_BBS_BH_Bias_HA_S_SAV_UserArgs_MT192x128x128_MI16x16x1_SN_LDSB1_AFC0_AFEM1_AFEM1_ASEM1_CLR0_CADS0_DTLA0_DTLB0_DTVA0_DTVB0_EPS0_FDSI0_GRPM1_GRVWA8_GRVWB8_GSU0_GSUAMB_GLS0_ISA950_IU1_K1_LDSTI0_LBSPPA512_LBSPPB1024_LBSPPM0_LPA16_LPB16_LPM0_LRVW8_LWPMn1_MIAV0_MIWT6_4_MO40_NTn1_NTA0_NTB0_NTC1_NTD4_NTM0_NEPBS0_NLCA1_NLCB1_ONLL1_PGR2_PLR1_PKA1_SIA3_SS1_SPO0_SRVW0_SSO1_SVW2_SK3_SKFTR0_SKXCCM0_TLDS2_ULSGRO0_USL1_UIOFGRO0_USFGRO0_VSn1_VWA2_VWB4_WSGRA0_WSGRB0_WS64_WG32_8_1,192,128,False,in: non-pow2 tile,<128
2048,6144,4608,False,bfloat16,tuned,1152,192,1335.9,1269.4,flydsl,flydsl_hgemm_abf16_wbf16_bf16_t256x256x64x2_ks1_w2x4x1_bias0_ktail0_gm0_pht_gfx950,gluon,0.0,,256,256,False,in: 256x256,128-255
4096,6144,4608,False,bfloat16,tuned,1603,384,1333.5,1324.5,torch,native,gluon,0.0,,256,256,False,in: 256x256,256-511
8192,6144,4608,False,bfloat16,tuned,1993,768,1566.5,1509.9,torch,native,gluon,0.0,,256,256,False,in: 256x256,>=512
16384,6144,4608,False,bfloat16,tuned,2269,1536,1550.6,1527.6,torch,native,gluon,0.0,,256,256,False,in: 256x256,>=512
32768,6144,4608,False,bfloat16,tuned,2437,3072,1543.1,1505.8,torch,native,gluon,0.0,,256,256,False,in: 256x256,>=512
512,1024,5120,False,float32,tuned,301,8,65.4,333.7,asm,_ZN5aiter39bf16gemm_fp32bf16_tn_64x64_splitk_cleanE,asm:_ZN5aiter39bf16gemm_fp32bf16_tn_64x64_splitk_cleanE,410.2,,64,64,True,out: split-K,<128
512,5120,5120,False,bfloat16,tuned,427,40,335.9,788.6,torch,native,torch:hipBLASLt,134.8,Cijk_Alik_Bljk_BBS_BH_Bias_HA_S_SAV_UserArgs_MT96x128x128_MI16x16x1_SN_LDSB0_AFC0_AFEM1_AFEM1_ASEM1_CLR0_CADS0_DTLA0_DTLB0_DTVA0_DTVB0_EPS0_FDSI0_GRPM1_GRVWA8_GRVWB8_GSU0_GSUAMB_GLS0_ISA950_IU1_K1_LDSTI0_LBSPPA512_LBSPPB512_LBSPPM0_LPA16_LPB16_LPM0_LRVW8_LWPMn1_MIAV1_MIWT6_2_MO40_NTn1_NTA0_NTB2_NTC0_NTD5_NTM0_NEPBS0_NLCA1_NLCB1_ONLL1_PGR2_PLR1_PKA1_SIA3_SS1_SPO1_SRVW0_SSO1_SVW2_SK3_SKFTR0_SKXCCM8_TLDS1_ULSGRO0_USL1_UIOFGRO0_USFGRO0_VSn1_VWA2_VWB2_WSGRA0_WSGRB0_WS64_WG16_16_1,96,128,False,in: non-pow2 tile,<128
512,6400,5120,False,bfloat16,tuned,434,50,418.9,697.2,flydsl,flydsl_hgemm_abf16_wbf16_bf16_t128x128x64x4_ks1_w4x2x2_bias0_ktail0_gm0_pft_gfx950,flydsl:flydsl_hgemm_abf16_wbf16_bf16_t128x128x64x4_ks1_w4x2x2_bias0_ktail0_gm0_pft_gfx950,66.4,,128,128,False,in: other listed tile,<128
512,12800,5120,False,bfloat16,tuned,449,100,813.6,801.8,flydsl,flydsl_hgemm_abf16_wbf16_bf16_t128x128x64x4_ks1_w2x2x2_bias0_ktail0_gm4_pft_gfx950,gluon,0.0,,256,256,False,in: 256x256,<128
512,37888,5120,False,bfloat16,tuned,460,296,980.4,1057.4,torch,native,torch:hipBLASLt,7.9,Cijk_Alik_Bljk_BBS_BH_Bias_HA_S_SAV_UserArgs_MT160x256x64_MI16x16x1_SN_LDSB0_AFC0_AFEM1_AFEM1_ASEM1_CLR1_CADS0_DTLA0_DTLB0_DTVA0_DTVB0_EPS0_FDSI0_GRPM1_GRVWA8_GRVWB8_GSU0_GSUAMB_GLS0_ISA950_IU1_K1_LDSTI0_LBSPPA128_LBSPPB1024_LBSPPM0_LPA16_LPB16_LPM0_LRVW8_LWPMn1_MIAV0_MIWT5_8_MO40_NTn1_NTA4_NTB0_NTC0_NTD0_NTM0_NEPBS0_NLCA1_NLCB1_ONLL1_PGR2_PLR1_PKA1_SIA3_SS1_SPO0_SRVW0_SSO0_SVW1_SK3_SKFTR0_SKXCCM8_TLDS1_ULSGRO0_USL1_UIOFGRO0_USFGRO0_VSn1_VWA1_VWB8_WSGRA0_WSGRB0_WS64_WG32_8_1,160,256,False,in: non-pow2 tile,256-511
512,51200,5120,False,bfloat16,tuned,461,400,1213.4,1144.2,flydsl,flydsl_hgemm_abf16_wbf16_bf16_t256x256x64x2_ks1_w2x4x1_bias0_ktail0_gm4_pht_gfx950,gluon,0.0,,256,256,False,in: 256x256,256-511
768,1024,5120,False,float32,tuned,375,12,98.0,411.5,asm,_ZN5aiter39bf16gemm_fp32bf16_tn_96x64_splitk_cleanE,asm:_ZN5aiter39bf16gemm_fp32bf16_tn_96x64_splitk_cleanE,319.9,,96,64,True,out: split-K,<128
768,37888,5120,False,bfloat16,untuned,656,444,1340.8,1235.7,torch,,gluon,0.0,,256,256,False,in: 256x256,256-511
1024,1024,5120,False,float32,tuned,427,16,130.5,457.9,asm,_ZN5aiter37bf16gemm_fp32bf16_tn_64x64_pf3_splitkE,asm:_ZN5aiter37bf16gemm_fp32bf16_tn_64x64_pf3_splitkE,250.9,,64,64,True,out: split-K,<128
1024,5120,5120,False,bfloat16,tuned,731,80,659.2,1008.4,torch,native,torch:hipBLASLt,53.0,Cijk_Alik_Bljk_BBS_BH_Bias_HA_S_SAV_UserArgs_MT160x128x128_MI16x16x1_SN_LDSB1_AFC0_AFEM1_AFEM1_ASEM1_CLR1_CADS0_DTLA0_DTLB0_DTVA0_DTVB0_EPS0_FDSI0_GRPM1_GRVWA8_GRVWB8_GSU0_GSUAMB_GLS0_ISA950_IU1_K1_LDSTI0_LBSPPA256_LBSPPB1024_LBSPPM0_LPA16_LPB16_LPM0_LRVW8_LWPMn1_MIAV0_MIWT5_4_MO40_NTn1_NTA0_NTB0_NTC0_NTD0_NTM0_NEPBS0_NLCA1_NLCB1_ONLL1_PGR2_PLR1_PKA1_SIA3_SS1_SPO0_SRVW0_SSO0_SVW1_SK3_SKFTR0_SKXCCM0_TLDS1_ULSGRO0_USL1_UIOFGRO0_USFGRO0_VSn1_VWA1_VWB4_WSGRA0_WSGRB0_WS64_WG32_8_1,160,128,False,in: non-pow2 tile,<128
1024,6400,5120,False,bfloat16,tuned,753,100,813.8,956.2,flydsl,flydsl_hgemm_abf16_wbf16_bf16_t256x128x64x3_ks1_w4x2x2_bias0_ktail0_gm0_pft_gfx950,flydsl:flydsl_hgemm_abf16_wbf16_bf16_t256x128x64x3_ks1_w4x2x2_bias0_ktail0_gm0_pft_gfx950,17.5,,256,128,False,in: other listed tile,<128
1024,12800,5120,False,bfloat16,tuned,800,200,1364.0,796.6,flydsl,flydsl_hgemm_abf16_wbf16_bf16_t128x128x64x3_ks1_w4x4x1_bias0_ktail0_gm0_pft_gfx950,gluon,0.0,,256,256,False,in: 256x256,128-255
1024,37888,5120,False,bfloat16,untuned,835,592,1265.6,1066.7,torch,,gluon,0.0,,256,256,False,in: 256x256,>=512
1024,51200,5120,False,bfloat16,tuned,839,800,1272.7,1226.2,asm,_ZN5aiter24bf16gemm_bf16_tn_256x256E,gluon,0.0,,256,256,False,in: 256x256,>=512
1536,1024,5120,False,float32,tuned,495,24,194.9,578.7,asm,_ZN5aiter37bf16gemm_fp32bf16_tn_96x64_pf3_splitkE,asm:_ZN5aiter37bf16gemm_fp32bf16_tn_96x64_pf3_splitkE,196.9,,96,64,True,out: split-K,<128
1536,37888,5120,False,bfloat16,untuned,1146,888,1367.0,1275.7,torch,,gluon,0.0,,256,256,False,in: 256x256,>=512
2048,1024,5120,False,float32,tuned,539,32,256.1,634.7,opus,opus_gemm_mono_tile_512x64x128x64_2x4_16x16x32_0x0x0_nooob,opus:opus_gemm_mono_tile_512x64x128x64_2x4_16x16x32_0x0x0_nooob,147.8,,64,128,False,in: other listed tile,<128
2048,5120,5120,False,bfloat16,tuned,1138,160,1230.9,1242.5,torch,native,torch:hipBLASLt,0.9,Cijk_Alik_Bljk_BBS_BH_Bias_HA_S_SAV_UserArgs_MT160x256x64_MI16x16x1_SN_LDSB0_AFC0_AFEM1_AFEM1_ASEM1_CLR1_CADS0_DTLA0_DTLB0_DTVA0_DTVB0_EPS0_FDSI0_GRPM1_GRVWA8_GRVWB8_GSU0_GSUAMB_GLS0_ISA950_IU1_K1_LDSTI0_LBSPPA128_LBSPPB1024_LBSPPM0_LPA16_LPB16_LPM0_LRVW8_LWPMn1_MIAV0_MIWT5_8_MO40_NTn1_NTA0_NTB0_NTC0_NTD0_NTM0_NEPBS0_NLCA1_NLCB1_ONLL1_PGR2_PLR1_PKA1_SIA3_SS1_SPO0_SRVW0_SSO0_SVW1_SK3_SKFTR0_SKXCCM0_TLDS1_ULSGRO0_USL1_UIOFGRO0_USFGRO0_VSn1_VWA1_VWB8_WSGRA0_WSGRB0_WS64_WG32_8_1,160,256,False,in: non-pow2 tile,128-255
2048,6400,5120,False,bfloat16,tuned,1191,200,1366.4,1248.0,flydsl,flydsl_hgemm_abf16_wbf16_bf16_t256x256x64x2_ks1_w2x4x1_bias0_ktail0_gm0_pht_gfx950,gluon,0.0,,256,256,False,in: 256x256,128-255
2048,12800,5120,False,bfloat16,tuned,1313,400,1380.1,795.6,flydsl,flydsl_hgemm_abf16_wbf16_bf16_t128x256x64x3_ks1_w4x4x1_bias0_ktail0_gm0_pft_gfx950,gluon,0.0,,256,256,False,in: 256x256,256-511
2048,37888,5120,False,bfloat16,untuned,1408,1184,1443.0,1213.2,torch,,gluon,0.0,,256,256,False,in: 256x256,>=512
2048,51200,5120,False,bfloat16,tuned,1422,1600,1417.8,213.0,asm,_ZN5aiter37bf16gemm_fp32bf16_tn_48x64_pf3_splitkE,gluon,0.0,,256,256,False,in: 256x256,>=512
4096,1024,5120,False,float32,tuned,621,64,490.8,967.5,opus,opus_gemm_mono_tile_512x128x128x64_2x4_16x16x32_0x0x0_nooob_4g_safe,opus:opus_gemm_mono_tile_512x128x128x64_2x4_16x16x32_0x0x0_nooob_4g_safe,97.1,,128,128,False,in: other listed tile,<128
4096,5120,5120,False,bfloat16,tuned,1575,320,1165.9,1266.0,torch,native,torch:hipBLASLt,8.6,Cijk_Alik_Bljk_BBS_BH_Bias_HA_S_SAV_UserArgs_MT160x256x64_MI16x16x1_SN_LDSB0_AFC0_AFEM1_AFEM1_ASEM1_CLR1_CADS0_DTLA0_DTLB0_DTVA0_DTVB0_EPS0_FDSI0_GRPM1_GRVWA8_GRVWB8_GSU0_GSUAMB_GLS0_ISA950_IU1_K1_LDSTI0_LBSPPA128_LBSPPB1024_LBSPPM0_LPA16_LPB16_LPM0_LRVW8_LWPMn1_MIAV0_MIWT5_8_MO40_NTn1_NTA0_NTB0_NTC0_NTD0_NTM0_NEPBS0_NLCA1_NLCB1_ONLL1_PGR2_PLR1_PKA1_SIA3_SS1_SPO0_SRVW0_SSO0_SVW1_SK3_SKFTR0_SKXCCM0_TLDS1_ULSGRO0_USL1_UIOFGRO0_USFGRO0_VSn1_VWA1_VWB8_WSGRA0_WSGRB0_WS64_WG32_8_1,160,256,False,in: non-pow2 tile,256-511
4096,6400,5120,False,bfloat16,tuned,1679,400,1380.1,1327.2,flydsl,flydsl_hgemm_abf16_wbf16_bf16_t256x256x64x2_ks1_w2x4x1_bias0_ktail0_gm4_pht_gfx950,gluon,0.0,,256,256,False,in: 256x256,256-511
4096,12800,5120,False,bfloat16,tuned,1932,800,1350.8,1321.7,asm,_ZN5aiter24bf16gemm_bf16_tn_256x256E,gluon,0.0,,256,256,False,in: 256x256,>=512
4096,51200,5120,False,bfloat16,tuned,2179,3200,1503.9,1459.1,asm,_ZN5aiter24bf16gemm_bf16_tn_256x256E,gluon,0.0,,256,256,False,in: 256x256,>=512
8192,1024,5120,False,float32,tuned,671,128,981.0,1246.2,opus,opus_gemm_mono_tile_512x128x256x64_2x4_16x16x32_0x0x0_nooob,opus:opus_gemm_mono_tile_512x128x256x64_2x4_16x16x32_0x0x0_nooob,27.0,,128,256,False,in: other listed tile,128-255
8192,5120,5120,False,bfloat16,tuned,1950,640,1433.0,1355.2,torch,native,gluon,0.0,,256,256,False,in: 256x256,>=512
8192,6400,5120,False,bfloat16,tuned,2111,800,1354.3,1314.0,flydsl,flydsl_hgemm_abf16_wbf16_bf16_t256x256x64x2_ks1_w2x4x1_bias0_ktail0_gm4_pht_gfx950,gluon,0.0,,256,256,False,in: 256x256,>=512
8192,12800,5120,False,bfloat16,tuned,2528,1600,1454.7,1420.6,asm,_ZN5aiter24bf16gemm_bf16_tn_256x256E,gluon,0.0,,256,256,False,in: 256x256,>=512
8192,51200,5120,False,bfloat16,tuned,2968,6400,1552.9,1504.3,flydsl,flydsl_hgemm_abf16_wbf16_bf16_t256x256x64x2_ks1_w2x4x1_bias0_ktail0_gm4_pht_gfx950,gluon,0.0,,256,256,False,in: 256x256,>=512
16384,1024,5120,False,float32,tuned,700,256,1457.6,1339.0,opus,opus_gemm_persistent_512x256x256x64_2x4_16x16x32_0x0x0_cA0cB0,gluon,0.0,,256,256,False,in: 256x256,256-511
16384,5120,5120,False,bfloat16,tuned,2214,1280,1551.6,1523.8,torch,native,gluon,0.0,,256,256,False,in: 256x256,>=512
16384,6400,5120,False,bfloat16,tuned,2424,1600,1449.9,1394.3,flydsl,flydsl_hgemm_abf16_wbf16_bf16_t256x256x64x2_ks1_w2x4x1_bias0_ktail0_gm4_pht_gfx950,gluon,0.0,,256,256,False,in: 256x256,>=512
16384,12800,5120,False,bfloat16,tuned,2990,3200,1502.1,1495.4,torch,native,gluon,0.0,,256,256,False,in: 256x256,>=512
16384,51200,5120,False,bfloat16,tuned,3625,12800,1543.2,1499.1,flydsl,flydsl_hgemm_abf16_wbf16_bf16_t256x256x64x2_ks1_w2x4x1_bias0_ktail0_gm4_pht_gfx950,gluon,0.0,,256,256,False,in: 256x256,>=512
32768,5120,5120,False,bfloat16,tuned,2374,2560,1537.5,1494.1,torch,native,gluon,0.0,,256,256,False,in: 256x256,>=512
32768,6400,5120,False,bfloat16,tuned,2617,3200,1499.7,1483.4,torch,native,gluon,0.0,,256,256,False,in: 256x256,>=512
32768,12800,5120,False,bfloat16,tuned,3290,6400,1539.2,1526.3,torch,native,gluon,0.0,,256,256,False,in: 256x256,>=512
32768,51200,5120,False,bfloat16,tuned,4076,25600,1550.6,1500.6,flydsl,flydsl_hgemm_abf16_wbf16_bf16_t256x256x64x2_ks1_w2x4x1_bias0_ktail0_gm4_pht_gfx950,gluon,0.0,,256,256,False,in: 256x256,>=512
512,1280,6144,False,bfloat16,tuned,345,10,86.0,408.2,flydsl,flydsl_hgemm_abf16_wbf16_bf16_t64x64x64x5_ks3_w2x2x1_bias0_ktail0_gm0_pft_gfx950,flydsl:flydsl_hgemm_abf16_wbf16_bf16_t64x64x64x5_ks3_w2x2x1_bias0_ktail0_gm0_pft_gfx950,374.7,,64,64,True,out: split-K,<128
512,1536,6144,False,bfloat16,tuned,361,12,103.6,437.5,flydsl,flydsl_hgemm_abf16_wbf16_bf16_t64x96x128x3_ks2_w2x2x2_bias0_ktail0_gm0_pft_gfx950,flydsl:flydsl_hgemm_abf16_wbf16_bf16_t64x96x128x3_ks2_w2x2x2_bias0_ktail0_gm0_pft_gfx950,322.3,,64,96,True,out: split-K,<128
512,2048,6144,False,float32,tuned,361,16,133.4,487.5,asm,_ZN5aiter37bf16gemm_fp32bf16_tn_64x64_pf3_splitkE,asm:_ZN5aiter37bf16gemm_fp32bf16_tn_64x64_pf3_splitkE,265.4,,64,64,True,out: split-K,<128
512,2304,6144,False,bfloat16,tuned,392,18,154.5,520.4,flydsl,flydsl_hgemm_abf16_wbf16_bf16_t96x96x64x3_ks3_w2x2x1_bias0_ktail0_gm0_pft_gfx950,flydsl:flydsl_hgemm_abf16_wbf16_bf16_t96x96x64x3_ks3_w2x2x1_bias0_ktail0_gm0_pft_gfx950,236.8,,96,96,True,out: split-K,<128
512,2560,6144,False,bfloat16,tuned,399,20,171.2,511.8,torch,native,torch:hipBLASLt,198.9,Cijk_Alik_Bljk_BBS_BH_Bias_HA_S_SAV_UserArgs_MT256x128x64_MI16x16x1_SN_LDSB1_AFC0_AFEM1_AFEM1_ASEM1_CLR1_CADS0_DTLA0_DTLB0_DTVA0_DTVB0_EPS0_FDSI0_GRPM1_GRVWA8_GRVWB8_GSU0_GSUAMB_GLS0_ISA950_IU1_K1_LDSTI0_LBSPPA1024_LBSPPB512_LBSPPM0_LPA16_LPB16_LPM0_LRVW8_LWPMn1_MIAV0_MIWT8_4_MO40_NTn1_NTA0_NTB0_NTC0_NTD0_NTM0_NEPBS0_NLCA1_NLCB1_ONLL1_PGR2_PLR1_PKA1_SIA3_SS1_SPO0_SRVW0_SSO0_SVW8_SK3_SKFTR0_SKXCCM0_TLDS1_ULSGRO0_USL1_UIOFGRO0_USFGRO0_VSn1_VWA8_VWB4_WSGRA0_WSGRB0_WS64_WG32_8_1 | Cijk_SB_BiasS_HAS_ScaleAlphaVec_PostGSU8_VW4,256,128,False,in: other listed tile,<128
512,3072,6144,False,float32,tuned,384,24,199.4,504.2,opus,opus_gemm_flatmm_splitk_256x64x96x64_2x1_16x16x32_0x0x0_wgpcu2_nooob,opus:opus_gemm_flatmm_splitk_256x64x96x64_2x1_16x16x32_0x0x0_wgpcu2_nooob,152.9,,64,96,True,out: split-K,<128
512,3072,6144,False,bfloat16,tuned,410,24,205.3,598.5,flydsl,flydsl_hgemm_abf16_wbf16_bf16_t64x96x128x3_ks1_w2x2x2_bias0_ktail0_gm4_pft_gfx950,flydsl:flydsl_hgemm_abf16_wbf16_bf16_t64x96x128x3_ks1_w2x2x2_bias0_ktail0_gm4_pft_gfx950,191.5,,64,96,False,out: smaller tile,<128
512,6144,6144,False,bfloat16,tuned,439,48,404.6,812.4,flydsl,flydsl_hgemm_abf16_wbf16_bf16_t128x96x64x4_ks1_w2x2x1_bias0_ktail0_gm4_pft_gfx950,flydsl:flydsl_hgemm_abf16_wbf16_bf16_t128x96x64x4_ks1_w2x2x1_bias0_ktail0_gm4_pft_gfx950,100.8,,128,96,False,in: non-pow2 tile,<128
512,9216,6144,False,bfloat16,tuned,450,72,606.1,901.7,flydsl,flydsl_hgemm_abf16_wbf16_bf16_t128x256x64x2_ks1_w2x4x1_bias0_ktail0_gm0_pht_gfx950,flydsl:flydsl_hgemm_abf16_wbf16_bf16_t128x256x64x2_ks1_w2x4x1_bias0_ktail0_gm0_pht_gfx950,48.8,,128,256,False,in: other listed tile,<128
1024,2048,6144,False,float32,tuned,559,32,264.1,534.2,opus,opus_gemm_flatmm_splitk_256x64x64x64_2x1_16x16x32_0x0x0_wgpcu2_nooob,opus:opus_gemm_flatmm_splitk_256x64x64x64_2x1_16x16x32_0x0x0_wgpcu2_nooob,102.3,,64,64,True,out: split-K,<128
1024,2304,6144,False,bfloat16,tuned,636,36,305.2,676.0,torch,native,torch:hipBLASLt,121.5,Cijk_Alik_Bljk_BBS_BH_Bias_HA_S_SAV_UserArgs_MT256x176x64_MI16x16x1_SN_LDSB0_AFC0_AFEM1_AFEM1_ASEM1_CLR1_CADS0_DTLA0_DTLB0_DTVA0_DTVB0_EPS0_FDSI0_GRPM1_GRVWA8_GRVWB4_GSU0_GSUAMB_GLS0_ISA950_IU1_K1_LDSTI0_LBSPPA512_LBSPPB128_LBSPPM0_LPA16_LPB16_LPM0_LRVW8_LWPMn1_MIAV0_MIWT4_11_MO40_NTn1_NTA0_NTB0_NTC0_NTD0_NTM0_NEPBS0_NLCA1_NLCB1_ONLL1_PGR2_PLR1_PKA1_SIA3_SS1_SPO0_SRVW0_SSO0_SVW4_SK3_SKFTR0_SKXCCM0_TLDS1_ULSGRO0_USL1_UIOFGRO0_USFGRO0_VSn1_VWA4_VWB1_WSGRA0_WSGRB0_WS64_WG64_4_1 | Cijk_SB_BiasS_HAS_ScaleAlphaVec_PostGSU4_VW4,256,176,False,in: non-pow2 tile,<128
1024,2560,6144,False,bfloat16,tuned,654,40,340.9,777.8,torch,native,torch:hipBLASLt,128.2,Cijk_Alik_Bljk_BBS_BH_Bias_HA_S_SAV_UserArgs_MT160x128x128_MI16x16x1_SN_LDSB1_AFC0_AFEM1_AFEM1_ASEM1_CLR1_CADS0_DTLA0_DTLB0_DTVA0_DTVB0_EPS0_FDSI0_GRPM1_GRVWA8_GRVWB8_GSU0_GSUAMB_GLS0_ISA950_IU1_K1_LDSTI0_LBSPPA256_LBSPPB1024_LBSPPM0_LPA16_LPB16_LPM0_LRVW8_LWPMn1_MIAV0_MIWT5_4_MO40_NTn1_NTA0_NTB0_NTC0_NTD0_NTM0_NEPBS0_NLCA1_NLCB1_ONLL1_PGR2_PLR1_PKA1_SIA3_SS1_SPO0_SRVW0_SSO0_SVW1_SK3_SKFTR0_SKXCCM0_TLDS1_ULSGRO0_USL1_UIOFGRO0_USFGRO0_VSn1_VWA1_VWB4_WSGRA0_WSGRB0_WS64_WG32_8_1,160,128,False,in: non-pow2 tile,<128
1024,3072,6144,False,float32,tuned,614,48,393.7,565.7,opus,opus_gemm_512x128x128x64_2x4_16x16x32_0x0x0_nooob_4g_safe,opus:opus_gemm_512x128x128x64_2x4_16x16x32_0x0x0_nooob_4g_safe,43.7,,128,128,False,in: other listed tile,<128
1024,6144,6144,False,bfloat16,tuned,768,96,802.8,1015.8,torch,native,torch:hipBLASLt,26.5,Cijk_Alik_Bljk_BBS_BH_Bias_HA_S_SAV_UserArgs_MT192x256x64_MI16x16x1_SN_LDSB0_AFC0_AFEM1_AFEM1_ASEM1_CLR1_CADS0_DTLA0_DTLB0_DTVA0_DTVB0_EPS0_FDSI0_GRPM1_GRVWA8_GRVWB8_GSU0_GSUAMB_GLS0_ISA950_IU1_K1_LDSTI0_LBSPPA256_LBSPPB1024_LBSPPM0_LPA16_LPB16_LPM0_LRVW8_LWPMn1_MIAV0_MIWT6_8_MO40_NTn1_NTA6_NTB3_NTC1_NTD1_NTM0_NEPBS0_NLCA1_NLCB1_ONLL1_PGR2_PLR1_PKA1_SIA3_SS1_SPO0_SRVW0_SSO1_SVW2_SK3_SKFTR0_SKXCCM0_TLDS1_ULSGRO0_USL1_UIOFGRO0_USFGRO0_VSn1_VWA2_VWB8_WSGRA0_WSGRB0_WS64_WG32_8_1,192,256,False,in: non-pow2 tile,<128
1024,9216,6144,False,bfloat16,tuned,801,144,1163.8,1225.5,torch,native,torch:hipBLASLt,5.3,Cijk_Alik_Bljk_BBS_BH_Bias_HA_S_SAV_UserArgs_MT144x256x64_MI16x16x1_SN_LDSB0_AFC0_AFEM1_AFEM1_ASEM1_CLR1_CADS0_DTLA0_DTLB0_DTVA0_DTVB0_EPS0_FDSI0_GRPM1_GRVWA4_GRVWB8_GSU0_GSUAMB_GLS0_ISA950_IU1_K1_LDSTI0_LBSPPA128_LBSPPB512_LBSPPM0_LPA16_LPB16_LPM0_LRVW8_LWPMn1_MIAV0_MIWT9_4_MO40_NTn1_NTA0_NTB0_NTC0_NTD0_NTM0_NEPBS0_NLCA1_NLCB1_ONLL1_PGR2_PLR1_PKA1_SIA3_SS1_SPO0_SRVW0_SSO0_SVW1_SK3_SKFTR0_SKXCCM0_TLDS1_ULSGRO0_USL1_UIOFGRO0_USFGRO0_VSn1_VWA1_VWB4_WSGRA0_WSGRB0_WS64_WG16_16_1,144,256,False,in: non-pow2 tile,128-255
2048,2048,6144,False,float32,tuned,768,64,511.5,887.4,opus,opus_gemm_persistent_512x128x128x64_2x4_16x16x32_0x0x0_cA0cB0,opus:opus_gemm_persistent_512x128x128x64_2x4_16x16x32_0x0x0_cA0cB0,73.5,,128,128,False,in: other listed tile,<128
2048,2304,6144,False,bfloat16,tuned,922,72,606.1,988.3,torch,native,torch:hipBLASLt,63.1,Cijk_Alik_Bljk_BBS_BH_Bias_HA_S_SAV_UserArgs_MT128x160x128_MI16x16x1_SN_LDSB1_AFC0_AFEM1_AFEM1_ASEM1_CLR1_CADS0_DTLA0_DTLB0_DTVA0_DTVB0_EPS0_FDSI0_GRPM1_GRVWA8_GRVWB8_GSU0_GSUAMB_GLS0_ISA950_IU1_K1_LDSTI0_LBSPPA1024_LBSPPB256_LBSPPM0_LPA16_LPB16_LPM0_LRVW8_LWPMn1_MIAV0_MIWT4_5_MO40_NTn1_NTA0_NTB0_NTC0_NTD0_NTM0_NEPBS0_NLCA1_NLCB1_ONLL1_PGR2_PLR1_PKA1_SIA3_SS1_SPO0_SRVW0_SSO0_SVW4_SK3_SKFTR0_SKXCCM0_TLDS1_ULSGRO0_USL1_UIOFGRO0_USFGRO0_VSn1_VWA4_VWB1_WSGRA0_WSGRB0_WS64_WG32_8_1,128,160,False,in: non-pow2 tile,<128
2048,2560,6144,False,bfloat16,tuned,960,80,671.9,1046.0,torch,native,torch:hipBLASLt,55.7,Cijk_Alik_Bljk_BBS_BH_Bias_HA_S_SAV_UserArgs_MT160x128x128_MI16x16x1_SN_LDSB1_AFC0_AFEM1_AFEM1_ASEM1_CLR1_CADS0_DTLA0_DTLB0_DTVA0_DTVB0_EPS0_FDSI0_GRPM1_GRVWA8_GRVWB8_GSU0_GSUAMB_GLS0_ISA950_IU1_K1_LDSTI0_LBSPPA256_LBSPPB1024_LBSPPM0_LPA16_LPB16_LPM0_LRVW8_LWPMn1_MIAV0_MIWT5_4_MO40_NTn1_NTA0_NTB0_NTC0_NTD0_NTM0_NEPBS0_NLCA1_NLCB1_ONLL1_PGR2_PLR1_PKA1_SIA3_SS1_SPO0_SRVW0_SSO0_SVW1_SK3_SKFTR0_SKXCCM0_TLDS1_ULSGRO0_USL1_UIOFGRO0_USFGRO0_VSn1_VWA1_VWB4_WSGRA0_WSGRB0_WS64_WG32_8_1,160,128,False,in: non-pow2 tile,<128
2048,3072,6144,False,float32,tuned,878,96,772.9,809.5,opus,opus_gemm_512x256x128x64_2x4_16x16x32_0x0x0_nooob_4g_safe,opus:opus_gemm_512x256x128x64_2x4_16x16x32_0x0x0_nooob_4g_safe,4.7,,256,128,False,in: other listed tile,<128
2048,6144,6144,False,bfloat16,tuned,1229,192,1373.1,1344.0,torch,native,gluon,0.0,,256,256,False,in: 256x256,128-255
2048,9216,6144,False,bfloat16,tuned,1317,288,1061.2,1237.5,torch,native,torch:hipBLASLt,16.6,Cijk_Alik_Bljk_BBS_BH_Bias_HA_S_SAV_UserArgs_MT144x256x64_MI16x16x1_SN_LDSB0_AFC0_AFEM1_AFEM1_ASEM1_CLR1_CADS0_DTLA0_DTLB0_DTVA0_DTVB0_EPS0_FDSI0_GRPM1_GRVWA4_GRVWB8_GSU0_GSUAMB_GLS0_ISA950_IU1_K1_LDSTI0_LBSPPA128_LBSPPB512_LBSPPM0_LPA16_LPB16_LPM0_LRVW8_LWPMn1_MIAV0_MIWT9_4_MO40_NTn1_NTA0_NTB0_NTC0_NTD0_NTM0_NEPBS0_NLCA1_NLCB1_ONLL1_PGR2_PLR1_PKA1_SIA3_SS1_SPO0_SRVW0_SSO0_SVW1_SK3_SKFTR0_SKXCCM0_TLDS1_ULSGRO0_USL1_UIOFGRO0_USFGRO0_VSn1_VWA1_VWB4_WSGRA0_WSGRB0_WS64_WG16_16_1,144,256,False,in: non-pow2 tile,256-511
4096,2048,6144,False,float32,tuned,945,128,1011.4,1155.0,opus,opus_gemm_persistent_512x128x256x64_2x4_16x16x32_0x0x0_nooob,opus:opus_gemm_persistent_512x128x256x64_2x4_16x16x32_0x0x0_nooob,14.2,,128,256,False,in: other listed tile,128-255
4096,2304,6144,False,bfloat16,tuned,1189,144,1164.2,785.5,flydsl,flydsl_hgemm_abf16_wbf16_bf16_t128x128x64x4_ks1_w4x2x1_bias0_ktail0_gm0_pft_gfx950,gluon,0.0,,256,256,False,in: 256x256,128-255
4096,2560,6144,False,bfloat16,tuned,1254,160,1250.6,710.9,flydsl,flydsl_hgemm_abf16_wbf16_bf16_t256x64x64x3_ks1_w4x1x1_bias0_ktail0_gm4_pft_gfx950,gluon,0.0,,256,256,False,in: 256x256,128-255
4096,3072,6144,False,float32,tuned,1117,192,1320.6,1239.1,asm,_ZN5aiter24bf16gemm_bf16_tn_256x256E,gluon,0.0,,256,256,False,in: 256x256,128-255
4096,6144,6144,False,bfloat16,tuned,1755,384,1353.6,1358.9,torch,native,torch:hipBLASLt,0.4,Cijk_Alik_Bljk_BBS_BH_Bias_HA_S_SAV_UserArgs_MT192x256x64_MI16x16x1_SN_LDSB0_AFC0_AFEM1_AFEM1_ASEM1_CLR1_CADS0_DTLA0_DTLB0_DTVA0_DTVB0_EPS0_FDSI0_GRPM1_GRVWA8_GRVWB8_GSU0_GSUAMB_GLS0_ISA950_IU1_K1_LDSTI0_LBSPPA256_LBSPPB1024_LBSPPM0_LPA16_LPB16_LPM0_LRVW8_LWPMn1_MIAV0_MIWT6_8_MO40_NTn1_NTA0_NTB0_NTC0_NTD0_NTM0_NEPBS0_NLCA1_NLCB1_ONLL1_PGR2_PLR1_PKA1_SIA3_SS1_SPO0_SRVW0_SSO0_SVW2_SK3_SKFTR0_SKXCCM0_TLDS1_ULSGRO0_USL1_UIOFGRO0_USFGRO0_VSn1_VWA2_VWB8_WSGRA0_WSGRB0_WS64_WG32_8_1,192,256,False,in: non-pow2 tile,256-511
4096,9216,6144,False,bfloat16,tuned,1940,576,1347.3,1365.9,torch,native,torch:hipBLASLt,1.4,Cijk_Alik_Bljk_BBS_BH_Bias_HA_S_SAV_UserArgs_MT192x256x64_MI16x16x1_SN_LDSB0_AFC0_AFEM1_AFEM1_ASEM1_CLR1_CADS0_DTLA0_DTLB0_DTVA0_DTVB0_EPS0_FDSI0_GRPM1_GRVWA8_GRVWB8_GSU0_GSUAMB_GLS0_ISA950_IU1_K1_LDSTI0_LBSPPA256_LBSPPB1024_LBSPPM0_LPA16_LPB16_LPM0_LRVW8_LWPMn1_MIAV0_MIWT6_8_MO40_NTn1_NTA0_NTB0_NTC0_NTD0_NTM0_NEPBS0_NLCA1_NLCB1_ONLL1_PGR2_PLR1_PKA1_SIA3_SS1_SPO0_SRVW0_SSO0_SVW2_SK3_SKFTR0_SKXCCM0_TLDS1_ULSGRO0_USL1_UIOFGRO0_USFGRO0_VSn1_VWA2_VWB8_WSGRA0_WSGRB0_WS64_WG32_8_1,192,256,False,in: non-pow2 tile,>=512
8192,2048,6144,False,float32,tuned,1069,256,1510.5,1395.3,opus,opus_gemm_persistent_512x256x256x64_2x4_16x16x32_0x0x0_nooob,gluon,0.0,,256,256,False,in: 256x256,256-511
8192,2304,6144,False,bfloat16,tuned,1391,288,1071.0,1235.3,torch,native,torch:hipBLASLt,15.3,Cijk_Alik_Bljk_BBS_BH_Bias_HA_S_SAV_UserArgs_MT144x256x64_MI16x16x1_SN_LDSB0_AFC0_AFEM1_AFEM1_ASEM1_CLR1_CADS0_DTLA0_DTLB0_DTVA0_DTVB0_EPS0_FDSI0_GRPM1_GRVWA4_GRVWB8_GSU0_GSUAMB_GLS0_ISA950_IU1_K1_LDSTI0_LBSPPA128_LBSPPB512_LBSPPM0_LPA16_LPB16_LPM0_LRVW8_LWPMn1_MIAV0_MIWT9_4_MO40_NTn1_NTA0_NTB0_NTC0_NTD0_NTM0_NEPBS0_NLCA1_NLCB1_ONLL1_PGR2_PLR1_PKA1_SIA3_SS1_SPO0_SRVW0_SSO0_SVW1_SK3_SKFTR0_SKXCCM0_TLDS1_ULSGRO0_USL1_UIOFGRO0_USFGRO0_VSn1_VWA1_VWB4_WSGRA0_WSGRB0_WS64_WG16_16_1,144,256,False,in: non-pow2 tile,256-511
8192,2560,6144,False,bfloat16,tuned,1480,320,1179.6,519.2,asm,_ZN5aiter37bf16gemm_fp32bf16_tn_64x64_pf3_splitkE,gluon,0.0,,256,256,False,in: 256x256,256-511
8192,3072,6144,False,float32,tuned,1293,384,1319.6,1253.5,asm,_ZN5aiter24bf16gemm_bf16_tn_256x256E,gluon,0.0,,256,256,False,in: 256x256,256-511
8192,6144,6144,False,bfloat16,tuned,2234,768,1586.7,1539.6,flydsl,flydsl_hgemm_abf16_wbf16_bf16_t256x256x64x2_ks1_w2x4x1_bias0_ktail0_gm4_pht_gfx950,gluon,0.0,,256,256,False,in: 256x256,>=512
8192,9216,6144,False,bfloat16,tuned,2542,1152,1481.9,1447.8,asm,_ZN5aiter24bf16gemm_bf16_tn_256x256E,gluon,0.0,,256,256,False,in: 256x256,>=512
16384,2048,6144,False,float32,tuned,1143,512,1442.1,1351.9,opus,opus_gemm_512x256x256x64_2x4_16x16x32_0x0x0_nooob_cA17cB1,gluon,0.0,,256,256,False,in: 256x256,>=512
16384,2304,6144,False,bfloat16,tuned,1520,576,1318.0,1049.5,flydsl,flydsl_hgemm_abf16_wbf16_bf16_t128x128x64x2_ks1_w2x4x1_bias0_ktail0_gm4_pft_gfx950,gluon,0.0,,256,256,False,in: 256x256,>=512
16384,2560,6144,False,bfloat16,tuned,1628,640,1410.7,1373.9,flydsl,flydsl_hgemm_abf16_wbf16_bf16_t256x256x64x2_ks1_w2x4x1_bias0_ktail0_gm4_pht_gfx950,gluon,0.0,,256,256,False,in: 256x256,>=512
16384,3072,6144,False,float32,tuned,1404,768,1433.8,1398.0,asm,_ZN5aiter24bf16gemm_bf16_tn_256x256E,gluon,0.0,,256,256,False,in: 256x256,>=512
16384,6144,6144,False,bfloat16,tuned,2587,1536,1566.6,1530.8,asm,_ZN5aiter24bf16gemm_bf16_tn_256x256E,gluon,0.0,,256,256,False,in: 256x256,>=512
16384,9216,6144,False,bfloat16,tuned,3009,2304,1553.1,1547.7,torch,native,gluon,0.0,,256,256,False,in: 256x256,>=512
32768,2304,6144,False,bfloat16,tuned,1594,1152,1426.3,656.8,flydsl,flydsl_hgemm_abf16_wbf16_bf16_t64x256x128x2_ks1_w4x4x1_bias0_ktail0_gm0_pft_gfx950,gluon,0.0,,256,256,False,in: 256x256,>=512
32768,2560,6144,False,bfloat16,tuned,1713,1280,1521.2,1467.7,flydsl,flydsl_hgemm_abf16_wbf16_bf16_t256x256x64x2_ks1_w2x4x1_bias0_ktail0_gm4_pht_gfx950,gluon,0.0,,256,256,False,in: 256x256,>=512
32768,6144,6144,False,bfloat16,tuned,2809,3072,1566.9,1537.7,torch,native,gluon,0.0,,256,256,False,in: 256x256,>=512
32768,9216,6144,False,bfloat16,tuned,3314,4608,1551.6,1561.2,torch,native,torch:hipBLASLt,0.6,Cijk_Alik_Bljk_BBS_BH_Bias_HA_S_SAV_UserArgs_MT256x256x64_MI16x16x1_CMS_SN_LDSB0_AFC0_AFEM1_AFEM1_ASEM1_CLR1_CADS0_DTLA1_DTLB1_DTVA0_DTVB0_EPS0_FDSI0_GRPM1_GRVWA8_GRVWB8_GSU0_GSUAMB_GLS0_ISA950_IU1_K1_LDSTI0_LBSPPA1024_LBSPPB1024_LBSPPM0_LPA16_LPB16_LPM0_LRVW8_LWPMn1_MIAV0_MIWT8_8_MO40_NTn1_NTA0_NTB0_NTC0_NTD4_NTM0_NEPBS0_NLCA1_NLCB1_ONLL1_PGR2_PLR1_PKA1_SIA3_SS1_SPO0_SRVW0_SSO0_SVW8_SK3_SKFTR0_SKXCCM0_TLDS1_ULSGRO0_USL1_UIOFGRO0_USFGRO0_VSn1_VWA8_VWB8_WSGRA0_WSGRB0_WS64_WG32_8_1,256,256,False,in: 256x256,>=512
512,5120,6400,False,bfloat16,tuned,434,40,342.9,710.5,flydsl,flydsl_hgemm_abf16_wbf16_bf16_t96x128x128x2_ks1_w2x2x2_bias0_ktail0_gm0_pft_gfx950,flydsl:flydsl_hgemm_abf16_wbf16_bf16_t96x128x128x2_ks1_w2x2x2_bias0_ktail0_gm0_pft_gfx950,107.2,,96,128,False,in: non-pow2 tile,<128
1024,5120,6400,False,bfloat16,tuned,753,80,676.8,702.6,flydsl,flydsl_hgemm_abf16_wbf16_bf16_t128x128x64x4_ks1_w4x2x1_bias0_ktail0_gm0_pft_gfx950,flydsl:flydsl_hgemm_abf16_wbf16_bf16_t128x128x64x4_ks1_w4x2x1_bias0_ktail0_gm0_pft_gfx950,3.8,,128,128,False,in: other listed tile,<128
2048,5120,6400,False,bfloat16,tuned,1191,160,1248.9,787.7,flydsl,flydsl_hgemm_abf16_wbf16_bf16_t256x128x64x3_ks1_w4x2x1_bias0_ktail0_gm0_pft_gfx950,gluon,0.0,,256,256,False,in: 256x256,128-255
4096,5120,6400,False,bfloat16,tuned,1679,320,1183.0,1293.1,torch,native,torch:hipBLASLt,9.3,Cijk_Alik_Bljk_BBS_BH_Bias_HA_S_SAV_UserArgs_MT160x256x64_MI16x16x1_SN_LDSB0_AFC0_AFEM1_AFEM1_ASEM1_CLR1_CADS0_DTLA0_DTLB0_DTVA0_DTVB0_EPS0_FDSI0_GRPM1_GRVWA8_GRVWB8_GSU0_GSUAMB_GLS0_ISA950_IU1_K1_LDSTI0_LBSPPA128_LBSPPB1024_LBSPPM0_LPA16_LPB16_LPM0_LRVW8_LWPMn1_MIAV0_MIWT5_8_MO40_NTn1_NTA0_NTB0_NTC0_NTD0_NTM0_NEPBS0_NLCA1_NLCB1_ONLL1_PGR2_PLR1_PKA1_SIA3_SS1_SPO0_SRVW0_SSO0_SVW1_SK3_SKFTR0_SKXCCM0_TLDS1_ULSGRO0_USL1_UIOFGRO0_USFGRO0_VSn1_VWA1_VWB8_WSGRA0_WSGRB0_WS64_WG32_8_1,160,256,False,in: non-pow2 tile,256-511
8192,5120,6400,False,bfloat16,tuned,2111,640,1448.3,1419.1,flydsl,flydsl_hgemm_abf16_wbf16_bf16_t256x256x64x2_ks1_w2x4x1_bias0_ktail0_gm4_pht_gfx950,gluon,0.0,,256,256,False,in: 256x256,>=512
16384,5120,6400,False,bfloat16,tuned,2424,1280,1566.2,1556.8,torch,native,gluon,0.0,,256,256,False,in: 256x256,>=512
32768,5120,6400,False,bfloat16,tuned,2617,2560,1568.0,1545.7,torch,native,gluon,0.0,,256,256,False,in: 256x256,>=512
512,16384,6656,False,bfloat16,tuned,462,128,1055.5,953.5,flydsl,flydsl_hgemm_abf16_wbf16_bf16_t128x128x64x5_ks1_w4x4x1_bias0_ktail0_gm4_pft_gfx950,gluon,0.0,,256,256,False,in: 256x256,128-255
1024,16384,6656,False,bfloat16,tuned,842,256,1581.8,453.2,asm,_ZN5aiter37bf16gemm_fp32bf16_tn_64x64_pf3_splitkE,gluon,0.0,,256,256,False,in: 256x256,256-511
2048,16384,6656,False,bfloat16,tuned,1429,512,1538.7,1483.5,asm,_ZN5aiter24bf16gemm_bf16_tn_256x256E,gluon,0.0,,256,256,False,in: 256x256,>=512
4096,16384,6656,False,bfloat16,tuned,2196,1024,1553.1,1571.4,torch,native,torch:hipBLASLt,1.2,Cijk_Alik_Bljk_BBS_BH_Bias_HA_S_SAV_UserArgs_MT256x256x64_MI16x16x1_CMS_SN_LDSB0_AFC0_AFEM1_AFEM1_ASEM1_CLR1_CADS0_DTLA1_DTLB1_DTVA0_DTVB0_EPS0_FDSI0_GRPM1_GRVWA8_GRVWB8_GSU0_GSUAMB_GLS0_ISA950_IU1_K1_LDSTI0_LBSPPA1024_LBSPPB1024_LBSPPM0_LPA16_LPB16_LPM0_LRVW8_LWPMn1_MIAV0_MIWT8_8_MO40_NTn1_NTA0_NTB0_NTC0_NTD4_NTM0_NEPBS0_NLCA1_NLCB1_ONLL1_PGR2_PLR1_PKA1_SIA3_SS1_SPO0_SRVW0_SSO0_SVW8_SK3_SKFTR0_SKXCCM0_TLDS1_ULSGRO0_USL1_UIOFGRO0_USFGRO0_VSn1_VWA8_VWB8_WSGRA0_WSGRB0_WS64_WG32_8_1,256,256,False,in: 256x256,>=512
8192,16384,6656,False,bfloat16,tuned,3000,2048,1586.0,1536.2,asm,_ZN5aiter24bf16gemm_bf16_tn_256x256E,gluon,0.0,,256,256,False,in: 256x256,>=512
16384,16384,6656,False,bfloat16,tuned,3672,4096,1579.7,1549.4,asm,_ZN5aiter24bf16gemm_bf16_tn_256x256E,gluon,0.0,,256,256,False,in: 256x256,>=512
32768,16384,6656,False,bfloat16,tuned,4136,8192,1582.6,292.2,asm,_ZN5aiter37bf16gemm_fp32bf16_tn_48x64_pf3_splitkE,gluon,0.0,,256,256,False,in: 256x256,>=512
512,1024,7168,False,bfloat16,tuned,326,8,69.8,434.2,torch,native,torch:hipBLASLt,522.1,Cijk_Alik_Bljk_BBS_BH_Bias_HA_S_SAV_UserArgs_MT128x128x64_MI32x32x1_SN_LDSB0_AFC1_AFEM1_AFEM1_ASEM1_CLR1_CADS0_DTLA0_DTLB0_DTVA0_DTVB0_EPS0_FDSI0_GRPM1_GRVWA8_GRVWB8_GSU0_GSUAMB_GLS0_ISA950_IU1_K1_LDSTI0_LBSPPA256_LBSPPB256_LBSPPM0_LPA8_LPB8_LPM0_LRVW8_LWPMn1_MIAV1_MIWT2_2_MO40_NTn1_NTA0_NTB3_NTC1_NTD3_NTM0_NEPBS2_NLCA1_NLCB1_ONLL1_PGR2_PLR1_PKA1_SIA3_SS1_SPO0_SRVW0_SSO0_SVW2_SK3_SKFTR0_SKXCCM4_TLDS1_ULSGRO0_USL1_UIOFGRO0_USFGRO0_VSn1_VWA2_VWB2_WSGRA0_WSGRB0_WS64_WG64_4_1 | Cijk_SB_BiasS_HAS_ScaleAlphaVec_PostGSU8_VW4,128,128,False,in: other listed tile,<128
512,1536,7168,False,bfloat16,tuned,364,12,104.8,457.9,torch,native,torch:hipBLASLt,336.9,Cijk_Alik_Bljk_BBS_BH_Bias_HA_S_SAV_UserArgs_MT192x64x128_MI16x16x1_SN_LDSB1_AFC0_AFEM1_AFEM1_ASEM1_CLR1_CADS0_DTLA0_DTLB0_DTVA0_DTVB0_EPS0_FDSI0_GRPM1_GRVWA8_GRVWB8_GSU0_GSUAMB_GLS0_ISA950_IU1_K1_LDSTI0_LBSPPA512_LBSPPB512_LBSPPM0_LPA16_LPB16_LPM0_LRVW8_LWPMn1_MIAV0_MIWT6_2_MO40_NTn1_NTA0_NTB0_NTC0_NTD0_NTM0_NEPBS0_NLCA1_NLCB1_ONLL1_PGR2_PLR1_PKA1_SIA3_SS1_SPO0_SRVW0_SSO0_SVW2_SK3_SKFTR0_SKXCCM0_TLDS1_ULSGRO0_USL1_UIOFGRO0_USFGRO0_VSn1_VWA2_VWB2_WSGRA0_WSGRB0_WS64_WG32_8_1,192,64,False,in: non-pow2 tile,<128
512,2048,7168,False,bfloat16,tuned,387,16,138.9,598.4,torch,native,torch:hipBLASLt,330.8,Cijk_Alik_Bljk_BBS_BH_Bias_HA_S_SAV_UserArgs_MT128x128x128_MI32x32x1_SN_LDSB0_AFC1_AFEM1_AFEM1_ASEM1_CLR0_CADS0_DTLA0_DTLB0_DTVA0_DTVB0_EPS0_FDSI0_GRPM1_GRVWA8_GRVWB8_GSU0_GSUAMB_GLS0_ISA950_IU1_K1_LDSTI0_LBSPPA1024_LBSPPB256_LBSPPM0_LPA8_LPB8_LPM0_LRVW8_LWPMn1_MIAV0_MIWT4_1_MO40_NTn1_NTA3_NTB3_NTC7_NTD3_NTM0_NEPBS16_NLCA1_NLCB1_ONLL1_PGR2_PLR1_PKA1_SIA3_SS1_SPO1_SRVW0_SSO1_SVW4_SK3_SKFTR0_SKXCCM8_TLDS2_ULSGRO0_USL1_UIOFGRO0_USFGRO0_VSn1_VWA4_VWB1_WSGRA0_WSGRB0_WS64_WG32_8_1,128,128,False,in: other listed tile,<128
512,3584,7168,False,bfloat16,tuned,422,28,241.6,614.3,flydsl,flydsl_hgemm_abf16_wbf16_bf16_t96x96x64x5_ks1_w2x2x1_bias0_ktail0_gm0_pft_gfx950,flydsl:flydsl_hgemm_abf16_wbf16_bf16_t96x96x64x5_ks1_w2x2x1_bias0_ktail0_gm0_pft_gfx950,154.3,,96,96,False,in: non-pow2 tile,<128
512,6144,7168,False,bfloat16,tuned,443,48,412.1,826.3,flydsl,flydsl_hgemm_abf16_wbf16_bf16_t128x96x64x4_ks1_w2x2x1_bias0_ktail0_gm0_pft_gfx950,flydsl:flydsl_hgemm_abf16_wbf16_bf16_t128x96x64x4_ks1_w2x2x1_bias0_ktail0_gm0_pft_gfx950,100.5,,128,96,False,in: non-pow2 tile,<128
512,8192,7168,False,bfloat16,tuned,452,64,546.9,876.7,flydsl,flydsl_hgemm_abf16_wbf16_bf16_t256x64x128x2_ks1_w2x2x1_bias0_ktail0_gm0_pht_gfx950,flydsl:flydsl_hgemm_abf16_wbf16_bf16_t256x64x128x2_ks1_w2x2x1_bias0_ktail0_gm0_pht_gfx950,60.3,,256,64,False,in: other listed tile,<128
512,8448,7168,False,bfloat16,tuned,452,66,564.2,748.3,flydsl,flydsl_hgemm_abf16_wbf16_bf16_t128x128x64x2_ks1_w2x4x1_bias0_ktail0_gm4_pht_gfx950,flydsl:flydsl_hgemm_abf16_wbf16_bf16_t128x128x64x2_ks1_w2x4x1_bias0_ktail0_gm4_pht_gfx950,32.6,,128,128,False,in: other listed tile,<128
512,20480,7168,False,bfloat16,tuned,467,160,1108.5,1034.3,flydsl,flydsl_hgemm_abf16_wbf16_bf16_t256x256x64x2_ks1_w2x4x1_bias0_ktail0_gm0_pht_gfx950,gluon,0.0,,256,256,False,in: 256x256,128-255
768,1024,7168,False,bfloat16,tuned,414,12,104.8,446.2,torch,native,torch:hipBLASLt,325.8,Cijk_Alik_Bljk_BBS_BH_Bias_HA_S_SAV_UserArgs_MT256x96x64_MI16x16x1_SN_LDSB1_AFC0_AFEM1_AFEM1_ASEM1_CLR1_CADS0_DTLA0_DTLB0_DTVA0_DTVB0_EPS0_FDSI0_GRPM1_GRVWA8_GRVWB8_GSU0_GSUAMB_GLS0_ISA950_IU1_K1_LDSTI0_LBSPPA1024_LBSPPB128_LBSPPM0_LPA16_LPB16_LPM0_LRVW8_LWPMn1_MIAV0_MIWT8_3_MO40_NTn1_NTA0_NTB0_NTC0_NTD0_NTM0_NEPBS0_NLCA1_NLCB1_ONLL1_PGR2_PLR1_PKA1_SIA3_SS1_SPO0_SRVW0_SSO0_SVW8_SK3_SKFTR0_SKXCCM0_TLDS1_ULSGRO0_USL1_UIOFGRO0_USFGRO0_VSn1_VWA8_VWB1_WSGRA0_WSGRB0_WS64_WG32_8_1 | Cijk_SB_BiasS_HAS_ScaleAlphaVec_PostGSU8_VW4,256,96,False,in: non-pow2 tile,<128
768,2048,7168,False,bfloat16,tuned,518,24,208.5,613.5,flydsl,flydsl_hgemm_abf16_wbf16_bf16_t96x64x128x3_ks1_w2x2x2_bias0_ktail0_gm4_pft_gfx950,flydsl:flydsl_hgemm_abf16_wbf16_bf16_t96x64x128x3_ks1_w2x2x2_bias0_ktail0_gm4_pft_gfx950,194.2,,96,64,False,out: smaller tile,<128
1024,512,7168,False,bfloat16,tuned,326,8,69.8,380.3,flydsl,flydsl_hgemm_abf16_wbf16_bf16_t64x128x64x4_ks4_w2x4x1_bias0_ktail0_gm0_pft_gfx950,flydsl:flydsl_hgemm_abf16_wbf16_bf16_t64x128x64x4_ks4_w2x4x1_bias0_ktail0_gm0_pft_gfx950,444.8,,64,128,True,out: split-K,<128
1024,1024,7168,False,bfloat16,tuned,478,16,139.1,589.4,torch,native,torch:hipBLASLt,323.7,Cijk_Alik_Bljk_BBS_BH_Bias_HA_S_SAV_UserArgs_MT128x128x128_MI16x16x1_SN_LDSB0_AFC1_AFEM1_AFEM1_ASEM1_CLR0_CADS0_DTLA0_DTLB0_DTVA0_DTVB0_EPS0_FDSI0_GRPM1_GRVWA8_GRVWB8_GSU0_GSUAMB_GLS0_ISA950_IU1_K1_LDSTI0_LBSPPA1024_LBSPPB1024_LBSPPM0_LPA16_LPB16_LPM0_LRVW8_LWPMn1_MIAV0_MIWT4_4_MO40_NTn1_NTA3_NTB1_NTC5_NTD3_NTM0_NEPBS16_NLCA1_NLCB1_ONLL1_PGR2_PLR1_PKA1_SIA3_SS1_SPO1_SRVW0_SSO0_SVW4_SK3_SKFTR0_SKXCCM8_TLDS1_ULSGRO0_USL1_UIOFGRO0_USFGRO0_VSn1_VWA4_VWB4_WSGRA0_WSGRB0_WS64_WG32_8_1,128,128,False,in: other listed tile,<128
1024,1536,7168,False,bfloat16,tuned,566,24,207.5,627.7,flydsl,flydsl_hgemm_abf16_wbf16_bf16_t64x96x128x4_ks1_w2x2x2_bias0_ktail0_gm4_pft_gfx950,flydsl:flydsl_hgemm_abf16_wbf16_bf16_t64x96x128x4_ks1_w2x2x2_bias0_ktail0_gm4_pft_gfx950,202.5,,64,96,False,out: smaller tile,<128
1024,2048,7168,False,bfloat16,tuned,623,32,277.1,752.9,torch,native,torch:hipBLASLt,171.7,Cijk_Alik_Bljk_BBS_BH_Bias_HA_S_SAV_UserArgs_MT256x128x64_MI16x16x1_SN_LDSB0_AFC1_AFEM1_AFEM1_ASEM1_CLR0_CADS0_DTLA1_DTLB1_DTVA0_DTVB0_EPS0_FDSI0_GRPM1_GRVWA8_GRVWB8_GSU0_GSUAMB_GLS0_ISA950_IU1_K1_LDSTI0_LBSPPA1024_LBSPPB1024_LBSPPM0_LPA16_LPB16_LPM0_LRVW8_LWPMn1_MIAV0_MIWT4_8_MO40_NTn1_NTA2_NTB4_NTC5_NTD2_NTM0_NEPBS2_NLCA1_NLCB1_ONLL1_PGR2_PLR1_PKA1_SIA3_SS1_SPO1_SRVW0_SSO1_SVW4_SK3_SKFTR0_SKXCCM0_TLDS2_ULSGRO0_USL1_UIOFGRO0_USFGRO0_VSn1_VWA4_VWB8_WSGRA0_WSGRB0_WS64_WG64_4_1 | Cijk_SB_BiasS_HAS_ScaleAlphaVec_PostGSU4_VW4,256,128,False,in: other listed tile,<128
1024,3584,7168,False,bfloat16,tuned,717,56,477.8,873.7,flydsl,flydsl_hgemm_abf16_wbf16_bf16_t128x128x64x4_ks1_w4x2x1_bias0_ktail0_gm0_pft_gfx950,flydsl:flydsl_hgemm_abf16_wbf16_bf16_t128x128x64x4_ks1_w4x2x1_bias0_ktail0_gm0_pft_gfx950,82.9,,128,128,False,in: other listed tile,<128
1024,6144,7168,False,bfloat16,tuned,782,96,814.3,1063.5,torch,native,torch:hipBLASLt,30.6,Cijk_Alik_Bljk_BBS_BH_Bias_HA_S_SAV_UserArgs_MT192x256x64_MI16x16x1_SN_LDSB0_AFC0_AFEM1_AFEM1_ASEM1_CLR1_CADS0_DTLA0_DTLB0_DTVA0_DTVB0_EPS0_FDSI0_GRPM1_GRVWA8_GRVWB8_GSU0_GSUAMB_GLS0_ISA950_IU1_K1_LDSTI0_LBSPPA256_LBSPPB1024_LBSPPM0_LPA16_LPB16_LPM0_LRVW8_LWPMn1_MIAV0_MIWT6_8_MO40_NTn1_NTA0_NTB0_NTC0_NTD0_NTM0_NEPBS0_NLCA1_NLCB1_ONLL1_PGR2_PLR1_PKA1_SIA3_SS1_SPO0_SRVW0_SSO0_SVW2_SK3_SKFTR0_SKXCCM0_TLDS1_ULSGRO0_USL1_UIOFGRO0_USFGRO0_VSn1_VWA2_VWB8_WSGRA0_WSGRB0_WS64_WG32_8_1,192,256,False,in: non-pow2 tile,<128
1024,8192,7168,False,bfloat16,tuned,808,128,1063.1,1101.6,flydsl,flydsl_hgemm_abf16_wbf16_bf16_t256x128x64x3_ks1_w4x4x1_bias0_ktail0_gm0_pft_gfx950,flydsl:flydsl_hgemm_abf16_wbf16_bf16_t256x128x64x3_ks1_w4x4x1_bias0_ktail0_gm0_pft_gfx950,3.6,,256,128,False,in: other listed tile,128-255
1024,8448,7168,False,bfloat16,tuned,810,132,1099.4,1183.4,torch,native,torch:hipBLASLt,7.6,Cijk_Alik_Bljk_BBS_BH_Bias_HA_S_SAV_UserArgs_MT144x256x64_MI16x16x1_SN_LDSB0_AFC0_AFEM1_AFEM1_ASEM1_CLR1_CADS0_DTLA0_DTLB0_DTVA0_DTVB0_EPS0_FDSI0_GRPM1_GRVWA4_GRVWB8_GSU0_GSUAMB_GLS0_ISA950_IU1_K1_LDSTI0_LBSPPA128_LBSPPB512_LBSPPM0_LPA16_LPB16_LPM0_LRVW8_LWPMn1_MIAV0_MIWT9_4_MO40_NTn1_NTA0_NTB0_NTC0_NTD0_NTM0_NEPBS0_NLCA1_NLCB1_ONLL1_PGR2_PLR1_PKA1_SIA3_SS1_SPO0_SRVW0_SSO0_SVW1_SK3_SKFTR0_SKXCCM0_TLDS1_ULSGRO0_USL1_UIOFGRO0_USFGRO0_VSn1_VWA1_VWB4_WSGRA0_WSGRB0_WS64_WG16_16_1,144,256,False,in: non-pow2 tile,128-255
1024,20480,7168,False,bfloat16,tuned,858,320,1120.6,782.8,flydsl,flydsl_hgemm_abf16_wbf16_bf16_t128x128x64x4_ks1_w2x2x1_bias0_ktail0_gm0_pft_gfx950,gluon,0.0,,256,256,False,in: 256x256,256-511
1280,512,7168,False,bfloat16,tuned,348,10,87.6,412.3,torch,native,torch:hipBLASLt,370.7,Cijk_Alik_Bljk_BBS_BH_Bias_HA_S_SAV_UserArgs_MT256x80x64_MI16x16x1_SN_LDSB1_AFC0_AFEM1_AFEM1_ASEM1_CLR1_CADS0_DTLA0_DTLB0_DTVA0_DTVB0_EPS0_FDSI0_GRPM1_GRVWA8_GRVWB4_GSU0_GSUAMB_GLS0_ISA950_IU1_K1_LDSTI0_LBSPPA512_LBSPPB128_LBSPPM0_LPA16_LPB16_LPM0_LRVW8_LWPMn1_MIAV0_MIWT4_5_MO40_NTn1_NTA0_NTB0_NTC0_NTD0_NTM0_NEPBS0_NLCA1_NLCB1_ONLL1_PGR2_PLR1_PKA1_SIA3_SS1_SPO0_SRVW0_SSO0_SVW4_SK3_SKFTR0_SKXCCM0_TLDS1_ULSGRO0_USL1_UIOFGRO0_USFGRO0_VSn1_VWA4_VWB1_WSGRA0_WSGRB0_WS64_WG64_4_1 | Cijk_SB_BiasS_HAS_ScaleAlphaVec_PostGSU8_VW4,256,80,False,in: non-pow2 tile,<128
1280,1024,7168,False,bfloat16,tuned,527,20,173.5,595.1,torch,native,torch:hipBLASLt,243.0,Cijk_Alik_Bljk_BBS_BH_Bias_HA_S_SAV_UserArgs_MT256x80x128_MI16x16x1_SN_LDSB1_AFC0_AFEM1_AFEM1_ASEM1_CLR1_CADS0_DTLA0_DTLB0_DTVA0_DTVB0_EPS0_FDSI0_GRPM1_GRVWA8_GRVWB8_GSU0_GSUAMB_GLS0_ISA950_IU1_K1_LDSTI0_LBSPPA1024_LBSPPB256_LBSPPM0_LPA16_LPB16_LPM0_LRVW8_LWPMn1_MIAV0_MIWT4_5_MO40_NTn1_NTA0_NTB0_NTC0_NTD0_NTM0_NEPBS0_NLCA1_NLCB1_ONLL1_PGR2_PLR1_PKA1_SIA3_SS1_SPO0_SRVW0_SSO0_SVW4_SK3_SKFTR0_SKXCCM0_TLDS1_ULSGRO0_USL1_UIOFGRO0_USFGRO0_VSn1_VWA4_VWB1_WSGRA0_WSGRB0_WS64_WG64_4_1,256,80,False,in: non-pow2 tile,<128
1280,2048,7168,False,bfloat16,tuned,710,40,345.1,851.4,torch,native,torch:hipBLASLt,146.7,Cijk_Alik_Bljk_BBS_BH_Bias_HA_S_SAV_UserArgs_MT128x160x128_MI16x16x1_SN_LDSB1_AFC0_AFEM1_AFEM1_ASEM1_CLR1_CADS0_DTLA0_DTLB0_DTVA0_DTVB0_EPS0_FDSI0_GRPM1_GRVWA8_GRVWB8_GSU0_GSUAMB_GLS0_ISA950_IU1_K1_LDSTI0_LBSPPA1024_LBSPPB256_LBSPPM0_LPA16_LPB16_LPM0_LRVW8_LWPMn1_MIAV0_MIWT4_5_MO40_NTn1_NTA0_NTB0_NTC0_NTD0_NTM0_NEPBS0_NLCA1_NLCB1_ONLL1_PGR2_PLR1_PKA1_SIA3_SS1_SPO0_SRVW0_SSO0_SVW4_SK3_SKFTR0_SKXCCM0_TLDS1_ULSGRO0_USL1_UIOFGRO0_USFGRO0_VSn1_VWA4_VWB1_WSGRA0_WSGRB0_WS64_WG32_8_1,128,160,False,in: non-pow2 tile,<128
1536,512,7168,False,bfloat16,tuned,364,12,104.4,446.2,torch,native,torch:hipBLASLt,327.4,Cijk_Alik_Bljk_BBS_BH_Bias_HA_S_SAV_UserArgs_MT256x96x64_MI16x16x1_SN_LDSB1_AFC0_AFEM1_AFEM1_ASEM1_CLR1_CADS0_DTLA0_DTLB0_DTVA0_DTVB0_EPS0_FDSI0_GRPM1_GRVWA8_GRVWB8_GSU0_GSUAMB_GLS0_ISA950_IU1_K1_LDSTI0_LBSPPA1024_LBSPPB128_LBSPPM0_LPA16_LPB16_LPM0_LRVW8_LWPMn1_MIAV0_MIWT8_3_MO40_NTn1_NTA0_NTB0_NTC0_NTD0_NTM0_NEPBS0_NLCA1_NLCB1_ONLL1_PGR2_PLR1_PKA1_SIA3_SS1_SPO0_SRVW0_SSO0_SVW8_SK3_SKFTR0_SKXCCM0_TLDS1_ULSGRO0_USL1_UIOFGRO0_USFGRO0_VSn1_VWA8_VWB1_WSGRA0_WSGRB0_WS64_WG32_8_1 | Cijk_SB_BiasS_HAS_ScaleAlphaVec_PostGSU8_VW4,256,96,False,in: non-pow2 tile,<128
1536,1024,7168,False,bfloat16,tuned,566,24,208.4,748.8,torch,native,torch:hipBLASLt,259.3,Cijk_Alik_Bljk_BBS_BH_Bias_HA_S_SAV_UserArgs_MT128x96x128_MI16x16x1_SN_LDSB0_AFC1_AFEM1_AFEM1_ASEM1_CLR0_CADS0_DTLA0_DTLB0_DTVA0_DTVB0_EPS0_FDSI0_GRPM1_GRVWA8_GRVWB8_GSU0_GSUAMB_GLS0_ISA950_IU1_K1_LDSTI0_LBSPPA1024_LBSPPB256_LBSPPM0_LPA16_LPB16_LPM0_LRVW8_LWPMn1_MIAV0_MIWT4_3_MO40_NTn1_NTA3_NTB3_NTC6_NTD1_NTM0_NEPBS16_NLCA1_NLCB1_ONLL1_PGR2_PLR1_PKA1_SIA3_SS1_SPO1_SRVW0_SSO0_SVW4_SK3_SKFTR0_SKXCCM0_TLDS2_ULSGRO0_USL1_UIOFGRO0_USFGRO0_VSn1_VWA4_VWB1_WSGRA0_WSGRB0_WS64_WG32_8_1,128,96,False,in: non-pow2 tile,<128
1536,2048,7168,False,bfloat16,tuned,782,48,413.2,958.8,torch,native,torch:hipBLASLt,132.0,Cijk_Alik_Bljk_BBS_BH_Bias_HA_S_SAV_UserArgs_MT128x192x64_MI16x16x1_SN_LDSB0_AFC1_AFEM1_AFEM1_ASEM1_CLR0_CADS0_DTLA0_DTLB0_DTVA0_DTVB0_EPS0_FDSI0_GRPM1_GRVWA8_GRVWB8_GSU0_GSUAMB_GLS0_ISA950_IU1_K1_LDSTI0_LBSPPA512_LBSPPB256_LBSPPM0_LPA16_LPB16_LPM0_LRVW8_LWPMn1_MIAV0_MIWT4_6_MO40_NTn1_NTA3_NTB0_NTC6_NTD2_NTM0_NEPBS0_NLCA1_NLCB1_ONLL1_PGR2_PLR1_PKA1_SIA3_SS1_SPO0_SRVW0_SSO0_SVW4_SK3_SKFTR0_SKXCCM0_TLDS1_ULSGRO0_USL1_UIOFGRO0_USFGRO0_VSn1_VWA4_VWB2_WSGRA0_WSGRB0_WS64_WG32_8_1,128,192,False,in: non-pow2 tile,<128
1792,512,7168,False,bfloat16,tuned,377,14,122.3,491.4,torch,native,torch:hipBLASLt,301.8,Cijk_Alik_Bljk_BBS_BH_Bias_HA_S_SAV_UserArgs_MT256x112x64_MI16x16x1_SN_LDSB1_AFC0_AFEM1_AFEM1_ASEM1_CLR1_CADS0_DTLA0_DTLB0_DTVA0_DTVB0_EPS0_FDSI0_GRPM1_GRVWA8_GRVWB4_GSU0_GSUAMB_GLS0_ISA950_IU1_K1_LDSTI0_LBSPPA512_LBSPPB128_LBSPPM0_LPA16_LPB16_LPM0_LRVW8_LWPMn1_MIAV0_MIWT4_7_MO40_NTn1_NTA0_NTB0_NTC0_NTD0_NTM0_NEPBS0_NLCA1_NLCB1_ONLL1_PGR2_PLR1_PKA1_SIA3_SS1_SPO0_SRVW0_SSO0_SVW4_SK3_SKFTR0_SKXCCM0_TLDS1_ULSGRO0_USL1_UIOFGRO0_USFGRO0_VSn1_VWA4_VWB1_WSGRA0_WSGRB0_WS64_WG64_4_1 | Cijk_SB_BiasS_HAS_ScaleAlphaVec_PostGSU8_VW4,256,112,False,in: non-pow2 tile,<128
1792,1024,7168,False,bfloat16,tuned,597,28,243.2,633.2,flydsl,flydsl_hgemm_abf16_wbf16_bf16_t64x64x64x4_ks1_w2x1x1_bias0_ktail0_gm4_pft_gfx950,flydsl:flydsl_hgemm_abf16_wbf16_bf16_t64x64x64x4_ks1_w2x1x1_bias0_ktail0_gm4_pft_gfx950,160.4,,64,64,False,out: smaller tile,<128
1792,2048,7168,False,bfloat16,tuned,843,56,477.1,902.6,flydsl,flydsl_hgemm_abf16_wbf16_bf16_t128x128x128x2_ks1_w2x4x1_bias0_ktail0_gm0_pht_gfx950,flydsl:flydsl_hgemm_abf16_wbf16_bf16_t128x128x128x2_ks1_w2x4x1_bias0_ktail0_gm0_pht_gfx950,89.2,,128,128,False,in: other listed tile,<128
2048,512,7168,False,bfloat16,tuned,387,16,138.9,585.3,torch,native,torch:hipBLASLt,321.4,Cijk_Alik_Bljk_BBS_BH_Bias_HA_S_SAV_UserArgs_MT128x128x64_MI16x16x1_SN_LDSB0_AFC0_AFEM1_AFEM1_ASEM1_CLR0_CADS0_DTLA1_DTLB1_DTVA0_DTVB0_EPS0_FDSI0_GRPM1_GRVWA8_GRVWB8_GSU0_GSUAMB_GLS0_ISA950_IU1_K1_LDSTI0_LBSPPA1024_LBSPPB1024_LBSPPM0_LPA16_LPB16_LPM0_LRVW8_LWPMn1_MIAV0_MIWT4_4_MO40_NTn1_NTA0_NTB0_NTC4_NTD0_NTM0_NEPBS2_NLCA1_NLCB1_ONLL1_PGR2_PLR1_PKA1_SIA3_SS1_SPO1_SRVW0_SSO0_SVW4_SK3_SKFTR0_SKXCCM0_TLDS1_ULSGRO0_USL1_UIOFGRO0_USFGRO1_VSn1_VWA4_VWB4_WSGRA0_WSGRB0_WS64_WG32_8_1 | Cijk_SB_BiasS_HAS_ScaleAlphaVec_PostGSU4_VW4,128,128,False,in: other listed tile,<128
2048,1024,7168,False,bfloat16,tuned,623,32,276.5,797.0,torch,native,torch:hipBLASLt,188.2,Cijk_Alik_Bljk_BBS_BH_Bias_HA_S_SAV_UserArgs_MT128x128x128_MI32x32x1_SN_LDSB0_AFC0_AFEM1_AFEM1_ASEM1_CLR1_CADS0_DTLA0_DTLB0_DTVA0_DTVB0_EPS0_FDSI0_GRPM1_GRVWA8_GRVWB8_GSU0_GSUAMB_GLS0_ISA950_IU1_K1_LDSTI0_LBSPPA1024_LBSPPB256_LBSPPM0_LPA8_LPB8_LPM0_LRVW8_LWPMn1_MIAV0_MIWT4_1_MO40_NTn1_NTA0_NTB0_NTC0_NTD0_NTM0_NEPBS16_NLCA1_NLCB1_ONLL1_PGR2_PLR1_PKA1_SIA3_SS1_SPO1_SRVW0_SSO0_SVW4_SK3_SKFTR0_SKXCCM8_TLDS1_ULSGRO0_USL1_UIOFGRO0_USFGRO0_VSn1_VWA4_VWB1_WSGRA0_WSGRB0_WS64_WG32_8_1,128,128,False,in: other listed tile,<128
2048,2048,7168,False,bfloat16,tuned,896,64,545.6,989.8,flydsl,flydsl_hgemm_abf16_wbf16_bf16_t128x128x128x2_ks1_w2x4x1_bias0_ktail0_gm4_pht_gfx950,flydsl:flydsl_hgemm_abf16_wbf16_bf16_t128x128x128x2_ks1_w2x4x1_bias0_ktail0_gm4_pht_gfx950,81.4,,128,128,False,in: other listed tile,<128
2048,3584,7168,False,bfloat16,tuned,1103,112,946.2,1216.5,opus,opus_gemm_mono_tile_512x128x256x64_2x4_16x16x32_0x0x0_nooob,opus:opus_gemm_mono_tile_512x128x256x64_2x4_16x16x32_0x0x0_nooob,28.6,,128,256,False,in: other listed tile,<128
2048,8192,7168,False,bfloat16,tuned,1334,256,1584.4,1547.3,asm,_ZN5aiter24bf16gemm_bf16_tn_256x256E,gluon,0.0,,256,256,False,in: 256x256,256-511
2048,20480,7168,False,bfloat16,tuned,1478,640,1398.5,827.6,flydsl,flydsl_hgemm_abf16_wbf16_bf16_t64x256x64x2_ks1_w2x4x1_bias0_ktail0_gm4_pft_gfx950,gluon,0.0,,256,256,False,in: 256x256,>=512
4096,512,7168,False,bfloat16,tuned,428,32,276.2,712.7,flydsl,flydsl_hgemm_abf16_wbf16_bf16_t64x128x128x3_ks1_w2x2x2_bias0_ktail0_gm4_pft_gfx950,flydsl:flydsl_hgemm_abf16_wbf16_bf16_t64x128x128x3_ks1_w2x2x2_bias0_ktail0_gm4_pft_gfx950,158.0,,64,128,False,in: other listed tile,<128
4096,1024,7168,False,bfloat16,tuned,735,64,544.3,971.7,torch,native,torch:hipBLASLt,78.5,Cijk_Alik_Bljk_BBS_BH_Bias_HA_S_SAV_UserArgs_MT256x128x64_MI16x16x1_SN_LDSB0_AFC1_AFEM1_AFEM1_ASEM1_CLR0_CADS0_DTLA1_DTLB1_DTVA0_DTVB0_EPS0_FDSI0_GRPM1_GRVWA8_GRVWB8_GSU0_GSUAMB_GLS0_ISA950_IU1_K1_LDSTI0_LBSPPA1024_LBSPPB1024_LBSPPM0_LPA16_LPB16_LPM0_LRVW8_LWPMn1_MIAV0_MIWT4_8_MO40_NTn1_NTA2_NTB7_NTC4_NTD7_NTM0_NEPBS16_NLCA1_NLCB1_ONLL1_PGR2_PLR1_PKA1_SIA3_SS1_SPO0_SRVW0_SSO0_SVW4_SK3_SKFTR0_SKXCCM0_TLDS1_ULSGRO0_USL1_UIOFGRO0_USFGRO0_VSn1_VWA4_VWB8_WSGRA0_WSGRB0_WS64_WG64_4_1,256,128,False,in: other listed tile,<128
4096,2048,7168,False,bfloat16,tuned,1147,128,1061.9,1297.3,torch,native,torch:hipBLASLt,22.2,Cijk_Alik_Bljk_BBS_BH_Bias_HA_S_SAV_UserArgs_MT256x128x64_MI16x16x1_SN_LDSB0_AFC1_AFEM1_AFEM1_ASEM1_CLR1_CADS0_DTLA1_DTLB1_DTVA0_DTVB0_EPS0_FDSI0_GRPM1_GRVWA8_GRVWB8_GSU0_GSUAMB_GLS0_ISA950_IU1_K1_LDSTI0_LBSPPA1024_LBSPPB1024_LBSPPM0_LPA16_LPB16_LPM0_LRVW8_LWPMn1_MIAV0_MIWT8_4_MO40_NTn1_NTA1_NTB0_NTC6_NTD3_NTM0_NEPBS16_NLCA1_NLCB1_ONLL1_PGR2_PLR1_PKA1_SIA3_SS1_SPO1_SRVW0_SSO1_SVW8_SK3_SKFTR0_SKXCCM4_TLDS2_ULSGRO0_USL1_UIOFGRO0_USFGRO0_VSn1_VWA8_VWB4_WSGRA0_WSGRB0_WS64_WG32_8_1,256,128,False,in: other listed tile,128-255
4096,3584,7168,False,bfloat16,tuned,1509,224,1472.3,1404.1,flydsl,flydsl_hgemm_abf16_wbf16_bf16_t256x256x64x2_ks1_w2x4x1_bias0_ktail0_gm0_pht_gfx950,gluon,0.0,,256,256,False,in: 256x256,128-255
4096,8192,7168,False,bfloat16,tuned,1977,512,1595.0,1534.6,flydsl,flydsl_hgemm_abf16_wbf16_bf16_t256x256x64x2_ks1_w2x4x1_bias0_ktail0_gm4_pht_gfx950,gluon,0.0,,256,256,False,in: 256x256,>=512
4096,20480,7168,False,bfloat16,tuned,2312,1280,1570.3,1528.7,flydsl,flydsl_hgemm_abf16_wbf16_bf16_t256x256x64x2_ks1_w2x4x1_bias0_ktail0_gm4_pht_gfx950,gluon,0.0,,256,256,False,in: 256x256,>=512
6144,512,7168,False,bfloat16,tuned,443,48,413.8,801.7,flydsl,flydsl_hgemm_abf16_wbf16_bf16_t96x128x64x4_ks1_w2x2x1_bias0_ktail0_gm4_pft_gfx950,flydsl:flydsl_hgemm_abf16_wbf16_bf16_t96x128x64x4_ks1_w2x2x1_bias0_ktail0_gm4_pft_gfx950,93.7,,96,128,False,in: non-pow2 tile,<128
6144,1024,7168,False,bfloat16,tuned,782,96,815.0,1203.8,opus,opus_gemm_mono_tile_512x192x128x64_2x4_16x16x32_0x0x0_nooob_4g_safe,opus:opus_gemm_mono_tile_512x192x128x64_2x4_16x16x32_0x0x0_nooob_4g_safe,47.7,,192,128,False,in: non-pow2 tile,<128
6144,2048,7168,False,bfloat16,tuned,1265,192,1357.6,1458.6,opus,opus_gemm_mono_tile_512x192x256x64_2x4_16x16x32_0x0x0_nooob_4g_safe,opus:opus_gemm_mono_tile_512x192x256x64_2x4_16x16x32_0x0x0_nooob_4g_safe,7.4,,192,256,False,in: non-pow2 tile,128-255
8192,512,7168,False,bfloat16,tuned,452,64,544.9,972.3,flydsl,flydsl_hgemm_abf16_wbf16_bf16_t128x128x64x4_ks1_w4x4x1_bias0_ktail0_gm4_pft_gfx950,flydsl:flydsl_hgemm_abf16_wbf16_bf16_t128x128x64x4_ks1_w4x4x1_bias0_ktail0_gm4_pft_gfx950,78.4,,128,128,False,in: other listed tile,<128
8192,1024,7168,False,bfloat16,tuned,808,128,1061.5,1157.3,torch,native,torch:hipBLASLt,9.0,Cijk_Alik_Bljk_BBS_BH_Bias_HA_S_SAV_UserArgs_MT256x128x64_MI32x32x1_SN_LDSB0_AFC1_AFEM1_AFEM1_ASEM1_CLR1_CADS0_DTLA0_DTLB0_DTVA0_DTVB0_EPS0_FDSI0_GRPM1_GRVWA8_GRVWB8_GSU0_GSUAMB_GLS0_ISA950_IU1_K1_LDSTI0_LBSPPA256_LBSPPB512_LBSPPM0_LPA8_LPB8_LPM0_LRVW8_LWPMn1_MIAV0_MIWT2_4_MO40_NTn1_NTA0_NTB6_NTC4_NTD2_NTM0_NEPBS0_NLCA1_NLCB1_ONLL1_PGR2_PLR1_PKA1_SIA3_SS1_SPO1_SRVW0_SSO0_SVW2_SK3_SKFTR0_SKXCCM4_TLDS1_ULSGRO0_USL1_UIOFGRO0_USFGRO0_VSn1_VWA2_VWB4_WSGRA0_WSGRB0_WS64_WG128_2_1,256,128,False,in: other listed tile,128-255
8192,2048,7168,False,bfloat16,tuned,1334,256,1583.8,1446.2,torch,native,gluon,0.0,,256,256,False,in: 256x256,256-511
8192,3584,7168,False,bfloat16,tuned,1850,448,1498.5,1460.0,flydsl,flydsl_hgemm_abf16_wbf16_bf16_t256x256x64x2_ks1_w2x4x1_bias0_ktail0_gm4_pht_gfx950,gluon,0.0,,256,256,False,in: 256x256,256-511
8192,8192,7168,False,bfloat16,tuned,2607,1024,1581.4,1536.1,flydsl,flydsl_hgemm_abf16_wbf16_bf16_t256x256x64x2_ks1_w2x4x1_bias0_ktail0_gm4_pht_gfx950,gluon,0.0,,256,256,False,in: 256x256,>=512
8192,20480,7168,False,bfloat16,tuned,3222,2560,1588.6,1546.7,asm,_ZN5aiter24bf16gemm_bf16_tn_256x256E,gluon,0.0,,256,256,False,in: 256x256,>=512
10240,512,7168,False,bfloat16,tuned,457,80,682.5,843.7,torch,native,torch:hipBLASLt,23.6,Cijk_Alik_Bljk_BBS_BH_Bias_HA_S_SAV_UserArgs_MT256x160x64_MI16x16x1_SN_LDSB0_AFC0_AFEM1_AFEM1_ASEM1_CLR1_CADS0_DTLA0_DTLB0_DTVA0_DTVB0_EPS0_FDSI0_GRPM1_GRVWA8_GRVWB8_GSU0_GSUAMB_GLS0_ISA950_IU1_K1_LDSTI0_LBSPPA1024_LBSPPB128_LBSPPM0_LPA16_LPB16_LPM0_LRVW8_LWPMn1_MIAV0_MIWT8_5_MO40_NTn1_NTA0_NTB4_NTC0_NTD0_NTM0_NEPBS0_NLCA1_NLCB1_ONLL1_PGR2_PLR1_PKA1_SIA3_SS1_SPO0_SRVW0_SSO0_SVW8_SK3_SKFTR0_SKXCCM8_TLDS1_ULSGRO0_USL1_UIOFGRO0_USFGRO0_VSn1_VWA8_VWB1_WSGRA0_WSGRB0_WS64_WG32_8_1,256,160,False,in: non-pow2 tile,<128
10240,1024,7168,False,bfloat16,tuned,824,160,1246.0,1314.6,torch,native,torch:hipBLASLt,5.5,Cijk_Alik_Bljk_BBS_BH_Bias_HA_S_SAV_UserArgs_MT256x160x64_MI16x16x1_SN_LDSB0_AFC0_AFEM1_AFEM1_ASEM1_CLR1_CADS0_DTLA0_DTLB0_DTVA0_DTVB0_EPS0_FDSI0_GRPM1_GRVWA8_GRVWB8_GSU0_GSUAMB_GLS0_ISA950_IU1_K1_LDSTI0_LBSPPA1024_LBSPPB128_LBSPPM0_LPA16_LPB16_LPM0_LRVW8_LWPMn1_MIAV0_MIWT8_5_MO40_NTn1_NTA0_NTB0_NTC0_NTD0_NTM0_NEPBS0_NLCA1_NLCB1_ONLL1_PGR2_PLR1_PKA1_SIA3_SS1_SPO0_SRVW0_SSO0_SVW8_SK3_SKFTR0_SKXCCM0_TLDS1_ULSGRO0_USL1_UIOFGRO0_USFGRO0_VSn1_VWA8_VWB1_WSGRA0_WSGRB0_WS64_WG32_8_1,256,160,False,in: non-pow2 tile,128-255
10240,2048,7168,False,bfloat16,tuned,1378,320,1178.6,1326.9,torch,native,torch:hipBLASLt,12.6,Cijk_Alik_Bljk_BBS_BH_Bias_HA_S_SAV_UserArgs_MT256x160x64_MI16x16x1_SN_LDSB0_AFC0_AFEM1_AFEM1_ASEM1_CLR1_CADS0_DTLA0_DTLB0_DTVA0_DTVB0_EPS0_FDSI0_GRPM1_GRVWA8_GRVWB8_GSU0_GSUAMB_GLS0_ISA950_IU1_K1_LDSTI0_LBSPPA1024_LBSPPB128_LBSPPM0_LPA16_LPB16_LPM0_LRVW8_LWPMn1_MIAV0_MIWT8_5_MO40_NTn1_NTA0_NTB0_NTC0_NTD0_NTM0_NEPBS0_NLCA1_NLCB1_ONLL1_PGR2_PLR1_PKA1_SIA3_SS1_SPO0_SRVW0_SSO0_SVW8_SK3_SKFTR0_SKXCCM0_TLDS1_ULSGRO0_USL1_UIOFGRO0_USFGRO0_VSn1_VWA8_VWB1_WSGRA0_WSGRB0_WS64_WG32_8_1,256,160,False,in: non-pow2 tile,256-511
10240,8448,7168,False,bfloat16,tuned,2813,1320,1418.5,1417.2,asm,_ZN5aiter24bf16gemm_bf16_tn_256x256E,gluon,0.0,,256,256,False,in: 256x256,>=512
10240,20480,7168,False,bfloat16,tuned,3497,3200,1488.3,1515.4,asm,_ZN5aiter24bf16gemm_bf16_tn_256x256E,asm:_ZN5aiter24bf16gemm_bf16_tn_256x256E,1.8,,256,256,False,in: 256x256,>=512
12288,512,7168,False,bfloat16,tuned,460,96,813.0,1179.5,opus,opus_gemm_mono_tile_512x192x128x64_2x4_16x16x32_0x0x0_nooob_4g_safe,opus:opus_gemm_mono_tile_512x192x128x64_2x4_16x16x32_0x0x0_nooob_4g_safe,45.1,,192,128,False,in: non-pow2 tile,<128
12288,1024,7168,False,bfloat16,tuned,835,192,1345.7,1474.1,opus,opus_gemm_mono_tile_512x192x256x64_2x4_16x16x32_0x0x0_nooob,opus:opus_gemm_mono_tile_512x192x256x64_2x4_16x16x32_0x0x0_nooob,9.5,,192,256,False,in: non-pow2 tile,128-255
12288,2048,7168,False,bfloat16,tuned,1410,384,1363.7,1476.1,opus,opus_gemm_mono_tile_512x192x256x64_2x4_16x16x32_0x0x0_nooob_4g_safe,opus:opus_gemm_mono_tile_512x192x256x64_2x4_16x16x32_0x0x0_nooob_4g_safe,8.2,,192,256,False,in: non-pow2 tile,256-511
14336,512,7168,False,bfloat16,tuned,462,112,943.1,1256.5,opus,opus_gemm_mono_tile_512x128x256x64_2x4_16x16x32_0x0x0_nooob,opus:opus_gemm_mono_tile_512x128x256x64_2x4_16x16x32_0x0x0_nooob,33.2,,128,256,False,in: other listed tile,<128
14336,1024,7168,False,bfloat16,tuned,843,224,1462.9,1405.5,torch,native,gluon,0.0,,256,256,False,in: 256x256,128-255
14336,2048,7168,False,bfloat16,tuned,1434,448,1449.1,1426.2,flydsl,flydsl_hgemm_abf16_wbf16_bf16_t256x256x64x2_ks1_w2x4x1_bias0_ktail0_gm4_pht_gfx950,gluon,0.0,,256,256,False,in: 256x256,256-511
16384,512,7168,False,bfloat16,tuned,464,128,1059.7,1331.5,opus,opus_gemm_mono_tile_512x128x256x64_2x4_16x16x32_0x0x0_nooob,opus:opus_gemm_mono_tile_512x128x256x64_2x4_16x16x32_0x0x0_nooob,25.6,,128,256,False,in: other listed tile,128-255
16384,1024,7168,False,bfloat16,tuned,850,256,1526.0,1526.2,torch,native,torch:hipBLASLt,0.0,Cijk_Alik_Bljk_BBS_BH_Bias_HA_S_SAV_UserArgs_MT256x256x64_MI16x16x1_CMS_SN_LDSB0_AFC0_AFEM1_AFEM1_ASEM1_CLR1_CADS0_DTLA1_DTLB1_DTVA0_DTVB0_EPS0_FDSI0_GRPM1_GRVWA8_GRVWB8_GSU0_GSUAMB_GLS0_ISA950_IU1_K1_LDSTI0_LBSPPA1024_LBSPPB1024_LBSPPM0_LPA16_LPB16_LPM0_LRVW8_LWPMn1_MIAV0_MIWT8_8_MO40_NTn1_NTA0_NTB0_NTC0_NTD4_NTM0_NEPBS0_NLCA1_NLCB1_ONLL1_PGR2_PLR1_PKA1_SIA3_SS1_SPO0_SRVW0_SSO0_SVW8_SK3_SKFTR0_SKXCCM0_TLDS1_ULSGRO0_USL1_UIOFGRO0_USFGRO0_VSn1_VWA8_VWB8_WSGRA0_WSGRB0_WS64_WG32_8_1,256,256,False,in: 256x256,256-511
16384,2048,7168,False,bfloat16,tuned,1452,512,1540.2,1561.0,torch,native,torch:hipBLASLt,1.4,Cijk_Alik_Bljk_BBS_BH_Bias_HA_S_SAV_UserArgs_MT256x256x64_MI16x16x1_CMS_SN_LDSB0_AFC0_AFEM1_AFEM1_ASEM1_CLR1_CADS0_DTLA1_DTLB1_DTVA0_DTVB0_EPS0_FDSI0_GRPM1_GRVWA8_GRVWB8_GSU0_GSUAMB_GLS0_ISA950_IU1_K1_LDSTI0_LBSPPA1024_LBSPPB1024_LBSPPM0_LPA16_LPB16_LPM0_LRVW8_LWPMn1_MIAV0_MIWT8_8_MO40_NTn1_NTA0_NTB0_NTC0_NTD4_NTM0_NEPBS0_NLCA1_NLCB1_ONLL1_PGR2_PLR1_PKA1_SIA3_SS1_SPO0_SRVW0_SSO0_SVW8_SK3_SKFTR0_SKXCCM0_TLDS1_ULSGRO0_USL1_UIOFGRO0_USFGRO0_VSn1_VWA8_VWB8_WSGRA0_WSGRB0_WS64_WG32_8_1,256,256,False,in: 256x256,>=512
16384,3584,7168,False,bfloat16,tuned,2085,896,1445.6,1400.1,flydsl,flydsl_hgemm_abf16_wbf16_bf16_t256x256x64x2_ks1_w2x4x1_bias0_ktail0_gm4_pht_gfx950,gluon,0.0,,256,256,False,in: 256x256,>=512
16384,8192,7168,False,bfloat16,tuned,3100,2048,1578.2,1559.2,torch,native,gluon,0.0,,256,256,False,in: 256x256,>=512
16384,20480,7168,False,bfloat16,tuned,4010,5120,1590.6,1538.3,flydsl,flydsl_hgemm_abf16_wbf16_bf16_t256x256x64x2_ks1_w2x4x1_bias0_ktail0_gm4_pht_gfx950,gluon,0.0,,256,256,False,in: 256x256,>=512
32768,512,7168,False,bfloat16,tuned,471,256,1397.1,1395.3,torch,native,gluon,0.0,,256,256,False,in: 256x256,256-511
32768,1024,7168,False,bfloat16,tuned,872,512,1501.5,1452.9,torch,native,gluon,0.0,,256,256,False,in: 256x256,>=512
32768,2048,7168,False,bfloat16,tuned,1519,1024,1536.3,1516.7,torch,native,gluon,0.0,,256,256,False,in: 256x256,>=512
32768,3584,7168,False,bfloat16,tuned,2227,1792,1538.8,1521.4,torch,native,gluon,0.0,,256,256,False,in: 256x256,>=512
32768,8192,7168,False,bfloat16,tuned,3424,4096,1580.0,1576.0,torch,native,gluon,0.0,,256,256,False,in: 256x256,>=512
32768,20480,7168,False,bfloat16,tuned,4569,10240,1589.2,1557.6,asm,_ZN5aiter24bf16gemm_bf16_tn_256x256E,gluon,0.0,,256,256,False,in: 256x256,>=512
512,1280,8192,False,bfloat16,tuned,350,10,88.4,469.1,torch,native,torch:hipBLASLt,430.7,Cijk_Alik_Bljk_BBS_BH_Bias_HA_S_SAV_UserArgs_MT160x64x128_MI16x16x1_SN_LDSB1_AFC0_AFEM1_AFEM1_ASEM1_CLR1_CADS0_DTLA0_DTLB0_DTVA0_DTVB0_EPS0_FDSI0_GRPM1_GRVWA8_GRVWB8_GSU0_GSUAMB_GLS0_ISA950_IU1_K1_LDSTI0_LBSPPA256_LBSPPB512_LBSPPM0_LPA16_LPB16_LPM0_LRVW8_LWPMn1_MIAV0_MIWT5_2_MO40_NTn1_NTA0_NTB0_NTC0_NTD0_NTM0_NEPBS0_NLCA1_NLCB1_ONLL1_PGR2_PLR1_PKA1_SIA3_SS1_SPO0_SRVW0_SSO0_SVW1_SK3_SKFTR0_SKXCCM0_TLDS1_ULSGRO0_USL1_UIOFGRO0_USFGRO0_VSn1_VWA1_VWB2_WSGRA0_WSGRB0_WS64_WG32_8_1 | Cijk_SB_BiasS_HAS_ScaleAlphaVec_PostGSU4_VW4,160,64,False,in: non-pow2 tile,<128
512,2560,8192,False,bfloat16,tuned,406,20,175.0,607.3,torch,native,torch:hipBLASLt,247.0,Cijk_Alik_Bljk_BBS_BH_Bias_HA_S_SAV_UserArgs_MT256x128x64_MI16x16x1_SN_LDSB1_AFC0_AFEM1_AFEM1_ASEM1_CLR1_CADS0_DTLA0_DTLB0_DTVA0_DTVB0_EPS0_FDSI0_GRPM1_GRVWA8_GRVWB8_GSU0_GSUAMB_GLS0_ISA950_IU1_K1_LDSTI0_LBSPPA1024_LBSPPB512_LBSPPM0_LPA16_LPB16_LPM0_LRVW8_LWPMn1_MIAV0_MIWT8_4_MO40_NTn1_NTA0_NTB0_NTC0_NTD0_NTM0_NEPBS0_NLCA1_NLCB1_ONLL1_PGR2_PLR1_PKA1_SIA3_SS1_SPO0_SRVW0_SSO0_SVW8_SK3_SKFTR0_SKXCCM0_TLDS1_ULSGRO0_USL1_UIOFGRO0_USFGRO0_VSn1_VWA8_VWB4_WSGRA0_WSGRB0_WS64_WG32_8_1 | Cijk_SB_BiasS_HAS_ScaleAlphaVec_PostGSU8_VW4,256,128,False,in: other listed tile,<128
512,4096,8192,False,bfloat16,tuned,431,32,279.2,760.0,flydsl,flydsl_hgemm_abf16_wbf16_bf16_t128x128x64x4_ks2_w4x4x1_bias0_ktail0_gm0_pft_gfx950,flydsl:flydsl_hgemm_abf16_wbf16_bf16_t128x128x64x4_ks2_w4x4x1_bias0_ktail0_gm0_pft_gfx950,172.2,,128,128,True,out: split-K,<128
512,4608,8192,False,bfloat16,untuned,436,36,313.0,852.6,torch,,torch:hipBLASLt,172.4,Cijk_Alik_Bljk_BBS_BH_Bias_HA_S_SAV_UserArgs_MT160x128x128_MI16x16x1_SN_LDSB1_AFC0_AFEM1_AFEM1_ASEM1_CLR1_CADS0_DTLA0_DTLB0_DTVA0_DTVB0_EPS0_FDSI0_GRPM1_GRVWA8_GRVWB8_GSU0_GSUAMB_GLS0_ISA950_IU1_K1_LDSTI0_LBSPPA256_LBSPPB1024_LBSPPM0_LPA16_LPB16_LPM0_LRVW8_LWPMn1_MIAV0_MIWT5_4_MO40_NTn1_NTA0_NTB0_NTC0_NTD0_NTM0_NEPBS0_NLCA1_NLCB1_ONLL1_PGR2_PLR1_PKA1_SIA3_SS1_SPO0_SRVW0_SSO0_SVW1_SK3_SKFTR0_SKXCCM0_TLDS1_ULSGRO0_USL1_UIOFGRO0_USFGRO0_VSn1_VWA1_VWB4_WSGRA0_WSGRB0_WS64_WG32_8_1,160,128,False,in: non-pow2 tile,<128
512,7168,8192,False,bfloat16,tuned,452,56,484.8,926.4,flydsl,flydsl_hgemm_abf16_wbf16_bf16_t128x128x64x4_ks1_w4x4x1_bias0_ktail0_gm0_pft_gfx950,flydsl:flydsl_hgemm_abf16_wbf16_bf16_t128x128x64x4_ks1_w4x4x1_bias0_ktail0_gm0_pft_gfx950,91.1,,128,128,False,in: other listed tile,<128
512,8192,8192,False,bfloat16,tuned,455,64,551.2,886.9,flydsl,flydsl_hgemm_abf16_wbf16_bf16_t64x128x64x3_ks1_w2x2x1_bias0_ktail0_gm4_pft_gfx950,flydsl:flydsl_hgemm_abf16_wbf16_bf16_t64x128x64x3_ks1_w2x2x1_bias0_ktail0_gm4_pft_gfx950,60.9,,64,128,False,in: other listed tile,<128
512,10240,8192,False,bfloat16,tuned,460,80,691.3,691.7,flydsl,flydsl_hgemm_abf16_wbf16_bf16_t128x128x64x3_ks1_w4x2x1_bias0_ktail0_gm4_pft_gfx950,flydsl:flydsl_hgemm_abf16_wbf16_bf16_t128x128x64x3_ks1_w4x2x1_bias0_ktail0_gm4_pft_gfx950,0.1,,128,128,False,in: other listed tile,<128
512,14336,8192,False,bfloat16,tuned,466,112,955.8,1036.4,torch,native,torch:hipBLASLt,8.4,Cijk_Alik_Bljk_BBS_BH_Bias_HA_S_SAV_UserArgs_MT224x256x64_MI16x16x1_SN_LDSB1_AFC0_AFEM1_AFEM1_ASEM1_CLR1_CADS0_DTLA0_DTLB0_DTVA0_DTVB0_EPS0_FDSI0_GRPM1_GRVWA8_GRVWB8_GSU0_GSUAMB_GLS0_ISA950_IU1_K1_LDSTI0_LBSPPA128_LBSPPB1024_LBSPPM0_LPA16_LPB16_LPM0_LRVW8_LWPMn1_MIAV0_MIWT7_8_MO40_NTn1_NTA4_NTB0_NTC0_NTD0_NTM0_NEPBS0_NLCA1_NLCB1_ONLL1_PGR2_PLR1_PKA1_SIA3_SS1_SPO0_SRVW0_SSO0_SVW1_SK3_SKFTR0_SKXCCM8_TLDS1_ULSGRO0_USL1_UIOFGRO0_USFGRO0_VSn1_VWA1_VWB8_WSGRA0_WSGRB0_WS64_WG32_8_1,224,256,False,in: non-pow2 tile,<128
512,16384,8192,False,bfloat16,tuned,468,128,1018.3,687.4,flydsl,flydsl_hgemm_abf16_wbf16_bf16_t128x64x64x6_ks1_w2x2x2_bias0_ktail0_gm4_pft_gfx950,gluon,0.0,,256,256,False,in: 256x256,128-255
512,57344,8192,False,bfloat16,tuned,478,448,1346.5,1306.9,flydsl,flydsl_hgemm_abf16_wbf16_bf16_t256x256x64x2_ks1_w2x4x1_bias0_ktail0_gm4_pht_gfx950,gluon,0.0,,256,256,False,in: 256x256,256-511
768,4096,8192,False,bfloat16,tuned,599,48,415.5,839.3,flydsl,flydsl_hgemm_abf16_wbf16_bf16_t128x128x64x3_ks1_w4x4x1_bias0_ktail0_gm0_pft_gfx950,flydsl:flydsl_hgemm_abf16_wbf16_bf16_t128x128x64x3_ks1_w4x4x1_bias0_ktail0_gm0_pft_gfx950,102.0,,128,128,False,in: other listed tile,<128
1024,512,8192,False,bfloat16,untuned,328,8,70.7,367.5,torch,,torch:hipBLASLt,419.8,Cijk_Alik_Bljk_BBS_BH_Bias_HA_S_SAV_UserArgs_MT256x64x64_MI16x16x1_SN_LDSB1_AFC0_AFEM1_AFEM1_ASEM1_CLR1_CADS0_DTLA0_DTLB0_DTVA0_DTVB0_EPS0_FDSI0_GRPM1_GRVWA8_GRVWB8_GSU0_GSUAMB_GLS0_ISA950_IU1_K1_LDSTI0_LBSPPA1024_LBSPPB256_LBSPPM0_LPA16_LPB16_LPM0_LRVW8_LWPMn1_MIAV0_MIWT8_2_MO40_NTn1_NTA0_NTB0_NTC0_NTD0_NTM0_NEPBS0_NLCA1_NLCB1_ONLL1_PGR2_PLR1_PKA1_SIA3_SS1_SPO0_SRVW0_SSO0_SVW8_SK3_SKFTR0_SKXCCM0_TLDS1_ULSGRO0_USL1_UIOFGRO0_USFGRO0_VSn1_VWA8_VWB2_WSGRA0_WSGRB0_WS64_WG32_8_1 | Cijk_SB_BiasS_HAS_ScaleAlphaVec_PostGSU8_VW4,256,64,False,in: other listed tile,<128
1024,1280,8192,False,bfloat16,tuned,532,20,174.9,621.8,torch,native,torch:hipBLASLt,255.5,Cijk_Alik_Bljk_BBS_BH_Bias_HA_S_SAV_UserArgs_MT256x128x64_MI16x16x1_SN_LDSB1_AFC0_AFEM1_AFEM1_ASEM1_CLR1_CADS0_DTLA0_DTLB0_DTVA0_DTVB0_EPS0_FDSI0_GRPM1_GRVWA8_GRVWB8_GSU0_GSUAMB_GLS0_ISA950_IU1_K1_LDSTI0_LBSPPA1024_LBSPPB512_LBSPPM0_LPA16_LPB16_LPM0_LRVW8_LWPMn1_MIAV0_MIWT8_4_MO40_NTn1_NTA0_NTB0_NTC0_NTD0_NTM0_NEPBS0_NLCA1_NLCB1_ONLL1_PGR2_PLR1_PKA1_SIA3_SS1_SPO0_SRVW0_SSO0_SVW8_SK3_SKFTR0_SKXCCM0_TLDS1_ULSGRO0_USL1_UIOFGRO0_USFGRO0_VSn1_VWA8_VWB4_WSGRA0_WSGRB0_WS64_WG32_8_1 | Cijk_SB_BiasS_HAS_ScaleAlphaVec_PostGSU8_VW4,256,128,False,in: other listed tile,<128
1024,2560,8192,False,bfloat16,tuned,671,40,348.4,873.9,torch,native,torch:hipBLASLt,150.8,Cijk_Alik_Bljk_BBS_BH_Bias_HA_S_SAV_UserArgs_MT160x128x128_MI16x16x1_SN_LDSB1_AFC0_AFEM1_AFEM1_ASEM1_CLR1_CADS0_DTLA0_DTLB0_DTVA0_DTVB0_EPS0_FDSI0_GRPM1_GRVWA8_GRVWB8_GSU0_GSUAMB_GLS0_ISA950_IU1_K1_LDSTI0_LBSPPA256_LBSPPB1024_LBSPPM0_LPA16_LPB16_LPM0_LRVW8_LWPMn1_MIAV0_MIWT5_4_MO40_NTn1_NTA0_NTB0_NTC0_NTD0_NTM0_NEPBS0_NLCA1_NLCB1_ONLL1_PGR2_PLR1_PKA1_SIA3_SS1_SPO0_SRVW0_SSO0_SVW1_SK3_SKFTR0_SKXCCM0_TLDS1_ULSGRO0_USL1_UIOFGRO0_USFGRO0_VSn1_VWA1_VWB4_WSGRA0_WSGRB0_WS64_WG32_8_1,160,128,False,in: non-pow2 tile,<128
1024,4096,8192,False,bfloat16,tuned,745,64,548.5,993.3,flydsl,flydsl_hgemm_abf16_wbf16_bf16_t128x128x64x4_ks1_w4x4x1_bias0_ktail0_gm0_pft_gfx950,flydsl:flydsl_hgemm_abf16_wbf16_bf16_t128x128x64x4_ks1_w4x4x1_bias0_ktail0_gm0_pft_gfx950,81.1,,128,128,False,in: other listed tile,<128
1024,4608,8192,False,bfloat16,untuned,760,72,620.8,987.5,torch,,torch:hipBLASLt,59.1,Cijk_Alik_Bljk_BBS_BH_Bias_HA_S_SAV_UserArgs_MT160x256x64_MI16x16x1_SN_LDSB0_AFC0_AFEM1_AFEM1_ASEM1_CLR1_CADS0_DTLA0_DTLB0_DTVA0_DTVB0_EPS0_FDSI0_GRPM1_GRVWA8_GRVWB8_GSU0_GSUAMB_GLS0_ISA950_IU1_K1_LDSTI0_LBSPPA128_LBSPPB1024_LBSPPM0_LPA16_LPB16_LPM0_LRVW8_LWPMn1_MIAV0_MIWT5_8_MO40_NTn1_NTA0_NTB0_NTC0_NTD0_NTM0_NEPBS0_NLCA1_NLCB1_ONLL1_PGR2_PLR1_PKA1_SIA3_SS1_SPO0_SRVW0_SSO0_SVW1_SK3_SKFTR0_SKXCCM0_TLDS1_ULSGRO0_USL1_UIOFGRO0_USFGRO0_VSn1_VWA1_VWB8_WSGRA0_WSGRB0_WS64_WG32_8_1,160,256,False,in: non-pow2 tile,<128
1024,7168,8192,False,bfloat16,tuned,808,112,956.4,841.9,flydsl,flydsl_hgemm_abf16_wbf16_bf16_t128x64x64x3_ks1_w2x1x1_bias0_ktail0_gm4_pft_gfx950,gluon,0.0,,256,256,False,in: 256x256,<128
1024,8192,8192,False,bfloat16,tuned,819,128,1076.7,1161.5,flydsl,flydsl_hgemm_abf16_wbf16_bf16_t256x128x64x2_ks1_w4x4x1_bias0_ktail0_gm4_pft_gfx950,flydsl:flydsl_hgemm_abf16_wbf16_bf16_t256x128x64x2_ks1_w4x4x1_bias0_ktail0_gm4_pft_gfx950,7.9,,256,128,False,in: other listed tile,128-255
1024,10240,8192,False,bfloat16,tuned,836,160,1272.0,875.8,flydsl,flydsl_hgemm_abf16_wbf16_bf16_t128x128x64x3_ks1_w2x2x2_bias0_ktail0_gm4_pft_gfx950,gluon,0.0,,256,256,False,in: 256x256,128-255
1024,14336,8192,False,bfloat16,tuned,856,224,1445.3,1414.9,flydsl,flydsl_hgemm_abf16_wbf16_bf16_t256x256x64x2_ks1_w2x4x1_bias0_ktail0_gm0_pht_gfx950,gluon,0.0,,256,256,False,in: 256x256,128-255
1024,16384,8192,False,bfloat16,tuned,862,256,1530.9,1489.5,torch,native,gluon,0.0,,256,256,False,in: 256x256,256-511
1024,57344,8192,False,bfloat16,tuned,896,896,1423.1,1377.8,asm,_ZN5aiter24bf16gemm_bf16_tn_256x256E,gluon,0.0,,256,256,False,in: 256x256,>=512
2048,512,8192,False,bfloat16,untuned,390,16,140.4,533.1,torch,,torch:hipBLASLt,279.7,Cijk_Alik_Bljk_BBS_BH_Bias_HA_S_SAV_UserArgs_MT256x128x64_MI16x16x1_SN_LDSB1_AFC0_AFEM1_AFEM1_ASEM1_CLR1_CADS0_DTLA0_DTLB0_DTVA0_DTVB0_EPS0_FDSI0_GRPM1_GRVWA8_GRVWB8_GSU0_GSUAMB_GLS0_ISA950_IU1_K1_LDSTI0_LBSPPA1024_LBSPPB512_LBSPPM0_LPA16_LPB16_LPM0_LRVW8_LWPMn1_MIAV0_MIWT8_4_MO40_NTn1_NTA0_NTB0_NTC0_NTD0_NTM0_NEPBS0_NLCA1_NLCB1_ONLL1_PGR2_PLR1_PKA1_SIA3_SS1_SPO0_SRVW0_SSO0_SVW8_SK3_SKFTR0_SKXCCM0_TLDS1_ULSGRO0_USL1_UIOFGRO0_USFGRO0_VSn1_VWA8_VWB4_WSGRA0_WSGRB0_WS64_WG32_8_1 | Cijk_SB_BiasS_HAS_ScaleAlphaVec_PostGSU8_VW4,256,128,False,in: other listed tile,<128
2048,1280,8192,False,bfloat16,tuned,719,40,348.7,721.9,torch,native,torch:hipBLASLt,107.0,Cijk_Alik_Bljk_BBS_BH_Bias_HA_S_SAV_UserArgs_MT320x192x64_MI16x16x1_SN_LDSB1_AFC0_AFEM1_AFEM1_ASEM1_CLR0_CADS0_DTLA0_DTLB0_DTVA0_DTVB0_EPS0_FDSI0_GRPM1_GRVWA8_GRVWB8_GSU0_GSUAMB_GLS0_ISA950_IU1_K1_LDSTI0_LBSPPA256_LBSPPB256_LBSPPM0_LPA16_LPB16_LPM0_LRVW8_LWPMn1_MIAV0_MIWT10_6_MO40_NTn1_NTA0_NTB0_NTC0_NTD4_NTM0_NEPBS0_NLCA1_NLCB1_ONLL1_PGR2_PLR1_PKA1_SIA3_SS1_SPO1_SRVW0_SSO1_SVW2_SK3_SKFTR0_SKXCCM0_TLDS2_ULSGRO0_USL1_UIOFGRO0_USFGRO0_VSn1_VWA2_VWB2_WSGRA0_WSGRB0_WS64_WG32_8_1 | Cijk_SB_BiasS_HAS_ScaleAlphaVec_PostGSU8_VW4,320,192,False,in: non-pow2 tile,<128
2048,2560,8192,False,bfloat16,tuned,999,80,685.7,1032.4,torch,native,torch:hipBLASLt,50.6,Cijk_Alik_Bljk_BBS_BH_Bias_HA_S_SAV_UserArgs_MT160x256x64_MI16x16x1_SN_LDSB0_AFC0_AFEM1_AFEM1_ASEM1_CLR1_CADS0_DTLA0_DTLB0_DTVA0_DTVB0_EPS0_FDSI0_GRPM1_GRVWA8_GRVWB8_GSU0_GSUAMB_GLS0_ISA950_IU1_K1_LDSTI0_LBSPPA128_LBSPPB1024_LBSPPM0_LPA16_LPB16_LPM0_LRVW8_LWPMn1_MIAV0_MIWT5_8_MO40_NTn1_NTA0_NTB0_NTC0_NTD0_NTM0_NEPBS0_NLCA1_NLCB1_ONLL1_PGR2_PLR1_PKA1_SIA3_SS1_SPO0_SRVW0_SSO0_SVW1_SK3_SKFTR0_SKXCCM0_TLDS1_ULSGRO0_USL1_UIOFGRO0_USFGRO0_VSn1_VWA1_VWB8_WSGRA0_WSGRB0_WS64_WG32_8_1,160,256,False,in: non-pow2 tile,<128
2048,4096,8192,False,bfloat16,tuned,1170,128,1079.8,1301.7,opus,opus_gemm_mono_tile_512x128x256x64_2x4_16x16x32_0x0x0_nooob_4g_safe,opus:opus_gemm_mono_tile_512x128x256x64_2x4_16x16x32_0x0x0_nooob_4g_safe,20.6,,128,256,False,in: other listed tile,128-255
2048,4608,8192,False,bfloat16,untuned,1209,144,1185.0,1257.7,torch,,torch:hipBLASLt,6.1,Cijk_Alik_Bljk_BBS_BH_Bias_HA_S_SAV_UserArgs_MT144x256x64_MI16x16x1_SN_LDSB0_AFC0_AFEM1_AFEM1_ASEM1_CLR1_CADS0_DTLA0_DTLB0_DTVA0_DTVB0_EPS0_FDSI0_GRPM1_GRVWA4_GRVWB8_GSU0_GSUAMB_GLS0_ISA950_IU1_K1_LDSTI0_LBSPPA128_LBSPPB512_LBSPPM0_LPA16_LPB16_LPM0_LRVW8_LWPMn1_MIAV0_MIWT9_4_MO40_NTn1_NTA0_NTB0_NTC0_NTD0_NTM0_NEPBS0_NLCA1_NLCB1_ONLL1_PGR2_PLR1_PKA1_SIA3_SS1_SPO0_SRVW0_SSO0_SVW1_SK3_SKFTR0_SKXCCM0_TLDS1_ULSGRO0_USL1_UIOFGRO0_USFGRO0_VSn1_VWA1_VWB4_WSGRA0_WSGRB0_WS64_WG16_16_1,144,256,False,in: non-pow2 tile,128-255
2048,7168,8192,False,bfloat16,tuned,1334,224,1490.5,1453.1,asm,_ZN5aiter24bf16gemm_bf16_tn_256x256E,gluon,0.0,,256,256,False,in: 256x256,128-255
2048,8192,8192,False,bfloat16,tuned,1365,256,1597.3,1560.2,torch,native,gluon,0.0,,256,256,False,in: 256x256,256-511
2048,10240,8192,False,bfloat16,tuned,1412,320,1201.4,993.8,flydsl,flydsl_hgemm_abf16_wbf16_bf16_t128x128x128x2_ks1_w2x2x1_bias0_ktail0_gm0_pht_gfx950,gluon,0.0,,256,256,False,in: 256x256,256-511
2048,14336,8192,False,bfloat16,tuned,1470,448,1449.5,1409.8,flydsl,flydsl_hgemm_abf16_wbf16_bf16_t256x256x64x2_ks1_w2x4x1_bias0_ktail0_gm4_pht_gfx950,gluon,0.0,,256,256,False,in: 256x256,256-511
2048,16384,8192,False,bfloat16,tuned,1489,512,1549.7,1502.4,asm,_ZN5aiter24bf16gemm_bf16_tn_256x256E,gluon,0.0,,256,256,False,in: 256x256,>=512
2048,57344,8192,False,bfloat16,tuned,1593,1792,1581.2,1526.6,flydsl,flydsl_hgemm_abf16_wbf16_bf16_t256x256x64x2_ks1_w2x4x1_bias0_ktail0_gm4_pht_gfx950,gluon,0.0,,256,256,False,in: 256x256,>=512
4096,512,8192,False,bfloat16,tuned,431,32,280.0,755.7,flydsl,flydsl_hgemm_abf16_wbf16_bf16_t64x128x64x4_ks1_w2x4x1_bias0_ktail0_gm4_pft_gfx950,flydsl:flydsl_hgemm_abf16_wbf16_bf16_t64x128x64x4_ks1_w2x4x1_bias0_ktail0_gm4_pft_gfx950,169.9,,64,128,False,in: other listed tile,<128
4096,1280,8192,False,bfloat16,tuned,871,80,687.5,1038.4,torch,native,torch:hipBLASLt,51.0,Cijk_Alik_Bljk_BBS_BH_Bias_HA_S_SAV_UserArgs_MT160x256x64_MI16x16x1_SN_LDSB0_AFC0_AFEM1_AFEM1_ASEM1_CLR1_CADS0_DTLA0_DTLB0_DTVA0_DTVB0_EPS0_FDSI0_GRPM1_GRVWA8_GRVWB8_GSU0_GSUAMB_GLS0_ISA950_IU1_K1_LDSTI0_LBSPPA128_LBSPPB1024_LBSPPM0_LPA16_LPB16_LPM0_LRVW8_LWPMn1_MIAV0_MIWT5_8_MO40_NTn1_NTA0_NTB0_NTC0_NTD0_NTM0_NEPBS0_NLCA1_NLCB1_ONLL1_PGR2_PLR1_PKA1_SIA3_SS1_SPO0_SRVW0_SSO0_SVW1_SK3_SKFTR0_SKXCCM0_TLDS1_ULSGRO0_USL1_UIOFGRO0_USFGRO0_VSn1_VWA1_VWB8_WSGRA0_WSGRB0_WS64_WG32_8_1,160,256,False,in: non-pow2 tile,<128
4096,2560,8192,False,bfloat16,tuned,1321,160,1266.6,1304.2,torch,native,torch:hipBLASLt,3.0,Cijk_Alik_Bljk_BBS_BH_Bias_HA_S_SAV_UserArgs_MT160x256x64_MI16x16x1_SN_LDSB0_AFC0_AFEM1_AFEM1_ASEM1_CLR1_CADS0_DTLA0_DTLB0_DTVA0_DTVB0_EPS0_FDSI0_GRPM1_GRVWA8_GRVWB8_GSU0_GSUAMB_GLS0_ISA950_IU1_K1_LDSTI0_LBSPPA128_LBSPPB1024_LBSPPM0_LPA16_LPB16_LPM0_LRVW8_LWPMn1_MIAV0_MIWT5_8_MO40_NTn1_NTA0_NTB0_NTC0_NTD0_NTM0_NEPBS0_NLCA1_NLCB1_ONLL1_PGR2_PLR1_PKA1_SIA3_SS1_SPO0_SRVW0_SSO0_SVW1_SK3_SKFTR0_SKXCCM0_TLDS1_ULSGRO0_USL1_UIOFGRO0_USFGRO0_VSn1_VWA1_VWB8_WSGRA0_WSGRB0_WS64_WG32_8_1,160,256,False,in: non-pow2 tile,128-255
4096,4096,8192,False,bfloat16,tuned,1638,256,1598.9,1545.6,torch,native,gluon,0.0,,256,256,False,in: 256x256,256-511
4096,4608,8192,False,bfloat16,untuned,1715,288,1088.8,1273.4,torch,,torch:hipBLASLt,17.0,Cijk_Alik_Bljk_BBS_BH_Bias_HA_S_SAV_UserArgs_MT144x256x64_MI16x16x1_SN_LDSB0_AFC0_AFEM1_AFEM1_ASEM1_CLR1_CADS0_DTLA0_DTLB0_DTVA0_DTVB0_EPS0_FDSI0_GRPM1_GRVWA4_GRVWB8_GSU0_GSUAMB_GLS0_ISA950_IU1_K1_LDSTI0_LBSPPA128_LBSPPB512_LBSPPM0_LPA16_LPB16_LPM0_LRVW8_LWPMn1_MIAV0_MIWT9_4_MO40_NTn1_NTA0_NTB0_NTC0_NTD0_NTM0_NEPBS0_NLCA1_NLCB1_ONLL1_PGR2_PLR1_PKA1_SIA3_SS1_SPO0_SRVW0_SSO0_SVW1_SK3_SKFTR0_SKXCCM0_TLDS1_ULSGRO0_USL1_UIOFGRO0_USFGRO0_VSn1_VWA1_VWB4_WSGRA0_WSGRB0_WS64_WG16_16_1,144,256,False,in: non-pow2 tile,256-511
4096,7168,8192,False,bfloat16,tuned,1977,448,1505.2,1466.4,flydsl,flydsl_hgemm_abf16_wbf16_bf16_t256x256x64x2_ks1_w2x4x1_bias0_ktail0_gm4_pht_gfx950,gluon,0.0,,256,256,False,in: 256x256,256-511
4096,8192,8192,False,bfloat16,tuned,2048,512,1605.7,1574.7,asm,_ZN5aiter24bf16gemm_bf16_tn_256x256E,gluon,0.0,,256,256,False,in: 256x256,>=512
4096,10240,8192,False,bfloat16,tuned,2156,640,1430.9,1376.7,flydsl,flydsl_hgemm_abf16_wbf16_bf16_t256x256x64x2_ks1_w2x4x1_bias0_ktail0_gm4_pht_gfx950,gluon,0.0,,256,256,False,in: 256x256,>=512
4096,14336,8192,False,bfloat16,tuned,2294,896,1475.2,1430.8,flydsl,flydsl_hgemm_abf16_wbf16_bf16_t256x256x64x2_ks1_w2x4x1_bias0_ktail0_gm4_pht_gfx950,gluon,0.0,,256,256,False,in: 256x256,>=512
4096,16384,8192,False,bfloat16,tuned,2341,1024,1588.6,1533.0,flydsl,flydsl_hgemm_abf16_wbf16_bf16_t256x256x64x2_ks1_w2x4x1_bias0_ktail0_gm4_pht_gfx950,gluon,0.0,,256,256,False,in: 256x256,>=512
4096,57344,8192,False,bfloat16,tuned,2607,3584,1601.6,1553.9,flydsl,flydsl_hgemm_abf16_wbf16_bf16_t256x256x64x2_ks1_w2x4x1_bias0_ktail0_gm4_pht_gfx950,gluon,0.0,,256,256,False,in: 256x256,>=512
8192,512,8192,False,bfloat16,tuned,455,64,551.7,983.6,flydsl,flydsl_hgemm_abf16_wbf16_bf16_t128x128x64x4_ks1_w4x4x1_bias0_ktail0_gm4_pft_gfx950,flydsl:flydsl_hgemm_abf16_wbf16_bf16_t128x128x64x4_ks1_w4x4x1_bias0_ktail0_gm4_pft_gfx950,78.3,,128,128,False,in: other listed tile,<128
8192,1280,8192,False,bfloat16,tuned,975,160,1269.8,1305.9,torch,native,torch:hipBLASLt,2.8,Cijk_Alik_Bljk_BBS_BH_Bias_HA_S_SAV_UserArgs_MT160x256x64_MI16x16x1_SN_LDSB0_AFC0_AFEM1_AFEM1_ASEM1_CLR1_CADS0_DTLA0_DTLB0_DTVA0_DTVB0_EPS0_FDSI0_GRPM1_GRVWA8_GRVWB8_GSU0_GSUAMB_GLS0_ISA950_IU1_K1_LDSTI0_LBSPPA128_LBSPPB1024_LBSPPM0_LPA16_LPB16_LPM0_LRVW8_LWPMn1_MIAV0_MIWT5_8_MO40_NTn1_NTA0_NTB0_NTC0_NTD0_NTM0_NEPBS0_NLCA1_NLCB1_ONLL1_PGR2_PLR1_PKA1_SIA3_SS1_SPO0_SRVW0_SSO0_SVW1_SK3_SKFTR0_SKXCCM0_TLDS1_ULSGRO0_USL1_UIOFGRO0_USFGRO0_VSn1_VWA1_VWB8_WSGRA0_WSGRB0_WS64_WG32_8_1,160,256,False,in: non-pow2 tile,128-255
8192,2560,8192,False,bfloat16,tuned,1575,320,1187.9,1311.9,torch,native,torch:hipBLASLt,10.4,Cijk_Alik_Bljk_BBS_BH_Bias_HA_S_SAV_UserArgs_MT160x256x64_MI16x16x1_SN_LDSB0_AFC0_AFEM1_AFEM1_ASEM1_CLR1_CADS0_DTLA0_DTLB0_DTVA0_DTVB0_EPS0_FDSI0_GRPM1_GRVWA8_GRVWB8_GSU0_GSUAMB_GLS0_ISA950_IU1_K1_LDSTI0_LBSPPA128_LBSPPB1024_LBSPPM0_LPA16_LPB16_LPM0_LRVW8_LWPMn1_MIAV0_MIWT5_8_MO40_NTn1_NTA0_NTB0_NTC0_NTD0_NTM0_NEPBS0_NLCA1_NLCB1_ONLL1_PGR2_PLR1_PKA1_SIA3_SS1_SPO0_SRVW0_SSO0_SVW1_SK3_SKFTR0_SKXCCM0_TLDS1_ULSGRO0_USL1_UIOFGRO0_USFGRO0_VSn1_VWA1_VWB8_WSGRA0_WSGRB0_WS64_WG32_8_1,160,256,False,in: non-pow2 tile,256-511
8192,4096,8192,False,bfloat16,tuned,2048,512,1597.5,1583.2,torch,native,gluon,0.0,,256,256,False,in: 256x256,>=512
8192,4608,8192,False,bfloat16,untuned,2168,576,1359.0,1376.4,torch,,torch:hipBLASLt,1.3,Cijk_Alik_Bljk_BBS_BH_Bias_HA_S_SAV_UserArgs_MT192x256x64_MI16x16x1_SN_LDSB0_AFC0_AFEM1_AFEM1_ASEM1_CLR1_CADS0_DTLA0_DTLB0_DTVA0_DTVB0_EPS0_FDSI0_GRPM1_GRVWA8_GRVWB8_GSU0_GSUAMB_GLS0_ISA950_IU1_K1_LDSTI0_LBSPPA256_LBSPPB1024_LBSPPM0_LPA16_LPB16_LPM0_LRVW8_LWPMn1_MIAV0_MIWT6_8_MO40_NTn1_NTA0_NTB0_NTC0_NTD0_NTM0_NEPBS0_NLCA1_NLCB1_ONLL1_PGR2_PLR1_PKA1_SIA3_SS1_SPO0_SRVW0_SSO0_SVW2_SK3_SKFTR0_SKXCCM0_TLDS1_ULSGRO0_USL1_UIOFGRO0_USFGRO0_VSn1_VWA2_VWB8_WSGRA0_WSGRB0_WS64_WG32_8_1,192,256,False,in: non-pow2 tile,>=512
8192,7168,8192,False,bfloat16,tuned,2607,896,1488.8,1442.6,asm,_ZN5aiter24bf16gemm_bf16_tn_256x256E,gluon,0.0,,256,256,False,in: 256x256,>=512
8192,8192,8192,False,bfloat16,tuned,2731,1024,1602.1,1579.7,asm,_ZN5aiter24bf16gemm_bf16_tn_256x256E,gluon,0.0,,256,256,False,in: 256x256,>=512
8192,10240,8192,False,bfloat16,tuned,2926,1280,1606.6,1548.8,flydsl,flydsl_hgemm_abf16_wbf16_bf16_t256x256x64x2_ks1_w2x4x1_bias0_ktail0_gm4_pht_gfx950,gluon,0.0,,256,256,False,in: 256x256,>=512
8192,14336,8192,False,bfloat16,tuned,3186,1792,1604.8,1562.7,flydsl,flydsl_hgemm_abf16_wbf16_bf16_t256x256x64x2_ks1_w2x4x1_bias0_ktail0_gm4_pht_gfx950,gluon,0.0,,256,256,False,in: 256x256,>=512
8192,16384,8192,False,bfloat16,tuned,3277,2048,1604.4,1563.8,asm,_ZN5aiter24bf16gemm_bf16_tn_256x256E,gluon,0.0,,256,256,False,in: 256x256,>=512
8192,57344,8192,False,bfloat16,tuned,3823,7168,1609.7,1566.1,asm,_ZN5aiter24bf16gemm_bf16_tn_256x256E,gluon,0.0,,256,256,False,in: 256x256,>=512
16384,512,8192,False,bfloat16,untuned,468,128,985.6,1059.5,torch,,torch:hipBLASLt,7.5,Cijk_Alik_Bljk_BBS_BH_Bias_HA_S_SAV_UserArgs_MT256x256x64_MI16x16x1_CMS_SN_LDSB0_AFC0_AFEM1_AFEM1_ASEM1_CLR1_CADS0_DTLA1_DTLB1_DTVA0_DTVB0_EPS0_FDSI0_GRPM1_GRVWA8_GRVWB8_GSU0_GSUAMB_GLS0_ISA950_IU1_K1_LDSTI0_LBSPPA1024_LBSPPB1024_LBSPPM0_LPA16_LPB16_LPM0_LRVW8_LWPMn1_MIAV0_MIWT8_8_MO40_NTn1_NTA0_NTB4_NTC0_NTD4_NTM0_NEPBS0_NLCA1_NLCB1_ONLL1_PGR2_PLR1_PKA1_SIA3_SS1_SPO0_SRVW0_SSO0_SVW8_SK3_SKFTR0_SKXCCM0_TLDS1_ULSGRO0_USL1_UIOFGRO0_USFGRO0_VSn1_VWA8_VWB8_WSGRA0_WSGRB0_WS64_WG32_8_1,256,256,False,in: 256x256,128-255
16384,1280,8192,False,bfloat16,tuned,1037,320,1181.6,1272.4,torch,native,torch:hipBLASLt,7.7,Cijk_Alik_Bljk_BBS_BH_Bias_HA_S_SAV_UserArgs_MT160x256x64_MI16x16x1_SN_LDSB0_AFC0_AFEM1_AFEM1_ASEM1_CLR1_CADS0_DTLA0_DTLB0_DTVA0_DTVB0_EPS0_FDSI0_GRPM1_GRVWA8_GRVWB8_GSU0_GSUAMB_GLS0_ISA950_IU1_K1_LDSTI0_LBSPPA128_LBSPPB1024_LBSPPM0_LPA16_LPB16_LPM0_LRVW8_LWPMn1_MIAV0_MIWT5_8_MO40_NTn1_NTA0_NTB0_NTC0_NTD0_NTM0_NEPBS0_NLCA1_NLCB1_ONLL1_PGR2_PLR1_PKA1_SIA3_SS1_SPO0_SRVW0_SSO0_SVW1_SK3_SKFTR0_SKXCCM0_TLDS1_ULSGRO0_USL1_UIOFGRO0_USFGRO0_VSn1_VWA1_VWB8_WSGRA0_WSGRB0_WS64_WG32_8_1,160,256,False,in: non-pow2 tile,256-511
16384,2560,8192,False,bfloat16,tuned,1743,640,1391.3,1354.0,flydsl,flydsl_hgemm_abf16_wbf16_bf16_t256x256x64x2_ks1_w2x4x1_bias0_ktail0_gm4_pht_gfx950,gluon,0.0,,256,256,False,in: 256x256,>=512
16384,4608,8192,False,bfloat16,tuned,2499,1152,1467.1,1431.9,flydsl,flydsl_hgemm_abf16_wbf16_bf16_t256x256x64x2_ks1_w2x4x1_bias0_ktail0_gm4_pht_gfx950,gluon,0.0,,256,256,False,in: 256x256,>=512
16384,7168,8192,False,bfloat16,tuned,3100,1792,1584.1,1583.6,torch,native,gluon,0.0,,256,256,False,in: 256x256,>=512
16384,8192,8192,False,bfloat16,tuned,3277,2048,1593.8,1593.1,torch,native,gluon,0.0,,256,256,False,in: 256x256,>=512
16384,10240,8192,False,bfloat16,tuned,3562,2560,1597.3,1594.4,torch,native,gluon,0.0,,256,256,False,in: 256x256,>=512
16384,14336,8192,False,bfloat16,tuned,3955,3584,1603.4,1570.5,asm,_ZN5aiter24bf16gemm_bf16_tn_256x256E,gluon,0.0,,256,256,False,in: 256x256,>=512
16384,16384,8192,False,bfloat16,tuned,4096,4096,1604.0,1555.4,asm,_ZN5aiter24bf16gemm_bf16_tn_256x256E,gluon,0.0,,256,256,False,in: 256x256,>=512
16384,57344,8192,False,bfloat16,tuned,4986,14336,1606.5,1566.7,asm,_ZN5aiter24bf16gemm_bf16_tn_256x256E,gluon,0.0,,256,256,False,in: 256x256,>=512
32768,1280,8192,False,bfloat16,tuned,1071,640,1361.6,1326.6,flydsl,flydsl_hgemm_abf16_wbf16_bf16_t256x256x64x2_ks1_w2x4x1_bias0_ktail0_gm4_pht_gfx950,gluon,0.0,,256,256,False,in: 256x256,>=512
32768,2560,8192,False,bfloat16,tuned,1841,1280,1547.0,1554.3,torch,native,torch:hipBLASLt,0.5,Cijk_Alik_Bljk_BBS_BH_Bias_HA_S_SAV_UserArgs_MT256x256x64_MI16x16x1_CMS_SN_LDSB0_AFC0_AFEM1_AFEM1_ASEM1_CLR1_CADS0_DTLA1_DTLB1_DTVA0_DTVB0_EPS0_FDSI0_GRPM1_GRVWA8_GRVWB8_GSU0_GSUAMB_GLS0_ISA950_IU1_K1_LDSTI0_LBSPPA1024_LBSPPB1024_LBSPPM0_LPA16_LPB16_LPM0_LRVW8_LWPMn1_MIAV0_MIWT8_8_MO40_NTn1_NTA0_NTB0_NTC0_NTD4_NTM0_NEPBS0_NLCA1_NLCB1_ONLL1_PGR2_PLR1_PKA1_SIA3_SS1_SPO0_SRVW0_SSO0_SVW8_SK3_SKFTR0_SKXCCM0_TLDS1_ULSGRO0_USL1_UIOFGRO0_USFGRO0_VSn1_VWA8_VWB8_WSGRA0_WSGRB0_WS64_WG32_8_1,256,256,False,in: 256x256,>=512
32768,7168,8192,False,bfloat16,tuned,3424,3584,1594.5,1595.0,torch,native,torch:hipBLASLt,0.0,Cijk_Alik_Bljk_BBS_BH_Bias_HA_S_SAV_UserArgs_MT256x256x64_MI16x16x1_CMS_SN_LDSB0_AFC0_AFEM1_AFEM1_ASEM1_CLR1_CADS0_DTLA1_DTLB1_DTVA0_DTVB0_EPS0_FDSI0_GRPM1_GRVWA8_GRVWB8_GSU0_GSUAMB_GLS0_ISA950_IU1_K1_LDSTI0_LBSPPA1024_LBSPPB1024_LBSPPM0_LPA16_LPB16_LPM0_LRVW8_LWPMn1_MIAV0_MIWT8_8_MO40_NTn1_NTA0_NTB0_NTC0_NTD4_NTM0_NEPBS0_NLCA1_NLCB1_ONLL1_PGR2_PLR1_PKA1_SIA3_SS1_SPO0_SRVW0_SSO0_SVW8_SK3_SKFTR0_SKXCCM0_TLDS1_ULSGRO0_USL1_UIOFGRO0_USFGRO0_VSn1_VWA8_VWB8_WSGRA0_WSGRB0_WS64_WG32_8_1,256,256,False,in: 256x256,>=512
32768,8192,8192,False,bfloat16,tuned,3641,4096,1599.9,1566.5,flydsl,flydsl_hgemm_abf16_wbf16_bf16_t256x256x64x2_ks1_w2x4x1_bias0_ktail0_gm0_pht_gfx950,gluon,0.0,,256,256,False,in: 256x256,>=512
32768,10240,8192,False,bfloat16,tuned,3996,5120,1601.5,1595.5,torch,native,gluon,0.0,,256,256,False,in: 256x256,>=512
32768,14336,8192,False,bfloat16,tuned,4498,7168,1602.2,1567.8,asm,_ZN5aiter24bf16gemm_bf16_tn_256x256E,gluon,0.0,,256,256,False,in: 256x256,>=512
32768,16384,8192,False,bfloat16,tuned,4681,8192,1607.1,1570.6,asm,_ZN5aiter24bf16gemm_bf16_tn_256x256E,gluon,0.0,,256,256,False,in: 256x256,>=512
32768,57344,8192,False,bfloat16,tuned,5881,28672,1596.4,1568.1,asm,_ZN5aiter24bf16gemm_bf16_tn_256x256E,gluon,0.0,,256,256,False,in: 256x256,>=512
512,6144,12288,False,bfloat16,tuned,455,48,422.9,935.9,torch,native,torch:hipBLASLt,121.3,Cijk_Alik_Bljk_BBS_BH_Bias_HA_S_SAV_UserArgs_MT192x128x128_MI16x16x1_SN_LDSB1_AFC0_AFEM1_AFEM1_ASEM1_CLR0_CADS0_DTLA0_DTLB0_DTVA0_DTVB0_EPS0_FDSI0_GRPM1_GRVWA8_GRVWB8_GSU0_GSUAMB_GLS0_ISA950_IU1_K1_LDSTI0_LBSPPA512_LBSPPB1024_LBSPPM0_LPA16_LPB16_LPM0_LRVW8_LWPMn1_MIAV0_MIWT6_4_MO40_NTn1_NTA0_NTB0_NTC1_NTD4_NTM0_NEPBS0_NLCA1_NLCB1_ONLL1_PGR2_PLR1_PKA1_SIA3_SS1_SPO0_SRVW0_SSO1_SVW2_SK3_SKFTR0_SKXCCM0_TLDS2_ULSGRO0_USL1_UIOFGRO0_USFGRO0_VSn1_VWA2_VWB4_WSGRA0_WSGRB0_WS64_WG32_8_1,192,128,False,in: non-pow2 tile,<128
1024,6144,12288,False,bfloat16,tuned,819,96,835.5,1189.4,torch,native,torch:hipBLASLt,42.4,Cijk_Alik_Bljk_BBS_BH_Bias_HA_S_SAV_UserArgs_MT192x256x64_MI16x16x1_SN_LDSB0_AFC0_AFEM1_AFEM1_ASEM1_CLR1_CADS0_DTLA0_DTLB0_DTVA0_DTVB0_EPS0_FDSI0_GRPM1_GRVWA8_GRVWB8_GSU0_GSUAMB_GLS0_ISA950_IU1_K1_LDSTI0_LBSPPA256_LBSPPB1024_LBSPPM0_LPA16_LPB16_LPM0_LRVW8_LWPMn1_MIAV0_MIWT6_8_MO40_NTn1_NTA0_NTB0_NTC0_NTD0_NTM0_NEPBS0_NLCA1_NLCB1_ONLL1_PGR2_PLR1_PKA1_SIA3_SS1_SPO0_SRVW0_SSO0_SVW2_SK3_SKFTR0_SKXCCM0_TLDS1_ULSGRO0_USL1_UIOFGRO0_USFGRO0_VSn1_VWA2_VWB8_WSGRA0_WSGRB0_WS64_WG32_8_1,192,256,False,in: non-pow2 tile,<128
2048,6144,12288,False,bfloat16,tuned,1365,192,1401.1,1392.5,torch,native,gluon,0.0,,256,256,False,in: 256x256,128-255
4096,6144,12288,False,bfloat16,tuned,2048,384,1379.5,1390.6,torch,native,torch:hipBLASLt,0.8,Cijk_Alik_Bljk_BBS_BH_Bias_HA_S_SAV_UserArgs_MT192x256x64_MI16x16x1_SN_LDSB0_AFC0_AFEM1_AFEM1_ASEM1_CLR1_CADS0_DTLA0_DTLB0_DTVA0_DTVB0_EPS0_FDSI0_GRPM1_GRVWA8_GRVWB8_GSU0_GSUAMB_GLS0_ISA950_IU1_K1_LDSTI0_LBSPPA256_LBSPPB1024_LBSPPM0_LPA16_LPB16_LPM0_LRVW8_LWPMn1_MIAV0_MIWT6_8_MO40_NTn1_NTA0_NTB0_NTC0_NTD0_NTM0_NEPBS0_NLCA1_NLCB1_ONLL1_PGR2_PLR1_PKA1_SIA3_SS1_SPO0_SRVW0_SSO0_SVW2_SK3_SKFTR0_SKXCCM0_TLDS1_ULSGRO0_USL1_UIOFGRO0_USFGRO0_VSn1_VWA2_VWB8_WSGRA0_WSGRB0_WS64_WG32_8_1,192,256,False,in: non-pow2 tile,256-511
8192,6144,12288,False,bfloat16,tuned,2731,768,1587.0,1580.1,torch,native,gluon,0.0,,256,256,False,in: 256x256,>=512
16384,6144,12288,False,bfloat16,tuned,3277,1536,1572.9,1584.6,torch,native,torch:hipBLASLt,0.7,Cijk_Alik_Bljk_BBS_BH_Bias_HA_S_SAV_UserArgs_MT256x256x64_MI16x16x1_CMS_SN_LDSB0_AFC0_AFEM1_AFEM1_ASEM1_CLR1_CADS0_DTLA1_DTLB1_DTVA0_DTVB0_EPS0_FDSI0_GRPM1_GRVWA8_GRVWB8_GSU0_GSUAMB_GLS0_ISA950_IU1_K1_LDSTI0_LBSPPA1024_LBSPPB1024_LBSPPM0_LPA16_LPB16_LPM0_LRVW8_LWPMn1_MIAV0_MIWT8_8_MO40_NTn1_NTA0_NTB0_NTC0_NTD4_NTM0_NEPBS0_NLCA1_NLCB1_ONLL1_PGR2_PLR1_PKA1_SIA3_SS1_SPO0_SRVW0_SSO0_SVW8_SK3_SKFTR0_SKXCCM0_TLDS1_ULSGRO0_USL1_UIOFGRO0_USFGRO0_VSn1_VWA8_VWB8_WSGRA0_WSGRB0_WS64_WG32_8_1,256,256,False,in: 256x256,>=512
32768,6144,12288,False,bfloat16,tuned,3641,3072,1577.9,1560.5,asm,_ZN5aiter24bf16gemm_bf16_tn_256x256E,gluon,0.0,,256,256,False,in: 256x256,>=512
512,16384,13312,False,bfloat16,tuned,479,128,930.0,710.3,flydsl,flydsl_hgemm_abf16_wbf16_bf16_t128x128x128x2_ks1_w4x2x1_bias0_ktail0_gm0_pft_gfx950,gluon,0.0,,256,256,False,in: 256x256,128-255
1024,16384,13312,False,bfloat16,tuned,899,256,1537.2,1489.8,asm,_ZN5aiter24bf16gemm_bf16_tn_256x256E,gluon,0.0,,256,256,False,in: 256x256,256-511
2048,16384,13312,False,bfloat16,tuned,1601,512,1574.0,1012.6,flydsl,flydsl_hgemm_abf16_wbf16_bf16_t128x128x64x2_ks1_w2x4x1_bias0_ktail0_gm0_pft_gfx950,gluon,0.0,,256,256,False,in: 256x256,>=512
4096,16384,13312,False,bfloat16,tuned,2630,1024,1617.0,1555.8,flydsl,flydsl_hgemm_abf16_wbf16_bf16_t256x256x64x2_ks1_w2x4x1_bias0_ktail0_gm4_pht_gfx950,gluon,0.0,,256,256,False,in: 256x256,>=512
8192,16384,13312,False,bfloat16,tuned,3873,2048,1591.5,1541.4,flydsl,flydsl_hgemm_abf16_wbf16_bf16_t256x256x64x2_ks1_w2x4x1_bias0_ktail0_gm4_pht_gfx950,gluon,0.0,,256,256,False,in: 256x256,>=512
16384,16384,13312,False,bfloat16,tuned,5071,4096,1590.0,1547.1,asm,_ZN5aiter24bf16gemm_bf16_tn_256x256E,gluon,0.0,,256,256,False,in: 256x256,>=512
32768,16384,13312,False,bfloat16,tuned,6000,8192,1585.2,1539.5,flydsl,flydsl_hgemm_abf16_wbf16_bf16_t256x256x64x2_ks1_w2x4x1_bias0_ktail0_gm4_pht_gfx950,gluon,0.0,,256,256,False,in: 256x256,>=512
512,2304,16384,False,bfloat16,tuned,408,18,161.2,732.8,torch,native,torch:hipBLASLt,354.6,Cijk_Alik_Bljk_BBS_BH_Bias_HA_S_SAV_UserArgs_MT256x128x64_MI16x16x1_SN_LDSB1_AFC0_AFEM1_AFEM1_ASEM1_CLR1_CADS0_DTLA0_DTLB0_DTVA0_DTVB0_EPS0_FDSI0_GRPM1_GRVWA8_GRVWB8_GSU0_GSUAMB_GLS0_ISA950_IU1_K1_LDSTI0_LBSPPA1024_LBSPPB512_LBSPPM0_LPA16_LPB16_LPM0_LRVW8_LWPMn1_MIAV0_MIWT8_4_MO40_NTn1_NTA0_NTB0_NTC0_NTD0_NTM0_NEPBS0_NLCA1_NLCB1_ONLL1_PGR2_PLR1_PKA1_SIA3_SS1_SPO0_SRVW0_SSO0_SVW8_SK3_SKFTR0_SKXCCM0_TLDS1_ULSGRO0_USL1_UIOFGRO0_USFGRO0_VSn1_VWA8_VWB4_WSGRA0_WSGRB0_WS64_WG32_8_1 | Cijk_SB_BiasS_HAS_ScaleAlphaVec_PostGSU8_VW4,256,128,False,in: other listed tile,<128
512,4608,16384,False,bfloat16,tuned,448,36,322.4,584.8,flydsl,flydsl_hgemm_abf16_wbf16_bf16_t64x64x64x3_ks1_w1x1x1_bias0_ktail0_gm4_pft_gfx950,flydsl:flydsl_hgemm_abf16_wbf16_bf16_t64x64x64x3_ks1_w1x1x1_bias0_ktail0_gm4_pft_gfx950,81.4,,64,64,False,out: smaller tile,<128
512,9216,16384,False,bfloat16,tuned,471,72,590.0,645.3,flydsl,flydsl_hgemm_abf16_wbf16_bf16_t256x128x64x2_ks1_w2x2x1_bias0_ktail0_gm0_pht_gfx950,flydsl:flydsl_hgemm_abf16_wbf16_bf16_t256x128x64x2_ks1_w2x2x1_bias0_ktail0_gm0_pht_gfx950,9.4,,256,128,False,in: other listed tile,<128
512,13312,16384,False,bfloat16,tuned,479,104,764.1,546.2,flydsl,flydsl_hgemm_abf16_wbf16_bf16_t64x128x64x5_ks1_w1x2x2_bias0_ktail0_gm4_pft_gfx950,gluon,0.0,,256,256,False,in: 256x256,<128
512,26624,16384,False,bfloat16,tuned,487,208,1295.9,774.0,flydsl,flydsl_hgemm_abf16_wbf16_bf16_t128x256x64x2_ks1_w4x4x1_bias0_ktail0_gm4_pft_gfx950,gluon,0.0,,256,256,False,in: 256x256,128-255
512,53248,16384,False,bfloat16,tuned,492,416,1321.6,653.4,flydsl,flydsl_hgemm_abf16_wbf16_bf16_t128x128x64x2_ks1_w2x4x1_bias0_ktail0_gm0_pht_gfx950,gluon,0.0,,256,256,False,in: 256x256,256-511
1024,2304,16384,False,bfloat16,tuned,680,36,322.2,899.2,torch,native,torch:hipBLASLt,179.1,Cijk_Alik_Bljk_BBS_BH_Bias_HA_S_SAV_UserArgs_MT256x256x64_MI16x16x1_CMS_SN_LDSB0_AFC0_AFEM1_AFEM1_ASEM1_CLR1_CADS0_DTLA1_DTLB1_DTVA0_DTVB0_EPS0_FDSI0_GRPM1_GRVWA8_GRVWB8_GSU0_GSUAMB_GLS0_ISA950_IU1_K1_LDSTI0_LBSPPA1024_LBSPPB1024_LBSPPM0_LPA16_LPB16_LPM0_LRVW8_LWPMn1_MIAV0_MIWT8_8_MO40_NTn1_NTA0_NTB0_NTC0_NTD4_NTM0_NEPBS0_NLCA1_NLCB1_ONLL1_PGR2_PLR1_PKA1_SIA3_SS1_SPO0_SRVW0_SSO0_SVW8_SK3_SKFTR0_SKXCCM0_TLDS1_ULSGRO0_USL1_UIOFGRO0_USFGRO0_VSn1_VWA8_VWB8_WSGRA0_WSGRB0_WS64_WG32_8_1 | Cijk_SB_BiasS_HAS_ScaleAlphaVec_PostGSU8_VW4,256,256,False,in: 256x256,<128
1024,4608,16384,False,bfloat16,tuned,797,72,640.3,838.6,flydsl,flydsl_hgemm_abf16_wbf16_bf16_t128x128x64x2_ks1_w4x2x1_bias0_ktail0_gm4_pft_gfx950,flydsl:flydsl_hgemm_abf16_wbf16_bf16_t128x128x64x2_ks1_w4x2x1_bias0_ktail0_gm4_pft_gfx950,31.0,,128,128,False,in: other listed tile,<128
1024,9216,16384,False,bfloat16,tuned,873,144,1136.6,721.6,flydsl,flydsl_hgemm_abf16_wbf16_bf16_t128x256x64x2_ks1_w2x4x1_bias0_ktail0_gm0_pht_gfx950,gluon,0.0,,256,256,False,in: 256x256,128-255
1024,13312,16384,False,bfloat16,tuned,899,208,1366.4,1337.2,asm,_ZN5aiter24bf16gemm_bf16_tn_256x256E,gluon,0.0,,256,256,False,in: 256x256,128-255
1024,26624,16384,False,bfloat16,tuned,930,416,1383.6,952.9,flydsl,flydsl_hgemm_abf16_wbf16_bf16_t128x256x64x3_ks1_w2x4x1_bias0_ktail0_gm4_pft_gfx950,gluon,0.0,,256,256,False,in: 256x256,256-511
1024,53248,16384,False,bfloat16,tuned,947,832,1372.7,984.6,triton,auto,gluon,0.0,,256,256,False,in: 256x256,>=512
2048,2304,16384,False,bfloat16,tuned,1017,72,639.6,943.7,torch,native,torch:hipBLASLt,47.5,Cijk_Alik_Bljk_BBS_BH_Bias_HA_S_SAV_UserArgs_MT256x256x64_MI16x16x1_CMS_SN_LDSB0_AFC0_AFEM1_AFEM1_ASEM1_CLR1_CADS0_DTLA1_DTLB1_DTVA0_DTVB0_EPS0_FDSI0_GRPM1_GRVWA8_GRVWB8_GSU0_GSUAMB_GLS0_ISA950_IU1_K1_LDSTI0_LBSPPA1024_LBSPPB1024_LBSPPM0_LPA16_LPB16_LPM0_LRVW8_LWPMn1_MIAV0_MIWT8_8_MO40_NTn1_NTA0_NTB0_NTC0_NTD4_NTM0_NEPBS0_NLCA1_NLCB1_ONLL1_PGR2_PLR1_PKA1_SIA3_SS1_SPO0_SRVW0_SSO0_SVW8_SK3_SKFTR0_SKXCCM0_TLDS1_ULSGRO0_USL1_UIOFGRO0_USFGRO0_VSn1_VWA8_VWB8_WSGRA0_WSGRB0_WS64_WG32_8_1,256,256,False,in: 256x256,<128
2048,4608,16384,False,bfloat16,tuned,1305,144,1220.5,733.2,flydsl,flydsl_hgemm_abf16_wbf16_bf16_t256x128x64x3_ks1_w4x2x1_bias0_ktail0_gm4_pft_gfx950,gluon,0.0,,256,256,False,in: 256x256,128-255
2048,9216,16384,False,bfloat16,tuned,1520,288,1096.0,918.6,flydsl,flydsl_hgemm_abf16_wbf16_bf16_t128x128x128x2_ks1_w2x2x1_bias0_ktail0_gm4_pht_gfx950,gluon,0.0,,256,256,False,in: 256x256,256-511
2048,13312,16384,False,bfloat16,tuned,1601,416,1414.1,1382.3,flydsl,flydsl_hgemm_abf16_wbf16_bf16_t256x256x64x2_ks1_w2x4x1_bias0_ktail0_gm4_pht_gfx950,gluon,0.0,,256,256,False,in: 256x256,256-511
2048,26624,16384,False,bfloat16,tuned,1704,832,1410.3,905.3,flydsl,flydsl_hgemm_abf16_wbf16_bf16_t128x128x64x4_ks1_w2x2x1_bias0_ktail0_gm4_pft_gfx950,gluon,0.0,,256,256,False,in: 256x256,>=512
2048,53248,16384,False,bfloat16,tuned,1760,1664,1525.2,779.5,flydsl,flydsl_hgemm_abf16_wbf16_bf16_t128x256x64x3_ks1_w2x4x1_bias0_ktail0_gm0_pft_gfx950,gluon,0.0,,256,256,False,in: 256x256,>=512
4096,2304,16384,False,bfloat16,tuned,1353,144,1218.3,1306.8,torch,native,torch:hipBLASLt,7.3,Cijk_Alik_Bljk_BBS_BH_Bias_HA_S_SAV_UserArgs_MT144x256x64_MI16x16x1_SN_LDSB0_AFC0_AFEM1_AFEM1_ASEM1_CLR1_CADS0_DTLA0_DTLB0_DTVA0_DTVB0_EPS0_FDSI0_GRPM1_GRVWA4_GRVWB8_GSU0_GSUAMB_GLS0_ISA950_IU1_K1_LDSTI0_LBSPPA128_LBSPPB512_LBSPPM0_LPA16_LPB16_LPM0_LRVW8_LWPMn1_MIAV0_MIWT9_4_MO40_NTn1_NTA0_NTB0_NTC0_NTD0_NTM0_NEPBS0_NLCA1_NLCB1_ONLL1_PGR2_PLR1_PKA1_SIA3_SS1_SPO0_SRVW0_SSO0_SVW1_SK3_SKFTR0_SKXCCM0_TLDS1_ULSGRO0_USL1_UIOFGRO0_USFGRO0_VSn1_VWA1_VWB4_WSGRA0_WSGRB0_WS64_WG16_16_1,144,256,False,in: non-pow2 tile,128-255
4096,4608,16384,False,bfloat16,tuned,1915,288,1100.4,1255.0,torch,native,torch:hipBLASLt,14.0,Cijk_Alik_Bljk_BBS_BH_Bias_HA_S_SAV_UserArgs_MT144x256x64_MI16x16x1_SN_LDSB0_AFC0_AFEM1_AFEM1_ASEM1_CLR1_CADS0_DTLA0_DTLB0_DTVA0_DTVB0_EPS0_FDSI0_GRPM1_GRVWA4_GRVWB8_GSU0_GSUAMB_GLS0_ISA950_IU1_K1_LDSTI0_LBSPPA128_LBSPPB512_LBSPPM0_LPA16_LPB16_LPM0_LRVW8_LWPMn1_MIAV0_MIWT9_4_MO40_NTn1_NTA0_NTB0_NTC0_NTD0_NTM0_NEPBS0_NLCA1_NLCB1_ONLL1_PGR2_PLR1_PKA1_SIA3_SS1_SPO0_SRVW0_SSO0_SVW1_SK3_SKFTR0_SKXCCM0_TLDS1_ULSGRO0_USL1_UIOFGRO0_USFGRO0_VSn1_VWA1_VWB4_WSGRA0_WSGRB0_WS64_WG16_16_1,144,256,False,in: non-pow2 tile,256-511
4096,9216,16384,False,bfloat16,tuned,2417,576,1375.4,1336.5,torch,native,gluon,0.0,,256,256,False,in: 256x256,>=512
4096,13312,16384,False,bfloat16,tuned,2630,832,1424.2,1386.0,flydsl,flydsl_hgemm_abf16_wbf16_bf16_t256x256x64x2_ks1_w2x4x1_bias0_ktail0_gm4_pht_gfx950,gluon,0.0,,256,256,False,in: 256x256,>=512
4096,26624,16384,False,bfloat16,tuned,2918,1664,1547.9,1508.6,flydsl,flydsl_hgemm_abf16_wbf16_bf16_t256x256x64x2_ks1_w2x4x1_bias0_ktail0_gm4_pht_gfx950,gluon,0.0,,256,256,False,in: 256x256,>=512
4096,53248,16384,False,bfloat16,tuned,3087,3328,1616.6,1575.6,flydsl,flydsl_hgemm_abf16_wbf16_bf16_t256x256x64x2_ks1_w2x4x1_bias0_ktail0_gm4_pht_gfx950,gluon,0.0,,256,256,False,in: 256x256,>=512
8192,2304,16384,False,bfloat16,tuned,1620,288,1042.4,1204.2,torch,native,torch:hipBLASLt,15.5,Cijk_Alik_Bljk_BBS_BH_Bias_HA_S_SAV_UserArgs_MT144x256x64_MI16x16x1_SN_LDSB0_AFC0_AFEM1_AFEM1_ASEM1_CLR1_CADS0_DTLA0_DTLB0_DTVA0_DTVB0_EPS0_FDSI0_GRPM1_GRVWA4_GRVWB8_GSU0_GSUAMB_GLS0_ISA950_IU1_K1_LDSTI0_LBSPPA128_LBSPPB512_LBSPPM0_LPA16_LPB16_LPM0_LRVW8_LWPMn1_MIAV0_MIWT9_4_MO40_NTn1_NTA0_NTB0_NTC0_NTD0_NTM0_NEPBS0_NLCA1_NLCB1_ONLL1_PGR2_PLR1_PKA1_SIA3_SS1_SPO0_SRVW0_SSO0_SVW1_SK3_SKFTR0_SKXCCM0_TLDS1_ULSGRO0_USL1_UIOFGRO0_USFGRO0_VSn1_VWA1_VWB4_WSGRA0_WSGRB0_WS64_WG16_16_1,144,256,False,in: non-pow2 tile,256-511
8192,4608,16384,False,bfloat16,tuned,2499,576,1318.5,1368.7,torch,native,torch:hipBLASLt,3.8,Cijk_Alik_Bljk_BBS_BH_Bias_HA_S_SAV_UserArgs_MT192x256x64_MI16x16x1_SN_LDSB0_AFC0_AFEM1_AFEM1_ASEM1_CLR1_CADS0_DTLA0_DTLB0_DTVA0_DTVB0_EPS0_FDSI0_GRPM1_GRVWA8_GRVWB8_GSU0_GSUAMB_GLS0_ISA950_IU1_K1_LDSTI0_LBSPPA256_LBSPPB1024_LBSPPM0_LPA16_LPB16_LPM0_LRVW8_LWPMn1_MIAV0_MIWT6_8_MO40_NTn1_NTA0_NTB0_NTC0_NTD0_NTM0_NEPBS0_NLCA1_NLCB1_ONLL1_PGR2_PLR1_PKA1_SIA3_SS1_SPO0_SRVW0_SSO0_SVW2_SK3_SKFTR0_SKXCCM0_TLDS1_ULSGRO0_USL1_UIOFGRO0_USFGRO0_VSn1_VWA2_VWB8_WSGRA0_WSGRB0_WS64_WG32_8_1,192,256,False,in: non-pow2 tile,>=512
8192,9216,16384,False,bfloat16,tuned,3429,1152,1442.4,1420.1,flydsl,flydsl_hgemm_abf16_wbf16_bf16_t256x256x64x2_ks1_w2x4x1_bias0_ktail0_gm0_pht_gfx950,gluon,0.0,,256,256,False,in: 256x256,>=512
8192,13312,16384,False,bfloat16,tuned,3873,1664,1502.5,1469.3,flydsl,flydsl_hgemm_abf16_wbf16_bf16_t256x256x64x2_ks1_w2x4x1_bias0_ktail0_gm4_pht_gfx950,gluon,0.0,,256,256,False,in: 256x256,>=512
8192,26624,16384,False,bfloat16,tuned,4532,3328,1579.7,1540.1,flydsl,flydsl_hgemm_abf16_wbf16_bf16_t256x256x64x2_ks1_w2x4x1_bias0_ktail0_gm4_pht_gfx950,gluon,0.0,,256,256,False,in: 256x256,>=512
8192,53248,16384,False,bfloat16,tuned,4953,6656,1577.8,1545.6,flydsl,flydsl_hgemm_abf16_wbf16_bf16_t256x256x64x2_ks1_w2x4x1_bias0_ktail0_gm4_pht_gfx950,gluon,0.0,,256,256,False,in: 256x256,>=512
16384,2304,16384,False,bfloat16,tuned,1798,576,1311.3,1361.8,torch,native,torch:hipBLASLt,3.9,Cijk_Alik_Bljk_BBS_BH_Bias_HA_S_SAV_UserArgs_MT192x256x64_MI16x16x1_SN_LDSB0_AFC0_AFEM1_AFEM1_ASEM1_CLR1_CADS0_DTLA0_DTLB0_DTVA0_DTVB0_EPS0_FDSI0_GRPM1_GRVWA8_GRVWB8_GSU0_GSUAMB_GLS0_ISA950_IU1_K1_LDSTI0_LBSPPA256_LBSPPB1024_LBSPPM0_LPA16_LPB16_LPM0_LRVW8_LWPMn1_MIAV0_MIWT6_8_MO40_NTn1_NTA0_NTB0_NTC0_NTD0_NTM0_NEPBS0_NLCA1_NLCB1_ONLL1_PGR2_PLR1_PKA1_SIA3_SS1_SPO0_SRVW0_SSO0_SVW2_SK3_SKFTR0_SKXCCM0_TLDS1_ULSGRO0_USL1_UIOFGRO0_USFGRO0_VSn1_VWA2_VWB8_WSGRA0_WSGRB0_WS64_WG32_8_1,192,256,False,in: non-pow2 tile,>=512
16384,4608,16384,False,bfloat16,tuned,2949,1152,1472.5,1438.4,flydsl,flydsl_hgemm_abf16_wbf16_bf16_t256x256x64x2_ks1_w2x4x1_bias0_ktail0_gm4_pht_gfx950,gluon,0.0,,256,256,False,in: 256x256,>=512
16384,9216,16384,False,bfloat16,tuned,4337,2304,1577.2,1539.6,flydsl,flydsl_hgemm_abf16_wbf16_bf16_t256x256x64x2_ks1_w2x4x1_bias0_ktail0_gm4_pht_gfx950,gluon,0.0,,256,256,False,in: 256x256,>=512
16384,13312,16384,False,bfloat16,tuned,5071,3328,1581.9,1536.8,asm,_ZN5aiter24bf16gemm_bf16_tn_256x256E,gluon,0.0,,256,256,False,in: 256x256,>=512
16384,26624,16384,False,bfloat16,tuned,6264,6656,1584.5,1549.9,flydsl,flydsl_hgemm_abf16_wbf16_bf16_t256x256x64x2_ks1_w2x4x1_bias0_ktail0_gm4_pht_gfx950,gluon,0.0,,256,256,False,in: 256x256,>=512
16384,53248,16384,False,bfloat16,tuned,7100,13312,1584.6,1536.1,asm,_ZN5aiter24bf16gemm_bf16_tn_256x256E,gluon,0.0,,256,256,False,in: 256x256,>=512
32768,2304,16384,False,bfloat16,tuned,1903,1152,1459.1,1424.5,flydsl,flydsl_hgemm_abf16_wbf16_bf16_t256x256x64x2_ks1_w2x4x1_bias0_ktail0_gm4_pht_gfx950,gluon,0.0,,256,256,False,in: 256x256,>=512
32768,4608,16384,False,bfloat16,tuned,3241,2304,1570.5,1555.3,torch,native,gluon,0.0,,256,256,False,in: 256x256,>=512
32768,9216,16384,False,bfloat16,tuned,4999,4608,1581.9,1508.5,asm,_ZN5aiter24bf16gemm_bf16_tn_256x256E,gluon,0.0,,256,256,False,in: 256x256,>=512
32768,13312,16384,False,bfloat16,tuned,6000,6656,1579.4,1539.7,asm,_ZN5aiter24bf16gemm_bf16_tn_256x256E,gluon,0.0,,256,256,False,in: 256x256,>=512
32768,26624,16384,False,bfloat16,tuned,7745,13312,1581.1,1548.1,flydsl,flydsl_hgemm_abf16_wbf16_bf16_t256x256x64x2_ks1_w2x4x1_bias0_ktail0_gm4_pht_gfx950,gluon,0.0,,256,256,False,in: 256x256,>=512
32768,53248,16384,False,bfloat16,tuned,9063,26624,1573.4,1534.3,flydsl,flydsl_hgemm_abf16_wbf16_bf16_t256x256x64x2_ks1_w2x4x1_bias0_ktail0_gm4_pht_gfx950,gluon,0.0,,256,256,False,in: 256x256,>=512
512,6144,18432,False,bfloat16,tuned,461,48,425.1,926.5,flydsl,flydsl_hgemm_abf16_wbf16_bf16_t128x256x64x3_ks2_w2x4x2_bias0_ktail0_gm0_pft_gfx950,flydsl:flydsl_hgemm_abf16_wbf16_bf16_t128x256x64x3_ks2_w2x4x2_bias0_ktail0_gm0_pft_gfx950,117.9,,128,256,True,out: split-K,<128
1024,6144,18432,False,bfloat16,tuned,838,96,820.8,1208.2,torch,native,torch:hipBLASLt,47.2,Cijk_Alik_Bljk_BBS_BH_Bias_HA_S_SAV_UserArgs_MT192x256x64_MI16x16x1_SN_LDSB0_AFC0_AFEM1_AFEM1_ASEM1_CLR1_CADS0_DTLA0_DTLB0_DTVA0_DTVB0_EPS0_FDSI0_GRPM1_GRVWA8_GRVWB8_GSU0_GSUAMB_GLS0_ISA950_IU1_K1_LDSTI0_LBSPPA256_LBSPPB1024_LBSPPM0_LPA16_LPB16_LPM0_LRVW8_LWPMn1_MIAV0_MIWT6_8_MO40_NTn1_NTA0_NTB0_NTC0_NTD0_NTM0_NEPBS0_NLCA1_NLCB1_ONLL1_PGR2_PLR1_PKA1_SIA3_SS1_SPO0_SRVW0_SSO0_SVW2_SK3_SKFTR0_SKXCCM0_TLDS1_ULSGRO0_USL1_UIOFGRO0_USFGRO0_VSn1_VWA2_VWB8_WSGRA0_WSGRB0_WS64_WG32_8_1,192,256,False,in: non-pow2 tile,<128
2048,6144,18432,False,bfloat16,tuned,1418,192,1348.8,1346.1,torch,native,gluon,0.0,,256,256,False,in: 256x256,128-255
4096,6144,18432,False,bfloat16,tuned,2168,384,1385.6,1341.0,torch,native,gluon,0.0,,256,256,False,in: 256x256,256-511
8192,6144,18432,False,bfloat16,tuned,2949,768,1587.9,1511.1,torch,native,gluon,0.0,,256,256,False,in: 256x256,>=512
16384,6144,18432,False,bfloat16,tuned,3596,1536,1596.2,1556.7,asm,_ZN5aiter24bf16gemm_bf16_tn_256x256E,gluon,0.0,,256,256,False,in: 256x256,>=512
32768,6144,18432,False,bfloat16,tuned,4040,3072,1598.4,1558.3,asm,_ZN5aiter24bf16gemm_bf16_tn_256x256E,gluon,0.0,,256,256,False,in: 256x256,>=512
512,5120,25600,False,bfloat16,tuned,457,40,328.8,447.7,flydsl,flydsl_hgemm_abf16_wbf16_bf16_t128x64x64x2_ks1_w4x1x2_bias0_ktail0_gm4_pft_gfx950,flydsl:flydsl_hgemm_abf16_wbf16_bf16_t128x64x64x2_ks1_w4x1x2_bias0_ktail0_gm4_pft_gfx950,36.2,,128,64,False,in: other listed tile,<128
1024,5120,25600,False,bfloat16,tuned,826,80,654.2,1165.1,torch,native,torch:hipBLASLt,78.1,Cijk_Alik_Bljk_BBS_BH_Bias_HA_S_SAV_UserArgs_MT160x256x64_MI16x16x1_SN_LDSB0_AFC0_AFEM1_AFEM1_ASEM1_CLR1_CADS0_DTLA0_DTLB0_DTVA0_DTVB0_EPS0_FDSI0_GRPM1_GRVWA8_GRVWB8_GSU0_GSUAMB_GLS0_ISA950_IU1_K1_LDSTI0_LBSPPA128_LBSPPB1024_LBSPPM0_LPA16_LPB16_LPM0_LRVW8_LWPMn1_MIAV0_MIWT5_8_MO40_NTn1_NTA0_NTB0_NTC0_NTD0_NTM0_NEPBS0_NLCA1_NLCB1_ONLL1_PGR2_PLR1_PKA1_SIA3_SS1_SPO0_SRVW0_SSO0_SVW1_SK3_SKFTR0_SKXCCM0_TLDS1_ULSGRO0_USL1_UIOFGRO0_USFGRO0_VSn1_VWA1_VWB8_WSGRA0_WSGRB0_WS64_WG32_8_1,160,256,False,in: non-pow2 tile,<128
2048,5120,25600,False,bfloat16,tuned,1384,160,1181.0,1289.8,torch,native,torch:hipBLASLt,9.2,Cijk_Alik_Bljk_BBS_BH_Bias_HA_S_SAV_UserArgs_MT160x256x64_MI16x16x1_SN_LDSB0_AFC0_AFEM1_AFEM1_ASEM1_CLR1_CADS0_DTLA0_DTLB0_DTVA0_DTVB0_EPS0_FDSI0_GRPM1_GRVWA8_GRVWB8_GSU0_GSUAMB_GLS0_ISA950_IU1_K1_LDSTI0_LBSPPA128_LBSPPB1024_LBSPPM0_LPA16_LPB16_LPM0_LRVW8_LWPMn1_MIAV0_MIWT5_8_MO40_NTn1_NTA0_NTB0_NTC0_NTD0_NTM0_NEPBS0_NLCA1_NLCB1_ONLL1_PGR2_PLR1_PKA1_SIA3_SS1_SPO0_SRVW0_SSO0_SVW1_SK3_SKFTR0_SKXCCM0_TLDS1_ULSGRO0_USL1_UIOFGRO0_USFGRO0_VSn1_VWA1_VWB8_WSGRA0_WSGRB0_WS64_WG32_8_1,160,256,False,in: non-pow2 tile,128-255
4096,5120,25600,False,bfloat16,tuned,2090,320,1162.8,1279.2,torch,native,torch:hipBLASLt,10.0,Cijk_Alik_Bljk_BBS_BH_Bias_HA_S_SAV_UserArgs_MT160x256x64_MI16x16x1_SN_LDSB0_AFC0_AFEM1_AFEM1_ASEM1_CLR1_CADS0_DTLA0_DTLB0_DTVA0_DTVB0_EPS0_FDSI0_GRPM1_GRVWA8_GRVWB8_GSU0_GSUAMB_GLS0_ISA950_IU1_K1_LDSTI0_LBSPPA128_LBSPPB1024_LBSPPM0_LPA16_LPB16_LPM0_LRVW8_LWPMn1_MIAV0_MIWT5_8_MO40_NTn1_NTA0_NTB0_NTC0_NTD0_NTM0_NEPBS0_NLCA1_NLCB1_ONLL1_PGR2_PLR1_PKA1_SIA3_SS1_SPO0_SRVW0_SSO0_SVW1_SK3_SKFTR0_SKXCCM0_TLDS1_ULSGRO0_USL1_UIOFGRO0_USFGRO0_VSn1_VWA1_VWB8_WSGRA0_WSGRB0_WS64_WG32_8_1,160,256,False,in: non-pow2 tile,256-511
8192,5120,25600,False,bfloat16,tuned,2805,640,1431.9,1401.6,asm,_ZN5aiter24bf16gemm_bf16_tn_256x256E,gluon,0.0,,256,256,False,in: 256x256,>=512
16384,5120,25600,False,bfloat16,tuned,3385,1280,1586.5,1515.8,torch,native,gluon,0.0,,256,256,False,in: 256x256,>=512
32768,5120,25600,False,bfloat16,tuned,3775,2560,1601.4,1498.9,torch,native,gluon,0.0,,256,256,False,in: 256x256,>=512
512,16384,26624,False,bfloat16,tuned,487,128,951.8,652.2,flydsl,flydsl_hgemm_abf16_wbf16_bf16_t128x64x64x2_ks1_w2x1x2_bias0_ktail0_gm4_pft_gfx950,gluon,0.0,,256,256,False,in: 256x256,128-255
1024,16384,26624,False,bfloat16,tuned,930,256,1576.9,787.9,flydsl,flydsl_hgemm_abf16_wbf16_bf16_t256x64x128x2_ks1_w4x2x1_bias0_ktail0_gm4_pft_gfx950,gluon,0.0,,256,256,False,in: 256x256,256-511
2048,16384,26624,False,bfloat16,tuned,1704,512,1607.7,819.7,flydsl,flydsl_hgemm_abf16_wbf16_bf16_t128x128x64x4_ks1_w2x2x2_bias0_ktail0_gm0_pft_gfx950,gluon,0.0,,256,256,False,in: 256x256,>=512
4096,16384,26624,False,bfloat16,tuned,2918,1024,1623.8,1570.9,flydsl,flydsl_hgemm_abf16_wbf16_bf16_t256x256x64x2_ks1_w2x4x1_bias0_ktail0_gm4_pht_gfx950,gluon,0.0,,256,256,False,in: 256x256,>=512
8192,16384,26624,False,bfloat16,tuned,4532,2048,1607.8,239.6,asm,_ZN5aiter37bf16gemm_fp32bf16_tn_48x64_pf3_splitkE,gluon,0.0,,256,256,False,in: 256x256,>=512
16384,16384,26624,False,bfloat16,tuned,6264,4096,1612.0,1579.2,asm,_ZN5aiter24bf16gemm_bf16_tn_256x256E,gluon,0.0,,256,256,False,in: 256x256,>=512
32768,16384,26624,False,bfloat16,tuned,7745,8192,1613.5,1572.6,asm,_ZN5aiter24bf16gemm_bf16_tn_256x256E,gluon,0.0,,256,256,False,in: 256x256,>=512
512,8192,28672,False,bfloat16,tuned,474,64,481.7,802.2,flydsl,flydsl_hgemm_abf16_wbf16_bf16_t128x256x64x2_ks2_w2x4x1_bias0_ktail0_gm0_pft_gfx950,flydsl:flydsl_hgemm_abf16_wbf16_bf16_t128x256x64x2_ks2_w2x4x1_bias0_ktail0_gm0_pft_gfx950,66.5,,128,256,True,out: split-K,<128
1024,8192,28672,False,bfloat16,tuned,882,128,941.9,692.6,triton,auto,gluon,0.0,,256,256,False,in: 256x256,128-255
2048,8192,28672,False,bfloat16,tuned,1550,256,1589.9,1024.0,flydsl,flydsl_hgemm_abf16_wbf16_bf16_t128x128x64x2_ks1_w4x4x1_bias0_ktail0_gm0_pft_gfx950,gluon,0.0,,256,256,False,in: 256x256,256-511
4096,8192,28672,False,bfloat16,tuned,2493,512,1616.2,1569.6,flydsl,flydsl_hgemm_abf16_wbf16_bf16_t256x256x64x2_ks1_w2x4x1_bias0_ktail0_gm4_pht_gfx950,gluon,0.0,,256,256,False,in: 256x256,>=512
8192,8192,28672,False,bfloat16,tuned,3584,1024,1606.7,1574.3,asm,_ZN5aiter24bf16gemm_bf16_tn_256x256E,gluon,0.0,,256,256,False,in: 256x256,>=512
16384,8192,28672,False,bfloat16,tuned,4588,2048,1610.5,1578.7,asm,_ZN5aiter24bf16gemm_bf16_tn_256x256E,gluon,0.0,,256,256,False,in: 256x256,>=512
32768,8192,28672,False,bfloat16,tuned,5334,4096,1613.6,1581.9,asm,_ZN5aiter24bf16gemm_bf16_tn_256x256E,gluon,0.0,,256,256,False,in: 256x256,>=512
512,7168,35840,False,bfloat16,tuned,472,56,440.2,813.3,flydsl,flydsl_hgemm_abf16_wbf16_bf16_t128x128x64x4_ks1_w2x2x2_bias0_ktail0_gm0_pft_gfx950,flydsl:flydsl_hgemm_abf16_wbf16_bf16_t128x128x64x4_ks1_w2x2x2_bias0_ktail0_gm0_pft_gfx950,84.8,,128,128,False,in: other listed tile,<128
1024,7168,35840,False,bfloat16,tuned,874,112,866.0,574.5,flydsl,flydsl_hgemm_abf16_wbf16_bf16_t64x128x64x2_ks1_w2x2x1_bias0_ktail0_gm0_pft_gfx950,gluon,0.0,,256,256,False,in: 256x256,<128
2048,7168,35840,False,bfloat16,tuned,1525,224,1496.1,1457.5,asm,_ZN5aiter24bf16gemm_bf16_tn_256x256E,gluon,0.0,,256,256,False,in: 256x256,128-255
4096,7168,35840,False,bfloat16,tuned,2430,448,1509.5,1468.0,flydsl,flydsl_hgemm_abf16_wbf16_bf16_t256x256x64x2_ks1_w2x4x1_bias0_ktail0_gm4_pht_gfx950,gluon,0.0,,256,256,False,in: 256x256,256-511
8192,7168,35840,False,bfloat16,tuned,3454,896,1478.7,1433.9,asm,_ZN5aiter24bf16gemm_bf16_tn_256x256E,gluon,0.0,,256,256,False,in: 256x256,>=512
16384,7168,35840,False,bfloat16,tuned,4377,1792,1553.2,1502.0,torch,native,gluon,0.0,,256,256,False,in: 256x256,>=512
32768,7168,35840,False,bfloat16,tuned,5052,3584,1608.6,1558.7,flydsl,flydsl_hgemm_abf16_wbf16_bf16_t256x256x64x2_ks1_w2x4x1_bias0_ktail0_gm4_pht_gfx950,gluon,0.0,,256,256,False,in: 256x256,>=512
