M,N,K,bias,out,src,AI,tiles,gluon_tflops,aiter_pick_tflops,aiter_pick,aiter_kernel,winner,gap_pct,hbl,bm,bn,sk,scope,band
1024,3072,512,False,bfloat16,tuned,307,48,226.3,463.7,flydsl,flydsl_hgemm_abf16_wbf16_bf16_t128x96x64x4_ks1_w2x2x1_bias0_ktail0_gm0_pft_gfx950,flydsl:flydsl_hgemm_abf16_wbf16_bf16_t128x96x64x4_ks1_w2x2x1_bias0_ktail0_gm0_pft_gfx950,104.9,,128,96,False,in: non-pow2 tile,<128
1024,4096,512,False,bfloat16,tuned,315,64,286.6,534.1,flydsl,flydsl_hgemm_abf16_wbf16_bf16_t128x128x64x3_ks1_w4x4x1_bias0_ktail0_gm0_pft_gfx950,flydsl:flydsl_hgemm_abf16_wbf16_bf16_t128x128x64x3_ks1_w4x4x1_bias0_ktail0_gm0_pft_gfx950,86.4,,128,128,False,in: other listed tile,<128
1024,7168,512,False,bfloat16,tuned,326,112,461.7,615.9,flydsl,flydsl_hgemm_abf16_wbf16_bf16_t128x128x64x2_ks1_w4x2x1_bias0_ktail0_gm0_pft_gfx950,flydsl:flydsl_hgemm_abf16_wbf16_bf16_t128x128x64x2_ks1_w4x2x1_bias0_ktail0_gm0_pft_gfx950,33.4,,128,128,False,in: other listed tile,<128
2048,2048,512,False,bfloat16,tuned,341,64,285.6,526.8,flydsl,flydsl_hgemm_abf16_wbf16_bf16_t128x128x64x3_ks1_w4x2x1_bias0_ktail0_gm0_pft_gfx950,flydsl:flydsl_hgemm_abf16_wbf16_bf16_t128x128x64x3_ks1_w4x2x1_bias0_ktail0_gm0_pft_gfx950,84.5,,128,128,False,in: other listed tile,<128
2048,4096,512,False,bfloat16,tuned,372,128,499.7,654.9,torch,native,torch:hipBLASLt,31.1,Cijk_Alik_Bljk_BBS_BH_Bias_HA_S_SAV_UserArgs_MT256x128x64_MI16x16x1_SN_LDSB0_AFC0_AG1_AGGSUA0_AGNTAB0_AFEM1_AFEM1_ASEM1_BL1_BS1_CD1_1_CLR1_CLS0_CADS0_DTLA1_DTLB1_DTLM0_DTVA0_DTVB0_DTVMXSA0_DTVMXSB0_DTVSM0_DPLB1_EPS0_ELFLR0_EMLLn1_FDSI0_GRPM1_GRVWA8_GRVWB8_GSU0_GSUAMB_GLS0_HPLR0_ISA950_ICIW0_IU1_K1_LDSSI0_LDSTI0_LBSPPA1024_LBSPPB1024_LBSPPMXSA0_LBSPPMXSB0_LBSPPM0_LPA16_LPB16_LPMXSA0_LPMXSB0_LPM0_LRVW8_LWPMn1_MIAV0_MIWT8_4_MXLIBL_MXSFNS_MO40_MGRIPM1_NTn1_NTA0_NTB0_NTC0_NTD0_NTE0_NTG0_NTMXSA0_NTMXSB0_NTM0_NTWS0_NVn1_NVA0_NVB0_NVC0_NVD0_NVE0_NVG0_NVMXSA0_NVMXSB0_NVM0_NVWS0_NEPBS14_NLCA1_NLCB1_ONLL1_PAP0_PGL0_PGR2_PLR1_PKA1_RAP0_SGROB1_SIA3_SS1_SPO0_SRVW0_SSO1_SVW8_SK5_SKFTR0_SKFDPO0_SKWS0_SKXCCM0_SNLL0_SIP1_SGRO0_TDMI0_TDMIM0_TDMLWS0_TDMPLB0_TDMS0_TIN1_THn1_THA0_THB0_THC0_THD0_THE0_THG0_THMXSA0_THMXSB0_THM0_THWS0_TLDS1_TLDSMn1_ULSGRO1_USL1_USLMX0_UDFMAC0_UIOFGRO0_UPLRP0_USFGRO0_USI0_VSn1_VWA8_VWB4_WSGRA0_WSGRB0_WS64_WG32_8_1_WGMXCCn1.kd,256,128,False,in: other listed tile,128-255
4096,2048,512,False,bfloat16,tuned,372,128,498.1,649.9,torch,native,torch:hipBLASLt,30.5,Cijk_Alik_Bljk_BBS_BH_Bias_HA_S_SAV_UserArgs_MT256x128x64_MI16x16x1_SN_LDSB0_AFC1_AG0_AGGSUA0_AGNTAB0_AFEM1_AFEM1_ASEM1_BL1_BS1_CD1_1_CLR0_CLS0_CADS0_DTLA1_DTLB1_DTLM0_DTVA0_DTVB0_DTVMXSA0_DTVMXSB0_DTVSM0_DPLB0_EPS0_ELFLR0_EMLLn1_FDSI0_GRPM1_GRVWA8_GRVWB8_GSU0_GSUAMB_GLS0_HPLR0_ISA950_ICIW0_IU1_K1_LDSSI0_LDSTI0_LBSPPA1024_LBSPPB1024_LBSPPMXSA0_LBSPPMXSB0_LBSPPM0_LPA16_LPB16_LPMXSA0_LPMXSB0_LPMn1_LRVW8_LWPMn1_MIAV0_MIWT8_4_MXLIBL_MXSFNS_MO64_MGRIPM1_NTn1_NTA3_NTB1_NTC6_NTD4_NTE0_NTG0_NTMXSA0_NTMXSB0_NTM0_NTWS0_NVn1_NVA0_NVB0_NVC0_NVD0_NVE0_NVG0_NVMXSA0_NVMXSB0_NVM0_NVWS0_NEPBS16_NLCA1_NLCB1_ONLL1_PAP0_PGL0_PGR2_PLR1_PKA1_RAP0_SGROB0_SIA3_SS1_SPO0_SRVW0_SSO1_SVW8_SK5_SKFTR0_SKFDPO0_SKWS0_SKXCCM4_SNLL0_SIP1_SGRO0_TDMI0_TDMIM0_TDMLWS0_TDMPLB0_TDMS0_TIN0_THn1_THA0_THB0_THC0_THD0_THE0_THG0_THMXSA0_THMXSB0_THM0_THWS0_TLDS1_TLDSM1_ULSGRO0_USL1_USLMX0_UDFMAC0_UIOFGRO0_UPLRP0_USFGROn1_USI0_VSn1_VWA8_VWB4_WSGRA0_WSGRB0_WS64_WG32_8_1_WGMXCC1.kd,256,128,False,in: other listed tile,128-255
4096,4096,512,False,bfloat16,tuned,410,256,858.5,811.2,torch,native,gluon,0.0,,256,256,False,in: 256x256,256-511
4096,7168,512,False,bfloat16,tuned,428,448,879.6,860.3,flydsl,flydsl_hgemm_abf16_wbf16_bf16_t256x256x64x2_ks1_w2x4x1_bias0_ktail0_gm0_pht_gfx950,gluon,0.0,,256,256,False,in: 256x256,256-511
8192,2048,512,False,bfloat16,tuned,390,256,869.5,807.9,torch,native,gluon,0.0,,256,256,False,in: 256x256,256-511
8192,4096,512,False,bfloat16,tuned,431,512,922.0,854.5,flydsl,flydsl_hgemm_abf16_wbf16_bf16_t256x256x64x2_ks1_w2x4x1_bias0_ktail0_gm0_pht_gfx950,gluon,0.0,,256,256,False,in: 256x256,>=512
16384,2048,512,False,bfloat16,tuned,400,512,926.6,870.4,torch,native,gluon,0.0,,256,256,False,in: 256x256,>=512
16384,4096,512,False,bfloat16,tuned,443,1024,980.5,954.8,torch,native,gluon,0.0,,256,256,False,in: 256x256,>=512
16384,7168,512,False,bfloat16,tuned,464,1792,1015.4,979.8,torch,native,gluon,0.0,,256,256,False,in: 256x256,>=512
32768,2048,512,False,bfloat16,tuned,405,1024,977.0,959.9,torch,native,gluon,0.0,,256,256,False,in: 256x256,>=512
1024,5120,640,False,bfloat16,tuned,366,80,378.3,529.5,torch,native,torch:hipBLASLt,40.0,Cijk_Alik_Bljk_BBS_BH_Bias_HA_S_SAV_UserArgs_MT160x128x128_MI16x16x1_SN_LDSB1_AFC0_AG0_AGGSUA0_AGNTAB0_AFEM1_AFEM1_ASEM1_BL1_BS1_CD1_1_CLR1_CLS0_CADS0_DTLA0_DTLB0_DTLM0_DTVA0_DTVB0_DTVMXSA0_DTVMXSB0_DTVSM0_DPLB0_EPS0_ELFLR0_EMLLn1_FDSI0_GRPM1_GRVWA8_GRVWB8_GSU0_GSUAMB_GLS0_HPLR0_ISA950_ICIW0_IU1_K1_LDSSI0_LDSTI0_LBSPPA256_LBSPPB1024_LBSPPMXSA0_LBSPPMXSB0_LBSPPM0_LPA16_LPB16_LPMXSA0_LPMXSB0_LPM0_LRVW8_LWPMn1_MIAV0_MIWT5_4_MXLIBL_MXSFNS_MO40_MGRIPM1_NTn1_NTA0_NTB0_NTC0_NTD0_NTE0_NTG0_NTMXSA0_NTMXSB0_NTM0_NTWS0_NVn1_NVA0_NVB0_NVC0_NVD0_NVE0_NVG0_NVMXSA0_NVMXSB0_NVM0_NVWS0_NEPBS0_NLCA1_NLCB1_ONLL1_PAP0_PGL0_PGR2_PLR1_PKA1_RAP0_SGROB0_SIA3_SS1_SPO0_SRVW0_SSO0_SVW1_SK5_SKFTR0_SKFDPO0_SKWS0_SKXCCM0_SNLL0_SIP1_SGRO0_TDMI0_TDMIM0_TDMLWS0_TDMPLB0_TDMS0_TIN0_THn1_THA0_THB0_THC0_THD0_THE0_THG0_THMXSA0_THMXSB0_THM0_THWS0_TLDS1_TLDSM1_ULSGRO0_USL1_USLMX0_UDFMAC0_UIOFGRO0_UPLRP0_USFGRO0_USI0_VSn1_VWA1_VWB4_WSGRA0_WSGRB0_WS64_WG32_8_1_WGMXCCn1.kd,160,128,False,in: non-pow2 tile,<128
2048,5120,640,False,bfloat16,tuned,445,160,685.3,679.3,flydsl,flydsl_hgemm_abf16_wbf16_bf16_t256x256x64x2_ks1_w2x4x1_bias0_ktail0_gm0_pht_gfx950,gluon,0.0,,256,256,False,in: 256x256,128-255
4096,5120,640,False,bfloat16,tuned,500,320,756.7,811.2,flydsl,flydsl_hgemm_abf16_wbf16_bf16_t128x128x64x2_ks1_w4x2x1_bias0_ktail0_gm0_pft_gfx950,flydsl:flydsl_hgemm_abf16_wbf16_bf16_t128x128x64x2_ks1_w4x2x1_bias0_ktail0_gm0_pft_gfx950,7.2,,128,128,False,in: other listed tile,256-511
8192,5120,640,False,bfloat16,tuned,532,640,936.4,793.5,torch,native,gluon,0.0,,256,256,False,in: 256x256,>=512
16384,5120,640,False,bfloat16,tuned,550,1280,1080.9,1042.4,torch,native,gluon,0.0,,256,256,False,in: 256x256,>=512
32768,5120,640,False,bfloat16,tuned,559,2560,1085.8,1087.6,torch,native,torch:hipBLASLt,0.2,Cijk_Alik_Bljk_BBS_BH_Bias_HA_S_SAV_UserArgs_MT256x256x64_MI16x16x1_CMS_SN_LDSB0_AFC0_AG1_AGGSUA0_AGNTAB0_AFEM1_AFEM1_ASEM1_BL1_BS1_CD1_1_CLR0_CLS0_CADS0_DTLA1_DTLB1_DTLM0_DTVA0_DTVB0_DTVMXSA0_DTVMXSB0_DTVSM0_DPLB0_EPS0_ELFLR0_EMLLn1_FDSI0_GRPM1_GRVWA8_GRVWB8_GSU0_GSUAMB_GLS0_HPLR0_ISA950_ICIW0_IU1_K1_LDSSI0_LDSTI0_LBSPPA1024_LBSPPB1024_LBSPPMXSA0_LBSPPMXSB0_LBSPPM0_LPA16_LPB16_LPMXSA0_LPMXSB0_LPM0_LRVW8_LWPMn1_MIAV0_MIWT8_8_MXLIBL_MXSFNS_MO40_MGRIPM1_NTn1_NTA0_NTB0_NTC4_NTD4_NTE0_NTG0_NTMXSA0_NTMXSB0_NTM0_NTWS0_NVn1_NVA0_NVB0_NVC0_NVD0_NVE0_NVG0_NVMXSA0_NVMXSB0_NVM0_NVWS0_NEPBS0_NLCA1_NLCB1_ONLL1_PAP0_PGL0_PGR2_PLR1_PKA1_RAP0_SGROB0_SIA3_SS1_SPO0_SRVW0_SSO4_SVW8_SK5_SKFTR0_SKFDPO0_SKWS0_SKXCCM0_SNLL0_SIP1_SGRO0_TDMI0_TDMIM0_TDMLWS0_TDMPLB0_TDMS0_TIN0_THn1_THA0_THB0_THC0_THD0_THE0_THG0_THMXSA0_THMXSB0_THM0_THWS0_TLDS1_TLDSM1_ULSGRO0_USL1_USLMX0_UDFMAC0_UIOFGRO0_UPLRP0_USFGRO0_USI0_VSn1_VWA8_VWB8_WSGRA0_WSGRB0_WS64_WG32_8_1_WGMXCCn1.kd,256,256,False,in: 256x256,>=512
1024,7168,768,False,bfloat16,tuned,414,112,546.2,706.5,flydsl,flydsl_hgemm_abf16_wbf16_bf16_t128x128x64x2_ks1_w4x2x1_bias0_ktail0_gm0_pft_gfx950,flydsl:flydsl_hgemm_abf16_wbf16_bf16_t128x128x64x2_ks1_w4x2x1_bias0_ktail0_gm0_pft_gfx950,29.3,,128,128,False,in: other listed tile,<128
10240,7168,768,False,bfloat16,tuned,650,1120,1068.3,408.2,opus,opus_gemm_persistent_512x128x256x64_2x4_16x16x32_0x0x0_nooob_4g_safe,gluon,0.0,,256,256,False,in: 256x256,>=512
512,4096,1024,False,bfloat16,untuned,315,32,201.0,459.1,torch,,torch:hipBLASLt,128.4,Cijk_Alik_Bljk_BBS_BH_Bias_HA_S_SAV_UserArgs_MT64x128x128_MI16x16x1_SN_LDSB0_AFC0_AG0_AGGSUA0_AGNTAB0_AFEM1_AFEM1_ASEM1_BL1_BS1_CD1_1_CLR1_CLS0_CADS0_DTLA1_DTLB1_DTLM0_DTVA0_DTVB0_DTVMXSA0_DTVMXSB0_DTVSM0_DPLB0_EPS0_ELFLR0_EMLLn1_FDSI0_GRPM1_GRVWA8_GRVWB8_GSU0_GSUAMB_GLS0_HPLR0_ISA950_ICIW0_IU1_K1_LDSSI0_LDSTI0_LBSPPA1024_LBSPPB1024_LBSPPMXSA0_LBSPPMXSB0_LBSPPM0_LPA16_LPB16_LPMXSA0_LPMXSB0_LPMn1_LRVW8_LWPMn1_MIAV1_MIWT4_2_MXLIBL_MXSFNS_MO64_MGRIPM2_NTn1_NTA7_NTB3_NTC6_NTD4_NTE0_NTG0_NTMXSA0_NTMXSB0_NTM0_NTWS0_NVn1_NVA0_NVB0_NVC0_NVD0_NVE0_NVG0_NVMXSA0_NVMXSB0_NVM0_NVWS0_NEPBS14_NLCA1_NLCB1_ONLL1_PAP0_PGL0_PGR2_PLR1_PKA1_RAP0_SGROB0_SIA3_SS1_SPO0_SRVW0_SSO0_SVW4_SK5_SKFTR0_SKFDPO0_SKWS0_SKXCCM8_SNLL0_SIP1_SGRO0_TDMI0_TDMIM0_TDMLWS0_TDMPLB0_TDMS0_TIN0_THn1_THA0_THB0_THC0_THD0_THE0_THG0_THMXSA0_THMXSB0_THM0_THWS0_TLDS2_TLDSM1_ULSGRO0_USL1_USLMX0_UDFMAC0_UIOFGRO0_UPLRP0_USFGROn1_USI0_VSn1_VWA4_VWB2_WSGRA0_WSGRB0_WS64_WG16_16_1_WGMXCC1.kd,64,128,False,in: other listed tile,<128
512,6144,1024,False,bfloat16,tuned,323,48,298.8,591.8,flydsl,flydsl_hgemm_abf16_wbf16_bf16_t128x96x64x4_ks1_w2x2x1_bias0_ktail0_gm4_pft_gfx950,flydsl:flydsl_hgemm_abf16_wbf16_bf16_t128x96x64x4_ks1_w2x2x1_bias0_ktail0_gm4_pft_gfx950,98.1,,128,96,False,in: non-pow2 tile,<128
512,7168,1024,False,bfloat16,tuned,326,56,335.8,642.9,flydsl,flydsl_hgemm_abf16_wbf16_bf16_t128x128x64x3_ks1_w4x4x1_bias0_ktail0_gm0_pft_gfx950,flydsl:flydsl_hgemm_abf16_wbf16_bf16_t128x128x64x3_ks1_w4x4x1_bias0_ktail0_gm0_pft_gfx950,91.5,,128,128,False,in: other listed tile,<128
512,8192,1024,False,bfloat16,tuned,328,64,375.5,702.7,flydsl,flydsl_hgemm_abf16_wbf16_bf16_t128x128x64x4_ks1_w4x4x1_bias0_ktail0_gm0_pft_gfx950,flydsl:flydsl_hgemm_abf16_wbf16_bf16_t128x128x64x4_ks1_w4x4x1_bias0_ktail0_gm0_pft_gfx950,87.1,,128,128,False,in: other listed tile,<128
1024,4096,1024,False,bfloat16,untuned,455,64,374.0,665.1,torch,,torch:hipBLASLt,77.8,Cijk_Alik_Bljk_BBS_BH_Bias_HA_S_SAV_UserArgs_MT128x128x128_MI16x16x1_SN_LDSB0_AFC0_AG1_AGGSUA0_AGNTAB0_AFEM1_AFEM1_ASEM1_BL1_BS1_CD1_1_CLR1_CLS0_CADS0_DTLA0_DTLB0_DTLM0_DTVA0_DTVB0_DTVMXSA0_DTVMXSB0_DTVSM0_DPLB0_EPS0_ELFLR0_EMLLn1_FDSI0_GRPM1_GRVWA8_GRVWB8_GSU0_GSUAMB_GLS0_HPLR0_ISA950_ICIW0_IU1_K1_LDSSI0_LDSTI0_LBSPPA1024_LBSPPB1024_LBSPPMXSA0_LBSPPMXSB0_LBSPPM0_LPA16_LPB16_LPMXSA0_LPMXSB0_LPM0_LRVW8_LWPMn1_MIAV0_MIWT4_4_MXLIBL_MXSFNS_MO40_MGRIPM1_NTn1_NTA0_NTB0_NTC0_NTD4_NTE0_NTG0_NTMXSA0_NTMXSB0_NTM0_NTWS0_NVn1_NVA0_NVB0_NVC0_NVD0_NVE0_NVG0_NVMXSA0_NVMXSB0_NVM0_NVWS0_NEPBS16_NLCA1_NLCB1_ONLL1_PAP0_PGL0_PGR2_PLR1_PKA1_RAP0_SGROB0_SIA3_SS1_SPO0_SRVW0_SSO0_SVW4_SK5_SKFTR0_SKFDPO0_SKWS0_SKXCCM0_SNLL0_SIP1_SGRO0_TDMI0_TDMIM0_TDMLWS0_TDMPLB0_TDMS0_TIN0_THn1_THA0_THB0_THC0_THD0_THE0_THG0_THMXSA0_THMXSB0_THM0_THWS0_TLDS1_TLDSM1_ULSGRO0_USL1_USLMX0_UDFMAC0_UIOFGRO0_UPLRP0_USFGRO1_USI0_VSn1_VWA4_VWB4_WSGRA0_WSGRB0_WS64_WG32_8_1_WGMXCCn1.kd,128,128,False,in: other listed tile,<128
1024,7168,1024,False,bfloat16,tuned,478,112,613.1,787.0,flydsl,flydsl_hgemm_abf16_wbf16_bf16_t128x128x64x2_ks1_w2x4x1_bias0_ktail0_gm0_pft_gfx950,flydsl:flydsl_hgemm_abf16_wbf16_bf16_t128x128x64x2_ks1_w2x4x1_bias0_ktail0_gm0_pft_gfx950,28.4,,128,128,False,in: other listed tile,<128
1024,8192,1024,False,bfloat16,tuned,482,128,674.8,913.3,torch,native,torch:hipBLASLt,35.3,Cijk_Alik_Bljk_BBS_BH_Bias_HA_S_SAV_UserArgs_MT256x128x64_MI16x16x1_SN_LDSB0_AFC0_AG1_AGGSUA0_AGNTAB0_AFEM1_AFEM1_ASEM1_BL1_BS1_CD1_1_CLR1_CLS0_CADS0_DTLA1_DTLB1_DTLM0_DTVA0_DTVB0_DTVMXSA0_DTVMXSB0_DTVSM0_DPLB1_EPS0_ELFLR0_EMLLn1_FDSI0_GRPM1_GRVWA8_GRVWB8_GSU0_GSUAMB_GLS0_HPLR0_ISA950_ICIW0_IU1_K1_LDSSI0_LDSTI0_LBSPPA1024_LBSPPB1024_LBSPPMXSA0_LBSPPMXSB0_LBSPPM0_LPA16_LPB16_LPMXSA0_LPMXSB0_LPM0_LRVW8_LWPMn1_MIAV0_MIWT8_4_MXLIBL_MXSFNS_MO40_MGRIPM1_NTn1_NTA0_NTB0_NTC0_NTD0_NTE0_NTG0_NTMXSA0_NTMXSB0_NTM0_NTWS0_NVn1_NVA0_NVB0_NVC0_NVD0_NVE0_NVG0_NVMXSA0_NVMXSB0_NVM0_NVWS0_NEPBS14_NLCA1_NLCB1_ONLL1_PAP0_PGL0_PGR2_PLR1_PKA1_RAP0_SGROB1_SIA3_SS1_SPO0_SRVW0_SSO1_SVW8_SK5_SKFTR0_SKFDPO0_SKWS0_SKXCCM0_SNLL0_SIP1_SGRO0_TDMI0_TDMIM0_TDMLWS0_TDMPLB0_TDMS0_TIN1_THn1_THA0_THB0_THC0_THD0_THE0_THG0_THMXSA0_THMXSB0_THM0_THWS0_TLDS1_TLDSMn1_ULSGRO1_USL1_USLMX0_UDFMAC0_UIOFGRO0_UPLRP0_USFGRO0_USI0_VSn1_VWA8_VWB4_WSGRA0_WSGRB0_WS64_WG32_8_1_WGMXCCn1.kd,256,128,False,in: other listed tile,128-255
2048,4096,1024,False,bfloat16,untuned,585,128,672.3,914.8,torch,,torch:hipBLASLt,36.1,Cijk_Alik_Bljk_BBS_BH_Bias_HA_S_SAV_UserArgs_MT256x128x64_MI16x16x1_SN_LDSB0_AFC0_AG1_AGGSUA0_AGNTAB0_AFEM1_AFEM1_ASEM1_BL1_BS1_CD1_1_CLR1_CLS0_CADS0_DTLA1_DTLB1_DTLM0_DTVA0_DTVB0_DTVMXSA0_DTVMXSB0_DTVSM0_DPLB1_EPS0_ELFLR0_EMLLn1_FDSI0_GRPM1_GRVWA8_GRVWB8_GSU0_GSUAMB_GLS0_HPLR0_ISA950_ICIW0_IU1_K1_LDSSI0_LDSTI0_LBSPPA1024_LBSPPB1024_LBSPPMXSA0_LBSPPMXSB0_LBSPPM0_LPA16_LPB16_LPMXSA0_LPMXSB0_LPM0_LRVW8_LWPMn1_MIAV0_MIWT8_4_MXLIBL_MXSFNS_MO40_MGRIPM1_NTn1_NTA0_NTB0_NTC0_NTD0_NTE0_NTG0_NTMXSA0_NTMXSB0_NTM0_NTWS0_NVn1_NVA0_NVB0_NVC0_NVD0_NVE0_NVG0_NVMXSA0_NVMXSB0_NVM0_NVWS0_NEPBS14_NLCA1_NLCB1_ONLL1_PAP0_PGL0_PGR2_PLR1_PKA1_RAP0_SGROB1_SIA3_SS1_SPO0_SRVW0_SSO1_SVW8_SK5_SKFTR0_SKFDPO0_SKWS0_SKXCCM0_SNLL0_SIP1_SGRO0_TDMI0_TDMIM0_TDMLWS0_TDMPLB0_TDMS0_TIN1_THn1_THA0_THB0_THC0_THD0_THE0_THG0_THMXSA0_THMXSB0_THM0_THWS0_TLDS1_TLDSMn1_ULSGRO1_USL1_USLMX0_UDFMAC0_UIOFGRO0_UPLRP0_USFGRO0_USI0_VSn1_VWA8_VWB4_WSGRA0_WSGRB0_WS64_WG32_8_1_WGMXCCn1.kd,256,128,False,in: other listed tile,128-255
2048,7168,1024,False,bfloat16,tuned,623,224,1074.9,1042.7,flydsl,flydsl_hgemm_abf16_wbf16_bf16_t256x256x64x2_ks1_w2x4x1_bias0_ktail0_gm0_pht_gfx950,gluon,0.0,,256,256,False,in: 256x256,128-255
2048,8192,1024,False,bfloat16,tuned,630,256,1148.3,1109.1,flydsl,flydsl_hgemm_abf16_wbf16_bf16_t256x256x64x2_ks1_w2x4x1_bias0_ktail0_gm0_pht_gfx950,gluon,0.0,,256,256,False,in: 256x256,256-511
3072,4096,1024,False,bfloat16,untuned,647,192,956.7,1020.5,torch,,torch:hipBLASLt,6.7,Cijk_Alik_Bljk_BBS_BH_Bias_HA_S_SAV_UserArgs_MT256x192x64_MI16x16x1_CMS_SN_LDSB0_AFC0_AG1_AGGSUA0_AGNTAB0_AFEM1_AFEM1_ASEM1_BL1_BS1_CD1_1_CLR0_CLS0_CADS0_DTLA1_DTLB1_DTLM0_DTVA0_DTVB0_DTVMXSA0_DTVMXSB0_DTVSM0_DPLB0_EPS0_ELFLR0_EMLLn1_FDSI0_GRPM1_GRVWA8_GRVWB8_GSU0_GSUAMB_GLS0_HPLR0_ISA950_ICIW0_IU1_K1_LDSSI0_LDSTI0_LBSPPA1024_LBSPPB1024_LBSPPMXSA0_LBSPPMXSB0_LBSPPM0_LPA16_LPB16_LPMXSA0_LPMXSB0_LPM0_LRVW8_LWPMn1_MIAV0_MIWT8_6_MXLIBL_MXSFNS_MO40_MGRIPM1_NTn1_NTA0_NTB0_NTC4_NTD4_NTE0_NTG0_NTMXSA0_NTMXSB0_NTM0_NTWS0_NVn1_NVA0_NVB0_NVC0_NVD0_NVE0_NVG0_NVMXSA0_NVMXSB0_NVM0_NVWS0_NEPBS12_NLCA1_NLCB1_ONLL1_PAP0_PGL0_PGR2_PLR1_PKA1_RAP0_SGROB0_SIA3_SS1_SPO0_SRVW0_SSO1_SVW8_SK5_SKFTR0_SKFDPO0_SKWS0_SKXCCM0_SNLL0_SIP1_SGRO0_TDMI0_TDMIM0_TDMLWS0_TDMPLB0_TDMS0_TIN0_THn1_THA0_THB0_THC0_THD0_THE0_THG0_THMXSA0_THMXSB0_THM0_THWS0_TLDS1_TLDSM1_ULSGRO0_USL1_USLMX0_UDFMAC0_UIOFGRO0_UPLRP0_USFGRO0_USI0_VSn1_VWA8_VWB2_WSGRA0_WSGRB0_WS64_WG32_8_1_WGMXCCn1.kd,256,192,False,in: non-pow2 tile,128-255
4096,4096,1024,False,bfloat16,untuned,683,256,1175.1,1117.8,torch,,gluon,0.0,,256,256,False,in: 256x256,256-511
4096,7168,1024,False,bfloat16,tuned,735,448,1150.2,1115.7,flydsl,flydsl_hgemm_abf16_wbf16_bf16_t256x256x64x2_ks1_w2x4x1_bias0_ktail0_gm4_pht_gfx950,gluon,0.0,,256,256,False,in: 256x256,256-511
4096,8192,1024,False,bfloat16,tuned,745,512,1185.0,1192.2,asm,_ZN5aiter24bf16gemm_bf16_tn_256x256E,asm:_ZN5aiter24bf16gemm_bf16_tn_256x256E,0.6,,256,256,False,in: 256x256,>=512
5120,4096,1024,False,bfloat16,untuned,706,320,890.3,1017.1,torch,,torch:hipBLASLt,14.2,Cijk_Alik_Bljk_BBS_BH_Bias_HA_S_SAV_UserArgs_MT256x160x64_MI16x16x1_SN_LDSB0_AFC1_AG0_AGGSUA0_AGNTAB0_AFEM1_AFEM1_ASEM1_BL1_BS1_CD1_1_CLR0_CLS0_CADS0_DTLA1_DTLB1_DTLM0_DTVA0_DTVB0_DTVMXSA0_DTVMXSB0_DTVSM0_DPLB0_EPS0_ELFLR0_EMLLn1_FDSI0_GRPM1_GRVWA8_GRVWB8_GSU0_GSUAMB_GLS0_HPLR0_ISA950_ICIW0_IU1_K1_LDSSI0_LDSTI0_LBSPPA1024_LBSPPB1024_LBSPPMXSA0_LBSPPMXSB0_LBSPPM0_LPA16_LPB16_LPMXSA0_LPMXSB0_LPMn1_LRVW8_LWPMn1_MIAV0_MIWT8_5_MXLIBL_MXSFNS_MO64_MGRIPM1_NTn1_NTA0_NTB1_NTC6_NTD6_NTE0_NTG0_NTMXSA0_NTMXSB0_NTM0_NTWS0_NVn1_NVA0_NVB0_NVC0_NVD0_NVE0_NVG0_NVMXSA0_NVMXSB0_NVM0_NVWS0_NEPBS12_NLCA1_NLCB1_ONLL1_PAP0_PGL0_PGR2_PLR1_PKA1_RAP0_SGROB0_SIA3_SS1_SPO0_SRVW0_SSO1_SVW8_SK5_SKFTR0_SKFDPO0_SKWS0_SKXCCM4_SNLL0_SIP1_SGRO0_TDMI0_TDMIM0_TDMLWS0_TDMPLB0_TDMS0_TIN0_THn1_THA0_THB0_THC0_THD0_THE0_THG0_THMXSA0_THMXSB0_THM0_THWS0_TLDS1_TLDSM1_ULSGRO0_USL1_USLMX0_UDFMAC0_UIOFGRO0_UPLRP0_USFGRO1_USI0_VSn1_VWA8_VWB1_WSGRA0_WSGRB0_WS64_WG32_8_1_WGMXCC1.kd,256,160,False,in: non-pow2 tile,256-511
7680,4096,1024,False,bfloat16,untuned,740,480,1172.6,1050.1,torch,,gluon,0.0,,256,256,False,in: 256x256,256-511
8192,7168,1024,False,bfloat16,tuned,808,896,1166.7,1101.1,asm,_ZN5aiter24bf16gemm_bf16_tn_256x256E,gluon,0.0,,256,256,False,in: 256x256,>=512
8192,8192,1024,False,bfloat16,tuned,819,1024,1227.7,1220.6,asm,_ZN5aiter24bf16gemm_bf16_tn_256x256E,gluon,0.0,,256,256,False,in: 256x256,>=512
16384,4096,1024,False,bfloat16,untuned,780,1024,1242.2,1200.2,torch,,gluon,0.0,,256,256,False,in: 256x256,>=512
16384,7168,1024,False,bfloat16,tuned,850,1792,1268.7,1206.0,asm,_ZN5aiter24bf16gemm_bf16_tn_256x256E,gluon,0.0,,256,256,False,in: 256x256,>=512
16384,8192,1024,False,bfloat16,tuned,862,2048,1250.6,1231.4,torch,native,gluon,0.0,,256,256,False,in: 256x256,>=512
32768,7168,1024,False,bfloat16,tuned,872,3584,1246.9,1106.4,torch,native,gluon,0.0,,256,256,False,in: 256x256,>=512
32768,8192,1024,False,bfloat16,tuned,886,4096,1234.4,1102.9,torch,native,gluon,0.0,,256,256,False,in: 256x256,>=512
512,5120,1280,False,bfloat16,tuned,341,40,264.1,533.1,flydsl,flydsl_hgemm_abf16_wbf16_bf16_t96x128x64x4_ks1_w2x2x1_bias0_ktail0_gm0_pft_gfx950,flydsl:flydsl_hgemm_abf16_wbf16_bf16_t96x128x64x4_ks1_w2x2x1_bias0_ktail0_gm0_pft_gfx950,101.9,,96,128,False,in: non-pow2 tile,<128
1024,5120,1280,False,bfloat16,tuned,512,80,488.6,731.2,torch,native,torch:hipBLASLt,49.7,Cijk_Alik_Bljk_BBS_BH_Bias_HA_S_SAV_UserArgs_MT160x128x128_MI16x16x1_SN_LDSB1_AFC0_AG0_AGGSUA0_AGNTAB0_AFEM1_AFEM1_ASEM1_BL1_BS1_CD1_1_CLR1_CLS0_CADS0_DTLA0_DTLB0_DTLM0_DTVA0_DTVB0_DTVMXSA0_DTVMXSB0_DTVSM0_DPLB0_EPS0_ELFLR0_EMLLn1_FDSI0_GRPM1_GRVWA8_GRVWB8_GSU0_GSUAMB_GLS0_HPLR0_ISA950_ICIW0_IU1_K1_LDSSI0_LDSTI0_LBSPPA256_LBSPPB1024_LBSPPMXSA0_LBSPPMXSB0_LBSPPM0_LPA16_LPB16_LPMXSA0_LPMXSB0_LPM0_LRVW8_LWPMn1_MIAV0_MIWT5_4_MXLIBL_MXSFNS_MO40_MGRIPM1_NTn1_NTA0_NTB0_NTC0_NTD0_NTE0_NTG0_NTMXSA0_NTMXSB0_NTM0_NTWS0_NVn1_NVA0_NVB0_NVC0_NVD0_NVE0_NVG0_NVMXSA0_NVMXSB0_NVM0_NVWS0_NEPBS0_NLCA1_NLCB1_ONLL1_PAP0_PGL0_PGR2_PLR1_PKA1_RAP0_SGROB0_SIA3_SS1_SPO0_SRVW0_SSO0_SVW1_SK5_SKFTR0_SKFDPO0_SKWS0_SKXCCM0_SNLL0_SIP1_SGRO0_TDMI0_TDMIM0_TDMLWS0_TDMPLB0_TDMS0_TIN0_THn1_THA0_THB0_THC0_THD0_THE0_THG0_THMXSA0_THMXSB0_THM0_THWS0_TLDS1_TLDSM1_ULSGRO0_USL1_USLMX0_UDFMAC0_UIOFGRO0_UPLRP0_USFGRO0_USI0_VSn1_VWA1_VWB4_WSGRA0_WSGRB0_WS64_WG32_8_1_WGMXCCn1.kd,160,128,False,in: non-pow2 tile,<128
2048,5120,1280,False,bfloat16,tuned,683,160,885.0,998.6,torch,native,torch:hipBLASLt,12.8,Cijk_Alik_Bljk_BBS_BH_Bias_HA_S_SAV_UserArgs_MT160x256x64_MI16x16x1_CMS_SN_LDSB0_AFC0_AG0_AGGSUA0_AGNTAB0_AFEM1_AFEM1_ASEM1_BL1_BS1_CD1_1_CLR0_CLS0_CADS0_DTLA1_DTLB1_DTLM0_DTVA0_DTVB0_DTVMXSA0_DTVMXSB0_DTVSM0_DPLB0_EPS0_ELFLR0_EMLLn1_FDSI0_GRPM1_GRVWA8_GRVWB8_GSU0_GSUAMB_GLS0_HPLR0_ISA950_ICIW0_IU1_K1_LDSSI0_LDSTI0_LBSPPA1024_LBSPPB1024_LBSPPMXSA0_LBSPPMXSB0_LBSPPM0_LPA16_LPB16_LPMXSA0_LPMXSB0_LPM0_LRVW8_LWPMn1_MIAV0_MIWT5_8_MXLIBL_MXSFNS_MO40_MGRIPM1_NTn1_NTA0_NTB0_NTC0_NTD4_NTE0_NTG0_NTMXSA0_NTMXSB0_NTM0_NTWS0_NVn1_NVA0_NVB0_NVC0_NVD0_NVE0_NVG0_NVMXSA0_NVMXSB0_NVM0_NVWS0_NEPBS0_NLCA1_NLCB1_ONLL1_PAP0_PGL0_PGR2_PLR1_PKA1_RAP0_SGROB0_SIA3_SS1_SPO1_SRVW0_SSO4_SVW1_SK5_SKFTR0_SKFDPO0_SKWS0_SKXCCM0_SNLL0_SIP1_SGRO0_TDMI0_TDMIM0_TDMLWS0_TDMPLB0_TDMS0_TIN0_THn1_THA0_THB0_THC0_THD0_THE0_THG0_THMXSA0_THMXSB0_THM0_THWS0_TLDS1_TLDSM1_ULSGRO0_USL1_USLMX0_UDFMAC0_UIOFGRO0_UPLRP0_USFGRO0_USI0_VSn1_VWA1_VWB8_WSGRA0_WSGRB0_WS64_WG32_8_1_WGMXCCn1.kd,160,256,False,in: non-pow2 tile,128-255
4096,5120,1280,False,bfloat16,tuned,819,320,964.5,1119.4,torch,native,torch:hipBLASLt,16.1,Cijk_Alik_Bljk_BBS_BH_Bias_HA_S_SAV_UserArgs_MT224x384x64_MI16x16x1_SN_LDSB0_AFC0_AG0_AGGSUA0_AGNTAB0_AFEM1_AFEM1_ASEM1_BL1_BS1_CD1_1_CLR1_CLS0_CADS0_DTLA0_DTLB0_DTLM0_DTVA0_DTVB0_DTVMXSA0_DTVMXSB0_DTVSM0_DPLB0_EPS0_ELFLR0_EMLLn1_FDSI0_GRPM1_GRVWA8_GRVWB8_GSU0_GSUAMB_GLS0_HPLR0_ISA950_ICIW0_IU1_K1_LDSSI0_LDSTI0_LBSPPA0_LBSPPB0_LBSPPMXSA0_LBSPPMXSB0_LBSPPM0_LPA0_LPB0_LPMXSA0_LPMXSB0_LPM0_LRVWn1_LWPMn1_MIAV0_MIWT14_6_MXLIBL_MXSFNS_MO40_MGRIPM1_NTn1_NTA0_NTB0_NTC0_NTD0_NTE0_NTG0_NTMXSA0_NTMXSB0_NTM0_NTWS0_NVn1_NVA0_NVB0_NVC0_NVD0_NVE0_NVG0_NVMXSA0_NVMXSB0_NVM0_NVWS0_NEPBS0_NLCA1_NLCB1_ONLL1_PAP0_PGL0_PGR2_PLR1_PKA0_RAP0_SGROB0_SIA3_SS0_SPO0_SRVW0_SSO0_SVW4_SK5_SKFTR0_SKFDPO0_SKWS0_SKXCCM0_SNLL0_SIP1_SGRO0_TDMI0_TDMIM0_TDMLWS0_TDMPLB0_TDMS0_TIN0_THn1_THA0_THB0_THC0_THD0_THE0_THG0_THMXSA0_THMXSB0_THM0_THWS0_TLDS1_TLDSMn1_ULSGRO0_USL0_USLMX0_UDFMAC0_UIOFGRO0_UPLRP0_USFGRO0_USI1_VSn1_VWA1_VWB1_WSGRA0_WSGRB0_WS64_WG16_16_1_WGMXCCn1.kd,224,384,False,in: non-pow2 tile,256-511
8192,5120,1280,False,bfloat16,tuned,910,640,1180.2,1142.2,flydsl,flydsl_hgemm_abf16_wbf16_bf16_t256x256x64x2_ks1_w2x4x1_bias0_ktail0_gm4_pht_gfx950,gluon,0.0,,256,256,False,in: 256x256,>=512
16384,5120,1280,False,bfloat16,tuned,964,1280,1315.9,1266.6,flydsl,flydsl_hgemm_abf16_wbf16_bf16_t256x256x64x2_ks1_w2x4x1_bias0_ktail0_gm4_pht_gfx950,gluon,0.0,,256,256,False,in: 256x256,>=512
32768,5120,1280,False,bfloat16,tuned,993,2560,1295.2,1302.6,torch,native,torch:hipBLASLt,0.6,Cijk_Alik_Bljk_BBS_BH_Bias_HA_S_SAV_UserArgs_MT256x256x64_MI16x16x1_CMS_SN_LDSB0_AFC0_AG1_AGGSUA0_AGNTAB0_AFEM1_AFEM1_ASEM1_BL1_BS1_CD1_1_CLR0_CLS0_CADS0_DTLA1_DTLB1_DTLM0_DTVA0_DTVB0_DTVMXSA0_DTVMXSB0_DTVSM0_DPLB0_EPS0_ELFLR0_EMLLn1_FDSI0_GRPM1_GRVWA8_GRVWB8_GSU0_GSUAMB_GLS0_HPLR0_ISA950_ICIW0_IU1_K1_LDSSI0_LDSTI0_LBSPPA1024_LBSPPB1024_LBSPPMXSA0_LBSPPMXSB0_LBSPPM0_LPA16_LPB16_LPMXSA0_LPMXSB0_LPM0_LRVW8_LWPMn1_MIAV0_MIWT8_8_MXLIBL_MXSFNS_MO40_MGRIPM1_NTn1_NTA0_NTB0_NTC4_NTD4_NTE0_NTG0_NTMXSA0_NTMXSB0_NTM0_NTWS0_NVn1_NVA0_NVB0_NVC0_NVD0_NVE0_NVG0_NVMXSA0_NVMXSB0_NVM0_NVWS0_NEPBS0_NLCA1_NLCB1_ONLL1_PAP0_PGL0_PGR2_PLR1_PKA1_RAP0_SGROB0_SIA3_SS1_SPO0_SRVW0_SSO4_SVW8_SK5_SKFTR0_SKFDPO0_SKWS0_SKXCCM0_SNLL0_SIP1_SGRO0_TDMI0_TDMIM0_TDMLWS0_TDMPLB0_TDMS0_TIN0_THn1_THA0_THB0_THC0_THD0_THE0_THG0_THMXSA0_THMXSB0_THM0_THWS0_TLDS1_TLDSM1_ULSGRO0_USL1_USLMX0_UDFMAC0_UIOFGRO0_UPLRP0_USFGRO0_USI0_VSn1_VWA8_VWB8_WSGRA0_WSGRB0_WS64_WG32_8_1_WGMXCCn1.kd,256,256,False,in: 256x256,>=512
512,1536,1536,False,bfloat16,tuned,307,12,85.8,351.0,flydsl,flydsl_hgemm_abf16_wbf16_bf16_t64x64x64x6_ks1_w2x4x1_bias0_ktail0_gm0_pft_gfx950,flydsl:flydsl_hgemm_abf16_wbf16_bf16_t64x64x64x6_ks1_w2x4x1_bias0_ktail0_gm0_pft_gfx950,309.1,,64,64,False,out: smaller tile,<128
512,2048,1536,False,bfloat16,untuned,323,16,113.7,392.2,torch,,torch:hipBLASLt,244.9,Cijk_Alik_Bljk_BBS_BH_Bias_HA_S_SAV_UserArgs_MT64x64x256_MI16x16x1_SN_LDSB0_AFC0_AG0_AGGSUA0_AGNTAB0_AFEM1_AFEM1_ASEM1_BL1_BS1_CD1_1_CLR0_CLS0_CADS0_DTLA0_DTLB0_DTLM0_DTVA0_DTVB0_DTVMXSA0_DTVMXSB0_DTVSM0_DPLB0_EPS0_ELFLR0_EMLLn1_FDSI0_GRPM1_GRVWA8_GRVWB8_GSU0_GSUAMB_GLS0_HPLR0_ISA950_ICIW0_IU1_K1_LDSSI0_LDSTI0_LBSPPA1024_LBSPPB1024_LBSPPMXSA0_LBSPPMXSB0_LBSPPM0_LPA16_LPB16_LPMXSA0_LPMXSB0_LPM0_LRVW8_LWPMn1_MIAV1_MIWT2_2_MXLIBL_MXSFNS_MO40_MGRIPM2_NTn1_NTA0_NTB0_NTC3_NTD3_NTE0_NTG0_NTMXSA0_NTMXSB0_NTM0_NTWS0_NVn1_NVA0_NVB0_NVC0_NVD0_NVE0_NVG0_NVMXSA0_NVMXSB0_NVM0_NVWS0_NEPBS16_NLCA1_NLCB1_ONLL1_PAP0_PGL0_PGR2_PLR1_PKA1_RAP0_SGROB0_SIA3_SS1_SPO0_SRVW0_SSO0_SVW2_SK5_SKFTR0_SKFDPO0_SKWS0_SKXCCM0_SNLL0_SIP1_SGRO0_TDMI0_TDMIM0_TDMLWS0_TDMPLB0_TDMS0_TIN0_THn1_THA0_THB0_THC0_THD0_THE0_THG0_THMXSA0_THMXSB0_THM0_THWS0_TLDS1_TLDSM1_ULSGRO0_USL1_USLMX0_UDFMAC0_UIOFGRO0_UPLRP0_USFGRO0_USI0_VSn1_VWA2_VWB2_WSGRA0_WSGRB0_WS64_WG32_8_1_WGMXCCn1.kd,64,64,False,out: smaller tile,<128
512,2304,1536,False,bfloat16,tuned,329,18,127.2,392.6,flydsl,flydsl_hgemm_abf16_wbf16_bf16_t96x64x64x4_ks1_w2x2x1_bias0_ktail0_gm0_pft_gfx950,flydsl:flydsl_hgemm_abf16_wbf16_bf16_t96x64x64x4_ks1_w2x2x1_bias0_ktail0_gm0_pft_gfx950,208.6,,96,64,False,out: smaller tile,<128
512,4096,1536,False,bfloat16,untuned,351,32,225.1,562.0,torch,,torch:hipBLASLt,149.7,Cijk_Alik_Bljk_BBS_BH_Bias_HA_S_SAV_UserArgs_MT128x64x128_MI16x16x1_SN_LDSB1_AFC0_AG0_AGGSUA0_AGNTAB0_AFEM1_AFEM1_ASEM1_BL1_BS1_CD1_1_CLR1_CLS0_CADS0_DTLA0_DTLB0_DTLM0_DTVA0_DTVB0_DTVMXSA0_DTVMXSB0_DTVSM0_DPLB0_EPS0_ELFLR0_EMLLn1_FDSI0_GRPM1_GRVWA8_GRVWB8_GSU0_GSUAMB_GLS0_HPLR0_ISA950_ICIW0_IU1_K1_LDSSI0_LDSTI0_LBSPPA1024_LBSPPB512_LBSPPMXSA0_LBSPPMXSB0_LBSPPM0_LPA16_LPB16_LPMXSA0_LPMXSB0_LPM0_LRVW8_LWPMn1_MIAV0_MIWT4_2_MXLIBL_MXSFNS_MO40_MGRIPM2_NTn1_NTA0_NTB0_NTC0_NTD0_NTE0_NTG0_NTMXSA0_NTMXSB0_NTM0_NTWS0_NVn1_NVA0_NVB0_NVC0_NVD0_NVE0_NVG0_NVMXSA0_NVMXSB0_NVM0_NVWS0_NEPBS0_NLCA1_NLCB1_ONLL1_PAP0_PGL0_PGR2_PLR1_PKA1_RAP0_SGROB0_SIA3_SS1_SPO0_SRVW0_SSO0_SVW4_SK5_SKFTR0_SKFDPO0_SKWS0_SKXCCM0_SNLL0_SIP1_SGRO0_TDMI0_TDMIM0_TDMLWS0_TDMPLB0_TDMS0_TIN0_THn1_THA0_THB0_THC0_THD0_THE0_THG0_THMXSA0_THMXSB0_THM0_THWS0_TLDS1_TLDSM1_ULSGRO0_USL1_USLMX0_UDFMAC0_UIOFGRO0_UPLRP0_USFGRO0_USI0_VSn1_VWA4_VWB2_WSGRA0_WSGRB0_WS64_WG32_8_1_WGMXCCn1.kd,128,64,False,in: other listed tile,<128
512,6144,1536,False,bfloat16,tuned,361,48,330.3,652.9,flydsl,flydsl_hgemm_abf16_wbf16_bf16_t128x96x64x4_ks1_w2x2x1_bias0_ktail0_gm0_pft_gfx950,flydsl:flydsl_hgemm_abf16_wbf16_bf16_t128x96x64x4_ks1_w2x2x1_bias0_ktail0_gm0_pft_gfx950,97.7,,128,96,False,in: non-pow2 tile,<128
512,7168,1536,False,bfloat16,tuned,364,56,375.9,677.8,flydsl,flydsl_hgemm_abf16_wbf16_bf16_t128x128x64x3_ks1_w4x2x1_bias0_ktail0_gm0_pft_gfx950,flydsl:flydsl_hgemm_abf16_wbf16_bf16_t128x128x64x3_ks1_w4x2x1_bias0_ktail0_gm0_pft_gfx950,80.3,,128,128,False,in: other listed tile,<128
1024,1536,1536,False,bfloat16,tuned,439,24,169.1,509.6,flydsl,flydsl_hgemm_abf16_wbf16_bf16_t64x96x64x4_ks1_w2x2x1_bias0_ktail0_gm4_pft_gfx950,flydsl:flydsl_hgemm_abf16_wbf16_bf16_t64x96x64x4_ks1_w2x2x1_bias0_ktail0_gm4_pft_gfx950,201.4,,64,96,False,out: smaller tile,<128
1024,2048,1536,False,bfloat16,untuned,473,32,221.2,566.6,torch,,torch:hipBLASLt,156.1,Cijk_Alik_Bljk_BBS_BH_Bias_HA_S_SAV_UserArgs_MT128x64x128_MI16x16x1_SN_LDSB1_AFC0_AG0_AGGSUA0_AGNTAB0_AFEM1_AFEM1_ASEM1_BL1_BS1_CD1_1_CLR1_CLS0_CADS0_DTLA0_DTLB0_DTLM0_DTVA0_DTVB0_DTVMXSA0_DTVMXSB0_DTVSM0_DPLB0_EPS0_ELFLR0_EMLLn1_FDSI0_GRPM1_GRVWA8_GRVWB8_GSU0_GSUAMB_GLS0_HPLR0_ISA950_ICIW0_IU1_K1_LDSSI0_LDSTI0_LBSPPA1024_LBSPPB512_LBSPPMXSA0_LBSPPMXSB0_LBSPPM0_LPA16_LPB16_LPMXSA0_LPMXSB0_LPM0_LRVW8_LWPMn1_MIAV0_MIWT4_2_MXLIBL_MXSFNS_MO40_MGRIPM2_NTn1_NTA0_NTB0_NTC0_NTD0_NTE0_NTG0_NTMXSA0_NTMXSB0_NTM0_NTWS0_NVn1_NVA0_NVB0_NVC0_NVD0_NVE0_NVG0_NVMXSA0_NVMXSB0_NVM0_NVWS0_NEPBS0_NLCA1_NLCB1_ONLL1_PAP0_PGL0_PGR2_PLR1_PKA1_RAP0_SGROB0_SIA3_SS1_SPO0_SRVW0_SSO0_SVW4_SK5_SKFTR0_SKFDPO0_SKWS0_SKXCCM0_SNLL0_SIP1_SGRO0_TDMI0_TDMIM0_TDMLWS0_TDMPLB0_TDMS0_TIN0_THn1_THA0_THB0_THC0_THD0_THE0_THG0_THMXSA0_THMXSB0_THM0_THWS0_TLDS1_TLDSM1_ULSGRO0_USL1_USLMX0_UDFMAC0_UIOFGRO0_UPLRP0_USFGRO0_USI0_VSn1_VWA4_VWB2_WSGRA0_WSGRB0_WS64_WG32_8_1_WGMXCCn1.kd,128,64,False,in: other listed tile,<128
1024,2304,1536,False,bfloat16,tuned,485,36,249.3,584.8,torch,native,torch:hipBLASLt,134.6,Cijk_Alik_Bljk_BBS_BH_Bias_HA_S_SAV_UserArgs_MT128x80x128_MI16x16x1_SN_LDSB0_AFC0_AG1_AGGSUA0_AGNTAB0_AFEM1_AFEM1_ASEM1_BL1_BS1_CD1_1_CLR1_CLS0_CADS0_DTLA0_DTLB0_DTLM0_DTVA0_DTVB0_DTVMXSA0_DTVMXSB0_DTVSM0_DPLB0_EPS0_ELFLR0_EMLLn1_FDSI0_GRPM1_GRVWA8_GRVWB8_GSU0_GSUAMB_GLS0_HPLR0_ISA950_ICIW0_IU1_K1_LDSSI0_LDSTI0_LBSPPA512_LBSPPB256_LBSPPMXSA0_LBSPPMXSB0_LBSPPM0_LPA16_LPB16_LPMXSA0_LPMXSB0_LPM0_LRVW8_LWPMn1_MIAV0_MIWT2_5_MXLIBL_MXSFNS_MO40_MGRIPM1_NTn1_NTA0_NTB0_NTC0_NTD0_NTE0_NTG0_NTMXSA0_NTMXSB0_NTM0_NTWS0_NVn1_NVA0_NVB0_NVC0_NVD0_NVE0_NVG0_NVMXSA0_NVMXSB0_NVM0_NVWS0_NEPBS0_NLCA1_NLCB1_ONLL1_PAP0_PGL0_PGR2_PLR1_PKA1_RAP0_SGROB0_SIA3_SS0_SPO0_SRVW0_SSO0_SVW8_SK5_SKFTR0_SKFDPO0_SKWS0_SKXCCM0_SNLL0_SIP1_SGRO0_TDMI0_TDMIM0_TDMLWS0_TDMPLB0_TDMS0_TIN1_THn1_THA0_THB0_THC0_THD0_THE0_THG0_THMXSA0_THMXSB0_THM0_THWS0_TLDS1_TLDSMn1_ULSGRO0_USL1_USLMX0_UDFMAC0_UIOFGRO0_UPLRP0_USFGRO1_USI0_VSn1_VWA2_VWB1_WSGRA2_WSGRB0_WS64_WG64_4_1_WGMXCCn1.kd,128,80,False,in: non-pow2 tile,<128
1024,3072,1536,False,bfloat16,tuned,512,48,329.3,637.9,flydsl,flydsl_hgemm_abf16_wbf16_bf16_t128x96x64x4_ks1_w2x2x1_bias0_ktail0_gm4_pft_gfx950,flydsl:flydsl_hgemm_abf16_wbf16_bf16_t128x96x64x4_ks1_w2x2x1_bias0_ktail0_gm4_pft_gfx950,93.7,,128,96,False,in: non-pow2 tile,<128
1024,4096,1536,False,bfloat16,untuned,534,64,421.7,755.0,torch,,torch:hipBLASLt,79.0,Cijk_Alik_Bljk_BBS_BH_Bias_HA_S_SAV_UserArgs_MT128x128x128_MI16x16x1_SN_LDSB0_AFC0_AG1_AGGSUA0_AGNTAB0_AFEM1_AFEM1_ASEM1_BL1_BS1_CD1_1_CLR1_CLS0_CADS0_DTLA0_DTLB0_DTLM0_DTVA0_DTVB0_DTVMXSA0_DTVMXSB0_DTVSM0_DPLB0_EPS0_ELFLR0_EMLLn1_FDSI0_GRPM1_GRVWA8_GRVWB8_GSU0_GSUAMB_GLS0_HPLR0_ISA950_ICIW0_IU1_K1_LDSSI0_LDSTI0_LBSPPA1024_LBSPPB1024_LBSPPMXSA0_LBSPPMXSB0_LBSPPM0_LPA16_LPB16_LPMXSA0_LPMXSB0_LPM0_LRVW8_LWPMn1_MIAV0_MIWT4_4_MXLIBL_MXSFNS_MO40_MGRIPM1_NTn1_NTA0_NTB0_NTC0_NTD4_NTE0_NTG0_NTMXSA0_NTMXSB0_NTM0_NTWS0_NVn1_NVA0_NVB0_NVC0_NVD0_NVE0_NVG0_NVMXSA0_NVMXSB0_NVM0_NVWS0_NEPBS16_NLCA1_NLCB1_ONLL1_PAP0_PGL0_PGR2_PLR1_PKA1_RAP0_SGROB0_SIA3_SS1_SPO0_SRVW0_SSO0_SVW4_SK5_SKFTR0_SKFDPO0_SKWS0_SKXCCM0_SNLL0_SIP1_SGRO0_TDMI0_TDMIM0_TDMLWS0_TDMPLB0_TDMS0_TIN0_THn1_THA0_THB0_THC0_THD0_THE0_THG0_THMXSA0_THMXSB0_THM0_THWS0_TLDS1_TLDSM1_ULSGRO0_USL1_USLMX0_UDFMAC0_UIOFGRO0_UPLRP0_USFGRO1_USI0_VSn1_VWA4_VWB4_WSGRA0_WSGRB0_WS64_WG32_8_1_WGMXCCn1.kd,128,128,False,in: other listed tile,<128
1024,7168,1536,False,bfloat16,tuned,566,112,691.9,874.7,torch,native,torch:hipBLASLt,26.4,Cijk_Alik_Bljk_BBS_BH_Bias_HA_S_SAV_UserArgs_MT224x128x64_MI16x16x1_SN_LDSB0_AFC0_AG1_AGGSUA0_AGNTAB0_AFEM1_AFEM1_ASEM1_BL1_BS1_CD1_1_CLR0_CLS0_CADS0_DTLA1_DTLB1_DTLM0_DTVA0_DTVB0_DTVMXSA0_DTVMXSB0_DTVSM0_DPLB1_EPS0_ELFLR0_EMLLn1_FDSI0_GRPM1_GRVWA8_GRVWB8_GSU0_GSUAMB_GLS0_HPLR0_ISA950_ICIW0_IU1_K1_LDSSI0_LDSTI0_LBSPPA1024_LBSPPB1024_LBSPPMXSA0_LBSPPMXSB0_LBSPPM0_LPA16_LPB16_LPMXSA0_LPMXSB0_LPM0_LRVW8_LWPMn1_MIAV0_MIWT7_4_MXLIBL_MXSFNS_MO40_MGRIPM1_NTn1_NTA0_NTB0_NTC0_NTD0_NTE0_NTG0_NTMXSA0_NTMXSB0_NTM0_NTWS0_NVn1_NVA0_NVB0_NVC0_NVD0_NVE0_NVG0_NVMXSA0_NVMXSB0_NVM0_NVWS0_NEPBS14_NLCA1_NLCB1_ONLL1_PAP0_PGL0_PGR2_PLR1_PKA1_RAP0_SGROB0_SIA3_SS0_SPO0_SRVW0_SSO0_SVW4_SK5_SKFTR0_SKFDPO0_SKWS0_SKXCCM0_SNLL0_SIP1_SGRO0_TDMI0_TDMIM0_TDMLWS0_TDMPLB0_TDMS0_TIN1_THn1_THA0_THB0_THC0_THD0_THE0_THG0_THMXSA0_THMXSB0_THM0_THWS0_TLDS1_TLDSMn1_ULSGRO1_USL1_USLMX0_UDFMAC0_UIOFGRO0_UPLRP0_USFGRO0_USI0_VSn1_VWA1_VWB4_WSGRA0_WSGRB0_WS64_WG32_8_1_WGMXCCn1.kd,224,128,False,in: non-pow2 tile,<128
2048,1536,1536,False,bfloat16,tuned,559,48,330.1,667.9,torch,native,torch:hipBLASLt,102.3,Cijk_Alik_Bljk_BBS_BH_Bias_HA_S_SAV_UserArgs_MT96x128x128_MI16x16x1_SN_LDSB1_AFC0_AG0_AGGSUA0_AGNTAB0_AFEM1_AFEM1_ASEM1_BL1_BS1_CD1_1_CLR1_CLS0_CADS0_DTLA0_DTLB0_DTLM0_DTVA0_DTVB0_DTVMXSA0_DTVMXSB0_DTVSM0_DPLB0_EPS0_ELFLR0_EMLLn1_FDSI0_GRPM1_GRVWA8_GRVWB8_GSU0_GSUAMB_GLS0_HPLR0_ISA950_ICIW0_IU1_K1_LDSSI0_LDSTI0_LBSPPA256_LBSPPB1024_LBSPPMXSA0_LBSPPMXSB0_LBSPPM0_LPA16_LPB16_LPMXSA0_LPMXSB0_LPM0_LRVW8_LWPMn1_MIAV0_MIWT3_4_MXLIBL_MXSFNS_MO40_MGRIPM1_NTn1_NTA0_NTB0_NTC0_NTD0_NTE0_NTG0_NTMXSA0_NTMXSB0_NTM0_NTWS0_NVn1_NVA0_NVB0_NVC0_NVD0_NVE0_NVG0_NVMXSA0_NVMXSB0_NVM0_NVWS0_NEPBS0_NLCA1_NLCB1_ONLL1_PAP0_PGL0_PGR2_PLR1_PKA1_RAP0_SGROB0_SIA3_SS1_SPO0_SRVW0_SSO0_SVW1_SK5_SKFTR0_SKFDPO0_SKWS0_SKXCCM0_SNLL0_SIP1_SGRO0_TDMI0_TDMIM0_TDMLWS0_TDMPLB0_TDMS0_TIN0_THn1_THA0_THB0_THC0_THD0_THE0_THG0_THMXSA0_THMXSB0_THM0_THWS0_TLDS1_TLDSM1_ULSGRO0_USL1_USLMX0_UDFMAC0_UIOFGRO0_UPLRP0_USFGRO0_USI0_VSn1_VWA1_VWB4_WSGRA0_WSGRB0_WS64_WG32_8_1_WGMXCCn1.kd,96,128,False,in: non-pow2 tile,<128
2048,2048,1536,False,bfloat16,untuned,614,64,420.2,754.2,torch,,torch:hipBLASLt,79.5,Cijk_Alik_Bljk_BBS_BH_Bias_HA_S_SAV_UserArgs_MT128x128x128_MI16x16x1_SN_LDSB0_AFC0_AG1_AGGSUA0_AGNTAB0_AFEM1_AFEM1_ASEM1_BL1_BS1_CD1_1_CLR1_CLS0_CADS0_DTLA0_DTLB0_DTLM0_DTVA0_DTVB0_DTVMXSA0_DTVMXSB0_DTVSM0_DPLB0_EPS0_ELFLR0_EMLLn1_FDSI0_GRPM1_GRVWA8_GRVWB8_GSU0_GSUAMB_GLS0_HPLR0_ISA950_ICIW0_IU1_K1_LDSSI0_LDSTI0_LBSPPA1024_LBSPPB1024_LBSPPMXSA0_LBSPPMXSB0_LBSPPM0_LPA16_LPB16_LPMXSA0_LPMXSB0_LPM0_LRVW8_LWPMn1_MIAV0_MIWT4_4_MXLIBL_MXSFNS_MO40_MGRIPM1_NTn1_NTA0_NTB0_NTC0_NTD4_NTE0_NTG0_NTMXSA0_NTMXSB0_NTM0_NTWS0_NVn1_NVA0_NVB0_NVC0_NVD0_NVE0_NVG0_NVMXSA0_NVMXSB0_NVM0_NVWS0_NEPBS16_NLCA1_NLCB1_ONLL1_PAP0_PGL0_PGR2_PLR1_PKA1_RAP0_SGROB0_SIA3_SS1_SPO0_SRVW0_SSO0_SVW4_SK5_SKFTR0_SKFDPO0_SKWS0_SKXCCM0_SNLL0_SIP1_SGRO0_TDMI0_TDMIM0_TDMLWS0_TDMPLB0_TDMS0_TIN0_THn1_THA0_THB0_THC0_THD0_THE0_THG0_THMXSA0_THMXSB0_THM0_THWS0_TLDS1_TLDSM1_ULSGRO0_USL1_USLMX0_UDFMAC0_UIOFGRO0_UPLRP0_USFGRO1_USI0_VSn1_VWA4_VWB4_WSGRA0_WSGRB0_WS64_WG32_8_1_WGMXCCn1.kd,128,128,False,in: other listed tile,<128
2048,4096,1536,False,bfloat16,tuned,723,128,765.5,1043.2,torch,native,torch:hipBLASLt,36.3,Cijk_Alik_Bljk_BBS_BH_Bias_HA_S_SAV_UserArgs_MT256x128x64_MI16x16x1_SN_LDSB0_AFC0_AG1_AGGSUA0_AGNTAB0_AFEM1_AFEM1_ASEM1_BL1_BS1_CD1_1_CLR1_CLS0_CADS0_DTLA1_DTLB1_DTLM0_DTVA0_DTVB0_DTVMXSA0_DTVMXSB0_DTVSM0_DPLB1_EPS0_ELFLR0_EMLLn1_FDSI0_GRPM1_GRVWA8_GRVWB8_GSU0_GSUAMB_GLS0_HPLR0_ISA950_ICIW0_IU1_K1_LDSSI0_LDSTI0_LBSPPA1024_LBSPPB1024_LBSPPMXSA0_LBSPPMXSB0_LBSPPM0_LPA16_LPB16_LPMXSA0_LPMXSB0_LPM0_LRVW8_LWPMn1_MIAV0_MIWT8_4_MXLIBL_MXSFNS_MO40_MGRIPM1_NTn1_NTA0_NTB0_NTC0_NTD0_NTE0_NTG0_NTMXSA0_NTMXSB0_NTM0_NTWS0_NVn1_NVA0_NVB0_NVC0_NVD0_NVE0_NVG0_NVMXSA0_NVMXSB0_NVM0_NVWS0_NEPBS14_NLCA1_NLCB1_ONLL1_PAP0_PGL0_PGR2_PLR1_PKA1_RAP0_SGROB1_SIA3_SS1_SPO0_SRVW0_SSO1_SVW8_SK5_SKFTR0_SKFDPO0_SKWS0_SKXCCM0_SNLL0_SIP1_SGRO0_TDMI0_TDMIM0_TDMLWS0_TDMPLB0_TDMS0_TIN1_THn1_THA0_THB0_THC0_THD0_THE0_THG0_THMXSA0_THMXSB0_THM0_THWS0_TLDS1_TLDSMn1_ULSGRO1_USL1_USLMX0_UDFMAC0_UIOFGRO0_UPLRP0_USFGRO0_USI0_VSn1_VWA8_VWB4_WSGRA0_WSGRB0_WS64_WG32_8_1_WGMXCCn1.kd,256,128,False,in: other listed tile,128-255
3072,2048,1536,False,bfloat16,untuned,683,96,605.4,884.4,opus,opus_gemm_mono_tile_512x128x256x64_2x4_16x16x32_0x0x0_nooob_4g_safe,opus:opus_gemm_mono_tile_512x128x256x64_2x4_16x16x32_0x0x0_nooob_4g_safe,46.1,,128,256,False,in: other listed tile,<128
3072,4096,1536,False,bfloat16,tuned,819,192,1099.9,1149.9,opus,opus_gemm_mono_tile_512x192x256x64_2x4_16x16x32_0x0x0_nooob,opus:opus_gemm_mono_tile_512x192x256x64_2x4_16x16x32_0x0x0_nooob,4.5,,192,256,False,in: non-pow2 tile,128-255
4096,1536,1536,False,bfloat16,tuned,647,96,604.9,819.5,torch,native,torch:hipBLASLt,35.5,Cijk_Alik_Bljk_BBS_BH_Bias_HA_S_SAV_UserArgs_MT192x128x128_MI16x16x1_SN_LDSB1_AFC0_AG0_AGGSUA0_AGNTAB0_AFEM1_AFEM1_ASEM1_BL1_BS1_CD1_1_CLR0_CLS0_CADS0_DTLA0_DTLB0_DTLM0_DTVA0_DTVB0_DTVMXSA0_DTVMXSB0_DTVSM0_DPLB0_EPS0_ELFLR0_EMLLn1_FDSI0_GRPM1_GRVWA8_GRVWB8_GSU0_GSUAMB_GLS0_HPLR0_ISA950_ICIW0_IU1_K1_LDSSI0_LDSTI0_LBSPPA512_LBSPPB1024_LBSPPMXSA0_LBSPPMXSB0_LBSPPM0_LPA16_LPB16_LPMXSA0_LPMXSB0_LPM0_LRVW8_LWPMn1_MIAV0_MIWT6_4_MXLIBL_MXSFNS_MO40_MGRIPM1_NTn1_NTA0_NTB0_NTC1_NTD4_NTE0_NTG0_NTMXSA0_NTMXSB0_NTM0_NTWS0_NVn1_NVA0_NVB0_NVC0_NVD0_NVE0_NVG0_NVMXSA0_NVMXSB0_NVM0_NVWS0_NEPBS0_NLCA1_NLCB1_ONLL1_PAP0_PGL0_PGR2_PLR1_PKA1_RAP0_SGROB0_SIA3_SS1_SPO0_SRVW0_SSO1_SVW2_SK5_SKFTR0_SKFDPO0_SKWS0_SKXCCM0_SNLL0_SIP1_SGRO0_TDMI0_TDMIM0_TDMLWS0_TDMPLB0_TDMS0_TIN0_THn1_THA0_THB0_THC0_THD0_THE0_THG0_THMXSA0_THMXSB0_THM0_THWS0_TLDS2_TLDSM1_ULSGRO0_USL1_USLMX0_UDFMAC0_UIOFGRO0_UPLRP0_USFGRO0_USI0_VSn1_VWA2_VWB4_WSGRA0_WSGRB0_WS64_WG32_8_1_WGMXCCn1.kd,192,128,False,in: non-pow2 tile,<128
4096,2048,1536,False,bfloat16,tuned,723,128,763.7,1024.6,opus,opus_gemm_mono_tile_512x128x256x64_2x4_16x16x32_0x0x0_nooob_4g_safe,opus:opus_gemm_mono_tile_512x128x256x64_2x4_16x16x32_0x0x0_nooob_4g_safe,34.2,,128,256,False,in: other listed tile,128-255
4096,3072,1536,False,bfloat16,tuned,819,192,1079.5,1050.6,flydsl,flydsl_hgemm_abf16_wbf16_bf16_t256x256x64x2_ks1_w2x4x1_bias0_ktail0_gm0_pht_gfx950,gluon,0.0,,256,256,False,in: 256x256,128-255
4096,4096,1536,False,bfloat16,untuned,878,256,1269.5,1230.3,torch,,gluon,0.0,,256,256,False,in: 256x256,256-511
5120,2048,1536,False,bfloat16,untuned,749,160,927.6,1041.9,torch,,torch:hipBLASLt,12.3,Cijk_Alik_Bljk_BBS_BH_Bias_HA_S_SAV_UserArgs_MT256x160x64_MI16x16x1_SN_LDSB0_AFC0_AG0_AGGSUA0_AGNTAB0_AFEM1_AFEM1_ASEM1_BL1_BS1_CD1_1_CLR1_CLS0_CADS0_DTLA0_DTLB0_DTLM0_DTVA0_DTVB0_DTVMXSA0_DTVMXSB0_DTVSM0_DPLB0_EPS0_ELFLR0_EMLLn1_FDSI0_GRPM1_GRVWA8_GRVWB8_GSU0_GSUAMB_GLS0_HPLR0_ISA950_ICIW0_IU1_K1_LDSSI0_LDSTI0_LBSPPA1024_LBSPPB128_LBSPPMXSA0_LBSPPMXSB0_LBSPPM0_LPA16_LPB16_LPMXSA0_LPMXSB0_LPM0_LRVW8_LWPMn1_MIAV0_MIWT8_5_MXLIBL_MXSFNS_MO40_MGRIPM1_NTn1_NTA0_NTB0_NTC0_NTD0_NTE0_NTG0_NTMXSA0_NTMXSB0_NTM0_NTWS0_NVn1_NVA0_NVB0_NVC0_NVD0_NVE0_NVG0_NVMXSA0_NVMXSB0_NVM0_NVWS0_NEPBS0_NLCA1_NLCB1_ONLL1_PAP0_PGL0_PGR2_PLR1_PKA1_RAP0_SGROB0_SIA3_SS1_SPO0_SRVW0_SSO0_SVW8_SK5_SKFTR0_SKFDPO0_SKWS0_SKXCCM0_SNLL0_SIP1_SGRO0_TDMI0_TDMIM0_TDMLWS0_TDMPLB0_TDMS0_TIN0_THn1_THA0_THB0_THC0_THD0_THE0_THG0_THMXSA0_THMXSB0_THM0_THWS0_TLDS1_TLDSM1_ULSGRO0_USL1_USLMX0_UDFMAC0_UIOFGRO0_UPLRP0_USFGRO0_USI0_VSn1_VWA8_VWB1_WSGRA0_WSGRB0_WS64_WG32_8_1_WGMXCCn1.kd,256,160,False,in: non-pow2 tile,128-255
5120,4096,1536,False,bfloat16,untuned,917,320,1002.8,1217.4,torch,,torch:hipBLASLt,21.4,Cijk_Alik_Bljk_BBS_BH_Bias_HA_S_SAV_UserArgs_MT256x320x64_MI16x16x1_SN_LDSB0_AFC0_AG0_AGGSUA0_AGNTAB0_AFEM1_AFEM1_ASEM1_BL1_BS1_CD1_1_CLR1_CLS0_CADS0_DTLA0_DTLB0_DTLM0_DTVA0_DTVB0_DTVMXSA0_DTVMXSB0_DTVSM0_DPLB0_EPS0_ELFLR0_EMLLn1_FDSI0_GRPM1_GRVWA8_GRVWB8_GSU0_GSUAMB_GLS0_HPLR0_ISA950_ICIW0_IU1_K1_LDSSI0_LDSTI0_LBSPPA0_LBSPPB0_LBSPPMXSA0_LBSPPMXSB0_LBSPPM0_LPA0_LPB0_LPMXSA0_LPMXSB0_LPM0_LRVWn1_LWPMn1_MIAV0_MIWT16_5_MXLIBL_MXSFNS_MO40_MGRIPM1_NTn1_NTA0_NTB0_NTC0_NTD0_NTE0_NTG0_NTMXSA0_NTMXSB0_NTM0_NTWS0_NVn1_NVA0_NVB0_NVC0_NVD0_NVE0_NVG0_NVMXSA0_NVMXSB0_NVM0_NVWS0_NEPBS0_NLCA1_NLCB1_ONLL1_PAP0_PGL0_PGR2_PLR1_PKA0_RAP0_SGROB0_SIA3_SS0_SPO0_SRVW0_SSO0_SVW4_SK5_SKFTR0_SKFDPO0_SKWS0_SKXCCM0_SNLL0_SIP1_SGRO0_TDMI0_TDMIM0_TDMLWS0_TDMPLB0_TDMS0_TIN0_THn1_THA0_THB0_THC0_THD0_THE0_THG0_THMXSA0_THMXSB0_THM0_THWS0_TLDS1_TLDSMn1_ULSGRO0_USL0_USLMX0_UDFMAC0_UIOFGRO0_UPLRP0_USFGRO0_USI1_VSn1_VWA1_VWB1_WSGRA0_WSGRB0_WS64_WG16_16_1_WGMXCCn1.kd,256,320,False,in: non-pow2 tile,256-511
7680,2048,1536,False,bfloat16,untuned,788,240,1214.5,1191.5,torch,,gluon,0.0,,256,256,False,in: 256x256,128-255
7680,4096,1536,False,bfloat16,untuned,975,480,1261.6,1168.9,torch,,gluon,0.0,,256,256,False,in: 256x256,256-511
8192,1536,1536,False,bfloat16,tuned,702,192,1077.9,1139.3,torch,native,torch:hipBLASLt,5.7,Cijk_Alik_Bljk_BBS_BH_Bias_HA_S_SAV_UserArgs_MT192x256x64_MI16x16x1_CMS_SN_LDSB0_AFC0_AG0_AGGSUA0_AGNTAB0_AFEM1_AFEM1_ASEM1_BL1_BS1_CD1_1_CLR1_CLS0_CADS0_DTLA1_DTLB1_DTLM0_DTVA0_DTVB0_DTVMXSA0_DTVMXSB0_DTVSM0_DPLB0_EPS0_ELFLR0_EMLLn1_FDSI0_GRPM1_GRVWA8_GRVWB8_GSU0_GSUAMB_GLS0_HPLR0_ISA950_ICIW0_IU1_K1_LDSSI0_LDSTI0_LBSPPA1024_LBSPPB1024_LBSPPMXSA0_LBSPPMXSB0_LBSPPM0_LPA16_LPB16_LPMXSA0_LPMXSB0_LPM0_LRVW8_LWPMn1_MIAV0_MIWT6_8_MXLIBL_MXSFNS_MO40_MGRIPM1_NTn1_NTA0_NTB0_NTC0_NTD4_NTE0_NTG0_NTMXSA0_NTMXSB0_NTM0_NTWS0_NVn1_NVA0_NVB0_NVC0_NVD0_NVE0_NVG0_NVMXSA0_NVMXSB0_NVM0_NVWS0_NEPBS0_NLCA1_NLCB1_ONLL1_PAP0_PGL0_PGR2_PLR1_PKA1_RAP0_SGROB0_SIA3_SS1_SPO0_SRVW0_SSO1_SVW2_SK5_SKFTR0_SKFDPO0_SKWS0_SKXCCM0_SNLL0_SIP1_SGRO0_TDMI0_TDMIM0_TDMLWS0_TDMPLB0_TDMS0_TIN0_THn1_THA0_THB0_THC0_THD0_THE0_THG0_THMXSA0_THMXSB0_THM0_THWS0_TLDS1_TLDSM1_ULSGRO0_USL1_USLMX0_UDFMAC0_UIOFGRO0_UPLRP0_USFGRO0_USI0_VSn1_VWA2_VWB8_WSGRA0_WSGRB0_WS64_WG32_8_1_WGMXCCn1.kd,192,256,False,in: non-pow2 tile,128-255
10240,7168,1536,False,bfloat16,tuned,1126,1120,1257.0,1217.7,asm,_ZN5aiter24bf16gemm_bf16_tn_256x256E,gluon,0.0,,256,256,False,in: 256x256,>=512
16384,1536,1536,False,bfloat16,tuned,734,384,1166.8,1192.1,torch,native,torch:hipBLASLt,2.2,Cijk_Alik_Bljk_BBS_BH_Bias_HA_S_SAV_UserArgs_MT192x256x64_MI16x16x1_CMS_SN_LDSB0_AFC0_AG0_AGGSUA0_AGNTAB0_AFEM1_AFEM1_ASEM1_BL1_BS1_CD1_1_CLR1_CLS0_CADS0_DTLA1_DTLB1_DTLM0_DTVA0_DTVB0_DTVMXSA0_DTVMXSB0_DTVSM0_DPLB0_EPS0_ELFLR0_EMLLn1_FDSI0_GRPM1_GRVWA8_GRVWB8_GSU0_GSUAMB_GLS0_HPLR0_ISA950_ICIW0_IU1_K1_LDSSI0_LDSTI0_LBSPPA1024_LBSPPB1024_LBSPPMXSA0_LBSPPMXSB0_LBSPPM0_LPA16_LPB16_LPMXSA0_LPMXSB0_LPM0_LRVW8_LWPMn1_MIAV0_MIWT6_8_MXLIBL_MXSFNS_MO40_MGRIPM1_NTn1_NTA0_NTB0_NTC0_NTD4_NTE0_NTG0_NTMXSA0_NTMXSB0_NTM0_NTWS0_NVn1_NVA0_NVB0_NVC0_NVD0_NVE0_NVG0_NVMXSA0_NVMXSB0_NVM0_NVWS0_NEPBS0_NLCA1_NLCB1_ONLL1_PAP0_PGL0_PGR2_PLR1_PKA1_RAP0_SGROB0_SIA3_SS1_SPO0_SRVW0_SSO1_SVW2_SK5_SKFTR0_SKFDPO0_SKWS0_SKXCCM0_SNLL0_SIP1_SGRO0_TDMI0_TDMIM0_TDMLWS0_TDMPLB0_TDMS0_TIN0_THn1_THA0_THB0_THC0_THD0_THE0_THG0_THMXSA0_THMXSB0_THM0_THWS0_TLDS1_TLDSM1_ULSGRO0_USL1_USLMX0_UDFMAC0_UIOFGRO0_UPLRP0_USFGRO0_USI0_VSn1_VWA2_VWB8_WSGRA0_WSGRB0_WS64_WG32_8_1_WGMXCCn1.kd,192,256,False,in: non-pow2 tile,256-511
16384,2048,1536,False,bfloat16,untuned,833,512,1303.7,1284.3,torch,,gluon,0.0,,256,256,False,in: 256x256,>=512
16384,3072,1536,False,bfloat16,tuned,964,768,1337.6,1305.2,torch,native,gluon,0.0,,256,256,False,in: 256x256,>=512
16384,4096,1536,False,bfloat16,untuned,1046,1024,1352.2,1318.9,torch,,gluon,0.0,,256,256,False,in: 256x256,>=512
32768,1536,1536,False,bfloat16,tuned,750,768,1336.5,1290.3,flydsl,flydsl_hgemm_abf16_wbf16_bf16_t256x256x64x2_ks1_w2x4x1_bias0_ktail0_gm4_pht_gfx950,gluon,0.0,,256,256,False,in: 256x256,>=512
512,7168,1792,False,bfloat16,tuned,377,56,391.9,713.8,flydsl,flydsl_hgemm_abf16_wbf16_bf16_t128x128x64x3_ks1_w4x4x1_bias0_ktail0_gm0_pft_gfx950,flydsl:flydsl_hgemm_abf16_wbf16_bf16_t128x128x64x3_ks1_w4x4x1_bias0_ktail0_gm0_pft_gfx950,82.1,,128,128,False,in: other listed tile,<128
1024,7168,1792,False,bfloat16,tuned,597,112,722.4,845.6,flydsl,flydsl_hgemm_abf16_wbf16_bf16_t256x128x64x3_ks1_w4x4x1_bias0_ktail0_gm0_pft_gfx950,flydsl:flydsl_hgemm_abf16_wbf16_bf16_t256x128x64x3_ks1_w4x4x1_bias0_ktail0_gm0_pft_gfx950,17.1,,256,128,False,in: other listed tile,<128
2048,7168,1792,False,bfloat16,tuned,843,224,1265.2,1198.5,flydsl,flydsl_hgemm_abf16_wbf16_bf16_t256x256x64x2_ks1_w2x4x1_bias0_ktail0_gm0_pht_gfx950,gluon,0.0,,256,256,False,in: 256x256,128-255
4096,7168,1792,False,bfloat16,tuned,1062,448,1292.1,1260.4,flydsl,flydsl_hgemm_abf16_wbf16_bf16_t256x256x64x2_ks1_w2x4x1_bias0_ktail0_gm4_pht_gfx950,gluon,0.0,,256,256,False,in: 256x256,256-511
8192,7168,1792,False,bfloat16,tuned,1220,896,1320.0,1273.4,asm,_ZN5aiter24bf16gemm_bf16_tn_256x256E,gluon,0.0,,256,256,False,in: 256x256,>=512
16384,7168,1792,False,bfloat16,tuned,1318,1792,1394.4,1376.5,torch,native,gluon,0.0,,256,256,False,in: 256x256,>=512
32768,7168,1792,False,bfloat16,tuned,1374,3584,1402.8,1278.9,torch,native,gluon,0.0,,256,256,False,in: 256x256,>=512
512,4096,2048,False,bfloat16,untuned,372,32,237.4,609.3,torch,,torch:hipBLASLt,156.7,Cijk_Alik_Bljk_BBS_BH_Bias_HA_S_SAV_UserArgs_MT128x64x128_MI16x16x1_SN_LDSB1_AFC0_AG0_AGGSUA0_AGNTAB0_AFEM1_AFEM1_ASEM1_BL1_BS1_CD1_1_CLR1_CLS0_CADS0_DTLA0_DTLB0_DTLM0_DTVA0_DTVB0_DTVMXSA0_DTVMXSB0_DTVSM0_DPLB0_EPS0_ELFLR0_EMLLn1_FDSI0_GRPM1_GRVWA8_GRVWB8_GSU0_GSUAMB_GLS0_HPLR0_ISA950_ICIW0_IU1_K1_LDSSI0_LDSTI0_LBSPPA1024_LBSPPB512_LBSPPMXSA0_LBSPPMXSB0_LBSPPM0_LPA16_LPB16_LPMXSA0_LPMXSB0_LPM0_LRVW8_LWPMn1_MIAV0_MIWT4_2_MXLIBL_MXSFNS_MO40_MGRIPM2_NTn1_NTA0_NTB0_NTC0_NTD0_NTE0_NTG0_NTMXSA0_NTMXSB0_NTM0_NTWS0_NVn1_NVA0_NVB0_NVC0_NVD0_NVE0_NVG0_NVMXSA0_NVMXSB0_NVM0_NVWS0_NEPBS0_NLCA1_NLCB1_ONLL1_PAP0_PGL0_PGR2_PLR1_PKA1_RAP0_SGROB0_SIA3_SS1_SPO0_SRVW0_SSO0_SVW4_SK5_SKFTR0_SKFDPO0_SKWS0_SKXCCM0_SNLL0_SIP1_SGRO0_TDMI0_TDMIM0_TDMLWS0_TDMPLB0_TDMS0_TIN0_THn1_THA0_THB0_THC0_THD0_THE0_THG0_THMXSA0_THMXSB0_THM0_THWS0_TLDS1_TLDSM1_ULSGRO0_USL1_USLMX0_UDFMAC0_UIOFGRO0_UPLRP0_USFGRO0_USI0_VSn1_VWA4_VWB2_WSGRA0_WSGRB0_WS64_WG32_8_1_WGMXCCn1.kd,128,64,False,in: other listed tile,<128
512,6144,2048,False,float32,tuned,323,48,316.0,420.8,asm,_ZN5aiter37bf16gemm_fp32bf16_tn_96x64_pf3_splitkE,asm:_ZN5aiter37bf16gemm_fp32bf16_tn_96x64_pf3_splitkE,33.2,,96,64,True,out: split-K,<128
512,6144,2048,False,bfloat16,tuned,384,48,355.3,672.4,flydsl,flydsl_hgemm_abf16_wbf16_bf16_t128x96x64x4_ks1_w2x2x1_bias0_ktail0_gm4_pft_gfx950,flydsl:flydsl_hgemm_abf16_wbf16_bf16_t128x96x64x4_ks1_w2x2x1_bias0_ktail0_gm4_pft_gfx950,89.2,,128,96,False,in: non-pow2 tile,<128
512,8192,2048,False,bfloat16,tuned,390,64,453.2,771.9,flydsl,flydsl_hgemm_abf16_wbf16_bf16_t128x128x64x3_ks1_w4x4x1_bias0_ktail0_gm0_pft_gfx950,flydsl:flydsl_hgemm_abf16_wbf16_bf16_t128x128x64x3_ks1_w4x4x1_bias0_ktail0_gm0_pft_gfx950,70.3,,128,128,False,in: other listed tile,<128
512,16384,2048,False,bfloat16,tuned,400,128,824.3,811.8,flydsl,flydsl_hgemm_abf16_wbf16_bf16_t128x128x64x4_ks1_w2x4x1_bias0_ktail0_gm0_pft_gfx950,gluon,0.0,,256,256,False,in: 256x256,128-255
1024,4096,2048,False,bfloat16,untuned,585,64,453.6,811.1,torch,,torch:hipBLASLt,78.8,Cijk_Alik_Bljk_BBS_BH_Bias_HA_S_SAV_UserArgs_MT128x128x128_MI16x16x1_SN_LDSB0_AFC0_AG1_AGGSUA0_AGNTAB0_AFEM1_AFEM1_ASEM1_BL1_BS1_CD1_1_CLR1_CLS0_CADS0_DTLA0_DTLB0_DTLM0_DTVA0_DTVB0_DTVMXSA0_DTVMXSB0_DTVSM0_DPLB0_EPS0_ELFLR0_EMLLn1_FDSI0_GRPM1_GRVWA8_GRVWB8_GSU0_GSUAMB_GLS0_HPLR0_ISA950_ICIW0_IU1_K1_LDSSI0_LDSTI0_LBSPPA1024_LBSPPB1024_LBSPPMXSA0_LBSPPMXSB0_LBSPPM0_LPA16_LPB16_LPMXSA0_LPMXSB0_LPM0_LRVW8_LWPMn1_MIAV0_MIWT4_4_MXLIBL_MXSFNS_MO40_MGRIPM1_NTn1_NTA0_NTB0_NTC0_NTD4_NTE0_NTG0_NTMXSA0_NTMXSB0_NTM0_NTWS0_NVn1_NVA0_NVB0_NVC0_NVD0_NVE0_NVG0_NVMXSA0_NVMXSB0_NVM0_NVWS0_NEPBS16_NLCA1_NLCB1_ONLL1_PAP0_PGL0_PGR2_PLR1_PKA1_RAP0_SGROB0_SIA3_SS1_SPO0_SRVW0_SSO0_SVW4_SK5_SKFTR0_SKFDPO0_SKWS0_SKXCCM0_SNLL0_SIP1_SGRO0_TDMI0_TDMIM0_TDMLWS0_TDMPLB0_TDMS0_TIN0_THn1_THA0_THB0_THC0_THD0_THE0_THG0_THMXSA0_THMXSB0_THM0_THWS0_TLDS1_TLDSM1_ULSGRO0_USL1_USLMX0_UDFMAC0_UIOFGRO0_UPLRP0_USFGRO1_USI0_VSn1_VWA4_VWB4_WSGRA0_WSGRB0_WS64_WG32_8_1_WGMXCCn1.kd,128,128,False,in: other listed tile,<128
1024,6144,2048,False,float32,tuned,473,96,611.2,671.2,opus,opus_gemm_persistent_512x128x128x64_2x4_16x16x32_0x0x0,opus:opus_gemm_persistent_512x128x128x64_2x4_16x16x32_0x0x0,9.8,,128,128,False,in: other listed tile,<128
1024,6144,2048,False,bfloat16,tuned,614,96,662.6,805.9,flydsl,flydsl_hgemm_abf16_wbf16_bf16_t256x128x64x3_ks1_w4x2x2_bias0_ktail0_gm0_pft_gfx950,flydsl:flydsl_hgemm_abf16_wbf16_bf16_t256x128x64x3_ks1_w4x2x2_bias0_ktail0_gm0_pft_gfx950,21.6,,256,128,False,in: other listed tile,<128
1024,8192,2048,False,bfloat16,tuned,630,128,822.4,1056.7,flydsl,flydsl_hgemm_abf16_wbf16_bf16_t128x256x64x2_ks1_w2x4x1_bias0_ktail0_gm4_pht_gfx950,flydsl:flydsl_hgemm_abf16_wbf16_bf16_t128x256x64x2_ks1_w2x4x1_bias0_ktail0_gm4_pht_gfx950,28.5,,128,256,False,in: other listed tile,128-255
1024,16384,2048,False,bfloat16,tuned,655,256,1373.9,937.6,flydsl,flydsl_hgemm_abf16_wbf16_bf16_t256x64x64x2_ks1_w2x2x1_bias0_ktail0_gm4_pht_gfx950,gluon,0.0,,256,256,False,in: 256x256,256-511
2048,4096,2048,False,bfloat16,untuned,819,128,828.1,1127.4,torch,,torch:hipBLASLt,36.1,Cijk_Alik_Bljk_BBS_BH_Bias_HA_S_SAV_UserArgs_MT256x128x64_MI16x16x1_SN_LDSB0_AFC0_AG1_AGGSUA0_AGNTAB0_AFEM1_AFEM1_ASEM1_BL1_BS1_CD1_1_CLR1_CLS0_CADS0_DTLA1_DTLB1_DTLM0_DTVA0_DTVB0_DTVMXSA0_DTVMXSB0_DTVSM0_DPLB1_EPS0_ELFLR0_EMLLn1_FDSI0_GRPM1_GRVWA8_GRVWB8_GSU0_GSUAMB_GLS0_HPLR0_ISA950_ICIW0_IU1_K1_LDSSI0_LDSTI0_LBSPPA1024_LBSPPB1024_LBSPPMXSA0_LBSPPMXSB0_LBSPPM0_LPA16_LPB16_LPMXSA0_LPMXSB0_LPM0_LRVW8_LWPMn1_MIAV0_MIWT8_4_MXLIBL_MXSFNS_MO40_MGRIPM1_NTn1_NTA0_NTB0_NTC0_NTD0_NTE0_NTG0_NTMXSA0_NTMXSB0_NTM0_NTWS0_NVn1_NVA0_NVB0_NVC0_NVD0_NVE0_NVG0_NVMXSA0_NVMXSB0_NVM0_NVWS0_NEPBS14_NLCA1_NLCB1_ONLL1_PAP0_PGL0_PGR2_PLR1_PKA1_RAP0_SGROB1_SIA3_SS1_SPO0_SRVW0_SSO1_SVW8_SK5_SKFTR0_SKFDPO0_SKWS0_SKXCCM0_SNLL0_SIP1_SGRO0_TDMI0_TDMIM0_TDMLWS0_TDMPLB0_TDMS0_TIN1_THn1_THA0_THB0_THC0_THD0_THE0_THG0_THMXSA0_THMXSB0_THM0_THWS0_TLDS1_TLDSMn1_ULSGRO1_USL1_USLMX0_UDFMAC0_UIOFGRO0_UPLRP0_USFGRO0_USI0_VSn1_VWA8_VWB4_WSGRA0_WSGRB0_WS64_WG32_8_1_WGMXCCn1.kd,256,128,False,in: other listed tile,128-255
2048,6144,2048,False,float32,tuned,614,192,1076.8,1041.7,asm,_ZN5aiter24bf16gemm_bf16_tn_256x256E,gluon,0.0,,256,256,False,in: 256x256,128-255
2048,6144,2048,False,bfloat16,tuned,878,192,1207.7,1138.3,flydsl,flydsl_hgemm_abf16_wbf16_bf16_t256x256x64x2_ks1_w2x4x1_bias0_ktail0_gm0_pht_gfx950,gluon,0.0,,256,256,False,in: 256x256,128-255
2048,8192,2048,False,bfloat16,tuned,910,256,1375.6,1322.8,flydsl,flydsl_hgemm_abf16_wbf16_bf16_t256x256x64x2_ks1_w2x4x1_bias0_ktail0_gm4_pht_gfx950,gluon,0.0,,256,256,False,in: 256x256,256-511
2048,16384,2048,False,bfloat16,tuned,964,512,1413.5,1110.0,flydsl,flydsl_hgemm_abf16_wbf16_bf16_t256x256x64x2_ks1_w4x4x1_bias0_ktail0_gm0_pft_gfx950,gluon,0.0,,256,256,False,in: 256x256,>=512
3072,4096,2048,False,bfloat16,untuned,945,192,1191.3,1244.3,torch,,torch:hipBLASLt,4.4,Cijk_Alik_Bljk_BBS_BH_Bias_HA_S_SAV_UserArgs_MT256x192x64_MI16x16x1_CMS_SN_LDSB0_AFC0_AG1_AGGSUA0_AGNTAB0_AFEM1_AFEM1_ASEM1_BL1_BS1_CD1_1_CLR0_CLS0_CADS0_DTLA1_DTLB1_DTLM0_DTVA0_DTVB0_DTVMXSA0_DTVMXSB0_DTVSM0_DPLB0_EPS0_ELFLR0_EMLLn1_FDSI0_GRPM1_GRVWA8_GRVWB8_GSU0_GSUAMB_GLS0_HPLR0_ISA950_ICIW0_IU1_K1_LDSSI0_LDSTI0_LBSPPA1024_LBSPPB1024_LBSPPMXSA0_LBSPPMXSB0_LBSPPM0_LPA16_LPB16_LPMXSA0_LPMXSB0_LPM0_LRVW8_LWPMn1_MIAV0_MIWT8_6_MXLIBL_MXSFNS_MO40_MGRIPM1_NTn1_NTA0_NTB0_NTC4_NTD4_NTE0_NTG0_NTMXSA0_NTMXSB0_NTM0_NTWS0_NVn1_NVA0_NVB0_NVC0_NVD0_NVE0_NVG0_NVMXSA0_NVMXSB0_NVM0_NVWS0_NEPBS12_NLCA1_NLCB1_ONLL1_PAP0_PGL0_PGR2_PLR1_PKA1_RAP0_SGROB0_SIA3_SS1_SPO0_SRVW0_SSO1_SVW8_SK5_SKFTR0_SKFDPO0_SKWS0_SKXCCM0_SNLL0_SIP1_SGRO0_TDMI0_TDMIM0_TDMLWS0_TDMPLB0_TDMS0_TIN0_THn1_THA0_THB0_THC0_THD0_THE0_THG0_THMXSA0_THMXSB0_THM0_THWS0_TLDS1_TLDSM1_ULSGRO0_USL1_USLMX0_UDFMAC0_UIOFGRO0_UPLRP0_USFGRO0_USI0_VSn1_VWA8_VWB2_WSGRA0_WSGRB0_WS64_WG32_8_1_WGMXCCn1.kd,256,192,False,in: non-pow2 tile,128-255
4096,4096,2048,False,bfloat16,untuned,1024,256,1383.6,1323.8,torch,,gluon,0.0,,256,256,False,in: 256x256,256-511
4096,6144,2048,False,float32,tuned,723,384,1099.5,1055.5,asm,_ZN5aiter24bf16gemm_bf16_tn_256x256E,gluon,0.0,,256,256,False,in: 256x256,256-511
4096,6144,2048,False,bfloat16,tuned,1117,384,1239.3,1057.8,flydsl,flydsl_hgemm_abf16_wbf16_bf16_t128x128x64x2_ks1_w2x4x1_bias0_ktail0_gm4_pht_gfx950,gluon,0.0,,256,256,False,in: 256x256,256-511
4096,8192,2048,False,bfloat16,tuned,1170,512,1398.6,1349.2,flydsl,flydsl_hgemm_abf16_wbf16_bf16_t256x256x64x2_ks1_w2x4x1_bias0_ktail0_gm0_pht_gfx950,gluon,0.0,,256,256,False,in: 256x256,>=512
4096,16384,2048,False,bfloat16,tuned,1260,1024,1432.4,973.5,flydsl,flydsl_hgemm_abf16_wbf16_bf16_t256x64x64x2_ks1_w4x2x1_bias0_ktail0_gm4_pft_gfx950,gluon,0.0,,256,256,False,in: 256x256,>=512
5120,4096,2048,False,bfloat16,untuned,1078,320,1070.4,1220.5,torch,,torch:hipBLASLt,14.0,Cijk_Alik_Bljk_BBS_BH_Bias_HA_S_SAV_UserArgs_MT256x160x64_MI16x16x1_SN_LDSB0_AFC1_AG0_AGGSUA0_AGNTAB0_AFEM1_AFEM1_ASEM1_BL1_BS1_CD1_1_CLR0_CLS0_CADS0_DTLA1_DTLB1_DTLM0_DTVA0_DTVB0_DTVMXSA0_DTVMXSB0_DTVSM0_DPLB0_EPS0_ELFLR0_EMLLn1_FDSI0_GRPM1_GRVWA8_GRVWB8_GSU0_GSUAMB_GLS0_HPLR0_ISA950_ICIW0_IU1_K1_LDSSI0_LDSTI0_LBSPPA1024_LBSPPB1024_LBSPPMXSA0_LBSPPMXSB0_LBSPPM0_LPA16_LPB16_LPMXSA0_LPMXSB0_LPMn1_LRVW8_LWPMn1_MIAV0_MIWT8_5_MXLIBL_MXSFNS_MO64_MGRIPM1_NTn1_NTA1_NTB2_NTC6_NTD2_NTE0_NTG0_NTMXSA0_NTMXSB0_NTM0_NTWS0_NVn1_NVA0_NVB0_NVC0_NVD0_NVE0_NVG0_NVMXSA0_NVMXSB0_NVM0_NVWS0_NEPBS16_NLCA1_NLCB1_ONLL1_PAP0_PGL0_PGR2_PLR1_PKA1_RAP0_SGROB0_SIA3_SS1_SPO0_SRVW0_SSO4_SVW8_SK5_SKFTR0_SKFDPO0_SKWS0_SKXCCM8_SNLL0_SIP1_SGRO0_TDMI0_TDMIM0_TDMLWS0_TDMPLB0_TDMS0_TIN0_THn1_THA0_THB0_THC0_THD0_THE0_THG0_THMXSA0_THMXSB0_THM0_THWS0_TLDS1_TLDSM1_ULSGRO0_USL1_USLMX0_UDFMAC0_UIOFGRO0_UPLRP0_USFGRO0_USI0_VSn1_VWA8_VWB1_WSGRA0_WSGRB0_WS64_WG32_8_1_WGMXCC1.kd,256,160,False,in: non-pow2 tile,256-511
7680,4096,2048,False,bfloat16,untuned,1159,480,1361.1,1299.1,torch,,gluon,0.0,,256,256,False,in: 256x256,256-511
8192,6144,2048,False,float32,tuned,793,768,1265.8,1232.3,asm,_ZN5aiter24bf16gemm_bf16_tn_256x256E,gluon,0.0,,256,256,False,in: 256x256,>=512
8192,6144,2048,False,bfloat16,tuned,1293,768,1428.8,862.9,flydsl,flydsl_hgemm_abf16_wbf16_bf16_t128x128x64x4_ks1_w2x2x2_bias0_ktail0_gm0_pft_gfx950,gluon,0.0,,256,256,False,in: 256x256,>=512
8192,8192,2048,False,bfloat16,tuned,1365,1024,1422.8,1403.2,asm,_ZN5aiter24bf16gemm_bf16_tn_256x256E,gluon,0.0,,256,256,False,in: 256x256,>=512
8192,16384,2048,False,bfloat16,tuned,1489,2048,1374.5,1030.4,triton,auto,gluon,0.0,,256,256,False,in: 256x256,>=512
16384,4096,2048,False,bfloat16,tuned,1260,1024,1439.9,1374.6,torch,native,gluon,0.0,,256,256,False,in: 256x256,>=512
16384,6144,2048,False,float32,tuned,833,1536,1231.5,1190.6,asm,_ZN5aiter24bf16gemm_bf16_tn_256x256E,gluon,0.0,,256,256,False,in: 256x256,>=512
16384,6144,2048,False,bfloat16,tuned,1404,1536,1431.1,1308.3,torch,native,gluon,0.0,,256,256,False,in: 256x256,>=512
16384,8192,2048,False,bfloat16,tuned,1489,2048,1424.3,1401.6,torch,native,gluon,0.0,,256,256,False,in: 256x256,>=512
16384,16384,2048,False,bfloat16,tuned,1638,4096,1376.6,979.1,flydsl,flydsl_hgemm_abf16_wbf16_bf16_t128x128x64x2_ks1_w2x2x1_bias0_ktail0_gm0_pht_gfx950,gluon,0.0,,256,256,False,in: 256x256,>=512
32768,6144,2048,False,bfloat16,tuned,1467,3072,1416.8,1011.3,flydsl,flydsl_hgemm_abf16_wbf16_bf16_t256x128x64x3_ks1_w4x2x1_bias0_ktail0_gm0_pft_gfx950,gluon,0.0,,256,256,False,in: 256x256,>=512
32768,8192,2048,False,bfloat16,tuned,1560,4096,1418.1,1316.4,torch,native,gluon,0.0,,256,256,False,in: 256x256,>=512
32768,16384,2048,False,bfloat16,tuned,1725,8192,1370.5,844.0,flydsl,flydsl_hgemm_abf16_wbf16_bf16_t128x128x64x3_ks1_w2x2x1_bias0_ktail0_gm4_pft_gfx950,gluon,0.0,,256,256,False,in: 256x256,>=512
512,6144,3072,False,float32,tuned,361,48,346.4,386.4,opus,opus_gemm_512x128x128x64_2x4_16x16x32_0x0x0_nooob_cA17cB1,opus:opus_gemm_512x128x128x64_2x4_16x16x32_0x0x0_nooob_cA17cB1,11.5,,128,128,False,in: other listed tile,<128
512,6144,3072,False,bfloat16,tuned,410,48,380.1,740.3,flydsl,flydsl_hgemm_abf16_wbf16_bf16_t128x96x64x4_ks1_w2x2x1_bias0_ktail0_gm0_pft_gfx950,flydsl:flydsl_hgemm_abf16_wbf16_bf16_t128x96x64x4_ks1_w2x2x1_bias0_ktail0_gm0_pft_gfx950,94.8,,128,96,False,in: non-pow2 tile,<128
1024,6144,3072,False,float32,tuned,559,96,684.9,616.9,opus,opus_gemm_512x256x128x64_2x4_16x16x32_0x0x0_cA1cB17,gluon,0.0,,256,256,False,in: 256x256,<128
1024,6144,3072,False,bfloat16,tuned,683,96,701.8,885.6,flydsl,flydsl_hgemm_abf16_wbf16_bf16_t256x128x64x3_ks1_w4x2x2_bias0_ktail0_gm0_pft_gfx950,flydsl:flydsl_hgemm_abf16_wbf16_bf16_t256x128x64x3_ks1_w4x2x2_bias0_ktail0_gm0_pft_gfx950,26.2,,256,128,False,in: other listed tile,<128
2048,6144,3072,False,float32,tuned,768,192,1197.6,1153.5,asm,_ZN5aiter24bf16gemm_bf16_tn_256x256E,gluon,0.0,,256,256,False,in: 256x256,128-255
2048,6144,3072,False,bfloat16,tuned,1024,192,1289.4,1228.6,flydsl,flydsl_hgemm_abf16_wbf16_bf16_t256x256x64x2_ks1_w2x4x1_bias0_ktail0_gm0_pht_gfx950,gluon,0.0,,256,256,False,in: 256x256,128-255
4096,6144,3072,False,float32,tuned,945,384,1200.6,1151.8,asm,_ZN5aiter24bf16gemm_bf16_tn_256x256E,gluon,0.0,,256,256,False,in: 256x256,256-511
4096,6144,3072,False,bfloat16,tuned,1365,384,1305.7,1109.0,flydsl,flydsl_hgemm_abf16_wbf16_bf16_t128x128x64x2_ks1_w2x2x1_bias0_ktail0_gm4_pht_gfx950,gluon,0.0,,256,256,False,in: 256x256,256-511
8192,6144,3072,False,float32,tuned,1069,768,1384.0,1338.4,asm,_ZN5aiter24bf16gemm_bf16_tn_256x256E,gluon,0.0,,256,256,False,in: 256x256,>=512
8192,6144,3072,False,bfloat16,tuned,1638,768,1511.0,861.8,flydsl,flydsl_hgemm_abf16_wbf16_bf16_t64x256x64x4_ks1_w2x4x1_bias0_ktail0_gm0_pft_gfx950,gluon,0.0,,256,256,False,in: 256x256,>=512
16384,6144,3072,False,float32,tuned,1143,1536,1328.6,1303.5,asm,_ZN5aiter24bf16gemm_bf16_tn_256x256E,gluon,0.0,,256,256,False,in: 256x256,>=512
16384,6144,3072,False,bfloat16,tuned,1820,1536,1493.7,1384.8,torch,native,gluon,0.0,,256,256,False,in: 256x256,>=512
32768,6144,3072,False,bfloat16,tuned,1928,3072,1497.2,876.4,flydsl,flydsl_hgemm_abf16_wbf16_bf16_t128x128x64x4_ks1_w2x2x2_bias0_ktail0_gm0_pft_gfx950,gluon,0.0,,256,256,False,in: 256x256,>=512
512,5120,3200,False,bfloat16,tuned,406,40,319.1,626.4,flydsl,flydsl_hgemm_abf16_wbf16_bf16_t128x64x64x3_ks1_w2x2x1_bias0_ktail0_gm0_pft_gfx950,flydsl:flydsl_hgemm_abf16_wbf16_bf16_t128x64x64x3_ks1_w2x2x1_bias0_ktail0_gm0_pft_gfx950,96.3,,128,64,False,in: other listed tile,<128
1024,5120,3200,False,bfloat16,tuned,674,80,607.1,954.9,torch,native,torch:hipBLASLt,57.3,Cijk_Alik_Bljk_BBS_BH_Bias_HA_S_SAV_UserArgs_MT160x128x128_MI16x16x1_SN_LDSB1_AFC0_AG0_AGGSUA0_AGNTAB0_AFEM1_AFEM1_ASEM1_BL1_BS1_CD1_1_CLR1_CLS0_CADS0_DTLA0_DTLB0_DTLM0_DTVA0_DTVB0_DTVMXSA0_DTVMXSB0_DTVSM0_DPLB0_EPS0_ELFLR0_EMLLn1_FDSI0_GRPM1_GRVWA8_GRVWB8_GSU0_GSUAMB_GLS0_HPLR0_ISA950_ICIW0_IU1_K1_LDSSI0_LDSTI0_LBSPPA256_LBSPPB1024_LBSPPMXSA0_LBSPPMXSB0_LBSPPM0_LPA16_LPB16_LPMXSA0_LPMXSB0_LPM0_LRVW8_LWPMn1_MIAV0_MIWT5_4_MXLIBL_MXSFNS_MO40_MGRIPM1_NTn1_NTA0_NTB0_NTC0_NTD0_NTE0_NTG0_NTMXSA0_NTMXSB0_NTM0_NTWS0_NVn1_NVA0_NVB0_NVC0_NVD0_NVE0_NVG0_NVMXSA0_NVMXSB0_NVM0_NVWS0_NEPBS0_NLCA1_NLCB1_ONLL1_PAP0_PGL0_PGR2_PLR1_PKA1_RAP0_SGROB0_SIA3_SS1_SPO0_SRVW0_SSO0_SVW1_SK5_SKFTR0_SKFDPO0_SKWS0_SKXCCM0_SNLL0_SIP1_SGRO0_TDMI0_TDMIM0_TDMLWS0_TDMPLB0_TDMS0_TIN0_THn1_THA0_THB0_THC0_THD0_THE0_THG0_THMXSA0_THMXSB0_THM0_THWS0_TLDS1_TLDSM1_ULSGRO0_USL1_USLMX0_UDFMAC0_UIOFGRO0_UPLRP0_USFGRO0_USI0_VSn1_VWA1_VWB4_WSGRA0_WSGRB0_WS64_WG32_8_1_WGMXCCn1.kd,160,128,False,in: non-pow2 tile,<128
2048,5120,3200,False,bfloat16,tuned,1004,160,1159.4,1278.5,torch,native,torch:hipBLASLt,10.3,Cijk_Alik_Bljk_BBS_BH_Bias_HA_S_SAV_UserArgs_MT160x256x64_MI16x16x1_CMS_SN_LDSB0_AFC0_AG0_AGGSUA0_AGNTAB0_AFEM1_AFEM1_ASEM1_BL1_BS1_CD1_1_CLR0_CLS0_CADS0_DTLA1_DTLB1_DTLM0_DTVA0_DTVB0_DTVMXSA0_DTVMXSB0_DTVSM0_DPLB0_EPS0_ELFLR0_EMLLn1_FDSI0_GRPM1_GRVWA8_GRVWB8_GSU0_GSUAMB_GLS0_HPLR0_ISA950_ICIW0_IU1_K1_LDSSI0_LDSTI0_LBSPPA1024_LBSPPB1024_LBSPPMXSA0_LBSPPMXSB0_LBSPPM0_LPA16_LPB16_LPMXSA0_LPMXSB0_LPM0_LRVW8_LWPMn1_MIAV0_MIWT5_8_MXLIBL_MXSFNS_MO40_MGRIPM1_NTn1_NTA0_NTB0_NTC0_NTD4_NTE0_NTG0_NTMXSA0_NTMXSB0_NTM0_NTWS0_NVn1_NVA0_NVB0_NVC0_NVD0_NVE0_NVG0_NVMXSA0_NVMXSB0_NVM0_NVWS0_NEPBS0_NLCA1_NLCB1_ONLL1_PAP0_PGL0_PGR2_PLR1_PKA1_RAP0_SGROB0_SIA3_SS1_SPO1_SRVW0_SSO4_SVW1_SK5_SKFTR0_SKFDPO0_SKWS0_SKXCCM0_SNLL0_SIP1_SGRO0_TDMI0_TDMIM0_TDMLWS0_TDMPLB0_TDMS0_TIN0_THn1_THA0_THB0_THC0_THD0_THE0_THG0_THMXSA0_THMXSB0_THM0_THWS0_TLDS1_TLDSM1_ULSGRO0_USL1_USLMX0_UDFMAC0_UIOFGRO0_UPLRP0_USFGRO0_USI0_VSn1_VWA1_VWB8_WSGRA0_WSGRB0_WS64_WG32_8_1_WGMXCCn1.kd,160,256,False,in: non-pow2 tile,128-255
4096,5120,3200,False,bfloat16,tuned,1330,320,1122.9,1357.3,torch,native,torch:hipBLASLt,20.9,Cijk_Alik_Bljk_BBS_BH_Bias_HA_S_SAV_UserArgs_MT224x384x64_MI16x16x1_SN_LDSB0_AFC0_AG0_AGGSUA0_AGNTAB0_AFEM1_AFEM1_ASEM1_BL1_BS1_CD1_1_CLR1_CLS0_CADS0_DTLA0_DTLB0_DTLM0_DTVA0_DTVB0_DTVMXSA0_DTVMXSB0_DTVSM0_DPLB0_EPS0_ELFLR0_EMLLn1_FDSI0_GRPM1_GRVWA8_GRVWB8_GSU0_GSUAMB_GLS0_HPLR0_ISA950_ICIW0_IU1_K1_LDSSI0_LDSTI0_LBSPPA0_LBSPPB0_LBSPPMXSA0_LBSPPMXSB0_LBSPPM0_LPA0_LPB0_LPMXSA0_LPMXSB0_LPM0_LRVWn1_LWPMn1_MIAV0_MIWT14_6_MXLIBL_MXSFNS_MO40_MGRIPM1_NTn1_NTA0_NTB0_NTC0_NTD0_NTE0_NTG0_NTMXSA0_NTMXSB0_NTM0_NTWS0_NVn1_NVA0_NVB0_NVC0_NVD0_NVE0_NVG0_NVMXSA0_NVMXSB0_NVM0_NVWS0_NEPBS0_NLCA1_NLCB1_ONLL1_PAP0_PGL0_PGR2_PLR1_PKA0_RAP0_SGROB0_SIA3_SS0_SPO0_SRVW0_SSO0_SVW4_SK5_SKFTR0_SKFDPO0_SKWS0_SKXCCM0_SNLL0_SIP1_SGRO0_TDMI0_TDMIM0_TDMLWS0_TDMPLB0_TDMS0_TIN0_THn1_THA0_THB0_THC0_THD0_THE0_THG0_THMXSA0_THMXSB0_THM0_THWS0_TLDS1_TLDSMn1_ULSGRO0_USL0_USLMX0_UDFMAC0_UIOFGRO0_UPLRP0_USFGRO0_USI1_VSn1_VWA1_VWB1_WSGRA0_WSGRB0_WS64_WG16_16_1_WGMXCCn1.kd,224,384,False,in: non-pow2 tile,256-511
8192,5120,3200,False,bfloat16,tuned,1588,640,1379.5,1331.2,asm,_ZN5aiter24bf16gemm_bf16_tn_256x256E,gluon,0.0,,256,256,False,in: 256x256,>=512
16384,5120,3200,False,bfloat16,tuned,1758,1280,1522.1,1467.9,torch,native,gluon,0.0,,256,256,False,in: 256x256,>=512
32768,5120,3200,False,bfloat16,tuned,1858,2560,1493.8,1477.3,torch,native,gluon,0.0,,256,256,False,in: 256x256,>=512
512,7168,3584,False,bfloat16,tuned,422,56,448.9,842.6,flydsl,flydsl_hgemm_abf16_wbf16_bf16_t128x128x64x4_ks1_w4x4x1_bias0_ktail0_gm0_pft_gfx950,flydsl:flydsl_hgemm_abf16_wbf16_bf16_t128x128x64x4_ks1_w4x4x1_bias0_ktail0_gm0_pft_gfx950,87.7,,128,128,False,in: other listed tile,<128
512,8192,3584,False,bfloat16,tuned,425,64,506.2,780.7,flydsl,flydsl_hgemm_abf16_wbf16_bf16_t64x256x64x4_ks1_w2x4x1_bias0_ktail0_gm4_pft_gfx950,flydsl:flydsl_hgemm_abf16_wbf16_bf16_t64x256x64x4_ks1_w2x4x1_bias0_ktail0_gm4_pft_gfx950,54.2,,64,256,False,in: other listed tile,<128
1024,7168,3584,False,bfloat16,tuned,717,112,869.2,1111.0,torch,native,torch:hipBLASLt,27.8,Cijk_Alik_Bljk_BBS_BH_Bias_HA_S_SAV_UserArgs_MT224x128x64_MI16x16x1_SN_LDSB0_AFC0_AG1_AGGSUA0_AGNTAB0_AFEM1_AFEM1_ASEM1_BL1_BS1_CD1_1_CLR0_CLS0_CADS0_DTLA1_DTLB1_DTLM0_DTVA0_DTVB0_DTVMXSA0_DTVMXSB0_DTVSM0_DPLB1_EPS0_ELFLR0_EMLLn1_FDSI0_GRPM1_GRVWA8_GRVWB8_GSU0_GSUAMB_GLS0_HPLR0_ISA950_ICIW0_IU1_K1_LDSSI0_LDSTI0_LBSPPA1024_LBSPPB1024_LBSPPMXSA0_LBSPPMXSB0_LBSPPM0_LPA16_LPB16_LPMXSA0_LPMXSB0_LPM0_LRVW8_LWPMn1_MIAV0_MIWT7_4_MXLIBL_MXSFNS_MO40_MGRIPM1_NTn1_NTA0_NTB0_NTC0_NTD0_NTE0_NTG0_NTMXSA0_NTMXSB0_NTM0_NTWS0_NVn1_NVA0_NVB0_NVC0_NVD0_NVE0_NVG0_NVMXSA0_NVMXSB0_NVM0_NVWS0_NEPBS14_NLCA1_NLCB1_ONLL1_PAP0_PGL0_PGR2_PLR1_PKA1_RAP0_SGROB0_SIA3_SS0_SPO0_SRVW0_SSO0_SVW4_SK5_SKFTR0_SKFDPO0_SKWS0_SKXCCM0_SNLL0_SIP1_SGRO0_TDMI0_TDMIM0_TDMLWS0_TDMPLB0_TDMS0_TIN1_THn1_THA0_THB0_THC0_THD0_THE0_THG0_THMXSA0_THMXSB0_THM0_THWS0_TLDS1_TLDSMn1_ULSGRO1_USL1_USLMX0_UDFMAC0_UIOFGRO0_UPLRP0_USFGRO0_USI0_VSn1_VWA1_VWB4_WSGRA0_WSGRB0_WS64_WG32_8_1_WGMXCCn1.kd,224,128,False,in: non-pow2 tile,<128
1024,8192,3584,False,bfloat16,tuned,726,128,970.5,886.9,flydsl,flydsl_hgemm_abf16_wbf16_bf16_t128x128x64x5_ks1_w4x2x1_bias0_ktail0_gm4_pft_gfx950,gluon,0.0,,256,256,False,in: 256x256,128-255
2048,8192,3584,False,bfloat16,tuned,1124,256,1486.0,1417.9,flydsl,flydsl_hgemm_abf16_wbf16_bf16_t256x256x64x2_ks1_w2x4x1_bias0_ktail0_gm0_pht_gfx950,gluon,0.0,,256,256,False,in: 256x256,256-511
4096,8192,3584,False,bfloat16,tuned,1550,512,1514.3,1040.5,flydsl,flydsl_hgemm_abf16_wbf16_bf16_t256x128x64x2_ks1_w2x2x1_bias0_ktail0_gm0_pht_gfx950,gluon,0.0,,256,256,False,in: 256x256,>=512
8192,8192,3584,False,bfloat16,tuned,1911,1024,1536.5,1481.6,torch,native,gluon,0.0,,256,256,False,in: 256x256,>=512
10240,7168,3584,False,bfloat16,tuned,1937,1120,1424.9,841.1,flydsl,flydsl_hgemm_abf16_wbf16_bf16_t256x64x128x2_ks1_w2x2x1_bias0_ktail0_gm0_pht_gfx950,gluon,0.0,,256,256,False,in: 256x256,>=512
16384,8192,3584,False,bfloat16,tuned,2164,2048,1526.8,852.4,flydsl,flydsl_hgemm_abf16_wbf16_bf16_t128x128x128x2_ks1_w2x2x1_bias0_ktail0_gm4_pft_gfx950,gluon,0.0,,256,256,False,in: 256x256,>=512
32768,8192,3584,False,bfloat16,tuned,2317,4096,1522.9,879.5,flydsl,flydsl_hgemm_abf16_wbf16_bf16_t128x128x64x5_ks1_w2x2x1_bias0_ktail0_gm4_pft_gfx950,gluon,0.0,,256,256,False,in: 256x256,>=512
512,1024,4096,False,bfloat16,tuned,315,8,66.7,347.1,flydsl,flydsl_hgemm_abf16_wbf16_bf16_t32x64x128x4_ks1_w1x2x2_bias0_ktail0_gm4_pft_gfx950,flydsl:flydsl_hgemm_abf16_wbf16_bf16_t32x64x128x4_ks1_w1x2x2_bias0_ktail0_gm4_pft_gfx950,420.4,,32,64,False,out: smaller tile,<128
512,2048,4096,False,bfloat16,tuned,372,16,133.2,513.9,flydsl,flydsl_hgemm_abf16_wbf16_bf16_t64x64x64x6_ks1_w4x2x1_bias0_ktail0_gm0_pft_gfx950,flydsl:flydsl_hgemm_abf16_wbf16_bf16_t64x64x64x6_ks1_w4x2x1_bias0_ktail0_gm0_pft_gfx950,285.8,,64,64,False,out: smaller tile,<128
512,4096,4096,False,bfloat16,tuned,410,32,265.1,704.3,flydsl,flydsl_hgemm_abf16_wbf16_bf16_t128x64x64x4_ks1_w4x2x1_bias0_ktail0_gm0_pft_gfx950,flydsl:flydsl_hgemm_abf16_wbf16_bf16_t128x64x64x4_ks1_w4x2x1_bias0_ktail0_gm0_pft_gfx950,165.7,,128,64,False,in: other listed tile,<128
512,8192,4096,False,bfloat16,tuned,431,64,519.1,902.4,flydsl,flydsl_hgemm_abf16_wbf16_bf16_t128x128x64x4_ks1_w4x4x1_bias0_ktail0_gm4_pft_gfx950,flydsl:flydsl_hgemm_abf16_wbf16_bf16_t128x128x64x4_ks1_w4x4x1_bias0_ktail0_gm4_pft_gfx950,73.8,,128,128,False,in: other listed tile,<128
512,8704,4096,False,bfloat16,tuned,432,68,555.7,745.2,torch,native,torch:hipBLASLt,34.1,Cijk_Alik_Bljk_BBS_BH_Bias_HA_S_SAV_UserArgs_MT80x256x128_MI16x16x1_SN_LDSB1_AFC0_AG0_AGGSUA0_AGNTAB0_AFEM1_AFEM1_ASEM1_BL1_BS1_CD1_1_CLR1_CLS0_CADS0_DTLA0_DTLB0_DTLM0_DTVA0_DTVB0_DTVMXSA0_DTVMXSB0_DTVSM0_DPLB0_EPS0_ELFLR0_EMLLn1_FDSI0_GRPM1_GRVWA8_GRVWB8_GSU0_GSUAMB_GLS0_HPLR0_ISA950_ICIW0_IU1_K1_LDSSI0_LDSTI0_LBSPPA256_LBSPPB1024_LBSPPMXSA0_LBSPPMXSB0_LBSPPM0_LPA16_LPB16_LPMXSA0_LPMXSB0_LPM0_LRVW8_LWPMn1_MIAV0_MIWT5_4_MXLIBL_MXSFNS_MO40_MGRIPM1_NTn1_NTA4_NTB0_NTC0_NTD0_NTE0_NTG0_NTMXSA0_NTMXSB0_NTM0_NTWS0_NVn1_NVA0_NVB0_NVC0_NVD0_NVE0_NVG0_NVMXSA0_NVMXSB0_NVM0_NVWS0_NEPBS0_NLCA1_NLCB1_ONLL1_PAP0_PGL0_PGR2_PLR1_PKA1_RAP0_SGROB0_SIA3_SS1_SPO0_SRVW0_SSO0_SVW1_SK5_SKFTR0_SKFDPO0_SKWS0_SKXCCM0_SNLL0_SIP1_SGRO0_TDMI0_TDMIM0_TDMLWS0_TDMPLB0_TDMS0_TIN0_THn1_THA0_THB0_THC0_THD0_THE0_THG0_THMXSA0_THMXSB0_THM0_THWS0_TLDS1_TLDSM1_ULSGRO0_USL1_USLMX0_UDFMAC0_UIOFGRO0_UPLRP0_USFGRO0_USI0_VSn1_VWA1_VWB4_WSGRA0_WSGRB0_WS64_WG16_16_1_WGMXCCn1.kd,80,256,False,in: non-pow2 tile,<128
512,10240,4096,False,bfloat16,tuned,436,80,635.8,872.7,torch,native,torch:hipBLASLt,37.3,Cijk_Alik_Bljk_BBS_BH_Bias_HA_S_SAV_UserArgs_MT128x192x64_MI16x16x1_SN_LDSB0_AFC0_AG0_AGGSUA0_AGNTAB0_AFEM1_AFEM1_ASEM1_BL1_BS1_CD1_1_CLR0_CLS0_CADS0_DTLA1_DTLB1_DTLM0_DTVA0_DTVB0_DTVMXSA0_DTVMXSB0_DTVSM0_DPLB0_EPS0_ELFLR0_EMLLn1_FDSI0_GRPM1_GRVWA8_GRVWB8_GSU0_GSUAMB_GLS0_HPLR0_ISA950_ICIW0_IU1_K1_LDSSI0_LDSTI0_LBSPPA1024_LBSPPB1024_LBSPPMXSA0_LBSPPMXSB0_LBSPPM0_LPA16_LPB16_LPMXSA0_LPMXSB0_LPMn1_LRVW8_LWPMn1_MIAV0_MIWT8_3_MXLIBL_MXSFNS_MO64_MGRIPM1_NTn1_NTA6_NTB0_NTC1_NTD3_NTE0_NTG0_NTMXSA0_NTMXSB0_NTM0_NTWS0_NVn1_NVA0_NVB0_NVC0_NVD0_NVE0_NVG0_NVMXSA0_NVMXSB0_NVM0_NVWS0_NEPBS14_NLCA1_NLCB1_ONLL1_PAP0_PGL0_PGR2_PLR1_PKA1_RAP0_SGROB0_SIA3_SS1_SPO1_SRVW0_SSO1_SVW8_SK5_SKFTR0_SKFDPO0_SKWS0_SKXCCM4_SNLL0_SIP1_SGRO0_TDMI0_TDMIM0_TDMLWS0_TDMPLB0_TDMS0_TIN0_THn1_THA0_THB0_THC0_THD0_THE0_THG0_THMXSA0_THMXSB0_THM0_THWS0_TLDS1_TLDSM1_ULSGRO0_USL1_USLMX0_UDFMAC0_UIOFGRO0_UPLRP0_USFGRO0_USI0_VSn1_VWA8_VWB1_WSGRA0_WSGRB0_WS64_WG16_16_1_WGMXCC1.kd,128,192,False,in: non-pow2 tile,<128
512,16384,4096,False,bfloat16,tuned,443,128,994.0,831.2,flydsl,flydsl_hgemm_abf16_wbf16_bf16_t128x64x64x3_ks1_w4x2x1_bias0_ktail0_gm4_pft_gfx950,gluon,0.0,,256,256,False,in: 256x256,128-255
512,129280,4096,False,bfloat16,tuned,454,1010,1386.0,1306.9,asm,_ZN5aiter24bf16gemm_bf16_tn_256x256E,gluon,0.0,,256,256,False,in: 256x256,>=512
768,1024,4096,False,bfloat16,tuned,396,12,100.1,430.8,torch,native,torch:hipBLASLt,330.4,Cijk_Alik_Bljk_BBS_BH_Bias_HA_S_SAV_UserArgs_MT64x48x256_MI16x16x1_SN_LDSB0_AFC0_AG0_AGGSUA0_AGNTAB0_AFEM1_AFEM1_ASEM1_BL1_BS1_CD1_1_CLR1_CLS0_CADS0_DTLA0_DTLB0_DTLM0_DTVA0_DTVB0_DTVMXSA0_DTVMXSB0_DTVSM0_DPLB0_EPS0_ELFLR0_EMLLn1_FDSI0_GRPM1_GRVWA8_GRVWB8_GSU0_GSUAMB_GLS0_HPLR0_ISA950_ICIW0_IU1_K1_LDSSI0_LDSTI0_LBSPPA512_LBSPPB512_LBSPPMXSA0_LBSPPMXSB0_LBSPPM0_LPA16_LPB16_LPMXSA0_LPMXSB0_LPM0_LRVW8_LWPMn1_MIAV0_MIWT1_3_MXLIBL_MXSFNS_MO40_MGRIPM2_NTn1_NTA0_NTB0_NTC1_NTD5_NTE0_NTG0_NTMXSA0_NTMXSB0_NTM0_NTWS0_NVn1_NVA0_NVB0_NVC0_NVD0_NVE0_NVG0_NVMXSA0_NVMXSB0_NVM0_NVWS0_NEPBS16_NLCA1_NLCB1_ONLL1_PAP0_PGL0_PGR2_PLR1_PKA1_RAP0_SGROB0_SIA3_SS1_SPO1_SRVW0_SSO0_SVW1_SK5_SKFTR0_SKFDPO0_SKWS0_SKXCCM0_SNLL0_SIP1_SGRO0_TDMI0_TDMIM0_TDMLWS0_TDMPLB0_TDMS0_TIN0_THn1_THA0_THB0_THC0_THD0_THE0_THG0_THMXSA0_THMXSB0_THM0_THWS0_TLDS2_TLDSM1_ULSGRO0_USL1_USLMX0_UDFMAC0_UIOFGRO0_UPLRP0_USFGRO1_USI0_VSn1_VWA1_VWB1_WSGRA0_WSGRB0_WS64_WG64_4_1_WGMXCCn1.kd,64,48,False,out: smaller tile,<128
768,2048,4096,False,bfloat16,tuned,492,24,199.6,544.6,flydsl,flydsl_hgemm_abf16_wbf16_bf16_t64x64x64x4_ks1_w2x1x1_bias0_ktail0_gm4_pft_gfx950,flydsl:flydsl_hgemm_abf16_wbf16_bf16_t64x64x64x4_ks1_w2x1x1_bias0_ktail0_gm4_pft_gfx950,172.8,,64,64,False,out: smaller tile,<128
768,4096,4096,False,bfloat16,tuned,559,48,394.9,757.9,flydsl,flydsl_hgemm_abf16_wbf16_bf16_t96x128x64x4_ks1_w2x2x1_bias0_ktail0_gm4_pft_gfx950,flydsl:flydsl_hgemm_abf16_wbf16_bf16_t96x128x64x4_ks1_w2x2x1_bias0_ktail0_gm4_pft_gfx950,91.9,,96,128,False,in: non-pow2 tile,<128
768,8192,4096,False,bfloat16,tuned,599,96,767.4,1017.1,torch,native,torch:hipBLASLt,32.5,Cijk_Alik_Bljk_BBS_BH_Bias_HA_S_SAV_UserArgs_MT128x192x128_MI16x16x1_SN_LDSB1_AFC0_AG0_AGGSUA0_AGNTAB0_AFEM1_AFEM1_ASEM1_BL1_BS1_CD1_1_CLR0_CLS0_CADS0_DTLA0_DTLB0_DTLM0_DTVA0_DTVB0_DTVMXSA0_DTVMXSB0_DTVSM0_DPLB0_EPS0_ELFLR0_EMLLn1_FDSI0_GRPM1_GRVWA8_GRVWB8_GSU0_GSUAMB_GLS0_HPLR0_ISA950_ICIW0_IU1_K1_LDSSI0_LDSTI0_LBSPPA2048_LBSPPB256_LBSPPMXSA0_LBSPPMXSB0_LBSPPM0_LPA16_LPB16_LPMXSA0_LPMXSB0_LPM0_LRVW8_LWPMn1_MIAV0_MIWT8_3_MXLIBL_MXSFNS_MO40_MGRIPM1_NTn1_NTA0_NTB0_NTC1_NTD4_NTE0_NTG0_NTMXSA0_NTMXSB0_NTM0_NTWS0_NVn1_NVA0_NVB0_NVC0_NVD0_NVE0_NVG0_NVMXSA0_NVMXSB0_NVM0_NVWS0_NEPBS0_NLCA1_NLCB1_ONLL1_PAP0_PGL0_PGR2_PLR1_PKA1_RAP0_SGROB0_SIA3_SS1_SPO0_SRVW0_SSO0_SVW8_SK5_SKFTR0_SKFDPO0_SKWS0_SKXCCM0_SNLL0_SIP1_SGRO0_TDMI0_TDMIM0_TDMLWS0_TDMPLB0_TDMS0_TIN0_THn1_THA0_THB0_THC0_THD0_THE0_THG0_THMXSA0_THMXSB0_THM0_THWS0_TLDS2_TLDSM1_ULSGRO0_USL1_USLMX0_UDFMAC0_UIOFGRO0_UPLRP0_USFGRO0_USI0_VSn1_VWA8_VWB1_WSGRA0_WSGRB0_WS64_WG16_16_1_WGMXCCn1.kd,128,192,False,in: non-pow2 tile,<128
768,8704,4096,False,bfloat16,tuned,602,102,818.7,957.6,flydsl,flydsl_hgemm_abf16_wbf16_bf16_t256x128x64x3_ks1_w4x2x2_bias0_ktail0_gm0_pft_gfx950,flydsl:flydsl_hgemm_abf16_wbf16_bf16_t256x128x64x3_ks1_w4x2x2_bias0_ktail0_gm0_pft_gfx950,17.0,,256,128,False,in: other listed tile,<128
768,10240,4096,False,bfloat16,tuned,608,120,952.0,1196.6,flydsl,flydsl_hgemm_abf16_wbf16_bf16_t128x256x64x2_ks1_w2x4x1_bias0_ktail0_gm0_pht_gfx950,flydsl:flydsl_hgemm_abf16_wbf16_bf16_t128x256x64x2_ks1_w2x4x1_bias0_ktail0_gm0_pht_gfx950,25.7,,128,256,False,in: other listed tile,<128
768,129280,4096,False,bfloat16,tuned,644,1515,1431.7,1300.1,torch,native,gluon,0.0,,256,256,False,in: 256x256,>=512
1024,512,4096,False,bfloat16,tuned,315,8,66.6,323.7,flydsl,flydsl_hgemm_abf16_wbf16_bf16_t32x64x128x4_ks1_w2x2x1_bias0_ktail0_gm4_pft_gfx950,flydsl:flydsl_hgemm_abf16_wbf16_bf16_t32x64x128x4_ks1_w2x2x1_bias0_ktail0_gm4_pft_gfx950,386.0,,32,64,False,out: smaller tile,<128
1024,1024,4096,False,bfloat16,tuned,455,16,133.1,493.5,flydsl,flydsl_hgemm_abf16_wbf16_bf16_t64x64x64x6_ks1_w4x2x1_bias0_ktail0_gm4_pft_gfx950,flydsl:flydsl_hgemm_abf16_wbf16_bf16_t64x64x64x6_ks1_w4x2x1_bias0_ktail0_gm4_pft_gfx950,270.8,,64,64,False,out: smaller tile,<128
1024,2048,4096,False,bfloat16,tuned,585,32,264.1,684.4,flydsl,flydsl_hgemm_abf16_wbf16_bf16_t64x128x64x4_ks1_w2x4x1_bias0_ktail0_gm0_pft_gfx950,flydsl:flydsl_hgemm_abf16_wbf16_bf16_t64x128x64x4_ks1_w2x4x1_bias0_ktail0_gm0_pft_gfx950,159.1,,64,128,False,in: other listed tile,<128
1024,4096,4096,False,bfloat16,tuned,683,64,518.6,920.8,flydsl,flydsl_hgemm_abf16_wbf16_bf16_t128x128x64x4_ks1_w4x4x1_bias0_ktail0_gm0_pft_gfx950,flydsl:flydsl_hgemm_abf16_wbf16_bf16_t128x128x64x4_ks1_w4x4x1_bias0_ktail0_gm0_pft_gfx950,77.6,,128,128,False,in: other listed tile,<128
1024,8192,4096,False,bfloat16,tuned,745,128,1003.7,1218.7,flydsl,flydsl_hgemm_abf16_wbf16_bf16_t128x256x64x2_ks1_w2x4x1_bias0_ktail0_gm0_pht_gfx950,flydsl:flydsl_hgemm_abf16_wbf16_bf16_t128x256x64x2_ks1_w2x4x1_bias0_ktail0_gm0_pht_gfx950,21.4,,128,256,False,in: other listed tile,128-255
1024,8704,4096,False,bfloat16,tuned,749,136,1067.3,1217.7,torch,native,torch:hipBLASLt,14.1,Cijk_Alik_Bljk_BBS_BH_Bias_HA_S_SAV_UserArgs_MT160x256x64_MI16x16x1_CMS_SN_LDSB0_AFC0_AG0_AGGSUA0_AGNTAB0_AFEM1_AFEM1_ASEM1_BL1_BS1_CD1_1_CLR0_CLS0_CADS0_DTLA1_DTLB1_DTLM0_DTVA0_DTVB0_DTVMXSA0_DTVMXSB0_DTVSM0_DPLB0_EPS0_ELFLR0_EMLLn1_FDSI0_GRPM1_GRVWA8_GRVWB8_GSU0_GSUAMB_GLS0_HPLR0_ISA950_ICIW0_IU1_K1_LDSSI0_LDSTI0_LBSPPA1024_LBSPPB1024_LBSPPMXSA0_LBSPPMXSB0_LBSPPM0_LPA16_LPB16_LPMXSA0_LPMXSB0_LPM0_LRVW8_LWPMn1_MIAV0_MIWT5_8_MXLIBL_MXSFNS_MO40_MGRIPM1_NTn1_NTA0_NTB0_NTC0_NTD4_NTE0_NTG0_NTMXSA0_NTMXSB0_NTM0_NTWS0_NVn1_NVA0_NVB0_NVC0_NVD0_NVE0_NVG0_NVMXSA0_NVMXSB0_NVM0_NVWS0_NEPBS0_NLCA1_NLCB1_ONLL1_PAP0_PGL0_PGR2_PLR1_PKA1_RAP0_SGROB0_SIA3_SS1_SPO1_SRVW0_SSO4_SVW1_SK5_SKFTR0_SKFDPO0_SKWS0_SKXCCM0_SNLL0_SIP1_SGRO0_TDMI0_TDMIM0_TDMLWS0_TDMPLB0_TDMS0_TIN0_THn1_THA0_THB0_THC0_THD0_THE0_THG0_THMXSA0_THMXSB0_THM0_THWS0_TLDS1_TLDSM1_ULSGRO0_USL1_USLMX0_UDFMAC0_UIOFGRO0_UPLRP0_USFGRO0_USI0_VSn1_VWA1_VWB8_WSGRA0_WSGRB0_WS64_WG32_8_1_WGMXCCn1.kd,160,256,False,in: non-pow2 tile,128-255
1024,10240,4096,False,bfloat16,tuned,759,160,1186.2,1346.6,torch,native,torch:hipBLASLt,13.5,Cijk_Alik_Bljk_BBS_BH_Bias_HA_S_SAV_UserArgs_MT160x256x64_MI16x16x1_CMS_SN_LDSB0_AFC0_AG0_AGGSUA0_AGNTAB0_AFEM1_AFEM1_ASEM1_BL1_BS1_CD1_1_CLR0_CLS0_CADS0_DTLA1_DTLB1_DTLM0_DTVA0_DTVB0_DTVMXSA0_DTVMXSB0_DTVSM0_DPLB0_EPS0_ELFLR0_EMLLn1_FDSI0_GRPM1_GRVWA8_GRVWB8_GSU0_GSUAMB_GLS0_HPLR0_ISA950_ICIW0_IU1_K1_LDSSI0_LDSTI0_LBSPPA1024_LBSPPB1024_LBSPPMXSA0_LBSPPMXSB0_LBSPPM0_LPA16_LPB16_LPMXSA0_LPMXSB0_LPM0_LRVW8_LWPMn1_MIAV0_MIWT5_8_MXLIBL_MXSFNS_MO40_MGRIPM1_NTn1_NTA0_NTB0_NTC0_NTD4_NTE0_NTG0_NTMXSA0_NTMXSB0_NTM0_NTWS0_NVn1_NVA0_NVB0_NVC0_NVD0_NVE0_NVG0_NVMXSA0_NVMXSB0_NVM0_NVWS0_NEPBS0_NLCA1_NLCB1_ONLL1_PAP0_PGL0_PGR2_PLR1_PKA1_RAP0_SGROB0_SIA3_SS1_SPO1_SRVW0_SSO4_SVW1_SK5_SKFTR0_SKFDPO0_SKWS0_SKXCCM0_SNLL0_SIP1_SGRO0_TDMI0_TDMIM0_TDMLWS0_TDMPLB0_TDMS0_TIN0_THn1_THA0_THB0_THC0_THD0_THE0_THG0_THMXSA0_THMXSB0_THM0_THWS0_TLDS1_TLDSM1_ULSGRO0_USL1_USLMX0_UDFMAC0_UIOFGRO0_UPLRP0_USFGRO0_USI0_VSn1_VWA1_VWB8_WSGRA0_WSGRB0_WS64_WG32_8_1_WGMXCCn1.kd,160,256,False,in: non-pow2 tile,128-255
1024,16384,4096,False,bfloat16,tuned,780,256,1524.8,896.2,flydsl,flydsl_hgemm_abf16_wbf16_bf16_t128x128x64x3_ks1_w4x2x1_bias0_ktail0_gm0_pft_gfx950,gluon,0.0,,256,256,False,in: 256x256,256-511
1024,129280,4096,False,bfloat16,tuned,814,2020,1458.1,1385.1,torch,native,gluon,0.0,,256,256,False,in: 256x256,>=512
1280,512,4096,False,bfloat16,tuned,336,10,83.5,335.7,flydsl,flydsl_hgemm_abf16_wbf16_bf16_t48x32x128x4_ks1_w1x1x2_bias0_ktail0_gm4_pft_gfx950,flydsl:flydsl_hgemm_abf16_wbf16_bf16_t48x32x128x4_ks1_w1x1x2_bias0_ktail0_gm4_pft_gfx950,302.0,,48,32,False,out: smaller tile,<128
1280,1024,4096,False,bfloat16,tuned,500,20,166.5,556.7,torch,native,torch:hipBLASLt,234.4,Cijk_Alik_Bljk_BBS_BH_Bias_HA_S_SAV_UserArgs_MT64x80x256_MI16x16x1_SN_LDSB0_AFC0_AG0_AGGSUA0_AGNTAB0_AFEM1_AFEM1_ASEM1_BL1_BS1_CD1_1_CLR0_CLS0_CADS0_DTLA0_DTLB0_DTLM0_DTVA0_DTVB0_DTVMXSA0_DTVMXSB0_DTVSM0_DPLB0_EPS0_ELFLR0_EMLLn1_FDSI0_GRPM1_GRVWA8_GRVWB8_GSU0_GSUAMB_GLS0_HPLR0_ISA950_ICIW0_IU1_K1_LDSSI0_LDSTI0_LBSPPA512_LBSPPB512_LBSPPMXSA0_LBSPPMXSB0_LBSPPM0_LPA16_LPB16_LPMXSA0_LPMXSB0_LPM0_LRVW8_LWPMn1_MIAV0_MIWT1_5_MXLIBL_MXSFNS_MO40_MGRIPM1_NTn1_NTA0_NTB0_NTC0_NTD5_NTE0_NTG0_NTMXSA0_NTMXSB0_NTM0_NTWS0_NVn1_NVA0_NVB0_NVC0_NVD0_NVE0_NVG0_NVMXSA0_NVMXSB0_NVM0_NVWS0_NEPBS0_NLCA1_NLCB1_ONLL1_PAP0_PGL0_PGR2_PLR1_PKA1_RAP0_SGROB0_SIA3_SS1_SPO1_SRVW0_SSO0_SVW1_SK5_SKFTR0_SKFDPO0_SKWS0_SKXCCM0_SNLL0_SIP1_SGRO0_TDMI0_TDMIM0_TDMLWS0_TDMPLB0_TDMS0_TIN0_THn1_THA0_THB0_THC0_THD0_THE0_THG0_THMXSA0_THMXSB0_THM0_THWS0_TLDS1_TLDSM1_ULSGRO0_USL1_USLMX0_UDFMAC0_UIOFGRO0_UPLRP0_USFGRO0_USI0_VSn1_VWA1_VWB1_WSGRA0_WSGRB0_WS64_WG64_4_1_WGMXCCn1.kd,64,80,False,out: smaller tile,<128
1280,2048,4096,False,bfloat16,tuned,661,40,331.5,656.8,flydsl,flydsl_hgemm_abf16_wbf16_bf16_t64x96x64x4_ks1_w2x2x1_bias0_ktail0_gm4_pft_gfx950,flydsl:flydsl_hgemm_abf16_wbf16_bf16_t64x96x64x4_ks1_w2x2x1_bias0_ktail0_gm4_pft_gfx950,98.1,,64,96,False,out: smaller tile,<128
1280,129280,4096,False,bfloat16,tuned,968,2525,1432.4,1391.7,torch,native,gluon,0.0,,256,256,False,in: 256x256,>=512
1536,512,4096,False,bfloat16,tuned,351,12,100.3,438.2,torch,native,torch:hipBLASLt,336.9,Cijk_Alik_Bljk_BBS_BH_Bias_HA_S_SAV_UserArgs_MT64x48x256_MI16x16x1_SN_LDSB0_AFC0_AG0_AGGSUA0_AGNTAB0_AFEM1_AFEM1_ASEM1_BL1_BS1_CD1_1_CLR1_CLS0_CADS0_DTLA0_DTLB0_DTLM0_DTVA0_DTVB0_DTVMXSA0_DTVMXSB0_DTVSM0_DPLB0_EPS0_ELFLR0_EMLLn1_FDSI0_GRPM1_GRVWA8_GRVWB8_GSU0_GSUAMB_GLS0_HPLR0_ISA950_ICIW0_IU1_K1_LDSSI0_LDSTI0_LBSPPA512_LBSPPB512_LBSPPMXSA0_LBSPPMXSB0_LBSPPM0_LPA16_LPB16_LPMXSA0_LPMXSB0_LPM0_LRVW8_LWPMn1_MIAV0_MIWT1_3_MXLIBL_MXSFNS_MO40_MGRIPM2_NTn1_NTA0_NTB0_NTC1_NTD5_NTE0_NTG0_NTMXSA0_NTMXSB0_NTM0_NTWS0_NVn1_NVA0_NVB0_NVC0_NVD0_NVE0_NVG0_NVMXSA0_NVMXSB0_NVM0_NVWS0_NEPBS16_NLCA1_NLCB1_ONLL1_PAP0_PGL0_PGR2_PLR1_PKA1_RAP0_SGROB0_SIA3_SS1_SPO1_SRVW0_SSO0_SVW1_SK5_SKFTR0_SKFDPO0_SKWS0_SKXCCM0_SNLL0_SIP1_SGRO0_TDMI0_TDMIM0_TDMLWS0_TDMPLB0_TDMS0_TIN0_THn1_THA0_THB0_THC0_THD0_THE0_THG0_THMXSA0_THMXSB0_THM0_THWS0_TLDS2_TLDSM1_ULSGRO0_USL1_USLMX0_UDFMAC0_UIOFGRO0_UPLRP0_USFGRO1_USI0_VSn1_VWA1_VWB1_WSGRA0_WSGRB0_WS64_WG64_4_1_WGMXCCn1.kd,64,48,False,out: smaller tile,<128
1536,1024,4096,False,bfloat16,tuned,534,24,200.2,540.0,flydsl,flydsl_hgemm_abf16_wbf16_bf16_t64x64x64x4_ks1_w2x1x1_bias0_ktail0_gm4_pft_gfx950,flydsl:flydsl_hgemm_abf16_wbf16_bf16_t64x64x64x4_ks1_w2x1x1_bias0_ktail0_gm4_pft_gfx950,169.7,,64,64,False,out: smaller tile,<128
1536,2048,4096,False,bfloat16,tuned,723,48,395.2,752.4,flydsl,flydsl_hgemm_abf16_wbf16_bf16_t96x128x64x4_ks1_w2x2x1_bias0_ktail0_gm4_pft_gfx950,flydsl:flydsl_hgemm_abf16_wbf16_bf16_t96x128x64x4_ks1_w2x2x1_bias0_ktail0_gm4_pft_gfx950,90.4,,96,128,False,in: non-pow2 tile,<128
1536,129280,4096,False,bfloat16,tuned,1108,3030,1447.4,1358.7,torch,native,gluon,0.0,,256,256,False,in: 256x256,>=512
1792,512,4096,False,bfloat16,tuned,363,14,117.0,415.1,flydsl,flydsl_hgemm_abf16_wbf16_bf16_t64x32x64x6_ks1_w2x1x1_bias0_ktail0_gm4_pft_gfx950,flydsl:flydsl_hgemm_abf16_wbf16_bf16_t64x32x64x6_ks1_w2x1x1_bias0_ktail0_gm4_pft_gfx950,254.8,,64,32,False,out: smaller tile,<128
1792,1024,4096,False,bfloat16,tuned,562,28,233.2,601.7,flydsl,flydsl_hgemm_abf16_wbf16_bf16_t64x64x64x4_ks1_w2x1x1_bias0_ktail0_gm4_pft_gfx950,flydsl:flydsl_hgemm_abf16_wbf16_bf16_t64x64x64x4_ks1_w2x1x1_bias0_ktail0_gm4_pft_gfx950,158.0,,64,64,False,out: smaller tile,<128
1792,2048,4096,False,bfloat16,tuned,775,56,459.4,815.1,flydsl,flydsl_hgemm_abf16_wbf16_bf16_t128x128x64x3_ks1_w4x4x1_bias0_ktail0_gm0_pft_gfx950,flydsl:flydsl_hgemm_abf16_wbf16_bf16_t128x128x64x3_ks1_w4x4x1_bias0_ktail0_gm0_pft_gfx950,77.4,,128,128,False,in: other listed tile,<128
1792,129280,4096,False,bfloat16,tuned,1235,3535,1462.5,1445.1,asm,_ZN5aiter24bf16gemm_bf16_tn_256x256E,gluon,0.0,,256,256,False,in: 256x256,>=512
2048,512,4096,False,bfloat16,tuned,372,16,133.1,476.1,flydsl,flydsl_hgemm_abf16_wbf16_bf16_t64x64x64x5_ks1_w2x4x1_bias0_ktail0_gm4_pft_gfx950,flydsl:flydsl_hgemm_abf16_wbf16_bf16_t64x64x64x5_ks1_w2x4x1_bias0_ktail0_gm4_pft_gfx950,257.7,,64,64,False,out: smaller tile,<128
2048,1024,4096,False,bfloat16,tuned,585,32,264.5,688.5,flydsl,flydsl_hgemm_abf16_wbf16_bf16_t128x64x64x4_ks1_w4x2x1_bias0_ktail0_gm4_pft_gfx950,flydsl:flydsl_hgemm_abf16_wbf16_bf16_t128x64x64x4_ks1_w4x2x1_bias0_ktail0_gm4_pft_gfx950,160.3,,128,64,False,in: other listed tile,<128
2048,2048,4096,False,bfloat16,tuned,819,64,520.5,902.5,flydsl,flydsl_hgemm_abf16_wbf16_bf16_t128x128x64x4_ks1_w4x4x1_bias0_ktail0_gm4_pft_gfx950,flydsl:flydsl_hgemm_abf16_wbf16_bf16_t128x128x64x4_ks1_w4x4x1_bias0_ktail0_gm4_pft_gfx950,73.4,,128,128,False,in: other listed tile,<128
2048,4096,4096,False,bfloat16,tuned,1024,128,1000.2,1214.4,opus,opus_gemm_mono_tile_512x128x256x64_2x4_16x16x32_0x0x0_nooob,opus:opus_gemm_mono_tile_512x128x256x64_2x4_16x16x32_0x0x0_nooob,21.4,,128,256,False,in: other listed tile,128-255
2048,8192,4096,False,bfloat16,tuned,1170,256,1518.4,1451.2,flydsl,flydsl_hgemm_abf16_wbf16_bf16_t256x256x64x2_ks1_w2x4x1_bias0_ktail0_gm0_pht_gfx950,gluon,0.0,,256,256,False,in: 256x256,256-511
2048,8704,4096,False,bfloat16,tuned,1180,272,988.3,1413.0,torch,native,torch:hipBLASLt,43.0,Cijk_Alik_Bljk_BBS_BH_Bias_HA_S_SAV_UserArgs_MT272x256x64_MI16x16x1_SN_LDSB0_AFC0_AG0_AGGSUA0_AGNTAB0_AFEM1_AFEM1_ASEM1_BL1_BS1_CD1_1_CLR1_CLS0_CADS0_DTLA0_DTLB0_DTLM0_DTVA0_DTVB0_DTVMXSA0_DTVMXSB0_DTVSM0_DPLB0_EPS0_ELFLR0_EMLLn1_FDSI0_GRPM1_GRVWA4_GRVWB8_GSU0_GSUAMB_GLS0_HPLR0_ISA950_ICIW0_IU1_K1_LDSSI0_LDSTI0_LBSPPA0_LBSPPB0_LBSPPMXSA0_LBSPPMXSB0_LBSPPM0_LPA0_LPB0_LPMXSA0_LPMXSB0_LPM0_LRVWn1_LWPMn1_MIAV0_MIWT17_4_MXLIBL_MXSFNS_MO40_MGRIPM1_NTn1_NTA0_NTB0_NTC0_NTD0_NTE0_NTG0_NTMXSA0_NTMXSB0_NTM0_NTWS0_NVn1_NVA0_NVB0_NVC0_NVD0_NVE0_NVG0_NVMXSA0_NVMXSB0_NVM0_NVWS0_NEPBS0_NLCA1_NLCB1_ONLL1_PAP0_PGL0_PGR2_PLR1_PKA0_RAP0_SGROB0_SIA3_SS0_SPO0_SRVW0_SSO0_SVW4_SK5_SKFTR0_SKFDPO0_SKWS0_SKXCCM0_SNLL0_SIP1_SGRO0_TDMI0_TDMIM0_TDMLWS0_TDMPLB0_TDMS0_TIN0_THn1_THA0_THB0_THC0_THD0_THE0_THG0_THMXSA0_THMXSB0_THM0_THWS0_TLDS1_TLDSMn1_ULSGRO0_USL0_USLMX0_UDFMAC0_UIOFGRO0_UPLRP0_USFGRO0_USI1_VSn1_VWA1_VWB1_WSGRA0_WSGRB0_WS64_WG16_16_1_WGMXCCn1.kd,272,256,False,in: non-pow2 tile,256-511
2048,10240,4096,False,bfloat16,tuned,1205,320,1153.2,1386.6,torch,native,torch:hipBLASLt,20.2,Cijk_Alik_Bljk_BBS_BH_Bias_HA_S_SAV_UserArgs_MT448x192x64_MI16x16x1_SN_LDSB0_AFC0_AG0_AGGSUA0_AGNTAB0_AFEM1_AFEM1_ASEM1_BL1_BS1_CD1_1_CLR1_CLS0_CADS0_DTLA0_DTLB0_DTLM0_DTVA0_DTVB0_DTVMXSA0_DTVMXSB0_DTVSM0_DPLB0_EPS0_ELFLR0_EMLLn1_FDSI0_GRPM1_GRVWA8_GRVWB8_GSU0_GSUAMB_GLS0_HPLR0_ISA950_ICIW0_IU1_K1_LDSSI0_LDSTI0_LBSPPA0_LBSPPB0_LBSPPMXSA0_LBSPPMXSB0_LBSPPM0_LPA0_LPB0_LPMXSA0_LPMXSB0_LPM0_LRVWn1_LWPMn1_MIAV0_MIWT14_6_MXLIBL_MXSFNS_MO40_MGRIPM1_NTn1_NTA0_NTB0_NTC0_NTD0_NTE0_NTG0_NTMXSA0_NTMXSB0_NTM0_NTWS0_NVn1_NVA0_NVB0_NVC0_NVD0_NVE0_NVG0_NVMXSA0_NVMXSB0_NVM0_NVWS0_NEPBS0_NLCA1_NLCB1_ONLL1_PAP0_PGL0_PGR2_PLR1_PKA0_RAP0_SGROB0_SIA3_SS0_SPO0_SRVW0_SSO0_SVW4_SK5_SKFTR0_SKFDPO0_SKWS0_SKXCCM0_SNLL0_SIP1_SGRO0_TDMI0_TDMIM0_TDMLWS0_TDMPLB0_TDMS0_TIN0_THn1_THA0_THB0_THC0_THD0_THE0_THG0_THMXSA0_THMXSB0_THM0_THWS0_TLDS1_TLDSMn1_ULSGRO0_USL0_USLMX0_UDFMAC0_UIOFGRO0_UPLRP0_USFGRO0_USI1_VSn1_VWA1_VWB1_WSGRA0_WSGRB0_WS64_WG32_8_1_WGMXCCn1.kd,448,192,False,in: non-pow2 tile,256-511
2048,16384,4096,False,bfloat16,tuned,1260,512,1544.3,1483.2,flydsl,flydsl_hgemm_abf16_wbf16_bf16_t256x256x64x2_ks1_w2x4x1_bias0_ktail0_gm4_pht_gfx950,gluon,0.0,,256,256,False,in: 256x256,>=512
2048,129280,4096,False,bfloat16,tuned,1351,4040,1496.5,1448.3,flydsl,flydsl_hgemm_abf16_wbf16_bf16_t256x256x64x2_ks1_w2x4x1_bias0_ktail0_gm4_pht_gfx950,gluon,0.0,,256,256,False,in: 256x256,>=512
2304,512,4096,False,bfloat16,untuned,380,18,149.4,438.5,flydsl,flydsl_hgemm_abf16_wbf16_bf16_t64x128x64x6_ks1_w2x4x1_bias0_ktail0_gm4_pft_gfx950,flydsl:flydsl_hgemm_abf16_wbf16_bf16_t64x128x64x6_ks1_w2x4x1_bias0_ktail0_gm4_pft_gfx950,193.5,,64,128,False,in: other listed tile,<128
2304,1024,4096,False,bfloat16,untuned,604,36,296.6,640.6,flydsl,flydsl_hgemm_abf16_wbf16_bf16_t128x128x64x4_ks1_w4x4x1_bias0_ktail0_gm4_pft_gfx950,flydsl:flydsl_hgemm_abf16_wbf16_bf16_t128x128x64x4_ks1_w4x4x1_bias0_ktail0_gm4_pft_gfx950,116.0,,128,128,False,in: other listed tile,<128
2304,2048,4096,False,bfloat16,untuned,857,72,583.1,885.7,opus,opus_gemm_mono_tile_512x128x256x64_2x4_16x16x32_0x0x0_nooob_4g_safe,opus:opus_gemm_mono_tile_512x128x256x64_2x4_16x16x32_0x0x0_nooob_4g_safe,51.9,,128,256,False,in: other listed tile,<128
2560,512,4096,False,bfloat16,untuned,386,20,165.7,477.4,flydsl,flydsl_hgemm_abf16_wbf16_bf16_t64x128x64x6_ks1_w2x4x1_bias0_ktail0_gm4_pft_gfx950,flydsl:flydsl_hgemm_abf16_wbf16_bf16_t64x128x64x6_ks1_w2x4x1_bias0_ktail0_gm4_pft_gfx950,188.1,,64,128,False,in: other listed tile,<128
2560,1024,4096,False,bfloat16,untuned,621,40,330.3,681.8,flydsl,flydsl_hgemm_abf16_wbf16_bf16_t128x128x64x4_ks1_w4x4x1_bias0_ktail0_gm4_pft_gfx950,flydsl:flydsl_hgemm_abf16_wbf16_bf16_t128x128x64x4_ks1_w4x4x1_bias0_ktail0_gm4_pft_gfx950,106.4,,128,128,False,in: other listed tile,<128
2560,2048,4096,False,bfloat16,untuned,890,80,643.7,968.0,opus,opus_gemm_mono_tile_512x128x256x64_2x4_16x16x32_0x0x0_nooob_4g_safe,opus:opus_gemm_mono_tile_512x128x256x64_2x4_16x16x32_0x0x0_nooob_4g_safe,50.4,,128,256,False,in: other listed tile,<128
2816,512,4096,False,bfloat16,untuned,392,22,182.7,518.7,flydsl,flydsl_hgemm_abf16_wbf16_bf16_t64x128x64x6_ks1_w2x4x1_bias0_ktail0_gm4_pft_gfx950,flydsl:flydsl_hgemm_abf16_wbf16_bf16_t64x128x64x6_ks1_w2x4x1_bias0_ktail0_gm4_pft_gfx950,183.9,,64,128,False,in: other listed tile,<128
2816,1024,4096,False,bfloat16,untuned,635,44,363.1,721.9,flydsl,flydsl_hgemm_abf16_wbf16_bf16_t128x128x64x4_ks1_w4x4x1_bias0_ktail0_gm4_pft_gfx950,flydsl:flydsl_hgemm_abf16_wbf16_bf16_t128x128x64x4_ks1_w4x4x1_bias0_ktail0_gm4_pft_gfx950,98.8,,128,128,False,in: other listed tile,<128
2816,2048,4096,False,bfloat16,untuned,920,88,699.5,1021.0,opus,opus_gemm_mono_tile_512x128x256x64_2x4_16x16x32_0x0x0_nooob_4g_safe,opus:opus_gemm_mono_tile_512x128x256x64_2x4_16x16x32_0x0x0_nooob_4g_safe,46.0,,128,256,False,in: other listed tile,<128
3072,512,4096,False,bfloat16,untuned,396,24,200.1,543.7,flydsl,flydsl_hgemm_abf16_wbf16_bf16_t64x128x64x6_ks1_w2x4x1_bias0_ktail0_gm4_pft_gfx950,flydsl:flydsl_hgemm_abf16_wbf16_bf16_t64x128x64x6_ks1_w2x4x1_bias0_ktail0_gm4_pft_gfx950,171.7,,64,128,False,in: other listed tile,<128
3072,1024,4096,False,bfloat16,untuned,647,48,396.2,750.8,flydsl,flydsl_hgemm_abf16_wbf16_bf16_t128x128x64x4_ks1_w4x4x1_bias0_ktail0_gm4_pft_gfx950,flydsl:flydsl_hgemm_abf16_wbf16_bf16_t128x128x64x4_ks1_w4x4x1_bias0_ktail0_gm4_pft_gfx950,89.5,,128,128,False,in: other listed tile,<128
3072,2048,4096,False,bfloat16,tuned,945,96,764.8,1128.7,opus,opus_gemm_mono_tile_512x192x128x64_2x4_16x16x32_0x0x0_nooob_4g_safe,opus:opus_gemm_mono_tile_512x192x128x64_2x4_16x16x32_0x0x0_nooob_4g_safe,47.6,,192,128,False,in: non-pow2 tile,<128
3328,512,4096,False,bfloat16,untuned,400,26,217.0,562.0,flydsl,flydsl_hgemm_abf16_wbf16_bf16_t64x128x64x6_ks1_w2x4x1_bias0_ktail0_gm4_pft_gfx950,flydsl:flydsl_hgemm_abf16_wbf16_bf16_t64x128x64x6_ks1_w2x4x1_bias0_ktail0_gm4_pft_gfx950,159.0,,64,128,False,in: other listed tile,<128
3328,1024,4096,False,bfloat16,untuned,657,52,427.4,768.6,flydsl,flydsl_hgemm_abf16_wbf16_bf16_t128x128x64x4_ks1_w4x4x1_bias0_ktail0_gm4_pft_gfx950,flydsl:flydsl_hgemm_abf16_wbf16_bf16_t128x128x64x4_ks1_w4x4x1_bias0_ktail0_gm4_pft_gfx950,79.8,,128,128,False,in: other listed tile,<128
3328,2048,4096,False,bfloat16,untuned,968,104,813.1,1102.3,opus,opus_gemm_mono_tile_512x128x256x64_2x4_16x16x32_0x0x0_nooob_4g_safe,opus:opus_gemm_mono_tile_512x128x256x64_2x4_16x16x32_0x0x0_nooob_4g_safe,35.6,,128,256,False,in: other listed tile,<128
3584,512,4096,False,bfloat16,untuned,404,28,233.6,592.9,flydsl,flydsl_hgemm_abf16_wbf16_bf16_t64x128x64x6_ks1_w2x4x1_bias0_ktail0_gm4_pft_gfx950,flydsl:flydsl_hgemm_abf16_wbf16_bf16_t64x128x64x6_ks1_w2x4x1_bias0_ktail0_gm4_pft_gfx950,153.8,,64,128,False,in: other listed tile,<128
3584,1024,4096,False,bfloat16,untuned,667,56,458.5,787.5,flydsl,flydsl_hgemm_abf16_wbf16_bf16_t128x128x64x4_ks1_w4x4x1_bias0_ktail0_gm4_pft_gfx950,flydsl:flydsl_hgemm_abf16_wbf16_bf16_t128x128x64x4_ks1_w4x4x1_bias0_ktail0_gm4_pft_gfx950,71.8,,128,128,False,in: other listed tile,<128
3584,2048,4096,False,bfloat16,untuned,989,112,884.9,1158.7,opus,opus_gemm_mono_tile_512x128x256x64_2x4_16x16x32_0x0x0_nooob_4g_safe,opus:opus_gemm_mono_tile_512x128x256x64_2x4_16x16x32_0x0x0_nooob_4g_safe,30.9,,128,256,False,in: other listed tile,<128
3840,512,4096,False,bfloat16,untuned,407,30,250.3,606.9,flydsl,flydsl_hgemm_abf16_wbf16_bf16_t64x128x64x6_ks1_w2x4x1_bias0_ktail0_gm4_pft_gfx950,flydsl:flydsl_hgemm_abf16_wbf16_bf16_t64x128x64x6_ks1_w2x4x1_bias0_ktail0_gm4_pft_gfx950,142.5,,64,128,False,in: other listed tile,<128
3840,1024,4096,False,bfloat16,untuned,675,60,490.3,804.2,flydsl,flydsl_hgemm_abf16_wbf16_bf16_t128x128x64x4_ks1_w4x4x1_bias0_ktail0_gm4_pft_gfx950,flydsl:flydsl_hgemm_abf16_wbf16_bf16_t128x128x64x4_ks1_w4x4x1_bias0_ktail0_gm4_pft_gfx950,64.0,,128,128,False,in: other listed tile,<128
3840,2048,4096,False,bfloat16,untuned,1007,120,943.8,1192.2,opus,opus_gemm_mono_tile_512x128x256x64_2x4_16x16x32_0x0x0_nooob_4g_safe,opus:opus_gemm_mono_tile_512x128x256x64_2x4_16x16x32_0x0x0_nooob_4g_safe,26.3,,128,256,False,in: other listed tile,<128
4096,512,4096,False,bfloat16,tuned,410,32,264.9,666.5,flydsl,flydsl_hgemm_abf16_wbf16_bf16_t64x128x64x6_ks1_w2x4x1_bias0_ktail0_gm4_pft_gfx950,flydsl:flydsl_hgemm_abf16_wbf16_bf16_t64x128x64x6_ks1_w2x4x1_bias0_ktail0_gm4_pft_gfx950,151.6,,64,128,False,in: other listed tile,<128
4096,1024,4096,False,bfloat16,tuned,683,64,516.0,906.9,flydsl,flydsl_hgemm_abf16_wbf16_bf16_t128x128x64x4_ks1_w4x4x1_bias0_ktail0_gm4_pft_gfx950,flydsl:flydsl_hgemm_abf16_wbf16_bf16_t128x128x64x4_ks1_w4x4x1_bias0_ktail0_gm4_pft_gfx950,75.8,,128,128,False,in: other listed tile,<128
4096,2048,4096,False,bfloat16,tuned,1024,128,998.2,1248.3,opus,opus_gemm_mono_tile_512x128x256x64_2x4_16x16x32_0x0x0_nooob_4g_safe,opus:opus_gemm_mono_tile_512x128x256x64_2x4_16x16x32_0x0x0_nooob_4g_safe,25.1,,128,256,False,in: other listed tile,128-255
4096,4096,4096,False,bfloat16,tuned,1365,256,1522.5,1459.7,flydsl,flydsl_hgemm_abf16_wbf16_bf16_t256x256x64x2_ks1_w2x4x1_bias0_ktail0_gm4_pht_gfx950,gluon,0.0,,256,256,False,in: 256x256,256-511
4096,8192,4096,False,bfloat16,tuned,1638,512,1541.7,1505.2,asm,_ZN5aiter24bf16gemm_bf16_tn_256x256E,gluon,0.0,,256,256,False,in: 256x256,>=512
4096,8704,4096,False,bfloat16,tuned,1658,544,1247.7,1418.6,torch,native,torch:hipBLASLt,13.7,Cijk_Alik_Bljk_BBS_BH_Bias_HA_S_SAV_UserArgs_MT272x256x64_MI16x16x1_SN_LDSB0_AFC0_AG0_AGGSUA0_AGNTAB0_AFEM1_AFEM1_ASEM1_BL1_BS1_CD1_1_CLR1_CLS0_CADS0_DTLA0_DTLB0_DTLM0_DTVA0_DTVB0_DTVMXSA0_DTVMXSB0_DTVSM0_DPLB0_EPS0_ELFLR0_EMLLn1_FDSI0_GRPM1_GRVWA4_GRVWB8_GSU0_GSUAMB_GLS0_HPLR0_ISA950_ICIW0_IU1_K1_LDSSI0_LDSTI0_LBSPPA0_LBSPPB0_LBSPPMXSA0_LBSPPMXSB0_LBSPPM0_LPA0_LPB0_LPMXSA0_LPMXSB0_LPM0_LRVWn1_LWPMn1_MIAV0_MIWT17_4_MXLIBL_MXSFNS_MO40_MGRIPM1_NTn1_NTA0_NTB0_NTC0_NTD0_NTE0_NTG0_NTMXSA0_NTMXSB0_NTM0_NTWS0_NVn1_NVA0_NVB0_NVC0_NVD0_NVE0_NVG0_NVMXSA0_NVMXSB0_NVM0_NVWS0_NEPBS0_NLCA1_NLCB1_ONLL1_PAP0_PGL0_PGR2_PLR1_PKA0_RAP0_SGROB0_SIA3_SS0_SPO0_SRVW0_SSO0_SVW4_SK5_SKFTR0_SKFDPO0_SKWS0_SKXCCM0_SNLL0_SIP1_SGRO0_TDMI0_TDMIM0_TDMLWS0_TDMPLB0_TDMS0_TIN0_THn1_THA0_THB0_THC0_THD0_THE0_THG0_THMXSA0_THMXSB0_THM0_THWS0_TLDS1_TLDSMn1_ULSGRO0_USL0_USLMX0_UDFMAC0_UIOFGRO0_UPLRP0_USFGRO0_USI1_VSn1_VWA1_VWB1_WSGRA0_WSGRB0_WS64_WG16_16_1_WGMXCCn1.kd,272,256,False,in: non-pow2 tile,>=512
4096,10240,4096,False,bfloat16,tuned,1707,640,1414.3,1376.2,flydsl,flydsl_hgemm_abf16_wbf16_bf16_t256x256x64x2_ks1_w2x4x1_bias0_ktail0_gm4_pht_gfx950,gluon,0.0,,256,256,False,in: 256x256,>=512
4096,16384,4096,False,bfloat16,tuned,1820,1024,1540.9,1496.6,flydsl,flydsl_hgemm_abf16_wbf16_bf16_t256x256x64x2_ks1_w2x4x1_bias0_ktail0_gm0_pht_gfx950,gluon,0.0,,256,256,False,in: 256x256,>=512
4096,129280,4096,False,bfloat16,tuned,2016,8080,1510.7,1482.6,asm,_ZN5aiter24bf16gemm_bf16_tn_256x256E,gluon,0.0,,256,256,False,in: 256x256,>=512
4352,512,4096,False,bfloat16,untuned,412,34,281.5,466.3,flydsl,flydsl_hgemm_abf16_wbf16_bf16_t128x128x64x3_ks1_w4x2x1_bias0_ktail0_gm4_pft_gfx950,flydsl:flydsl_hgemm_abf16_wbf16_bf16_t128x128x64x3_ks1_w4x2x1_bias0_ktail0_gm4_pft_gfx950,65.6,,128,128,False,in: other listed tile,<128
4352,1024,4096,False,bfloat16,untuned,689,68,547.9,846.8,opus,opus_gemm_mono_tile_512x128x256x64_2x4_16x16x32_0x0x0_nooob,opus:opus_gemm_mono_tile_512x128x256x64_2x4_16x16x32_0x0x0_nooob,54.6,,128,256,False,in: other listed tile,<128
4352,2048,4096,False,bfloat16,untuned,1039,136,1055.7,1189.3,torch,native,torch:hipBLASLt,12.7,Cijk_Alik_Bljk_BBS_BH_Bias_HA_S_SAV_UserArgs_MT160x256x64_MI16x16x1_CMS_SN_LDSB0_AFC0_AG0_AGGSUA0_AGNTAB0_AFEM1_AFEM1_ASEM1_BL1_BS1_CD1_1_CLR0_CLS0_CADS0_DTLA1_DTLB1_DTLM0_DTVA0_DTVB0_DTVMXSA0_DTVMXSB0_DTVSM0_DPLB0_EPS0_ELFLR0_EMLLn1_FDSI0_GRPM1_GRVWA8_GRVWB8_GSU0_GSUAMB_GLS0_HPLR0_ISA950_ICIW0_IU1_K1_LDSSI0_LDSTI0_LBSPPA1024_LBSPPB1024_LBSPPMXSA0_LBSPPMXSB0_LBSPPM0_LPA16_LPB16_LPMXSA0_LPMXSB0_LPM0_LRVW8_LWPMn1_MIAV0_MIWT5_8_MXLIBL_MXSFNS_MO40_MGRIPM1_NTn1_NTA0_NTB0_NTC0_NTD4_NTE0_NTG0_NTMXSA0_NTMXSB0_NTM0_NTWS0_NVn1_NVA0_NVB0_NVC0_NVD0_NVE0_NVG0_NVMXSA0_NVMXSB0_NVM0_NVWS0_NEPBS0_NLCA1_NLCB1_ONLL1_PAP0_PGL0_PGR2_PLR1_PKA1_RAP0_SGROB0_SIA3_SS1_SPO1_SRVW0_SSO4_SVW1_SK5_SKFTR0_SKFDPO0_SKWS0_SKXCCM0_SNLL0_SIP1_SGRO0_TDMI0_TDMIM0_TDMLWS0_TDMPLB0_TDMS0_TIN0_THn1_THA0_THB0_THC0_THD0_THE0_THG0_THMXSA0_THMXSB0_THM0_THWS0_TLDS1_TLDSM1_ULSGRO0_USL1_USLMX0_UDFMAC0_UIOFGRO0_UPLRP0_USFGRO0_USI0_VSn1_VWA1_VWB8_WSGRA0_WSGRB0_WS64_WG32_8_1_WGMXCCn1.kd,160,256,False,in: non-pow2 tile,128-255
5120,512,4096,False,bfloat16,untuned,418,40,329.9,539.4,flydsl,flydsl_hgemm_abf16_wbf16_bf16_t128x128x64x3_ks1_w4x2x1_bias0_ktail0_gm4_pft_gfx950,flydsl:flydsl_hgemm_abf16_wbf16_bf16_t128x128x64x3_ks1_w4x2x1_bias0_ktail0_gm4_pft_gfx950,63.5,,128,128,False,in: other listed tile,<128
5120,1024,4096,False,bfloat16,untuned,706,80,643.9,1006.4,opus,opus_gemm_mono_tile_512x128x256x64_2x4_16x16x32_0x0x0_nooob,opus:opus_gemm_mono_tile_512x128x256x64_2x4_16x16x32_0x0x0_nooob,56.3,,128,256,False,in: other listed tile,<128
5120,2048,4096,False,bfloat16,untuned,1078,160,1173.8,1281.9,torch,native,torch:hipBLASLt,9.2,Cijk_Alik_Bljk_BBS_BH_Bias_HA_S_SAV_UserArgs_MT256x192x64_MI16x16x1_CMS_SN_LDSB0_AFC0_AG1_AGGSUA0_AGNTAB0_AFEM1_AFEM1_ASEM1_BL1_BS1_CD1_1_CLR0_CLS0_CADS0_DTLA1_DTLB1_DTLM0_DTVA0_DTVB0_DTVMXSA0_DTVMXSB0_DTVSM0_DPLB0_EPS0_ELFLR0_EMLLn1_FDSI0_GRPM1_GRVWA8_GRVWB8_GSU0_GSUAMB_GLS0_HPLR0_ISA950_ICIW0_IU1_K1_LDSSI0_LDSTI0_LBSPPA1024_LBSPPB1024_LBSPPMXSA0_LBSPPMXSB0_LBSPPM0_LPA16_LPB16_LPMXSA0_LPMXSB0_LPM0_LRVW8_LWPMn1_MIAV0_MIWT8_6_MXLIBL_MXSFNS_MO40_MGRIPM1_NTn1_NTA0_NTB0_NTC4_NTD4_NTE0_NTG0_NTMXSA0_NTMXSB0_NTM0_NTWS0_NVn1_NVA0_NVB0_NVC0_NVD0_NVE0_NVG0_NVMXSA0_NVMXSB0_NVM0_NVWS0_NEPBS12_NLCA1_NLCB1_ONLL1_PAP0_PGL0_PGR2_PLR1_PKA1_RAP0_SGROB0_SIA3_SS1_SPO0_SRVW0_SSO1_SVW8_SK5_SKFTR0_SKFDPO0_SKWS0_SKXCCM0_SNLL0_SIP1_SGRO0_TDMI0_TDMIM0_TDMLWS0_TDMPLB0_TDMS0_TIN0_THn1_THA0_THB0_THC0_THD0_THE0_THG0_THMXSA0_THMXSB0_THM0_THWS0_TLDS1_TLDSM1_ULSGRO0_USL1_USLMX0_UDFMAC0_UIOFGRO0_UPLRP0_USFGRO0_USI0_VSn1_VWA8_VWB2_WSGRA0_WSGRB0_WS64_WG32_8_1_WGMXCCn1.kd,256,192,False,in: non-pow2 tile,128-255
6144,512,4096,False,bfloat16,tuned,424,48,395.3,748.5,flydsl,flydsl_hgemm_abf16_wbf16_bf16_t96x128x64x4_ks1_w2x2x1_bias0_ktail0_gm4_pft_gfx950,flydsl:flydsl_hgemm_abf16_wbf16_bf16_t96x128x64x4_ks1_w2x2x1_bias0_ktail0_gm4_pft_gfx950,89.3,,96,128,False,in: non-pow2 tile,<128
6144,1024,4096,False,bfloat16,tuned,723,96,760.1,1138.3,opus,opus_gemm_mono_tile_512x192x128x64_2x4_16x16x32_0x0x0_nooob,opus:opus_gemm_mono_tile_512x192x128x64_2x4_16x16x32_0x0x0_nooob,49.8,,192,128,False,in: non-pow2 tile,<128
6144,2048,4096,False,bfloat16,tuned,1117,192,1319.4,1376.5,opus,opus_gemm_mono_tile_512x192x256x64_2x4_16x16x32_0x0x0_nooob_4g_safe,opus:opus_gemm_mono_tile_512x192x256x64_2x4_16x16x32_0x0x0_nooob_4g_safe,4.3,,192,256,False,in: non-pow2 tile,128-255
6144,129280,4096,False,bfloat16,tuned,2412,12120,1491.9,1486.0,asm,_ZN5aiter24bf16gemm_bf16_tn_256x256E,gluon,0.0,,256,256,False,in: 256x256,>=512
6400,512,4096,False,bfloat16,untuned,425,50,411.2,490.5,flydsl,flydsl_hgemm_abf16_wbf16_bf16_t128x128x64x3_ks1_w4x2x1_bias0_ktail0_gm4_pft_gfx950,flydsl:flydsl_hgemm_abf16_wbf16_bf16_t128x128x64x3_ks1_w4x2x1_bias0_ktail0_gm4_pft_gfx950,19.3,,128,128,False,in: other listed tile,<128
6400,1024,4096,False,bfloat16,untuned,726,100,788.5,1076.5,opus,opus_gemm_mono_tile_512x128x256x64_2x4_16x16x32_0x0x0_nooob,opus:opus_gemm_mono_tile_512x128x256x64_2x4_16x16x32_0x0x0_nooob,36.5,,128,256,False,in: other listed tile,<128
6400,2048,4096,False,bfloat16,untuned,1125,200,1334.5,1363.2,torch,native,torch:hipBLASLt,2.2,Cijk_Alik_Bljk_BBS_BH_Bias_HA_S_SAV_UserArgs_MT256x224x64_MI16x16x1_CMS_SN_LDSB0_AFC0_AG1_AGGSUA0_AGNTAB0_AFEM1_AFEM1_ASEM1_BL1_BS1_CD1_1_CLR1_CLS0_CADS0_DTLA1_DTLB1_DTLM0_DTVA0_DTVB0_DTVMXSA0_DTVMXSB0_DTVSM0_DPLB0_EPS0_ELFLR0_EMLLn1_FDSI0_GRPM1_GRVWA8_GRVWB8_GSU0_GSUAMB_GLS0_HPLR0_ISA950_ICIW0_IU1_K1_LDSSI0_LDSTI0_LBSPPA1024_LBSPPB1024_LBSPPMXSA0_LBSPPMXSB0_LBSPPM0_LPA16_LPB16_LPMXSA0_LPMXSB0_LPM0_LRVW8_LWPMn1_MIAV0_MIWT8_7_MXLIBL_MXSFNS_MO40_MGRIPM1_NTn1_NTA0_NTB0_NTC0_NTD0_NTE0_NTG0_NTMXSA0_NTMXSB0_NTM0_NTWS0_NVn1_NVA0_NVB0_NVC0_NVD0_NVE0_NVG0_NVMXSA0_NVMXSB0_NVM0_NVWS0_NEPBS0_NLCA1_NLCB1_ONLL1_PAP0_PGL0_PGR2_PLR1_PKA1_RAP0_SGROB0_SIA3_SS1_SPO0_SRVW0_SSO1_SVW8_SK5_SKFTR0_SKFDPO0_SKWS0_SKXCCM0_SNLL0_SIP1_SGRO0_TDMI0_TDMIM0_TDMLWS0_TDMPLB0_TDMS0_TIN0_THn1_THA0_THB0_THC0_THD0_THE0_THG0_THMXSA0_THMXSB0_THM0_THWS0_TLDS1_TLDSM1_ULSGRO0_USL1_USLMX0_UDFMAC0_UIOFGRO0_UPLRP0_USFGRO0_USI0_VSn1_VWA8_VWB1_WSGRA0_WSGRB0_WS64_WG32_8_1_WGMXCCn1.kd,256,224,False,in: non-pow2 tile,128-255
6912,512,4096,False,bfloat16,untuned,427,54,444.4,701.6,flydsl,flydsl_hgemm_abf16_wbf16_bf16_t128x128x64x3_ks1_w4x2x1_bias0_ktail0_gm4_pft_gfx950,flydsl:flydsl_hgemm_abf16_wbf16_bf16_t128x128x64x3_ks1_w4x2x1_bias0_ktail0_gm4_pft_gfx950,57.9,,128,128,False,in: other listed tile,<128
6912,1024,4096,False,bfloat16,untuned,732,108,860.8,1112.6,opus,opus_gemm_mono_tile_512x128x256x64_2x4_16x16x32_0x0x0_nooob,opus:opus_gemm_mono_tile_512x128x256x64_2x4_16x16x32_0x0x0_nooob,29.3,,128,256,False,in: other listed tile,<128
6912,2048,4096,False,bfloat16,untuned,1140,216,1378.9,1415.5,torch,native,torch:hipBLASLt,2.7,Cijk_Alik_Bljk_BBS_BH_Bias_HA_S_SAV_UserArgs_MT256x224x64_MI16x16x1_CMS_SN_LDSB0_AFC0_AG1_AGGSUA0_AGNTAB0_AFEM1_AFEM1_ASEM1_BL1_BS1_CD1_1_CLR1_CLS0_CADS0_DTLA1_DTLB1_DTLM0_DTVA0_DTVB0_DTVMXSA0_DTVMXSB0_DTVSM0_DPLB0_EPS0_ELFLR0_EMLLn1_FDSI0_GRPM1_GRVWA8_GRVWB8_GSU0_GSUAMB_GLS0_HPLR0_ISA950_ICIW0_IU1_K1_LDSSI0_LDSTI0_LBSPPA1024_LBSPPB1024_LBSPPMXSA0_LBSPPMXSB0_LBSPPM0_LPA16_LPB16_LPMXSA0_LPMXSB0_LPM0_LRVW8_LWPMn1_MIAV0_MIWT8_7_MXLIBL_MXSFNS_MO40_MGRIPM1_NTn1_NTA0_NTB0_NTC0_NTD0_NTE0_NTG0_NTMXSA0_NTMXSB0_NTM0_NTWS0_NVn1_NVA0_NVB0_NVC0_NVD0_NVE0_NVG0_NVMXSA0_NVMXSB0_NVM0_NVWS0_NEPBS0_NLCA1_NLCB1_ONLL1_PAP0_PGL0_PGR2_PLR1_PKA1_RAP0_SGROB0_SIA3_SS1_SPO0_SRVW0_SSO1_SVW8_SK5_SKFTR0_SKFDPO0_SKWS0_SKXCCM0_SNLL0_SIP1_SGRO0_TDMI0_TDMIM0_TDMLWS0_TDMPLB0_TDMS0_TIN0_THn1_THA0_THB0_THC0_THD0_THE0_THG0_THMXSA0_THMXSB0_THM0_THWS0_TLDS1_TLDSM1_ULSGRO0_USL1_USLMX0_UDFMAC0_UIOFGRO0_UPLRP0_USFGRO0_USI0_VSn1_VWA8_VWB1_WSGRA0_WSGRB0_WS64_WG32_8_1_WGMXCCn1.kd,256,224,False,in: non-pow2 tile,128-255
7168,512,4096,False,bfloat16,untuned,428,56,459.5,481.4,flydsl,flydsl_hgemm_abf16_wbf16_bf16_t128x128x64x3_ks1_w4x2x1_bias0_ktail0_gm4_pft_gfx950,flydsl:flydsl_hgemm_abf16_wbf16_bf16_t128x128x64x3_ks1_w4x2x1_bias0_ktail0_gm4_pft_gfx950,4.8,,128,128,False,in: other listed tile,<128
7168,1024,4096,False,bfloat16,untuned,735,112,896.1,1185.5,opus,opus_gemm_mono_tile_512x128x256x64_2x4_16x16x32_0x0x0_nooob,opus:opus_gemm_mono_tile_512x128x256x64_2x4_16x16x32_0x0x0_nooob,32.3,,128,256,False,in: other listed tile,<128
7168,2048,4096,False,bfloat16,untuned,1147,224,1408.8,1438.2,torch,native,torch:hipBLASLt,2.1,Cijk_Alik_Bljk_BBS_BH_Bias_HA_S_SAV_UserArgs_MT256x224x64_MI16x16x1_CMS_SN_LDSB0_AFC0_AG1_AGGSUA0_AGNTAB0_AFEM1_AFEM1_ASEM1_BL1_BS1_CD1_1_CLR1_CLS0_CADS0_DTLA1_DTLB1_DTLM0_DTVA0_DTVB0_DTVMXSA0_DTVMXSB0_DTVSM0_DPLB0_EPS0_ELFLR0_EMLLn1_FDSI0_GRPM1_GRVWA8_GRVWB8_GSU0_GSUAMB_GLS0_HPLR0_ISA950_ICIW0_IU1_K1_LDSSI0_LDSTI0_LBSPPA1024_LBSPPB1024_LBSPPMXSA0_LBSPPMXSB0_LBSPPM0_LPA16_LPB16_LPMXSA0_LPMXSB0_LPM0_LRVW8_LWPMn1_MIAV0_MIWT8_7_MXLIBL_MXSFNS_MO40_MGRIPM1_NTn1_NTA0_NTB0_NTC0_NTD0_NTE0_NTG0_NTMXSA0_NTMXSB0_NTM0_NTWS0_NVn1_NVA0_NVB0_NVC0_NVD0_NVE0_NVG0_NVMXSA0_NVMXSB0_NVM0_NVWS0_NEPBS0_NLCA1_NLCB1_ONLL1_PAP0_PGL0_PGR2_PLR1_PKA1_RAP0_SGROB0_SIA3_SS1_SPO0_SRVW0_SSO1_SVW8_SK5_SKFTR0_SKFDPO0_SKWS0_SKXCCM0_SNLL0_SIP1_SGRO0_TDMI0_TDMIM0_TDMLWS0_TDMPLB0_TDMS0_TIN0_THn1_THA0_THB0_THC0_THD0_THE0_THG0_THMXSA0_THMXSB0_THM0_THWS0_TLDS1_TLDSM1_ULSGRO0_USL1_USLMX0_UDFMAC0_UIOFGRO0_UPLRP0_USFGRO0_USI0_VSn1_VWA8_VWB1_WSGRA0_WSGRB0_WS64_WG32_8_1_WGMXCCn1.kd,256,224,False,in: non-pow2 tile,128-255
7424,512,4096,False,bfloat16,untuned,429,58,475.5,715.5,flydsl,flydsl_hgemm_abf16_wbf16_bf16_t128x128x64x3_ks1_w4x2x1_bias0_ktail0_gm4_pft_gfx950,flydsl:flydsl_hgemm_abf16_wbf16_bf16_t128x128x64x3_ks1_w4x2x1_bias0_ktail0_gm4_pft_gfx950,50.5,,128,128,False,in: other listed tile,<128
7424,1024,4096,False,bfloat16,untuned,738,116,927.4,1138.3,opus,opus_gemm_mono_tile_512x128x256x64_2x4_16x16x32_0x0x0_nooob,opus:opus_gemm_mono_tile_512x128x256x64_2x4_16x16x32_0x0x0_nooob,22.7,,128,256,False,in: other listed tile,<128
7424,2048,4096,False,bfloat16,untuned,1153,232,1432.6,1407.8,torch,native,gluon,0.0,,256,256,False,in: 256x256,128-255
7680,512,4096,False,bfloat16,untuned,430,60,488.6,511.8,flydsl,flydsl_hgemm_abf16_wbf16_bf16_t128x128x64x3_ks1_w4x2x1_bias0_ktail0_gm4_pft_gfx950,flydsl:flydsl_hgemm_abf16_wbf16_bf16_t128x128x64x3_ks1_w4x2x1_bias0_ktail0_gm4_pft_gfx950,4.7,,128,128,False,in: other listed tile,<128
7680,1024,4096,False,bfloat16,untuned,740,120,960.4,1194.1,opus,opus_gemm_mono_tile_512x128x256x64_2x4_16x16x32_0x0x0_nooob,opus:opus_gemm_mono_tile_512x128x256x64_2x4_16x16x32_0x0x0_nooob,24.3,,128,256,False,in: other listed tile,<128
7680,2048,4096,False,bfloat16,untuned,1159,240,1461.6,1430.8,torch,native,gluon,0.0,,256,256,False,in: 256x256,128-255
7936,512,4096,False,bfloat16,untuned,430,62,505.7,794.1,flydsl,flydsl_hgemm_abf16_wbf16_bf16_t128x128x64x3_ks1_w4x2x1_bias0_ktail0_gm4_pft_gfx950,flydsl:flydsl_hgemm_abf16_wbf16_bf16_t128x128x64x3_ks1_w4x2x1_bias0_ktail0_gm4_pft_gfx950,57.0,,128,128,False,in: other listed tile,<128
7936,1024,4096,False,bfloat16,untuned,743,124,982.2,1172.3,opus,opus_gemm_mono_tile_512x128x256x64_2x4_16x16x32_0x0x0_nooob,opus:opus_gemm_mono_tile_512x128x256x64_2x4_16x16x32_0x0x0_nooob,19.4,,128,256,False,in: other listed tile,<128
7936,2048,4096,False,bfloat16,untuned,1165,248,1488.7,1452.7,torch,native,gluon,0.0,,256,256,False,in: 256x256,128-255
8192,512,4096,False,bfloat16,tuned,431,64,518.4,863.8,flydsl,flydsl_hgemm_abf16_wbf16_bf16_t128x128x64x3_ks1_w4x2x1_bias0_ktail0_gm4_pft_gfx950,flydsl:flydsl_hgemm_abf16_wbf16_bf16_t128x128x64x3_ks1_w4x2x1_bias0_ktail0_gm4_pft_gfx950,66.6,,128,128,False,in: other listed tile,<128
8192,1024,4096,False,bfloat16,tuned,745,128,976.2,1247.2,opus,opus_gemm_mono_tile_512x128x256x64_2x4_16x16x32_0x0x0_nooob,opus:opus_gemm_mono_tile_512x128x256x64_2x4_16x16x32_0x0x0_nooob,27.8,,128,256,False,in: other listed tile,128-255
8192,2048,4096,False,bfloat16,tuned,1170,256,1525.8,1478.2,torch,native,gluon,0.0,,256,256,False,in: 256x256,256-511
8192,4096,4096,False,bfloat16,tuned,1638,512,1547.8,1496.7,flydsl,flydsl_hgemm_abf16_wbf16_bf16_t256x256x64x2_ks1_w2x4x1_bias0_ktail0_gm4_pht_gfx950,gluon,0.0,,256,256,False,in: 256x256,>=512
8192,8192,4096,False,bfloat16,tuned,2048,1024,1553.3,1527.5,asm,_ZN5aiter24bf16gemm_bf16_tn_256x256E,gluon,0.0,,256,256,False,in: 256x256,>=512
8192,8704,4096,False,bfloat16,tuned,2079,1088,1428.1,1401.9,asm,_ZN5aiter24bf16gemm_bf16_tn_256x256E,gluon,0.0,,256,256,False,in: 256x256,>=512
8192,10240,4096,False,bfloat16,tuned,2156,1280,1546.2,1428.7,torch,native,gluon,0.0,,256,256,False,in: 256x256,>=512
8192,16384,4096,False,bfloat16,tuned,2341,2048,1522.1,1522.0,torch,native,gluon,0.0,,256,256,False,in: 256x256,>=512
8192,129280,4096,False,bfloat16,tuned,2674,16160,1523.9,1477.2,flydsl,flydsl_hgemm_abf16_wbf16_bf16_t256x256x64x2_ks1_w2x4x1_bias0_ktail0_gm4_pht_gfx950,gluon,0.0,,256,256,False,in: 256x256,>=512
10240,512,4096,False,bfloat16,tuned,436,80,639.9,881.9,torch,native,torch:hipBLASLt,37.8,Cijk_Alik_Bljk_BBS_BH_Bias_HA_S_SAV_UserArgs_MT256x80x128_MI16x16x1_SN_LDSB1_AFC0_AG0_AGGSUA0_AGNTAB0_AFEM1_AFEM1_ASEM1_BL1_BS1_CD1_1_CLR1_CLS0_CADS0_DTLA0_DTLB0_DTLM0_DTVA0_DTVB0_DTVMXSA0_DTVMXSB0_DTVSM0_DPLB0_EPS0_ELFLR0_EMLLn1_FDSI0_GRPM1_GRVWA8_GRVWB8_GSU0_GSUAMB_GLS0_HPLR0_ISA950_ICIW0_IU1_K1_LDSSI0_LDSTI0_LBSPPA1024_LBSPPB256_LBSPPMXSA0_LBSPPMXSB0_LBSPPM0_LPA16_LPB16_LPMXSA0_LPMXSB0_LPM0_LRVW8_LWPMn1_MIAV0_MIWT4_5_MXLIBL_MXSFNS_MO40_MGRIPM1_NTn1_NTA0_NTB4_NTC0_NTD0_NTE0_NTG0_NTMXSA0_NTMXSB0_NTM0_NTWS0_NVn1_NVA0_NVB0_NVC0_NVD0_NVE0_NVG0_NVMXSA0_NVMXSB0_NVM0_NVWS0_NEPBS0_NLCA1_NLCB1_ONLL1_PAP0_PGL0_PGR2_PLR1_PKA1_RAP0_SGROB0_SIA3_SS1_SPO0_SRVW0_SSO0_SVW4_SK5_SKFTR0_SKFDPO0_SKWS0_SKXCCM0_SNLL0_SIP1_SGRO0_TDMI0_TDMIM0_TDMLWS0_TDMPLB0_TDMS0_TIN0_THn1_THA0_THB0_THC0_THD0_THE0_THG0_THMXSA0_THMXSB0_THM0_THWS0_TLDS1_TLDSM1_ULSGRO0_USL1_USLMX0_UDFMAC0_UIOFGRO0_UPLRP0_USFGRO0_USI0_VSn1_VWA4_VWB1_WSGRA0_WSGRB0_WS64_WG64_4_1_WGMXCCn1.kd,256,80,False,in: non-pow2 tile,<128
10240,1024,4096,False,bfloat16,tuned,759,160,1176.3,1280.7,torch,native,torch:hipBLASLt,8.9,Cijk_Alik_Bljk_BBS_BH_Bias_HA_S_SAV_UserArgs_MT256x192x64_MI16x16x1_CMS_SN_LDSB0_AFC0_AG1_AGGSUA0_AGNTAB0_AFEM1_AFEM1_ASEM1_BL1_BS1_CD1_1_CLR0_CLS0_CADS0_DTLA1_DTLB1_DTLM0_DTVA0_DTVB0_DTVMXSA0_DTVMXSB0_DTVSM0_DPLB0_EPS0_ELFLR0_EMLLn1_FDSI0_GRPM1_GRVWA8_GRVWB8_GSU0_GSUAMB_GLS0_HPLR0_ISA950_ICIW0_IU1_K1_LDSSI0_LDSTI0_LBSPPA1024_LBSPPB1024_LBSPPMXSA0_LBSPPMXSB0_LBSPPM0_LPA16_LPB16_LPMXSA0_LPMXSB0_LPM0_LRVW8_LWPMn1_MIAV0_MIWT8_6_MXLIBL_MXSFNS_MO40_MGRIPM1_NTn1_NTA0_NTB0_NTC4_NTD4_NTE0_NTG0_NTMXSA0_NTMXSB0_NTM0_NTWS0_NVn1_NVA0_NVB0_NVC0_NVD0_NVE0_NVG0_NVMXSA0_NVMXSB0_NVM0_NVWS0_NEPBS12_NLCA1_NLCB1_ONLL1_PAP0_PGL0_PGR2_PLR1_PKA1_RAP0_SGROB0_SIA3_SS1_SPO0_SRVW0_SSO1_SVW8_SK5_SKFTR0_SKFDPO0_SKWS0_SKXCCM0_SNLL0_SIP1_SGRO0_TDMI0_TDMIM0_TDMLWS0_TDMPLB0_TDMS0_TIN0_THn1_THA0_THB0_THC0_THD0_THE0_THG0_THMXSA0_THMXSB0_THM0_THWS0_TLDS1_TLDSM1_ULSGRO0_USL1_USLMX0_UDFMAC0_UIOFGRO0_UPLRP0_USFGRO0_USI0_VSn1_VWA8_VWB2_WSGRA0_WSGRB0_WS64_WG32_8_1_WGMXCCn1.kd,256,192,False,in: non-pow2 tile,128-255
10240,2048,4096,False,bfloat16,tuned,1205,320,1132.1,1459.6,torch,native,torch:hipBLASLt,28.9,Cijk_Alik_Bljk_BBS_BH_Bias_HA_S_SAV_UserArgs_MT256x320x64_MI16x16x1_SN_LDSB0_AFC0_AG0_AGGSUA0_AGNTAB0_AFEM1_AFEM1_ASEM1_BL1_BS1_CD1_1_CLR1_CLS0_CADS0_DTLA0_DTLB0_DTLM0_DTVA0_DTVB0_DTVMXSA0_DTVMXSB0_DTVSM0_DPLB0_EPS0_ELFLR0_EMLLn1_FDSI0_GRPM1_GRVWA8_GRVWB8_GSU0_GSUAMB_GLS0_HPLR0_ISA950_ICIW0_IU1_K1_LDSSI0_LDSTI0_LBSPPA0_LBSPPB0_LBSPPMXSA0_LBSPPMXSB0_LBSPPM0_LPA0_LPB0_LPMXSA0_LPMXSB0_LPM0_LRVWn1_LWPMn1_MIAV0_MIWT16_5_MXLIBL_MXSFNS_MO40_MGRIPM1_NTn1_NTA0_NTB0_NTC0_NTD0_NTE0_NTG0_NTMXSA0_NTMXSB0_NTM0_NTWS0_NVn1_NVA0_NVB0_NVC0_NVD0_NVE0_NVG0_NVMXSA0_NVMXSB0_NVM0_NVWS0_NEPBS0_NLCA1_NLCB1_ONLL1_PAP0_PGL0_PGR2_PLR1_PKA0_RAP0_SGROB0_SIA3_SS0_SPO0_SRVW0_SSO0_SVW4_SK5_SKFTR0_SKFDPO0_SKWS0_SKXCCM0_SNLL0_SIP1_SGRO0_TDMI0_TDMIM0_TDMLWS0_TDMPLB0_TDMS0_TIN0_THn1_THA0_THB0_THC0_THD0_THE0_THG0_THMXSA0_THMXSB0_THM0_THWS0_TLDS1_TLDSMn1_ULSGRO0_USL0_USLMX0_UDFMAC0_UIOFGRO0_UPLRP0_USFGRO0_USI1_VSn1_VWA1_VWB1_WSGRA0_WSGRB0_WS64_WG16_16_1_WGMXCCn1.kd,256,320,False,in: non-pow2 tile,256-511
10240,129280,4096,False,bfloat16,tuned,2861,20200,1503.8,1498.8,asm,_ZN5aiter24bf16gemm_bf16_tn_256x256E,gluon,0.0,,256,256,False,in: 256x256,>=512
12288,512,4096,False,bfloat16,tuned,439,96,762.1,1127.8,opus,opus_gemm_mono_tile_512x192x128x64_2x4_16x16x32_0x0x0_nooob,opus:opus_gemm_mono_tile_512x192x128x64_2x4_16x16x32_0x0x0_nooob,48.0,,192,128,False,in: non-pow2 tile,<128
12288,1024,4096,False,bfloat16,tuned,768,192,1314.3,1384.6,opus,opus_gemm_mono_tile_512x192x256x64_2x4_16x16x32_0x0x0_nooob,opus:opus_gemm_mono_tile_512x192x256x64_2x4_16x16x32_0x0x0_nooob,5.3,,192,256,False,in: non-pow2 tile,128-255
12288,2048,4096,False,bfloat16,tuned,1229,384,1314.0,1384.2,opus,opus_gemm_mono_tile_512x192x256x64_2x4_16x16x32_0x0x0_nooob_4g_safe,opus:opus_gemm_mono_tile_512x192x256x64_2x4_16x16x32_0x0x0_nooob_4g_safe,5.3,,192,256,False,in: non-pow2 tile,256-511
12288,129280,4096,False,bfloat16,tuned,3001,24240,1518.3,1496.9,asm,_ZN5aiter24bf16gemm_bf16_tn_256x256E,gluon,0.0,,256,256,False,in: 256x256,>=512
14336,512,4096,False,bfloat16,tuned,441,112,884.5,1172.2,opus,opus_gemm_mono_tile_512x128x256x64_2x4_16x16x32_0x0x0_nooob,opus:opus_gemm_mono_tile_512x128x256x64_2x4_16x16x32_0x0x0_nooob,32.5,,128,256,False,in: other listed tile,<128
14336,1024,4096,False,bfloat16,tuned,775,224,1399.2,1450.1,torch,native,torch:hipBLASLt,3.6,Cijk_Alik_Bljk_BBS_BH_Bias_HA_S_SAV_UserArgs_MT256x224x64_MI16x16x1_CMS_SN_LDSB0_AFC0_AG1_AGGSUA0_AGNTAB0_AFEM1_AFEM1_ASEM1_BL1_BS1_CD1_1_CLR1_CLS0_CADS0_DTLA1_DTLB1_DTLM0_DTVA0_DTVB0_DTVMXSA0_DTVMXSB0_DTVSM0_DPLB0_EPS0_ELFLR0_EMLLn1_FDSI0_GRPM1_GRVWA8_GRVWB8_GSU0_GSUAMB_GLS0_HPLR0_ISA950_ICIW0_IU1_K1_LDSSI0_LDSTI0_LBSPPA1024_LBSPPB1024_LBSPPMXSA0_LBSPPMXSB0_LBSPPM0_LPA16_LPB16_LPMXSA0_LPMXSB0_LPM0_LRVW8_LWPMn1_MIAV0_MIWT8_7_MXLIBL_MXSFNS_MO40_MGRIPM1_NTn1_NTA0_NTB0_NTC0_NTD0_NTE0_NTG0_NTMXSA0_NTMXSB0_NTM0_NTWS0_NVn1_NVA0_NVB0_NVC0_NVD0_NVE0_NVG0_NVMXSA0_NVMXSB0_NVM0_NVWS0_NEPBS0_NLCA1_NLCB1_ONLL1_PAP0_PGL0_PGR2_PLR1_PKA1_RAP0_SGROB0_SIA3_SS1_SPO0_SRVW0_SSO1_SVW8_SK5_SKFTR0_SKFDPO0_SKWS0_SKXCCM0_SNLL0_SIP1_SGRO0_TDMI0_TDMIM0_TDMLWS0_TDMPLB0_TDMS0_TIN0_THn1_THA0_THB0_THC0_THD0_THE0_THG0_THMXSA0_THMXSB0_THM0_THWS0_TLDS1_TLDSM1_ULSGRO0_USL1_USLMX0_UDFMAC0_UIOFGRO0_UPLRP0_USFGRO0_USI0_VSn1_VWA8_VWB1_WSGRA0_WSGRB0_WS64_WG32_8_1_WGMXCCn1.kd,256,224,False,in: non-pow2 tile,128-255
14336,2048,4096,False,bfloat16,tuned,1247,448,1436.3,1402.5,flydsl,flydsl_hgemm_abf16_wbf16_bf16_t256x256x64x2_ks1_w2x4x1_bias0_ktail0_gm4_pht_gfx950,gluon,0.0,,256,256,False,in: 256x256,256-511
14336,129280,4096,False,bfloat16,tuned,3109,28280,1500.9,1491.8,asm,_ZN5aiter24bf16gemm_bf16_tn_256x256E,gluon,0.0,,256,256,False,in: 256x256,>=512
16384,512,4096,False,bfloat16,tuned,443,128,1007.5,1251.9,opus,opus_gemm_mono_tile_512x128x256x64_2x4_16x16x32_0x0x0_nooob,opus:opus_gemm_mono_tile_512x128x256x64_2x4_16x16x32_0x0x0_nooob,24.3,,128,256,False,in: other listed tile,128-255
16384,1024,4096,False,bfloat16,tuned,780,256,1520.4,1464.5,flydsl,flydsl_hgemm_abf16_wbf16_bf16_t256x256x64x2_ks1_w2x4x1_bias0_ktail0_gm4_pht_gfx950,gluon,0.0,,256,256,False,in: 256x256,256-511
16384,2048,4096,False,bfloat16,tuned,1260,512,1545.4,1347.9,torch,native,gluon,0.0,,256,256,False,in: 256x256,>=512
16384,16384,4096,False,bfloat16,tuned,2731,4096,1522.1,1462.4,torch,native,gluon,0.0,,256,256,False,in: 256x256,>=512
16384,129280,4096,False,bfloat16,tuned,3196,32320,1532.8,1495.4,asm,_ZN5aiter24bf16gemm_bf16_tn_256x256E,gluon,0.0,,256,256,False,in: 256x256,>=512
32768,16384,4096,False,bfloat16,tuned,2979,8192,1520.0,1498.9,flydsl,flydsl_hgemm_abf16_wbf16_bf16_t256x256x64x2_ks1_w2x4x1_bias0_ktail0_gm0_pht_gfx950,gluon,0.0,,256,256,False,in: 256x256,>=512
512,7168,4224,False,bfloat16,tuned,429,56,458.2,846.4,flydsl,flydsl_hgemm_abf16_wbf16_bf16_t128x128x64x3_ks1_w4x4x1_bias0_ktail0_gm0_pft_gfx950,flydsl:flydsl_hgemm_abf16_wbf16_bf16_t128x128x64x3_ks1_w4x4x1_bias0_ktail0_gm0_pft_gfx950,84.7,,128,128,False,in: other listed tile,<128
1024,7168,4224,False,bfloat16,tuned,739,112,884.6,1148.2,flydsl,flydsl_hgemm_abf16_wbf16_bf16_t128x256x64x2_ks1_w2x4x1_bias0_ktail0_gm0_pht_gfx950,flydsl:flydsl_hgemm_abf16_wbf16_bf16_t128x256x64x2_ks1_w2x4x1_bias0_ktail0_gm0_pht_gfx950,29.8,,128,256,False,in: other listed tile,<128
10240,7168,4224,False,bfloat16,tuned,2110,1120,1453.5,966.1,opus,opus_gemm_256x256x128x32_2x2_16x16x32_0x0x0_nooob,gluon,0.0,,256,256,False,in: 256x256,>=512
512,6144,4608,False,bfloat16,tuned,429,48,398.8,782.3,flydsl,flydsl_hgemm_abf16_wbf16_bf16_t128x96x64x4_ks1_w2x2x1_bias0_ktail0_gm4_pft_gfx950,flydsl:flydsl_hgemm_abf16_wbf16_bf16_t128x96x64x4_ks1_w2x2x1_bias0_ktail0_gm4_pft_gfx950,96.2,,128,96,False,in: non-pow2 tile,<128
1024,6144,4608,False,bfloat16,tuned,737,96,776.2,1014.0,torch,native,torch:hipBLASLt,30.6,Cijk_Alik_Bljk_BBS_BH_Bias_HA_S_SAV_UserArgs_MT192x128x128_MI16x16x1_SN_LDSB1_AFC0_AG0_AGGSUA0_AGNTAB0_AFEM1_AFEM1_ASEM1_BL1_BS1_CD1_1_CLR0_CLS0_CADS0_DTLA0_DTLB0_DTLM0_DTVA0_DTVB0_DTVMXSA0_DTVMXSB0_DTVSM0_DPLB0_EPS0_ELFLR0_EMLLn1_FDSI0_GRPM1_GRVWA8_GRVWB8_GSU0_GSUAMB_GLS0_HPLR0_ISA950_ICIW0_IU1_K1_LDSSI0_LDSTI0_LBSPPA512_LBSPPB1024_LBSPPMXSA0_LBSPPMXSB0_LBSPPM0_LPA16_LPB16_LPMXSA0_LPMXSB0_LPM0_LRVW8_LWPMn1_MIAV0_MIWT6_4_MXLIBL_MXSFNS_MO40_MGRIPM1_NTn1_NTA0_NTB0_NTC1_NTD4_NTE0_NTG0_NTMXSA0_NTMXSB0_NTM0_NTWS0_NVn1_NVA0_NVB0_NVC0_NVD0_NVE0_NVG0_NVMXSA0_NVMXSB0_NVM0_NVWS0_NEPBS0_NLCA1_NLCB1_ONLL1_PAP0_PGL0_PGR2_PLR1_PKA1_RAP0_SGROB0_SIA3_SS1_SPO0_SRVW0_SSO1_SVW2_SK5_SKFTR0_SKFDPO0_SKWS0_SKXCCM0_SNLL0_SIP1_SGRO0_TDMI0_TDMIM0_TDMLWS0_TDMPLB0_TDMS0_TIN0_THn1_THA0_THB0_THC0_THD0_THE0_THG0_THMXSA0_THMXSB0_THM0_THWS0_TLDS2_TLDSM1_ULSGRO0_USL1_USLMX0_UDFMAC0_UIOFGRO0_UPLRP0_USFGRO0_USI0_VSn1_VWA2_VWB4_WSGRA0_WSGRB0_WS64_WG32_8_1_WGMXCCn1.kd,192,128,False,in: non-pow2 tile,<128
2048,6144,4608,False,bfloat16,tuned,1152,192,1346.2,1275.2,flydsl,flydsl_hgemm_abf16_wbf16_bf16_t256x256x64x2_ks1_w2x4x1_bias0_ktail0_gm0_pht_gfx950,gluon,0.0,,256,256,False,in: 256x256,128-255
4096,6144,4608,False,bfloat16,tuned,1603,384,1336.9,1424.2,torch,native,torch:hipBLASLt,6.5,Cijk_Alik_Bljk_BBS_BH_Bias_HA_S_SAV_UserArgs_MT192x256x64_MI16x16x1_CMS_SN_LDSB0_AFC0_AG0_AGGSUA0_AGNTAB0_AFEM1_AFEM1_ASEM1_BL1_BS1_CD1_1_CLR1_CLS0_CADS0_DTLA1_DTLB1_DTLM0_DTVA0_DTVB0_DTVMXSA0_DTVMXSB0_DTVSM0_DPLB0_EPS0_ELFLR0_EMLLn1_FDSI0_GRPM1_GRVWA8_GRVWB8_GSU0_GSUAMB_GLS0_HPLR0_ISA950_ICIW0_IU1_K1_LDSSI0_LDSTI0_LBSPPA1024_LBSPPB1024_LBSPPMXSA0_LBSPPMXSB0_LBSPPM0_LPA16_LPB16_LPMXSA0_LPMXSB0_LPM0_LRVW8_LWPMn1_MIAV0_MIWT6_8_MXLIBL_MXSFNS_MO40_MGRIPM1_NTn1_NTA0_NTB0_NTC0_NTD4_NTE0_NTG0_NTMXSA0_NTMXSB0_NTM0_NTWS0_NVn1_NVA0_NVB0_NVC0_NVD0_NVE0_NVG0_NVMXSA0_NVMXSB0_NVM0_NVWS0_NEPBS0_NLCA1_NLCB1_ONLL1_PAP0_PGL0_PGR2_PLR1_PKA1_RAP0_SGROB0_SIA3_SS1_SPO0_SRVW0_SSO1_SVW2_SK5_SKFTR0_SKFDPO0_SKWS0_SKXCCM0_SNLL0_SIP1_SGRO0_TDMI0_TDMIM0_TDMLWS0_TDMPLB0_TDMS0_TIN0_THn1_THA0_THB0_THC0_THD0_THE0_THG0_THMXSA0_THMXSB0_THM0_THWS0_TLDS1_TLDSM1_ULSGRO0_USL1_USLMX0_UDFMAC0_UIOFGRO0_UPLRP0_USFGRO0_USI0_VSn1_VWA2_VWB8_WSGRA0_WSGRB0_WS64_WG32_8_1_WGMXCCn1.kd,192,256,False,in: non-pow2 tile,256-511
8192,6144,4608,False,bfloat16,tuned,1993,768,1563.9,1511.0,torch,native,gluon,0.0,,256,256,False,in: 256x256,>=512
16384,6144,4608,False,bfloat16,tuned,2269,1536,1551.9,1438.5,torch,native,gluon,0.0,,256,256,False,in: 256x256,>=512
32768,6144,4608,False,bfloat16,tuned,2437,3072,1545.2,1431.0,torch,native,gluon,0.0,,256,256,False,in: 256x256,>=512
512,1024,5120,False,float32,tuned,301,8,65.4,333.7,asm,_ZN5aiter39bf16gemm_fp32bf16_tn_64x64_splitk_cleanE,asm:_ZN5aiter39bf16gemm_fp32bf16_tn_64x64_splitk_cleanE,410.2,,64,64,True,out: split-K,<128
512,5120,5120,False,bfloat16,tuned,427,40,335.4,725.3,torch,native,torch:hipBLASLt,116.2,Cijk_Alik_Bljk_BBS_BH_Bias_HA_S_SAV_UserArgs_MT160x128x128_MI16x16x1_SN_LDSB0_AFC0_AG0_AGGSUA0_AGNTAB0_AFEM1_AFEM1_ASEM1_BL1_BS1_CD1_1_CLR0_CLS0_CADS0_DTLA0_DTLB0_DTLM0_DTVA0_DTVB0_DTVMXSA0_DTVMXSB0_DTVSM0_DPLB0_EPS0_ELFLR0_EMLLn1_FDSI0_GRPM1_GRVWA8_GRVWB8_GSU0_GSUAMB_GLS0_HPLR0_ISA950_ICIW0_IU1_K1_LDSSI0_LDSTI0_LBSPPA256_LBSPPB1024_LBSPPMXSA0_LBSPPMXSB0_LBSPPM0_LPA16_LPB16_LPMXSA0_LPMXSB0_LPMn1_LRVW8_LWPMn1_MIAV0_MIWT5_4_MXLIBL_MXSFNS_MO64_MGRIPM1_NTn1_NTA4_NTB0_NTC0_NTD4_NTE0_NTG0_NTMXSA0_NTMXSB0_NTM0_NTWS0_NVn1_NVA0_NVB0_NVC0_NVD0_NVE0_NVG0_NVMXSA0_NVMXSB0_NVM0_NVWS0_NEPBS0_NLCA1_NLCB1_ONLL1_PAP0_PGL0_PGR2_PLR1_PKA1_RAP0_SGROB0_SIA3_SS1_SPO0_SRVW0_SSO1_SVW1_SK5_SKFTR0_SKFDPO0_SKWS0_SKXCCM8_SNLL0_SIP1_SGRO0_TDMI0_TDMIM0_TDMLWS0_TDMPLB0_TDMS0_TIN1_THn1_THA0_THB0_THC0_THD0_THE0_THG0_THMXSA0_THMXSB0_THM0_THWS0_TLDS2_TLDSMn1_ULSGRO1_USL1_USLMX0_UDFMAC0_UIOFGRO0_UPLRP0_USFGRO0_USI0_VSn1_VWA1_VWB4_WSGRA2_WSGRB2_WS64_WG32_8_1_WGMXCC1.kd,160,128,False,in: non-pow2 tile,<128
512,6400,5120,False,bfloat16,tuned,434,50,419.3,703.6,flydsl,flydsl_hgemm_abf16_wbf16_bf16_t128x128x64x4_ks1_w4x2x2_bias0_ktail0_gm0_pft_gfx950,flydsl:flydsl_hgemm_abf16_wbf16_bf16_t128x128x64x4_ks1_w4x2x2_bias0_ktail0_gm0_pft_gfx950,67.8,,128,128,False,in: other listed tile,<128
512,12800,5120,False,bfloat16,tuned,449,100,822.6,800.4,flydsl,flydsl_hgemm_abf16_wbf16_bf16_t128x128x64x4_ks1_w2x2x2_bias0_ktail0_gm4_pft_gfx950,gluon,0.0,,256,256,False,in: 256x256,<128
512,37888,5120,False,bfloat16,tuned,460,296,981.3,1183.2,torch,native,torch:hipBLASLt,20.6,Cijk_Alik_Bljk_BBS_BH_Bias_HA_S_SAV_UserArgs_MT448x176x64_MI16x16x1_SN_LDSB0_AFC0_AG0_AGGSUA0_AGNTAB0_AFEM1_AFEM1_ASEM1_BL1_BS1_CD1_1_CLR1_CLS0_CADS0_DTLA0_DTLB0_DTLM0_DTVA0_DTVB0_DTVMXSA0_DTVMXSB0_DTVSM0_DPLB0_EPS0_ELFLR0_EMLLn1_FDSI0_GRPM1_GRVWA8_GRVWB4_GSU0_GSUAMB_GLS0_HPLR0_ISA950_ICIW0_IU1_K1_LDSSI0_LDSTI0_LBSPPA0_LBSPPB0_LBSPPMXSA0_LBSPPMXSB0_LBSPPM0_LPA0_LPB0_LPMXSA0_LPMXSB0_LPM0_LRVWn1_LWPMn1_MIAV0_MIWT7_11_MXLIBL_MXSFNS_MO40_MGRIPM1_NTn1_NTA0_NTB0_NTC0_NTD0_NTE0_NTG0_NTMXSA0_NTMXSB0_NTM0_NTWS0_NVn1_NVA0_NVB0_NVC0_NVD0_NVE0_NVG0_NVMXSA0_NVMXSB0_NVM0_NVWS0_NEPBS0_NLCA1_NLCB1_ONLL1_PAP0_PGL0_PGR2_PLR1_PKA0_RAP0_SGROB0_SIA3_SS0_SPO0_SRVW0_SSO0_SVW4_SK5_SKFTR0_SKFDPO0_SKWS0_SKXCCM0_SNLL0_SIP1_SGRO0_TDMI0_TDMIM0_TDMLWS0_TDMPLB0_TDMS0_TIN0_THn1_THA0_THB0_THC0_THD0_THE0_THG0_THMXSA0_THMXSB0_THM0_THWS0_TLDS1_TLDSMn1_ULSGRO0_USL0_USLMX0_UDFMAC0_UIOFGRO0_UPLRP0_USFGRO0_USI1_VSn1_VWA1_VWB1_WSGRA0_WSGRB0_WS64_WG64_4_1_WGMXCCn1.kd,448,176,False,in: non-pow2 tile,256-511
512,51200,5120,False,bfloat16,tuned,461,400,1211.9,1144.4,flydsl,flydsl_hgemm_abf16_wbf16_bf16_t256x256x64x2_ks1_w2x4x1_bias0_ktail0_gm4_pht_gfx950,gluon,0.0,,256,256,False,in: 256x256,256-511
768,1024,5120,False,float32,tuned,375,12,98.0,409.5,asm,_ZN5aiter39bf16gemm_fp32bf16_tn_96x64_splitk_cleanE,asm:_ZN5aiter39bf16gemm_fp32bf16_tn_96x64_splitk_cleanE,317.9,,96,64,True,out: split-K,<128
768,37888,5120,False,bfloat16,untuned,656,444,1338.6,1222.6,torch,,gluon,0.0,,256,256,False,in: 256x256,256-511
1024,1024,5120,False,float32,tuned,427,16,130.5,460.1,asm,_ZN5aiter37bf16gemm_fp32bf16_tn_64x64_pf3_splitkE,asm:_ZN5aiter37bf16gemm_fp32bf16_tn_64x64_pf3_splitkE,252.6,,64,64,True,out: split-K,<128
1024,5120,5120,False,bfloat16,tuned,731,80,662.2,1008.6,torch,native,torch:hipBLASLt,52.3,Cijk_Alik_Bljk_BBS_BH_Bias_HA_S_SAV_UserArgs_MT160x128x128_MI16x16x1_SN_LDSB1_AFC0_AG0_AGGSUA0_AGNTAB0_AFEM1_AFEM1_ASEM1_BL1_BS1_CD1_1_CLR1_CLS0_CADS0_DTLA0_DTLB0_DTLM0_DTVA0_DTVB0_DTVMXSA0_DTVMXSB0_DTVSM0_DPLB0_EPS0_ELFLR0_EMLLn1_FDSI0_GRPM1_GRVWA8_GRVWB8_GSU0_GSUAMB_GLS0_HPLR0_ISA950_ICIW0_IU1_K1_LDSSI0_LDSTI0_LBSPPA256_LBSPPB1024_LBSPPMXSA0_LBSPPMXSB0_LBSPPM0_LPA16_LPB16_LPMXSA0_LPMXSB0_LPM0_LRVW8_LWPMn1_MIAV0_MIWT5_4_MXLIBL_MXSFNS_MO40_MGRIPM1_NTn1_NTA0_NTB0_NTC0_NTD0_NTE0_NTG0_NTMXSA0_NTMXSB0_NTM0_NTWS0_NVn1_NVA0_NVB0_NVC0_NVD0_NVE0_NVG0_NVMXSA0_NVMXSB0_NVM0_NVWS0_NEPBS0_NLCA1_NLCB1_ONLL1_PAP0_PGL0_PGR2_PLR1_PKA1_RAP0_SGROB0_SIA3_SS1_SPO0_SRVW0_SSO0_SVW1_SK5_SKFTR0_SKFDPO0_SKWS0_SKXCCM0_SNLL0_SIP1_SGRO0_TDMI0_TDMIM0_TDMLWS0_TDMPLB0_TDMS0_TIN0_THn1_THA0_THB0_THC0_THD0_THE0_THG0_THMXSA0_THMXSB0_THM0_THWS0_TLDS1_TLDSM1_ULSGRO0_USL1_USLMX0_UDFMAC0_UIOFGRO0_UPLRP0_USFGRO0_USI0_VSn1_VWA1_VWB4_WSGRA0_WSGRB0_WS64_WG32_8_1_WGMXCCn1.kd,160,128,False,in: non-pow2 tile,<128
1024,6400,5120,False,bfloat16,tuned,753,100,822.0,958.0,flydsl,flydsl_hgemm_abf16_wbf16_bf16_t256x128x64x3_ks1_w4x2x2_bias0_ktail0_gm0_pft_gfx950,flydsl:flydsl_hgemm_abf16_wbf16_bf16_t256x128x64x3_ks1_w4x2x2_bias0_ktail0_gm0_pft_gfx950,16.5,,256,128,False,in: other listed tile,<128
1024,12800,5120,False,bfloat16,tuned,800,200,1373.2,797.1,flydsl,flydsl_hgemm_abf16_wbf16_bf16_t128x128x64x3_ks1_w4x4x1_bias0_ktail0_gm0_pft_gfx950,gluon,0.0,,256,256,False,in: 256x256,128-255
1024,37888,5120,False,bfloat16,untuned,835,592,1273.3,1309.7,torch,,torch:hipBLASLt,2.9,Cijk_Alik_Bljk_BBS_BH_Bias_HA_S_SAV_UserArgs_MT384x208x64_MI16x16x1_SN_LDSB0_AFC0_AG0_AGGSUA0_AGNTAB0_AFEM1_AFEM1_ASEM1_BL1_BS1_CD1_1_CLR1_CLS0_CADS0_DTLA0_DTLB0_DTLM0_DTVA0_DTVB0_DTVMXSA0_DTVMXSB0_DTVSM0_DPLB0_EPS0_ELFLR0_EMLLn1_FDSI0_GRPM1_GRVWA8_GRVWB4_GSU0_GSUAMB_GLS0_HPLR0_ISA950_ICIW0_IU1_K1_LDSSI0_LDSTI0_LBSPPA0_LBSPPB0_LBSPPMXSA0_LBSPPMXSB0_LBSPPM0_LPA0_LPB0_LPMXSA0_LPMXSB0_LPM0_LRVWn1_LWPMn1_MIAV0_MIWT6_13_MXLIBL_MXSFNS_MO40_MGRIPM1_NTn1_NTA0_NTB0_NTC0_NTD0_NTE0_NTG0_NTMXSA0_NTMXSB0_NTM0_NTWS0_NVn1_NVA0_NVB0_NVC0_NVD0_NVE0_NVG0_NVMXSA0_NVMXSB0_NVM0_NVWS0_NEPBS0_NLCA1_NLCB1_ONLL1_PAP0_PGL0_PGR2_PLR1_PKA0_RAP0_SGROB0_SIA3_SS0_SPO0_SRVW0_SSO0_SVW4_SK5_SKFTR0_SKFDPO0_SKWS0_SKXCCM0_SNLL0_SIP1_SGRO0_TDMI0_TDMIM0_TDMLWS0_TDMPLB0_TDMS0_TIN0_THn1_THA0_THB0_THC0_THD0_THE0_THG0_THMXSA0_THMXSB0_THM0_THWS0_TLDS1_TLDSMn1_ULSGRO0_USL0_USLMX0_UDFMAC0_UIOFGRO0_UPLRP0_USFGRO0_USI1_VSn1_VWA1_VWB1_WSGRA0_WSGRB0_WS64_WG64_4_1_WGMXCCn1.kd,384,208,False,in: non-pow2 tile,>=512
1024,51200,5120,False,bfloat16,tuned,839,800,1272.6,1218.8,asm,_ZN5aiter24bf16gemm_bf16_tn_256x256E,gluon,0.0,,256,256,False,in: 256x256,>=512
1536,1024,5120,False,float32,tuned,495,24,195.1,579.9,asm,_ZN5aiter37bf16gemm_fp32bf16_tn_96x64_pf3_splitkE,asm:_ZN5aiter37bf16gemm_fp32bf16_tn_96x64_pf3_splitkE,197.2,,96,64,True,out: split-K,<128
1536,37888,5120,False,bfloat16,untuned,1146,888,1361.6,1367.7,torch,,torch:hipBLASLt,0.4,Cijk_Alik_Bljk_BBS_BH_Bias_HA_S_SAV_UserArgs_MT352x224x64_MI16x16x1_SN_LDSB0_AFC0_AG0_AGGSUA0_AGNTAB0_AFEM1_AFEM1_ASEM1_BL1_BS1_CD1_1_CLR1_CLS0_CADS0_DTLA0_DTLB0_DTLM0_DTVA0_DTVB0_DTVMXSA0_DTVMXSB0_DTVSM0_DPLB0_EPS0_ELFLR0_EMLLn1_FDSI0_GRPM1_GRVWA8_GRVWB8_GSU0_GSUAMB_GLS0_HPLR0_ISA950_ICIW0_IU1_K1_LDSSI0_LDSTI0_LBSPPA0_LBSPPB0_LBSPPMXSA0_LBSPPMXSB0_LBSPPM0_LPA0_LPB0_LPMXSA0_LPMXSB0_LPM0_LRVWn1_LWPMn1_MIAV0_MIWT11_7_MXLIBL_MXSFNS_MO40_MGRIPM1_NTn1_NTA0_NTB0_NTC0_NTD0_NTE0_NTG0_NTMXSA0_NTMXSB0_NTM0_NTWS0_NVn1_NVA0_NVB0_NVC0_NVD0_NVE0_NVG0_NVMXSA0_NVMXSB0_NVM0_NVWS0_NEPBS0_NLCA1_NLCB1_ONLL1_PAP0_PGL0_PGR2_PLR1_PKA0_RAP0_SGROB0_SIA3_SS0_SPO0_SRVW0_SSO0_SVW4_SK5_SKFTR0_SKFDPO0_SKWS0_SKXCCM0_SNLL0_SIP1_SGRO0_TDMI0_TDMIM0_TDMLWS0_TDMPLB0_TDMS0_TIN0_THn1_THA0_THB0_THC0_THD0_THE0_THG0_THMXSA0_THMXSB0_THM0_THWS0_TLDS1_TLDSMn1_ULSGRO0_USL0_USLMX0_UDFMAC0_UIOFGRO0_UPLRP0_USFGRO0_USI1_VSn1_VWA1_VWB1_WSGRA0_WSGRB0_WS64_WG32_8_1_WGMXCCn1.kd,352,224,False,in: non-pow2 tile,>=512
2048,1024,5120,False,float32,tuned,539,32,258.1,632.9,opus,opus_gemm_mono_tile_512x64x128x64_2x4_16x16x32_0x0x0_nooob,opus:opus_gemm_mono_tile_512x64x128x64_2x4_16x16x32_0x0x0_nooob,145.2,,64,128,False,in: other listed tile,<128
2048,5120,5120,False,bfloat16,tuned,1138,160,1230.3,1361.4,torch,native,torch:hipBLASLt,10.7,Cijk_Alik_Bljk_BBS_BH_Bias_HA_S_SAV_UserArgs_MT160x256x64_MI16x16x1_CMS_SN_LDSB0_AFC0_AG0_AGGSUA0_AGNTAB0_AFEM1_AFEM1_ASEM1_BL1_BS1_CD1_1_CLR0_CLS0_CADS0_DTLA1_DTLB1_DTLM0_DTVA0_DTVB0_DTVMXSA0_DTVMXSB0_DTVSM0_DPLB0_EPS0_ELFLR0_EMLLn1_FDSI0_GRPM1_GRVWA8_GRVWB8_GSU0_GSUAMB_GLS0_HPLR0_ISA950_ICIW0_IU1_K1_LDSSI0_LDSTI0_LBSPPA1024_LBSPPB1024_LBSPPMXSA0_LBSPPMXSB0_LBSPPM0_LPA16_LPB16_LPMXSA0_LPMXSB0_LPM0_LRVW8_LWPMn1_MIAV0_MIWT5_8_MXLIBL_MXSFNS_MO40_MGRIPM1_NTn1_NTA0_NTB0_NTC0_NTD4_NTE0_NTG0_NTMXSA0_NTMXSB0_NTM0_NTWS0_NVn1_NVA0_NVB0_NVC0_NVD0_NVE0_NVG0_NVMXSA0_NVMXSB0_NVM0_NVWS0_NEPBS0_NLCA1_NLCB1_ONLL1_PAP0_PGL0_PGR2_PLR1_PKA1_RAP0_SGROB0_SIA3_SS1_SPO1_SRVW0_SSO4_SVW1_SK5_SKFTR0_SKFDPO0_SKWS0_SKXCCM0_SNLL0_SIP1_SGRO0_TDMI0_TDMIM0_TDMLWS0_TDMPLB0_TDMS0_TIN0_THn1_THA0_THB0_THC0_THD0_THE0_THG0_THMXSA0_THMXSB0_THM0_THWS0_TLDS1_TLDSM1_ULSGRO0_USL1_USLMX0_UDFMAC0_UIOFGRO0_UPLRP0_USFGRO0_USI0_VSn1_VWA1_VWB8_WSGRA0_WSGRB0_WS64_WG32_8_1_WGMXCCn1.kd,160,256,False,in: non-pow2 tile,128-255
2048,6400,5120,False,bfloat16,tuned,1191,200,1364.0,1255.9,flydsl,flydsl_hgemm_abf16_wbf16_bf16_t256x256x64x2_ks1_w2x4x1_bias0_ktail0_gm0_pht_gfx950,gluon,0.0,,256,256,False,in: 256x256,128-255
2048,12800,5120,False,bfloat16,tuned,1313,400,1387.5,798.3,flydsl,flydsl_hgemm_abf16_wbf16_bf16_t128x256x64x3_ks1_w4x4x1_bias0_ktail0_gm0_pft_gfx950,gluon,0.0,,256,256,False,in: 256x256,256-511
2048,37888,5120,False,bfloat16,untuned,1408,1184,1448.5,1314.6,torch,,gluon,0.0,,256,256,False,in: 256x256,>=512
2048,51200,5120,False,bfloat16,tuned,1422,1600,1421.5,214.0,asm,_ZN5aiter37bf16gemm_fp32bf16_tn_48x64_pf3_splitkE,gluon,0.0,,256,256,False,in: 256x256,>=512
4096,1024,5120,False,float32,tuned,621,64,492.8,962.2,opus,opus_gemm_mono_tile_512x128x128x64_2x4_16x16x32_0x0x0_nooob_4g_safe,opus:opus_gemm_mono_tile_512x128x128x64_2x4_16x16x32_0x0x0_nooob_4g_safe,95.3,,128,128,False,in: other listed tile,<128
4096,5120,5120,False,bfloat16,tuned,1575,320,1167.8,1430.0,torch,native,torch:hipBLASLt,22.5,Cijk_Alik_Bljk_BBS_BH_Bias_HA_S_SAV_UserArgs_MT224x384x64_MI16x16x1_SN_LDSB0_AFC0_AG0_AGGSUA0_AGNTAB0_AFEM1_AFEM1_ASEM1_BL1_BS1_CD1_1_CLR1_CLS0_CADS0_DTLA0_DTLB0_DTLM0_DTVA0_DTVB0_DTVMXSA0_DTVMXSB0_DTVSM0_DPLB0_EPS0_ELFLR0_EMLLn1_FDSI0_GRPM1_GRVWA8_GRVWB8_GSU0_GSUAMB_GLS0_HPLR0_ISA950_ICIW0_IU1_K1_LDSSI0_LDSTI0_LBSPPA0_LBSPPB0_LBSPPMXSA0_LBSPPMXSB0_LBSPPM0_LPA0_LPB0_LPMXSA0_LPMXSB0_LPM0_LRVWn1_LWPMn1_MIAV0_MIWT14_6_MXLIBL_MXSFNS_MO40_MGRIPM1_NTn1_NTA0_NTB0_NTC0_NTD0_NTE0_NTG0_NTMXSA0_NTMXSB0_NTM0_NTWS0_NVn1_NVA0_NVB0_NVC0_NVD0_NVE0_NVG0_NVMXSA0_NVMXSB0_NVM0_NVWS0_NEPBS0_NLCA1_NLCB1_ONLL1_PAP0_PGL0_PGR2_PLR1_PKA0_RAP0_SGROB0_SIA3_SS0_SPO0_SRVW0_SSO0_SVW4_SK5_SKFTR0_SKFDPO0_SKWS0_SKXCCM0_SNLL0_SIP1_SGRO0_TDMI0_TDMIM0_TDMLWS0_TDMPLB0_TDMS0_TIN0_THn1_THA0_THB0_THC0_THD0_THE0_THG0_THMXSA0_THMXSB0_THM0_THWS0_TLDS1_TLDSMn1_ULSGRO0_USL0_USLMX0_UDFMAC0_UIOFGRO0_UPLRP0_USFGRO0_USI1_VSn1_VWA1_VWB1_WSGRA0_WSGRB0_WS64_WG16_16_1_WGMXCCn1.kd,224,384,False,in: non-pow2 tile,256-511
4096,6400,5120,False,bfloat16,tuned,1679,400,1386.9,1335.0,flydsl,flydsl_hgemm_abf16_wbf16_bf16_t256x256x64x2_ks1_w2x4x1_bias0_ktail0_gm4_pht_gfx950,gluon,0.0,,256,256,False,in: 256x256,256-511
4096,12800,5120,False,bfloat16,tuned,1932,800,1358.5,1321.0,asm,_ZN5aiter24bf16gemm_bf16_tn_256x256E,gluon,0.0,,256,256,False,in: 256x256,>=512
4096,51200,5120,False,bfloat16,tuned,2179,3200,1508.8,1459.9,asm,_ZN5aiter24bf16gemm_bf16_tn_256x256E,gluon,0.0,,256,256,False,in: 256x256,>=512
8192,1024,5120,False,float32,tuned,671,128,983.9,1242.3,opus,opus_gemm_mono_tile_512x128x256x64_2x4_16x16x32_0x0x0_nooob,opus:opus_gemm_mono_tile_512x128x256x64_2x4_16x16x32_0x0x0_nooob,26.3,,128,256,False,in: other listed tile,128-255
8192,5120,5120,False,bfloat16,tuned,1950,640,1431.0,1457.6,torch,native,torch:hipBLASLt,1.9,Cijk_Alik_Bljk_BBS_BH_Bias_HA_S_SAV_UserArgs_MT224x384x64_MI16x16x1_SN_LDSB0_AFC0_AG0_AGGSUA0_AGNTAB0_AFEM1_AFEM1_ASEM1_BL1_BS1_CD1_1_CLR1_CLS0_CADS0_DTLA0_DTLB0_DTLM0_DTVA0_DTVB0_DTVMXSA0_DTVMXSB0_DTVSM0_DPLB0_EPS0_ELFLR0_EMLLn1_FDSI0_GRPM1_GRVWA8_GRVWB8_GSU0_GSUAMB_GLS0_HPLR0_ISA950_ICIW0_IU1_K1_LDSSI0_LDSTI0_LBSPPA0_LBSPPB0_LBSPPMXSA0_LBSPPMXSB0_LBSPPM0_LPA0_LPB0_LPMXSA0_LPMXSB0_LPM0_LRVWn1_LWPMn1_MIAV0_MIWT14_6_MXLIBL_MXSFNS_MO40_MGRIPM1_NTn1_NTA0_NTB0_NTC0_NTD0_NTE0_NTG0_NTMXSA0_NTMXSB0_NTM0_NTWS0_NVn1_NVA0_NVB0_NVC0_NVD0_NVE0_NVG0_NVMXSA0_NVMXSB0_NVM0_NVWS0_NEPBS0_NLCA1_NLCB1_ONLL1_PAP0_PGL0_PGR2_PLR1_PKA0_RAP0_SGROB0_SIA3_SS0_SPO0_SRVW0_SSO0_SVW4_SK5_SKFTR0_SKFDPO0_SKWS0_SKXCCM0_SNLL0_SIP1_SGRO0_TDMI0_TDMIM0_TDMLWS0_TDMPLB0_TDMS0_TIN0_THn1_THA0_THB0_THC0_THD0_THE0_THG0_THMXSA0_THMXSB0_THM0_THWS0_TLDS1_TLDSMn1_ULSGRO0_USL0_USLMX0_UDFMAC0_UIOFGRO0_UPLRP0_USFGRO0_USI1_VSn1_VWA1_VWB1_WSGRA0_WSGRB0_WS64_WG16_16_1_WGMXCCn1.kd,224,384,False,in: non-pow2 tile,>=512
8192,6400,5120,False,bfloat16,tuned,2111,800,1362.4,1319.5,flydsl,flydsl_hgemm_abf16_wbf16_bf16_t256x256x64x2_ks1_w2x4x1_bias0_ktail0_gm4_pht_gfx950,gluon,0.0,,256,256,False,in: 256x256,>=512
8192,12800,5120,False,bfloat16,tuned,2528,1600,1469.4,1423.8,asm,_ZN5aiter24bf16gemm_bf16_tn_256x256E,gluon,0.0,,256,256,False,in: 256x256,>=512
8192,51200,5120,False,bfloat16,tuned,2968,6400,1553.2,1504.2,flydsl,flydsl_hgemm_abf16_wbf16_bf16_t256x256x64x2_ks1_w2x4x1_bias0_ktail0_gm4_pht_gfx950,gluon,0.0,,256,256,False,in: 256x256,>=512
16384,1024,5120,False,float32,tuned,700,256,1465.6,1330.4,opus,opus_gemm_persistent_512x256x256x64_2x4_16x16x32_0x0x0_cA0cB0,gluon,0.0,,256,256,False,in: 256x256,256-511
16384,5120,5120,False,bfloat16,tuned,2214,1280,1552.8,1548.6,torch,native,gluon,0.0,,256,256,False,in: 256x256,>=512
16384,6400,5120,False,bfloat16,tuned,2424,1600,1452.5,1392.7,flydsl,flydsl_hgemm_abf16_wbf16_bf16_t256x256x64x2_ks1_w2x4x1_bias0_ktail0_gm4_pht_gfx950,gluon,0.0,,256,256,False,in: 256x256,>=512
16384,12800,5120,False,bfloat16,tuned,2990,3200,1503.3,1406.7,torch,native,gluon,0.0,,256,256,False,in: 256x256,>=512
16384,51200,5120,False,bfloat16,tuned,3625,12800,1547.4,1499.7,flydsl,flydsl_hgemm_abf16_wbf16_bf16_t256x256x64x2_ks1_w2x4x1_bias0_ktail0_gm4_pht_gfx950,gluon,0.0,,256,256,False,in: 256x256,>=512
32768,5120,5120,False,bfloat16,tuned,2374,2560,1541.6,1514.7,torch,native,gluon,0.0,,256,256,False,in: 256x256,>=512
32768,6400,5120,False,bfloat16,tuned,2617,3200,1499.8,1436.7,torch,native,gluon,0.0,,256,256,False,in: 256x256,>=512
32768,12800,5120,False,bfloat16,tuned,3290,6400,1536.9,1446.9,torch,native,gluon,0.0,,256,256,False,in: 256x256,>=512
32768,51200,5120,False,bfloat16,tuned,4076,25600,1549.2,1500.9,flydsl,flydsl_hgemm_abf16_wbf16_bf16_t256x256x64x2_ks1_w2x4x1_bias0_ktail0_gm4_pht_gfx950,gluon,0.0,,256,256,False,in: 256x256,>=512
512,1280,6144,False,bfloat16,tuned,345,10,86.5,403.9,flydsl,flydsl_hgemm_abf16_wbf16_bf16_t64x64x64x5_ks3_w2x2x1_bias0_ktail0_gm0_pft_gfx950,flydsl:flydsl_hgemm_abf16_wbf16_bf16_t64x64x64x5_ks3_w2x2x1_bias0_ktail0_gm0_pft_gfx950,366.9,,64,64,True,out: split-K,<128
512,1536,6144,False,bfloat16,tuned,361,12,103.7,432.2,flydsl,flydsl_hgemm_abf16_wbf16_bf16_t64x96x128x3_ks2_w2x2x2_bias0_ktail0_gm0_pft_gfx950,flydsl:flydsl_hgemm_abf16_wbf16_bf16_t64x96x128x3_ks2_w2x2x2_bias0_ktail0_gm0_pft_gfx950,316.8,,64,96,True,out: split-K,<128
512,2048,6144,False,float32,tuned,361,16,133.6,487.8,asm,_ZN5aiter37bf16gemm_fp32bf16_tn_64x64_pf3_splitkE,asm:_ZN5aiter37bf16gemm_fp32bf16_tn_64x64_pf3_splitkE,265.1,,64,64,True,out: split-K,<128
512,2304,6144,False,bfloat16,tuned,392,18,154.5,514.4,flydsl,flydsl_hgemm_abf16_wbf16_bf16_t96x96x64x3_ks3_w2x2x1_bias0_ktail0_gm0_pft_gfx950,flydsl:flydsl_hgemm_abf16_wbf16_bf16_t96x96x64x3_ks3_w2x2x1_bias0_ktail0_gm0_pft_gfx950,232.9,,96,96,True,out: split-K,<128
512,2560,6144,False,bfloat16,tuned,399,20,171.4,486.5,torch,native,torch:hipBLASLt,183.8,Cijk_Alik_Bljk_BBS_BH_Bias_HA_S_SAV_UserArgs_MT160x128x64_MI16x16x1_SN_LDSB0_AFC0_AG1_AGGSUA0_AGNTAB0_AFEM1_AFEM1_ASEM1_BL1_BS1_CD1_1_CLR0_CLS0_CADS0_DTLA1_DTLB1_DTLM0_DTVA0_DTVB0_DTVMXSA0_DTVMXSB0_DTVSM0_DPLB1_EPS0_ELFLR0_EMLL0_FDSI0_GRPM1_GRVWA8_GRVWB8_GSU0_GSUAMB_GLS0_HPLR0_ISA950_ICIW0_IU1_K1_LDSSI0_LDSTI0_LBSPPA1024_LBSPPB1024_LBSPPMXSA0_LBSPPMXSB0_LBSPPM0_LPA16_LPB16_LPMXSA0_LPMXSB0_LPM0_LRVW8_LWPMn1_MIAV0_MIWT10_2_MXLIBL_MXSFNS_MO40_MGRIPM1_NTn1_NTA0_NTB0_NTC0_NTD0_NTE0_NTG0_NTMXSA0_NTMXSB0_NTM0_NTWS0_NVn1_NVA0_NVB0_NVC0_NVD0_NVE0_NVG0_NVMXSA0_NVMXSB0_NVM0_NVWS0_NEPBS14_NLCA1_NLCB1_ONLL1_PAP0_PGL0_PGR2_PLR1_PKA1_RAP0_SGROB0_SIA3_SS0_SPO1_SRVW0_SSO0_SVW8_SK5_SKFTR0_SKFDPO0_SKWS0_SKXCCM0_SNLL0_SIP1_SGRO0_TDMI0_TDMIM0_TDMLWS0_TDMPLB0_TDMS0_TIN1_THn1_THA0_THB0_THC0_THD0_THE0_THG0_THMXSA0_THMXSB0_THM0_THWS0_TLDS1_TLDSMn1_ULSGRO1_USL1_USLMX0_UDFMAC0_UIOFGRO0_UPLRP0_USFGRO0_USI0_VSn1_VWA2_VWB2_WSGRA0_WSGRB0_WS64_WG16_16_1_WGMXCCn1.kd,160,128,False,in: non-pow2 tile,<128
512,3072,6144,False,float32,tuned,384,24,199.9,495.8,opus,opus_gemm_flatmm_splitk_256x64x96x64_2x1_16x16x32_0x0x0_wgpcu2_nooob,opus:opus_gemm_flatmm_splitk_256x64x96x64_2x1_16x16x32_0x0x0_wgpcu2_nooob,148.0,,64,96,True,out: split-K,<128
512,3072,6144,False,bfloat16,tuned,410,24,206.2,601.4,flydsl,flydsl_hgemm_abf16_wbf16_bf16_t64x96x128x3_ks1_w2x2x2_bias0_ktail0_gm4_pft_gfx950,flydsl:flydsl_hgemm_abf16_wbf16_bf16_t64x96x128x3_ks1_w2x2x2_bias0_ktail0_gm4_pft_gfx950,191.7,,64,96,False,out: smaller tile,<128
512,6144,6144,False,bfloat16,tuned,439,48,407.3,804.5,flydsl,flydsl_hgemm_abf16_wbf16_bf16_t128x96x64x4_ks1_w2x2x1_bias0_ktail0_gm4_pft_gfx950,flydsl:flydsl_hgemm_abf16_wbf16_bf16_t128x96x64x4_ks1_w2x2x1_bias0_ktail0_gm4_pft_gfx950,97.5,,128,96,False,in: non-pow2 tile,<128
512,9216,6144,False,bfloat16,tuned,450,72,606.4,896.4,flydsl,flydsl_hgemm_abf16_wbf16_bf16_t128x256x64x2_ks1_w2x4x1_bias0_ktail0_gm0_pht_gfx950,flydsl:flydsl_hgemm_abf16_wbf16_bf16_t128x256x64x2_ks1_w2x4x1_bias0_ktail0_gm0_pht_gfx950,47.8,,128,256,False,in: other listed tile,<128
1024,2048,6144,False,float32,tuned,559,32,264.4,533.4,opus,opus_gemm_flatmm_splitk_256x64x64x64_2x1_16x16x32_0x0x0_wgpcu2_nooob,opus:opus_gemm_flatmm_splitk_256x64x64x64_2x1_16x16x32_0x0x0_wgpcu2_nooob,101.7,,64,64,True,out: split-K,<128
1024,2304,6144,False,bfloat16,tuned,636,36,306.1,582.4,torch,native,torch:hipBLASLt,90.3,Cijk_Alik_Bljk_BBS_BH_Bias_HA_S_SAV_UserArgs_MT160x256x64_MI16x16x1_CMS_SN_LDSB0_AFC0_AG0_AGGSUA0_AGNTAB0_AFEM1_AFEM1_ASEM1_BL1_BS1_CD1_1_CLR0_CLS0_CADS0_DTLA1_DTLB1_DTLM0_DTVA0_DTVB0_DTVMXSA0_DTVMXSB0_DTVSM0_DPLB0_EPS0_ELFLR0_EMLLn1_FDSI0_GRPM1_GRVWA8_GRVWB8_GSU0_GSUAMB_GLS0_HPLR0_ISA950_ICIW0_IU1_K1_LDSSI0_LDSTI0_LBSPPA1024_LBSPPB1024_LBSPPMXSA0_LBSPPMXSB0_LBSPPM0_LPA16_LPB16_LPMXSA0_LPMXSB0_LPM0_LRVW8_LWPMn1_MIAV0_MIWT5_8_MXLIBL_MXSFNS_MO40_MGRIPM1_NTn1_NTA0_NTB0_NTC0_NTD4_NTE0_NTG0_NTMXSA0_NTMXSB0_NTM0_NTWS0_NVn1_NVA0_NVB0_NVC0_NVD0_NVE0_NVG0_NVMXSA0_NVMXSB0_NVM0_NVWS0_NEPBS0_NLCA1_NLCB1_ONLL1_PAP0_PGL0_PGR2_PLR1_PKA1_RAP0_SGROB0_SIA3_SS1_SPO1_SRVW0_SSO4_SVW1_SK5_SKFTR0_SKFDPO0_SKWS0_SKXCCM0_SNLL0_SIP1_SGRO0_TDMI0_TDMIM0_TDMLWS0_TDMPLB0_TDMS0_TIN0_THn1_THA0_THB0_THC0_THD0_THE0_THG0_THMXSA0_THMXSB0_THM0_THWS0_TLDS1_TLDSM1_ULSGRO0_USL1_USLMX0_UDFMAC0_UIOFGRO0_UPLRP0_USFGRO0_USI0_VSn1_VWA1_VWB8_WSGRA0_WSGRB0_WS64_WG32_8_1_WGMXCCn1.kd,160,256,False,in: non-pow2 tile,<128
1024,2560,6144,False,bfloat16,tuned,654,40,340.5,705.0,torch,native,torch:hipBLASLt,107.0,Cijk_Alik_Bljk_BBS_BH_Bias_HA_S_SAV_UserArgs_MT160x256x64_MI16x16x1_CMS_SN_LDSB0_AFC0_AG0_AGGSUA0_AGNTAB0_AFEM1_AFEM1_ASEM1_BL1_BS1_CD1_1_CLR0_CLS0_CADS0_DTLA1_DTLB1_DTLM0_DTVA0_DTVB0_DTVMXSA0_DTVMXSB0_DTVSM0_DPLB0_EPS0_ELFLR0_EMLLn1_FDSI0_GRPM1_GRVWA8_GRVWB8_GSU0_GSUAMB_GLS0_HPLR0_ISA950_ICIW0_IU1_K1_LDSSI0_LDSTI0_LBSPPA1024_LBSPPB1024_LBSPPMXSA0_LBSPPMXSB0_LBSPPM0_LPA16_LPB16_LPMXSA0_LPMXSB0_LPM0_LRVW8_LWPMn1_MIAV0_MIWT5_8_MXLIBL_MXSFNS_MO40_MGRIPM1_NTn1_NTA0_NTB0_NTC0_NTD4_NTE0_NTG0_NTMXSA0_NTMXSB0_NTM0_NTWS0_NVn1_NVA0_NVB0_NVC0_NVD0_NVE0_NVG0_NVMXSA0_NVMXSB0_NVM0_NVWS0_NEPBS0_NLCA1_NLCB1_ONLL1_PAP0_PGL0_PGR2_PLR1_PKA1_RAP0_SGROB0_SIA3_SS1_SPO1_SRVW0_SSO4_SVW1_SK5_SKFTR0_SKFDPO0_SKWS0_SKXCCM0_SNLL0_SIP1_SGRO0_TDMI0_TDMIM0_TDMLWS0_TDMPLB0_TDMS0_TIN0_THn1_THA0_THB0_THC0_THD0_THE0_THG0_THMXSA0_THMXSB0_THM0_THWS0_TLDS1_TLDSM1_ULSGRO0_USL1_USLMX0_UDFMAC0_UIOFGRO0_UPLRP0_USFGRO0_USI0_VSn1_VWA1_VWB8_WSGRA0_WSGRB0_WS64_WG32_8_1_WGMXCCn1.kd,160,256,False,in: non-pow2 tile,<128
1024,3072,6144,False,float32,tuned,614,48,389.2,548.4,opus,opus_gemm_512x128x128x64_2x4_16x16x32_0x0x0_nooob_4g_safe,opus:opus_gemm_512x128x128x64_2x4_16x16x32_0x0x0_nooob_4g_safe,40.9,,128,128,False,in: other listed tile,<128
1024,6144,6144,False,bfloat16,tuned,768,96,798.0,1097.5,torch,native,torch:hipBLASLt,37.5,Cijk_Alik_Bljk_BBS_BH_Bias_HA_S_SAV_UserArgs_MT192x256x64_MI16x16x1_CMS_SN_LDSB0_AFC0_AG0_AGGSUA0_AGNTAB0_AFEM1_AFEM1_ASEM1_BL1_BS1_CD1_1_CLR0_CLS0_CADS0_DTLA1_DTLB1_DTLM0_DTVA0_DTVB0_DTVMXSA0_DTVMXSB0_DTVSM0_DPLB0_EPS0_ELFLR0_EMLLn1_FDSI0_GRPM1_GRVWA8_GRVWB8_GSU0_GSUAMB_GLS0_HPLR0_ISA950_ICIW0_IU1_K1_LDSSI0_LDSTI0_LBSPPA1024_LBSPPB1024_LBSPPMXSA0_LBSPPMXSB0_LBSPPM0_LPA32_LPB16_LPMXSA0_LPMXSB0_LPMn1_LRVW8_LWPMn1_MIAV0_MIWT6_8_MXLIBL_MXSFNS_MO64_MGRIPM1_NTn1_NTA4_NTB0_NTC0_NTD0_NTE0_NTG0_NTMXSA0_NTMXSB0_NTM0_NTWS0_NVn1_NVA0_NVB0_NVC0_NVD0_NVE0_NVG0_NVMXSA0_NVMXSB0_NVM0_NVWS0_NEPBS0_NLCA1_NLCB1_ONLL1_PAP0_PGL0_PGR2_PLR1_PKA1_RAP0_SGROB0_SIA3_SS1_SPO0_SRVW0_SSO1_SVW2_SK5_SKFTR0_SKFDPO0_SKWS0_SKXCCM4_SNLL0_SIP1_SGRO0_TDMI0_TDMIM0_TDMLWS0_TDMPLB0_TDMS0_TIN0_THn1_THA0_THB0_THC0_THD0_THE0_THG0_THMXSA0_THMXSB0_THM0_THWS0_TLDS1_TLDSMn1_ULSGRO0_USL1_USLMX0_UDFMAC0_UIOFGRO0_UPLRP0_USFGRO0_USI0_VSn1_VWA2_VWB8_WSGRA0_WSGRB0_WS64_WG32_8_1_WGMXCC1.kd,192,256,False,in: non-pow2 tile,<128
1024,9216,6144,False,bfloat16,tuned,801,144,1164.5,1329.4,torch,native,torch:hipBLASLt,14.2,Cijk_Alik_Bljk_BBS_BH_Bias_HA_S_SAV_UserArgs_MT160x256x64_MI16x16x1_CMS_SN_LDSB0_AFC0_AG0_AGGSUA0_AGNTAB0_AFEM1_AFEM1_ASEM1_BL1_BS1_CD1_1_CLR0_CLS0_CADS0_DTLA1_DTLB1_DTLM0_DTVA0_DTVB0_DTVMXSA0_DTVMXSB0_DTVSM0_DPLB0_EPS0_ELFLR0_EMLLn1_FDSI0_GRPM1_GRVWA8_GRVWB8_GSU0_GSUAMB_GLS0_HPLR0_ISA950_ICIW0_IU1_K1_LDSSI0_LDSTI0_LBSPPA1024_LBSPPB1024_LBSPPMXSA0_LBSPPMXSB0_LBSPPM0_LPA16_LPB16_LPMXSA0_LPMXSB0_LPM0_LRVW8_LWPMn1_MIAV0_MIWT5_8_MXLIBL_MXSFNS_MO40_MGRIPM1_NTn1_NTA0_NTB0_NTC0_NTD4_NTE0_NTG0_NTMXSA0_NTMXSB0_NTM0_NTWS0_NVn1_NVA0_NVB0_NVC0_NVD0_NVE0_NVG0_NVMXSA0_NVMXSB0_NVM0_NVWS0_NEPBS0_NLCA1_NLCB1_ONLL1_PAP0_PGL0_PGR2_PLR1_PKA1_RAP0_SGROB0_SIA3_SS1_SPO1_SRVW0_SSO4_SVW1_SK5_SKFTR0_SKFDPO0_SKWS0_SKXCCM0_SNLL0_SIP1_SGRO0_TDMI0_TDMIM0_TDMLWS0_TDMPLB0_TDMS0_TIN0_THn1_THA0_THB0_THC0_THD0_THE0_THG0_THMXSA0_THMXSB0_THM0_THWS0_TLDS1_TLDSM1_ULSGRO0_USL1_USLMX0_UDFMAC0_UIOFGRO0_UPLRP0_USFGRO0_USI0_VSn1_VWA1_VWB8_WSGRA0_WSGRB0_WS64_WG32_8_1_WGMXCCn1.kd,160,256,False,in: non-pow2 tile,128-255
2048,2048,6144,False,float32,tuned,768,64,509.1,896.8,opus,opus_gemm_persistent_512x128x128x64_2x4_16x16x32_0x0x0_cA0cB0,opus:opus_gemm_persistent_512x128x128x64_2x4_16x16x32_0x0x0_cA0cB0,76.2,,128,128,False,in: other listed tile,<128
2048,2304,6144,False,bfloat16,tuned,922,72,606.3,1012.5,torch,native,torch:hipBLASLt,67.0,Cijk_Alik_Bljk_BBS_BH_Bias_HA_S_SAV_UserArgs_MT128x160x128_MI16x16x1_SN_LDSB0_AFC0_AG1_AGGSUA0_AGNTAB0_AFEM1_AFEM1_ASEM1_BL1_BS1_CD1_1_CLR0_CLS0_CADS0_DTLA0_DTLB0_DTLM0_DTVA0_DTVB0_DTVMXSA0_DTVMXSB0_DTVSM0_DPLB0_EPS0_ELFLR0_EMLLn1_FDSI0_GRPM1_GRVWA8_GRVWB8_GSU0_GSUAMB_GLS0_HPLR0_ISA950_ICIW0_IU1_K1_LDSSI0_LDSTI0_LBSPPA1024_LBSPPB256_LBSPPMXSA0_LBSPPMXSB0_LBSPPM0_LPA16_LPB16_LPMXSA0_LPMXSB0_LPM0_LRVW8_LWPMn1_MIAV0_MIWT4_5_MXLIBL_MXSFNS_MO40_MGRIPM1_NTn1_NTA0_NTB0_NTC0_NTD0_NTE0_NTG0_NTMXSA0_NTMXSB0_NTM0_NTWS0_NVn1_NVA0_NVB0_NVC0_NVD0_NVE0_NVG0_NVMXSA0_NVMXSB0_NVM0_NVWS0_NEPBS12_NLCA1_NLCB1_ONLL1_PAP0_PGL0_PGR2_PLR1_PKA1_RAP0_SGROB0_SIA3_SS1_SPO0_SRVW0_SSO0_SVW4_SK5_SKFTR0_SKFDPO0_SKWS0_SKXCCM0_SNLL0_SIP1_SGRO0_TDMI0_TDMIM0_TDMLWS0_TDMPLB0_TDMS0_TIN1_THn1_THA0_THB0_THC0_THD0_THE0_THG0_THMXSA0_THMXSB0_THM0_THWS0_TLDS2_TLDSMn1_ULSGRO1_USL1_USLMX0_UDFMAC0_UIOFGRO0_UPLRP0_USFGRO0_USI0_VSn1_VWA4_VWB1_WSGRA2_WSGRB0_WS64_WG32_8_1_WGMXCCn1.kd,128,160,False,in: non-pow2 tile,<128
2048,2560,6144,False,bfloat16,tuned,960,80,672.2,1051.7,torch,native,torch:hipBLASLt,56.5,Cijk_Alik_Bljk_BBS_BH_Bias_HA_S_SAV_UserArgs_MT160x128x128_MI16x16x1_SN_LDSB1_AFC0_AG0_AGGSUA0_AGNTAB0_AFEM1_AFEM1_ASEM1_BL1_BS1_CD1_1_CLR1_CLS0_CADS0_DTLA0_DTLB0_DTLM0_DTVA0_DTVB0_DTVMXSA0_DTVMXSB0_DTVSM0_DPLB0_EPS0_ELFLR0_EMLLn1_FDSI0_GRPM1_GRVWA8_GRVWB8_GSU0_GSUAMB_GLS0_HPLR0_ISA950_ICIW0_IU1_K1_LDSSI0_LDSTI0_LBSPPA256_LBSPPB1024_LBSPPMXSA0_LBSPPMXSB0_LBSPPM0_LPA16_LPB16_LPMXSA0_LPMXSB0_LPM0_LRVW8_LWPMn1_MIAV0_MIWT5_4_MXLIBL_MXSFNS_MO40_MGRIPM1_NTn1_NTA0_NTB0_NTC0_NTD0_NTE0_NTG0_NTMXSA0_NTMXSB0_NTM0_NTWS0_NVn1_NVA0_NVB0_NVC0_NVD0_NVE0_NVG0_NVMXSA0_NVMXSB0_NVM0_NVWS0_NEPBS0_NLCA1_NLCB1_ONLL1_PAP0_PGL0_PGR2_PLR1_PKA1_RAP0_SGROB0_SIA3_SS1_SPO0_SRVW0_SSO0_SVW1_SK5_SKFTR0_SKFDPO0_SKWS0_SKXCCM0_SNLL0_SIP1_SGRO0_TDMI0_TDMIM0_TDMLWS0_TDMPLB0_TDMS0_TIN0_THn1_THA0_THB0_THC0_THD0_THE0_THG0_THMXSA0_THMXSB0_THM0_THWS0_TLDS1_TLDSM1_ULSGRO0_USL1_USLMX0_UDFMAC0_UIOFGRO0_UPLRP0_USFGRO0_USI0_VSn1_VWA1_VWB4_WSGRA0_WSGRB0_WS64_WG32_8_1_WGMXCCn1.kd,160,128,False,in: non-pow2 tile,<128
2048,3072,6144,False,float32,tuned,878,96,777.6,805.7,opus,opus_gemm_512x256x128x64_2x4_16x16x32_0x0x0_nooob_4g_safe,opus:opus_gemm_512x256x128x64_2x4_16x16x32_0x0x0_nooob_4g_safe,3.6,,256,128,False,in: other listed tile,<128
2048,6144,6144,False,bfloat16,tuned,1229,192,1359.8,1325.5,torch,native,gluon,0.0,,256,256,False,in: 256x256,128-255
2048,9216,6144,False,bfloat16,tuned,1317,288,1066.4,1455.5,torch,native,torch:hipBLASLt,36.5,Cijk_Alik_Bljk_BBS_BH_Bias_HA_S_SAV_UserArgs_MT384x208x64_MI16x16x1_SN_LDSB0_AFC0_AG0_AGGSUA0_AGNTAB0_AFEM1_AFEM1_ASEM1_BL1_BS1_CD1_1_CLR1_CLS0_CADS0_DTLA0_DTLB0_DTLM0_DTVA0_DTVB0_DTVMXSA0_DTVMXSB0_DTVSM0_DPLB0_EPS0_ELFLR0_EMLLn1_FDSI0_GRPM1_GRVWA8_GRVWB4_GSU0_GSUAMB_GLS0_HPLR0_ISA950_ICIW0_IU1_K1_LDSSI0_LDSTI0_LBSPPA0_LBSPPB0_LBSPPMXSA0_LBSPPMXSB0_LBSPPM0_LPA0_LPB0_LPMXSA0_LPMXSB0_LPM0_LRVWn1_LWPMn1_MIAV0_MIWT6_13_MXLIBL_MXSFNS_MO40_MGRIPM1_NTn1_NTA0_NTB0_NTC0_NTD0_NTE0_NTG0_NTMXSA0_NTMXSB0_NTM0_NTWS0_NVn1_NVA0_NVB0_NVC0_NVD0_NVE0_NVG0_NVMXSA0_NVMXSB0_NVM0_NVWS0_NEPBS0_NLCA1_NLCB1_ONLL1_PAP0_PGL0_PGR2_PLR1_PKA0_RAP0_SGROB0_SIA3_SS0_SPO0_SRVW0_SSO0_SVW4_SK5_SKFTR0_SKFDPO0_SKWS0_SKXCCM0_SNLL0_SIP1_SGRO0_TDMI0_TDMIM0_TDMLWS0_TDMPLB0_TDMS0_TIN0_THn1_THA0_THB0_THC0_THD0_THE0_THG0_THMXSA0_THMXSB0_THM0_THWS0_TLDS1_TLDSMn1_ULSGRO0_USL0_USLMX0_UDFMAC0_UIOFGRO0_UPLRP0_USFGRO0_USI1_VSn1_VWA1_VWB1_WSGRA0_WSGRB0_WS64_WG64_4_1_WGMXCCn1.kd,384,208,False,in: non-pow2 tile,256-511
4096,2048,6144,False,float32,tuned,945,128,1012.5,1140.5,opus,opus_gemm_persistent_512x128x256x64_2x4_16x16x32_0x0x0_nooob,opus:opus_gemm_persistent_512x128x256x64_2x4_16x16x32_0x0x0_nooob,12.6,,128,256,False,in: other listed tile,128-255
4096,2304,6144,False,bfloat16,tuned,1189,144,1169.8,783.7,flydsl,flydsl_hgemm_abf16_wbf16_bf16_t128x128x64x4_ks1_w4x2x1_bias0_ktail0_gm0_pft_gfx950,gluon,0.0,,256,256,False,in: 256x256,128-255
4096,2560,6144,False,bfloat16,tuned,1254,160,1254.5,711.3,flydsl,flydsl_hgemm_abf16_wbf16_bf16_t256x64x64x3_ks1_w4x1x1_bias0_ktail0_gm4_pft_gfx950,gluon,0.0,,256,256,False,in: 256x256,128-255
4096,3072,6144,False,float32,tuned,1117,192,1326.4,1239.5,asm,_ZN5aiter24bf16gemm_bf16_tn_256x256E,gluon,0.0,,256,256,False,in: 256x256,128-255
4096,6144,6144,False,bfloat16,tuned,1755,384,1380.5,1446.3,torch,native,torch:hipBLASLt,4.8,Cijk_Alik_Bljk_BBS_BH_Bias_HA_S_SAV_UserArgs_MT256x256x64_MI16x16x1_CMS_SN_LDSB0_AFC0_AG1_AGGSUA0_AGNTAB0_AFEM1_AFEM1_ASEM1_BL1_BS1_CD1_1_CLR1_CLS0_CADS0_DTLA1_DTLB1_DTLM0_DTVA0_DTVB0_DTVMXSA0_DTVMXSB0_DTVSM0_DPLB0_EPS0_ELFLR0_EMLLn1_FDSI0_GRPM1_GRVWA8_GRVWB8_GSU0_GSUAMB_GLS0_HPLR0_ISA950_ICIW0_IU1_K1_LDSSI0_LDSTI1_LBSPPA1024_LBSPPB1024_LBSPPMXSA0_LBSPPMXSB0_LBSPPM0_LPA16_LPB16_LPMXSA0_LPMXSB0_LPMn1_LRVW8_LWPMn1_MIAV0_MIWT8_8_MXLIBL_MXSFNS_MO64_MGRIPM1_NTn1_NTA0_NTB0_NTC0_NTD0_NTE0_NTG0_NTMXSA0_NTMXSB0_NTM0_NTWS0_NVn1_NVA0_NVB0_NVC0_NVD0_NVE0_NVG0_NVMXSA0_NVMXSB0_NVM0_NVWS0_NEPBS12_NLCA1_NLCB1_ONLL1_PAP0_PGL0_PGR2_PLR1_PKA1_RAP0_SGROB0_SIA3_SS1_SPO0_SRVW0_SSO0_SVW8_SK5_SKFTR0_SKFDPO0_SKWS0_SKXCCM8_SNLL0_SIP1_SGRO0_TDMI0_TDMIM0_TDMLWS0_TDMPLB0_TDMS0_TIN0_THn1_THA0_THB0_THC0_THD0_THE0_THG0_THMXSA0_THMXSB0_THM0_THWS0_TLDS1_TLDSMn1_ULSGRO0_USL1_USLMX0_UDFMAC0_UIOFGRO0_UPLRP0_USFGRO0_USI0_VSn1_VWA8_VWB8_WSGRA0_WSGRB0_WS64_WG32_8_1_WGMXCC1.kd,256,256,False,in: 256x256,256-511
4096,9216,6144,False,bfloat16,tuned,1940,576,1344.2,1444.6,torch,native,torch:hipBLASLt,7.5,Cijk_Alik_Bljk_BBS_BH_Bias_HA_S_SAV_UserArgs_MT240x320x64_MI16x16x1_SN_LDSB0_AFC0_AG0_AGGSUA0_AGNTAB0_AFEM1_AFEM1_ASEM1_BL1_BS1_CD1_1_CLR1_CLS0_CADS0_DTLA0_DTLB0_DTLM0_DTVA0_DTVB0_DTVMXSA0_DTVMXSB0_DTVSM0_DPLB0_EPS0_ELFLR0_EMLLn1_FDSI0_GRPM1_GRVWA4_GRVWB8_GSU0_GSUAMB_GLS0_HPLR0_ISA950_ICIW0_IU1_K1_LDSSI0_LDSTI0_LBSPPA0_LBSPPB0_LBSPPMXSA0_LBSPPMXSB0_LBSPPM0_LPA0_LPB0_LPMXSA0_LPMXSB0_LPM0_LRVWn1_LWPMn1_MIAV0_MIWT15_5_MXLIBL_MXSFNS_MO40_MGRIPM1_NTn1_NTA0_NTB0_NTC0_NTD0_NTE0_NTG0_NTMXSA0_NTMXSB0_NTM0_NTWS0_NVn1_NVA0_NVB0_NVC0_NVD0_NVE0_NVG0_NVMXSA0_NVMXSB0_NVM0_NVWS0_NEPBS0_NLCA1_NLCB1_ONLL1_PAP0_PGL0_PGR2_PLR1_PKA0_RAP0_SGROB0_SIA3_SS0_SPO0_SRVW0_SSO0_SVW4_SK5_SKFTR0_SKFDPO0_SKWS0_SKXCCM0_SNLL0_SIP1_SGRO0_TDMI0_TDMIM0_TDMLWS0_TDMPLB0_TDMS0_TIN0_THn1_THA0_THB0_THC0_THD0_THE0_THG0_THMXSA0_THMXSB0_THM0_THWS0_TLDS1_TLDSMn1_ULSGRO0_USL0_USLMX0_UDFMAC0_UIOFGRO0_UPLRP0_USFGRO0_USI1_VSn1_VWA1_VWB1_WSGRA0_WSGRB0_WS64_WG16_16_1_WGMXCCn1.kd,240,320,False,in: non-pow2 tile,>=512
8192,2048,6144,False,float32,tuned,1069,256,1508.3,1366.7,opus,opus_gemm_persistent_512x256x256x64_2x4_16x16x32_0x0x0_nooob,gluon,0.0,,256,256,False,in: 256x256,256-511
8192,2304,6144,False,bfloat16,tuned,1391,288,1069.2,1428.1,torch,native,torch:hipBLASLt,33.6,Cijk_Alik_Bljk_BBS_BH_Bias_HA_S_SAV_UserArgs_MT288x288x64_MI16x16x1_SN_LDSB0_AFC0_AG0_AGGSUA0_AGNTAB0_AFEM1_AFEM1_ASEM1_BL1_BS1_CD1_1_CLR1_CLS0_CADS0_DTLA0_DTLB0_DTLM0_DTVA0_DTVB0_DTVMXSA0_DTVMXSB0_DTVSM0_DPLB0_EPS0_ELFLR0_EMLLn1_FDSI0_GRPM1_GRVWA8_GRVWB8_GSU0_GSUAMB_GLS0_HPLR0_ISA950_ICIW0_IU1_K1_LDSSI0_LDSTI0_LBSPPA0_LBSPPB0_LBSPPMXSA0_LBSPPMXSB0_LBSPPM0_LPA0_LPB0_LPMXSA0_LPMXSB0_LPM0_LRVWn1_LWPMn1_MIAV0_MIWT9_9_MXLIBL_MXSFNS_MO40_MGRIPM1_NTn1_NTA0_NTB0_NTC0_NTD0_NTE0_NTG0_NTMXSA0_NTMXSB0_NTM0_NTWS0_NVn1_NVA0_NVB0_NVC0_NVD0_NVE0_NVG0_NVMXSA0_NVMXSB0_NVM0_NVWS0_NEPBS0_NLCA1_NLCB1_ONLL1_PAP0_PGL0_PGR2_PLR1_PKA0_RAP0_SGROB0_SIA3_SS0_SPO0_SRVW0_SSO0_SVW4_SK5_SKFTR0_SKFDPO0_SKWS0_SKXCCM0_SNLL0_SIP1_SGRO0_TDMI0_TDMIM0_TDMLWS0_TDMPLB0_TDMS0_TIN0_THn1_THA0_THB0_THC0_THD0_THE0_THG0_THMXSA0_THMXSB0_THM0_THWS0_TLDS1_TLDSMn1_ULSGRO0_USL0_USLMX0_UDFMAC0_UIOFGRO0_UPLRP0_USFGRO0_USI1_VSn1_VWA1_VWB1_WSGRA0_WSGRB0_WS64_WG32_8_1_WGMXCCn1.kd,288,288,False,in: non-pow2 tile,256-511
8192,2560,6144,False,bfloat16,tuned,1480,320,1184.2,520.5,asm,_ZN5aiter37bf16gemm_fp32bf16_tn_64x64_pf3_splitkE,gluon,0.0,,256,256,False,in: 256x256,256-511
8192,3072,6144,False,float32,tuned,1293,384,1312.8,1254.7,asm,_ZN5aiter24bf16gemm_bf16_tn_256x256E,gluon,0.0,,256,256,False,in: 256x256,256-511
8192,6144,6144,False,bfloat16,tuned,2234,768,1589.6,1537.8,flydsl,flydsl_hgemm_abf16_wbf16_bf16_t256x256x64x2_ks1_w2x4x1_bias0_ktail0_gm4_pht_gfx950,gluon,0.0,,256,256,False,in: 256x256,>=512
8192,9216,6144,False,bfloat16,tuned,2542,1152,1474.7,1454.3,asm,_ZN5aiter24bf16gemm_bf16_tn_256x256E,gluon,0.0,,256,256,False,in: 256x256,>=512
16384,2048,6144,False,float32,tuned,1143,512,1424.6,1345.5,opus,opus_gemm_512x256x256x64_2x4_16x16x32_0x0x0_nooob_cA17cB1,gluon,0.0,,256,256,False,in: 256x256,>=512
16384,2304,6144,False,bfloat16,tuned,1520,576,1329.0,1053.8,flydsl,flydsl_hgemm_abf16_wbf16_bf16_t128x128x64x2_ks1_w2x4x1_bias0_ktail0_gm4_pft_gfx950,gluon,0.0,,256,256,False,in: 256x256,>=512
16384,2560,6144,False,bfloat16,tuned,1628,640,1415.0,1380.4,flydsl,flydsl_hgemm_abf16_wbf16_bf16_t256x256x64x2_ks1_w2x4x1_bias0_ktail0_gm4_pht_gfx950,gluon,0.0,,256,256,False,in: 256x256,>=512
16384,3072,6144,False,float32,tuned,1404,768,1430.8,1401.8,asm,_ZN5aiter24bf16gemm_bf16_tn_256x256E,gluon,0.0,,256,256,False,in: 256x256,>=512
16384,6144,6144,False,bfloat16,tuned,2587,1536,1566.3,1528.2,asm,_ZN5aiter24bf16gemm_bf16_tn_256x256E,gluon,0.0,,256,256,False,in: 256x256,>=512
16384,9216,6144,False,bfloat16,tuned,3009,2304,1554.0,1388.7,torch,native,gluon,0.0,,256,256,False,in: 256x256,>=512
32768,2304,6144,False,bfloat16,tuned,1594,1152,1426.2,660.6,flydsl,flydsl_hgemm_abf16_wbf16_bf16_t64x256x128x2_ks1_w4x4x1_bias0_ktail0_gm0_pft_gfx950,gluon,0.0,,256,256,False,in: 256x256,>=512
32768,2560,6144,False,bfloat16,tuned,1713,1280,1520.4,1466.3,flydsl,flydsl_hgemm_abf16_wbf16_bf16_t256x256x64x2_ks1_w2x4x1_bias0_ktail0_gm4_pht_gfx950,gluon,0.0,,256,256,False,in: 256x256,>=512
32768,6144,6144,False,bfloat16,tuned,2809,3072,1568.9,1457.1,torch,native,gluon,0.0,,256,256,False,in: 256x256,>=512
32768,9216,6144,False,bfloat16,tuned,3314,4608,1558.0,1447.4,torch,native,gluon,0.0,,256,256,False,in: 256x256,>=512
512,5120,6400,False,bfloat16,tuned,434,40,343.2,719.4,flydsl,flydsl_hgemm_abf16_wbf16_bf16_t96x128x128x2_ks1_w2x2x2_bias0_ktail0_gm0_pft_gfx950,flydsl:flydsl_hgemm_abf16_wbf16_bf16_t96x128x128x2_ks1_w2x2x2_bias0_ktail0_gm0_pft_gfx950,109.6,,96,128,False,in: non-pow2 tile,<128
1024,5120,6400,False,bfloat16,tuned,753,80,670.2,702.6,flydsl,flydsl_hgemm_abf16_wbf16_bf16_t128x128x64x4_ks1_w4x2x1_bias0_ktail0_gm0_pft_gfx950,flydsl:flydsl_hgemm_abf16_wbf16_bf16_t128x128x64x4_ks1_w4x2x1_bias0_ktail0_gm0_pft_gfx950,4.8,,128,128,False,in: other listed tile,<128
2048,5120,6400,False,bfloat16,tuned,1191,160,1246.4,788.4,flydsl,flydsl_hgemm_abf16_wbf16_bf16_t256x128x64x3_ks1_w4x2x1_bias0_ktail0_gm0_pft_gfx950,gluon,0.0,,256,256,False,in: 256x256,128-255
4096,5120,6400,False,bfloat16,tuned,1679,320,1183.9,1467.7,torch,native,torch:hipBLASLt,24.0,Cijk_Alik_Bljk_BBS_BH_Bias_HA_S_SAV_UserArgs_MT224x384x64_MI16x16x1_SN_LDSB0_AFC0_AG0_AGGSUA0_AGNTAB0_AFEM1_AFEM1_ASEM1_BL1_BS1_CD1_1_CLR1_CLS0_CADS0_DTLA0_DTLB0_DTLM0_DTVA0_DTVB0_DTVMXSA0_DTVMXSB0_DTVSM0_DPLB0_EPS0_ELFLR0_EMLLn1_FDSI0_GRPM1_GRVWA8_GRVWB8_GSU0_GSUAMB_GLS0_HPLR0_ISA950_ICIW0_IU1_K1_LDSSI0_LDSTI0_LBSPPA0_LBSPPB0_LBSPPMXSA0_LBSPPMXSB0_LBSPPM0_LPA0_LPB0_LPMXSA0_LPMXSB0_LPM0_LRVWn1_LWPMn1_MIAV0_MIWT14_6_MXLIBL_MXSFNS_MO40_MGRIPM1_NTn1_NTA0_NTB0_NTC0_NTD0_NTE0_NTG0_NTMXSA0_NTMXSB0_NTM0_NTWS0_NVn1_NVA0_NVB0_NVC0_NVD0_NVE0_NVG0_NVMXSA0_NVMXSB0_NVM0_NVWS0_NEPBS0_NLCA1_NLCB1_ONLL1_PAP0_PGL0_PGR2_PLR1_PKA0_RAP0_SGROB0_SIA3_SS0_SPO0_SRVW0_SSO0_SVW4_SK5_SKFTR0_SKFDPO0_SKWS0_SKXCCM0_SNLL0_SIP1_SGRO0_TDMI0_TDMIM0_TDMLWS0_TDMPLB0_TDMS0_TIN0_THn1_THA0_THB0_THC0_THD0_THE0_THG0_THMXSA0_THMXSB0_THM0_THWS0_TLDS1_TLDSMn1_ULSGRO0_USL0_USLMX0_UDFMAC0_UIOFGRO0_UPLRP0_USFGRO0_USI1_VSn1_VWA1_VWB1_WSGRA0_WSGRB0_WS64_WG16_16_1_WGMXCCn1.kd,224,384,False,in: non-pow2 tile,256-511
8192,5120,6400,False,bfloat16,tuned,2111,640,1452.7,1409.5,flydsl,flydsl_hgemm_abf16_wbf16_bf16_t256x256x64x2_ks1_w2x4x1_bias0_ktail0_gm4_pht_gfx950,gluon,0.0,,256,256,False,in: 256x256,>=512
16384,5120,6400,False,bfloat16,tuned,2424,1280,1566.1,1558.6,torch,native,gluon,0.0,,256,256,False,in: 256x256,>=512
32768,5120,6400,False,bfloat16,tuned,2617,2560,1566.8,1560.6,torch,native,gluon,0.0,,256,256,False,in: 256x256,>=512
512,16384,6656,False,bfloat16,tuned,462,128,1054.1,957.2,flydsl,flydsl_hgemm_abf16_wbf16_bf16_t128x128x64x5_ks1_w4x4x1_bias0_ktail0_gm4_pft_gfx950,gluon,0.0,,256,256,False,in: 256x256,128-255
1024,16384,6656,False,bfloat16,tuned,842,256,1574.0,443.3,asm,_ZN5aiter37bf16gemm_fp32bf16_tn_64x64_pf3_splitkE,gluon,0.0,,256,256,False,in: 256x256,256-511
2048,16384,6656,False,bfloat16,tuned,1429,512,1537.6,1478.6,asm,_ZN5aiter24bf16gemm_bf16_tn_256x256E,gluon,0.0,,256,256,False,in: 256x256,>=512
4096,16384,6656,False,bfloat16,tuned,2196,1024,1563.9,1570.1,torch,native,torch:hipBLASLt,0.4,Cijk_Alik_Bljk_BBS_BH_Bias_HA_S_SAV_UserArgs_MT256x256x64_MI16x16x1_CMS_SN_LDSB0_AFC0_AG1_AGGSUA0_AGNTAB0_AFEM1_AFEM1_ASEM1_BL1_BS1_CD1_1_CLR0_CLS0_CADS0_DTLA1_DTLB1_DTLM0_DTVA0_DTVB0_DTVMXSA0_DTVMXSB0_DTVSM0_DPLB0_EPS0_ELFLR0_EMLLn1_FDSI0_GRPM1_GRVWA8_GRVWB8_GSU0_GSUAMB_GLS0_HPLR0_ISA950_ICIW0_IU1_K1_LDSSI0_LDSTI0_LBSPPA1024_LBSPPB1024_LBSPPMXSA0_LBSPPMXSB0_LBSPPM0_LPA16_LPB16_LPMXSA0_LPMXSB0_LPM0_LRVW8_LWPMn1_MIAV0_MIWT8_8_MXLIBL_MXSFNS_MO40_MGRIPM1_NTn1_NTA0_NTB0_NTC4_NTD4_NTE0_NTG0_NTMXSA0_NTMXSB0_NTM0_NTWS0_NVn1_NVA0_NVB0_NVC0_NVD0_NVE0_NVG0_NVMXSA0_NVMXSB0_NVM0_NVWS0_NEPBS0_NLCA1_NLCB1_ONLL1_PAP0_PGL0_PGR2_PLR1_PKA1_RAP0_SGROB0_SIA3_SS1_SPO0_SRVW0_SSO4_SVW8_SK5_SKFTR0_SKFDPO0_SKWS0_SKXCCM0_SNLL0_SIP1_SGRO0_TDMI0_TDMIM0_TDMLWS0_TDMPLB0_TDMS0_TIN0_THn1_THA0_THB0_THC0_THD0_THE0_THG0_THMXSA0_THMXSB0_THM0_THWS0_TLDS1_TLDSM1_ULSGRO0_USL1_USLMX0_UDFMAC0_UIOFGRO0_UPLRP0_USFGRO0_USI0_VSn1_VWA8_VWB8_WSGRA0_WSGRB0_WS64_WG32_8_1_WGMXCCn1.kd,256,256,False,in: 256x256,>=512
8192,16384,6656,False,bfloat16,tuned,3000,2048,1584.2,1536.1,asm,_ZN5aiter24bf16gemm_bf16_tn_256x256E,gluon,0.0,,256,256,False,in: 256x256,>=512
16384,16384,6656,False,bfloat16,tuned,3672,4096,1579.9,1546.8,asm,_ZN5aiter24bf16gemm_bf16_tn_256x256E,gluon,0.0,,256,256,False,in: 256x256,>=512
32768,16384,6656,False,bfloat16,tuned,4136,8192,1584.5,292.0,asm,_ZN5aiter37bf16gemm_fp32bf16_tn_48x64_pf3_splitkE,gluon,0.0,,256,256,False,in: 256x256,>=512
512,1024,7168,False,bfloat16,tuned,326,8,70.0,159.5,torch,native,torch:hipBLASLt,127.9,Cijk_Alik_Bljk_BBS_BH_Bias_HA_S_SAV_UserArgs_MT128x128x64_MI32x32x1_SN_LDSB0_AFC1_AG0_AGGSUA0_AGNTAB0_AFEM1_AFEM1_ASEM1_BL1_BS1_CD1_1_CLR1_CLS0_CADS0_DTLA0_DTLB0_DTLM0_DTVA0_DTVB0_DTVMXSA0_DTVMXSB0_DTVSM0_DPLB0_EPS0_ELFLR0_EMLLn1_FDSI0_GRPM1_GRVWA8_GRVWB8_GSU0_GSUAMB_GLS0_HPLR0_ISA950_ICIW0_IU1_K1_LDSSI0_LDSTI0_LBSPPA256_LBSPPB256_LBSPPMXSA0_LBSPPMXSB0_LBSPPM0_LPA8_LPB8_LPMXSA0_LPMXSB0_LPMn1_LRVW8_LWPMn1_MIAV1_MIWT2_2_MXLIBL_MXSFNS_MO64_MGRIPM1_NTn1_NTA0_NTB3_NTC1_NTD3_NTE0_NTG0_NTMXSA0_NTMXSB0_NTM0_NTWS0_NVn1_NVA0_NVB0_NVC0_NVD0_NVE0_NVG0_NVMXSA0_NVMXSB0_NVM0_NVWS0_NEPBS2_NLCA1_NLCB1_ONLL1_PAP0_PGL0_PGR2_PLR1_PKA1_RAP0_SGROB0_SIA3_SS1_SPO0_SRVW0_SSO0_SVW2_SK5_SKFTR0_SKFDPO0_SKWS0_SKXCCM4_SNLL0_SIP1_SGRO0_TDMI0_TDMIM0_TDMLWS0_TDMPLB0_TDMS0_TIN0_THn1_THA0_THB0_THC0_THD0_THE0_THG0_THMXSA0_THMXSB0_THM0_THWS0_TLDS1_TLDSM1_ULSGRO0_USL1_USLMX0_UDFMAC0_UIOFGRO0_UPLRP0_USFGRO0_USI0_VSn1_VWA2_VWB2_WSGRA0_WSGRB0_WS64_WG64_4_1_WGMXCC1.kd,128,128,False,in: other listed tile,<128
512,1536,7168,False,bfloat16,tuned,364,12,104.5,229.9,torch,native,torch:hipBLASLt,120.0,Cijk_Alik_Bljk_BBS_BH_Bias_HA_S_SAV_UserArgs_MT192x128x64_MI32x32x1_SN_LDSB1_AFC0_AG0_AGGSUA0_AGNTAB0_AFEM1_AFEM1_ASEM1_BL1_BS1_CD1_1_CLR1_CLS0_CADS0_DTLA0_DTLB0_DTLM0_DTVA0_DTVB0_DTVMXSA0_DTVMXSB0_DTVSM0_DPLB0_EPS0_ELFLR0_EMLLn1_FDSI0_GRPM1_GRVWA8_GRVWB8_GSU0_GSUAMB_GLS0_HPLR0_ISA950_ICIW0_IU1_K1_LDSSI0_LDSTI0_LBSPPA128_LBSPPB256_LBSPPMXSA0_LBSPPMXSB0_LBSPPM0_LPA8_LPB8_LPMXSA0_LPMXSB0_LPM0_LRVW8_LWPMn1_MIAV0_MIWT3_2_MXLIBL_MXSFNS_MO40_MGRIPM1_NTn1_NTA0_NTB0_NTC4_NTD4_NTE0_NTG0_NTMXSA0_NTMXSB0_NTM0_NTWS0_NVn1_NVA0_NVB0_NVC0_NVD0_NVE0_NVG0_NVMXSA0_NVMXSB0_NVM0_NVWS0_NEPBS16_NLCA1_NLCB1_ONLL1_PAP0_PGL0_PGR2_PLR1_PKA1_RAP0_SGROB0_SIA3_SS1_SPO1_SRVW0_SSO4_SVW1_SK5_SKFTR0_SKFDPO0_SKWS0_SKXCCM0_SNLL0_SIP1_SGRO0_TDMI0_TDMIM0_TDMLWS0_TDMPLB0_TDMS0_TIN0_THn1_THA0_THB0_THC0_THD0_THE0_THG0_THMXSA0_THMXSB0_THM0_THWS0_TLDS1_TLDSM1_ULSGRO0_USL1_USLMX0_UDFMAC0_UIOFGRO0_UPLRP0_USFGRO1_USI0_VSn1_VWA1_VWB2_WSGRA0_WSGRB0_WS64_WG64_4_1_WGMXCCn1.kd,192,128,False,in: non-pow2 tile,<128
512,2048,7168,False,bfloat16,tuned,387,16,139.0,569.0,torch,native,torch:hipBLASLt,309.4,Cijk_Alik_Bljk_BBS_BH_Bias_HA_S_SAV_UserArgs_MT128x128x128_MI32x32x1_SN_LDSB0_AFC1_AG0_AGGSUA0_AGNTAB0_AFEM1_AFEM1_ASEM1_BL1_BS1_CD1_1_CLR0_CLS0_CADS0_DTLA0_DTLB0_DTLM0_DTVA0_DTVB0_DTVMXSA0_DTVMXSB0_DTVSM0_DPLB0_EPS0_ELFLR0_EMLLn1_FDSI0_GRPM1_GRVWA8_GRVWB8_GSU0_GSUAMB_GLS0_HPLR0_ISA950_ICIW0_IU1_K1_LDSSI0_LDSTI0_LBSPPA1024_LBSPPB256_LBSPPMXSA0_LBSPPMXSB0_LBSPPM0_LPA8_LPB8_LPMXSA0_LPMXSB0_LPMn1_LRVW8_LWPMn1_MIAV0_MIWT4_1_MXLIBL_MXSFNS_MO64_MGRIPM1_NTn1_NTA3_NTB3_NTC7_NTD3_NTE0_NTG0_NTMXSA0_NTMXSB0_NTM0_NTWS0_NVn1_NVA0_NVB0_NVC0_NVD0_NVE0_NVG0_NVMXSA0_NVMXSB0_NVM0_NVWS0_NEPBS16_NLCA1_NLCB1_ONLL1_PAP0_PGL0_PGR2_PLR1_PKA1_RAP0_SGROB0_SIA3_SS1_SPO1_SRVW0_SSO1_SVW4_SK5_SKFTR0_SKFDPO0_SKWS0_SKXCCM8_SNLL0_SIP1_SGRO0_TDMI0_TDMIM0_TDMLWS0_TDMPLB0_TDMS0_TIN0_THn1_THA0_THB0_THC0_THD0_THE0_THG0_THMXSA0_THMXSB0_THM0_THWS0_TLDS2_TLDSM1_ULSGRO0_USL1_USLMX0_UDFMAC0_UIOFGRO0_UPLRP0_USFGRO0_USI0_VSn1_VWA4_VWB1_WSGRA0_WSGRB0_WS64_WG32_8_1_WGMXCC1.kd,128,128,False,in: other listed tile,<128
512,3584,7168,False,bfloat16,tuned,422,28,242.1,612.6,flydsl,flydsl_hgemm_abf16_wbf16_bf16_t96x96x64x5_ks1_w2x2x1_bias0_ktail0_gm0_pft_gfx950,flydsl:flydsl_hgemm_abf16_wbf16_bf16_t96x96x64x5_ks1_w2x2x1_bias0_ktail0_gm0_pft_gfx950,153.0,,96,96,False,in: non-pow2 tile,<128
512,6144,7168,False,bfloat16,tuned,443,48,413.0,819.7,flydsl,flydsl_hgemm_abf16_wbf16_bf16_t128x96x64x4_ks1_w2x2x1_bias0_ktail0_gm0_pft_gfx950,flydsl:flydsl_hgemm_abf16_wbf16_bf16_t128x96x64x4_ks1_w2x2x1_bias0_ktail0_gm0_pft_gfx950,98.5,,128,96,False,in: non-pow2 tile,<128
512,8192,7168,False,bfloat16,tuned,452,64,546.6,868.7,flydsl,flydsl_hgemm_abf16_wbf16_bf16_t256x64x128x2_ks1_w2x2x1_bias0_ktail0_gm0_pht_gfx950,flydsl:flydsl_hgemm_abf16_wbf16_bf16_t256x64x128x2_ks1_w2x2x1_bias0_ktail0_gm0_pht_gfx950,58.9,,256,64,False,in: other listed tile,<128
512,8448,7168,False,bfloat16,tuned,452,66,565.3,746.9,flydsl,flydsl_hgemm_abf16_wbf16_bf16_t128x128x64x2_ks1_w2x4x1_bias0_ktail0_gm4_pht_gfx950,flydsl:flydsl_hgemm_abf16_wbf16_bf16_t128x128x64x2_ks1_w2x4x1_bias0_ktail0_gm4_pht_gfx950,32.1,,128,128,False,in: other listed tile,<128
512,20480,7168,False,bfloat16,tuned,467,160,1108.4,1036.4,flydsl,flydsl_hgemm_abf16_wbf16_bf16_t256x256x64x2_ks1_w2x4x1_bias0_ktail0_gm0_pht_gfx950,gluon,0.0,,256,256,False,in: 256x256,128-255
768,1024,7168,False,bfloat16,tuned,414,12,104.9,279.9,torch,native,torch:hipBLASLt,166.8,Cijk_Alik_Bljk_BBS_BH_Bias_HA_S_SAV_UserArgs_MT128x192x64_MI16x16x1_SN_LDSB0_AFC0_AG1_AGGSUA0_AGNTAB0_AFEM1_AFEM1_ASEM1_BL1_BS1_CD1_1_CLR0_CLS0_CADS0_DTLA1_DTLB1_DTLM0_DTVA0_DTVB0_DTVMXSA0_DTVMXSB0_DTVSM0_DPLB1_EPS0_ELFLR0_EMLLn1_FDSI0_GRPM1_GRVWA8_GRVWB8_GSU0_GSUAMB_GLS0_HPLR0_ISA950_ICIW0_IU1_K1_LDSSI0_LDSTI0_LBSPPA1024_LBSPPB1024_LBSPPMXSA0_LBSPPMXSB0_LBSPPM0_LPA16_LPB16_LPMXSA0_LPMXSB0_LPM0_LRVW8_LWPMn1_MIAV0_MIWT8_3_MXLIBL_MXSFNS_MO40_MGRIPM1_NTn1_NTA0_NTB0_NTC0_NTD0_NTE0_NTG0_NTMXSA0_NTMXSB0_NTM0_NTWS0_NVn1_NVA0_NVB0_NVC0_NVD0_NVE0_NVG0_NVMXSA0_NVMXSB0_NVM0_NVWS0_NEPBS14_NLCA1_NLCB1_ONLL1_PAP0_PGL0_PGR2_PLR1_PKA1_RAP0_SGROB1_SIA3_SS1_SPO0_SRVW0_SSO0_SVW8_SK5_SKFTR0_SKFDPO0_SKWS0_SKXCCM0_SNLL0_SIP1_SGRO0_TDMI0_TDMIM0_TDMLWS0_TDMPLB0_TDMS0_TIN1_THn1_THA0_THB0_THC0_THD0_THE0_THG0_THMXSA0_THMXSB0_THM0_THWS0_TLDS1_TLDSMn1_ULSGRO0_USL1_USLMX0_UDFMAC0_UIOFGRO0_UPLRP0_USFGRO0_USI0_VSn1_VWA8_VWB1_WSGRA0_WSGRB0_WS64_WG16_16_1_WGMXCCn1.kd,128,192,False,in: non-pow2 tile,<128
768,2048,7168,False,bfloat16,tuned,518,24,208.6,603.7,flydsl,flydsl_hgemm_abf16_wbf16_bf16_t96x64x128x3_ks1_w2x2x2_bias0_ktail0_gm4_pft_gfx950,flydsl:flydsl_hgemm_abf16_wbf16_bf16_t96x64x128x3_ks1_w2x2x2_bias0_ktail0_gm4_pft_gfx950,189.4,,96,64,False,out: smaller tile,<128
1024,512,7168,False,bfloat16,tuned,326,8,69.9,373.1,flydsl,flydsl_hgemm_abf16_wbf16_bf16_t64x128x64x4_ks4_w2x4x1_bias0_ktail0_gm0_pft_gfx950,flydsl:flydsl_hgemm_abf16_wbf16_bf16_t64x128x64x4_ks4_w2x4x1_bias0_ktail0_gm0_pft_gfx950,433.8,,64,128,True,out: split-K,<128
1024,1024,7168,False,bfloat16,tuned,478,16,139.3,581.8,torch,native,torch:hipBLASLt,317.7,Cijk_Alik_Bljk_BBS_BH_Bias_HA_S_SAV_UserArgs_MT128x128x128_MI16x16x1_SN_LDSB0_AFC1_AG0_AGGSUA0_AGNTAB0_AFEM1_AFEM1_ASEM1_BL1_BS1_CD1_1_CLR0_CLS0_CADS0_DTLA0_DTLB0_DTLM0_DTVA0_DTVB0_DTVMXSA0_DTVMXSB0_DTVSM0_DPLB0_EPS0_ELFLR0_EMLLn1_FDSI0_GRPM1_GRVWA8_GRVWB8_GSU0_GSUAMB_GLS0_HPLR0_ISA950_ICIW0_IU1_K1_LDSSI0_LDSTI0_LBSPPA1024_LBSPPB1024_LBSPPMXSA0_LBSPPMXSB0_LBSPPM0_LPA16_LPB16_LPMXSA0_LPMXSB0_LPMn1_LRVW8_LWPMn1_MIAV0_MIWT4_4_MXLIBL_MXSFNS_MO64_MGRIPM1_NTn1_NTA3_NTB1_NTC5_NTD3_NTE0_NTG0_NTMXSA0_NTMXSB0_NTM0_NTWS0_NVn1_NVA0_NVB0_NVC0_NVD0_NVE0_NVG0_NVMXSA0_NVMXSB0_NVM0_NVWS0_NEPBS16_NLCA1_NLCB1_ONLL1_PAP0_PGL0_PGR2_PLR1_PKA1_RAP0_SGROB0_SIA3_SS1_SPO1_SRVW0_SSO0_SVW4_SK5_SKFTR0_SKFDPO0_SKWS0_SKXCCM8_SNLL0_SIP1_SGRO0_TDMI0_TDMIM0_TDMLWS0_TDMPLB0_TDMS0_TIN0_THn1_THA0_THB0_THC0_THD0_THE0_THG0_THMXSA0_THMXSB0_THM0_THWS0_TLDS1_TLDSM1_ULSGRO0_USL1_USLMX0_UDFMAC0_UIOFGRO0_UPLRP0_USFGRO0_USI0_VSn1_VWA4_VWB4_WSGRA0_WSGRB0_WS64_WG32_8_1_WGMXCC1.kd,128,128,False,in: other listed tile,<128
1024,1536,7168,False,bfloat16,tuned,566,24,208.8,623.7,flydsl,flydsl_hgemm_abf16_wbf16_bf16_t64x96x128x4_ks1_w2x2x2_bias0_ktail0_gm4_pft_gfx950,flydsl:flydsl_hgemm_abf16_wbf16_bf16_t64x96x128x4_ks1_w2x2x2_bias0_ktail0_gm4_pft_gfx950,198.7,,64,96,False,out: smaller tile,<128
1024,2048,7168,False,bfloat16,tuned,623,32,277.0,588.8,torch,native,torch:hipBLASLt,112.6,Cijk_Alik_Bljk_BBS_BH_Bias_HA_S_SAV_UserArgs_MT256x128x64_MI16x16x1_SN_LDSB0_AFC1_AG0_AGGSUA0_AGNTAB0_AFEM1_AFEM1_ASEM1_BL1_BS1_CD1_1_CLR0_CLS0_CADS0_DTLA1_DTLB1_DTLM0_DTVA0_DTVB0_DTVMXSA0_DTVMXSB0_DTVSM0_DPLB0_EPS0_ELFLR0_EMLLn1_FDSI0_GRPM1_GRVWA8_GRVWB8_GSU0_GSUAMB_GLS0_HPLR0_ISA950_ICIW0_IU1_K1_LDSSI0_LDSTI0_LBSPPA1024_LBSPPB1024_LBSPPMXSA0_LBSPPMXSB0_LBSPPM0_LPA16_LPB16_LPMXSA0_LPMXSB0_LPMn1_LRVW8_LWPMn1_MIAV0_MIWT4_8_MXLIBL_MXSFNS_MO64_MGRIPM1_NTn1_NTA2_NTB4_NTC5_NTD2_NTE0_NTG0_NTMXSA0_NTMXSB0_NTM0_NTWS0_NVn1_NVA0_NVB0_NVC0_NVD0_NVE0_NVG0_NVMXSA0_NVMXSB0_NVM0_NVWS0_NEPBS2_NLCA1_NLCB1_ONLL1_PAP0_PGL0_PGR2_PLR1_PKA1_RAP0_SGROB0_SIA3_SS1_SPO1_SRVW0_SSO1_SVW4_SK5_SKFTR0_SKFDPO0_SKWS0_SKXCCM0_SNLL0_SIP1_SGRO0_TDMI0_TDMIM0_TDMLWS0_TDMPLB0_TDMS0_TIN0_THn1_THA0_THB0_THC0_THD0_THE0_THG0_THMXSA0_THMXSB0_THM0_THWS0_TLDS2_TLDSM1_ULSGRO0_USL1_USLMX0_UDFMAC0_UIOFGRO0_UPLRP0_USFGRO0_USI0_VSn1_VWA4_VWB8_WSGRA0_WSGRB0_WS64_WG64_4_1_WGMXCC1.kd,256,128,False,in: other listed tile,<128
1024,3584,7168,False,bfloat16,tuned,717,56,481.5,869.1,flydsl,flydsl_hgemm_abf16_wbf16_bf16_t128x128x64x4_ks1_w4x2x1_bias0_ktail0_gm0_pft_gfx950,flydsl:flydsl_hgemm_abf16_wbf16_bf16_t128x128x64x4_ks1_w4x2x1_bias0_ktail0_gm0_pft_gfx950,80.5,,128,128,False,in: other listed tile,<128
1024,6144,7168,False,bfloat16,tuned,782,96,811.4,1063.8,torch,native,torch:hipBLASLt,31.1,Cijk_Alik_Bljk_BBS_BH_Bias_HA_S_SAV_UserArgs_MT192x128x128_MI16x16x1_SN_LDSB1_AFC0_AG0_AGGSUA0_AGNTAB0_AFEM1_AFEM1_ASEM1_BL1_BS1_CD1_1_CLR0_CLS0_CADS0_DTLA0_DTLB0_DTLM0_DTVA0_DTVB0_DTVMXSA0_DTVMXSB0_DTVSM0_DPLB0_EPS0_ELFLR0_EMLLn1_FDSI0_GRPM1_GRVWA8_GRVWB8_GSU0_GSUAMB_GLS0_HPLR0_ISA950_ICIW0_IU1_K1_LDSSI0_LDSTI0_LBSPPA512_LBSPPB1024_LBSPPMXSA0_LBSPPMXSB0_LBSPPM0_LPA16_LPB16_LPMXSA0_LPMXSB0_LPM0_LRVW8_LWPMn1_MIAV0_MIWT6_4_MXLIBL_MXSFNS_MO40_MGRIPM1_NTn1_NTA0_NTB0_NTC1_NTD4_NTE0_NTG0_NTMXSA0_NTMXSB0_NTM0_NTWS0_NVn1_NVA0_NVB0_NVC0_NVD0_NVE0_NVG0_NVMXSA0_NVMXSB0_NVM0_NVWS0_NEPBS0_NLCA1_NLCB1_ONLL1_PAP0_PGL0_PGR2_PLR1_PKA1_RAP0_SGROB0_SIA3_SS1_SPO0_SRVW0_SSO1_SVW2_SK5_SKFTR0_SKFDPO0_SKWS0_SKXCCM0_SNLL0_SIP1_SGRO0_TDMI0_TDMIM0_TDMLWS0_TDMPLB0_TDMS0_TIN0_THn1_THA0_THB0_THC0_THD0_THE0_THG0_THMXSA0_THMXSB0_THM0_THWS0_TLDS2_TLDSM1_ULSGRO0_USL1_USLMX0_UDFMAC0_UIOFGRO0_UPLRP0_USFGRO0_USI0_VSn1_VWA2_VWB4_WSGRA0_WSGRB0_WS64_WG32_8_1_WGMXCCn1.kd,192,128,False,in: non-pow2 tile,<128
1024,8192,7168,False,bfloat16,tuned,808,128,1067.2,1099.3,flydsl,flydsl_hgemm_abf16_wbf16_bf16_t256x128x64x3_ks1_w4x4x1_bias0_ktail0_gm0_pft_gfx950,flydsl:flydsl_hgemm_abf16_wbf16_bf16_t256x128x64x3_ks1_w4x4x1_bias0_ktail0_gm0_pft_gfx950,3.0,,256,128,False,in: other listed tile,128-255
1024,8448,7168,False,bfloat16,tuned,810,132,1095.2,1300.6,torch,native,torch:hipBLASLt,18.8,Cijk_Alik_Bljk_BBS_BH_Bias_HA_S_SAV_UserArgs_MT160x256x64_MI16x16x1_CMS_SN_LDSB0_AFC0_AG0_AGGSUA0_AGNTAB0_AFEM1_AFEM1_ASEM1_BL1_BS1_CD1_1_CLR0_CLS0_CADS0_DTLA1_DTLB1_DTLM0_DTVA0_DTVB0_DTVMXSA0_DTVMXSB0_DTVSM0_DPLB0_EPS0_ELFLR0_EMLLn1_FDSI0_GRPM1_GRVWA8_GRVWB8_GSU0_GSUAMB_GLS0_HPLR0_ISA950_ICIW0_IU1_K1_LDSSI0_LDSTI0_LBSPPA1024_LBSPPB1024_LBSPPMXSA0_LBSPPMXSB0_LBSPPM0_LPA16_LPB16_LPMXSA0_LPMXSB0_LPM0_LRVW8_LWPMn1_MIAV0_MIWT5_8_MXLIBL_MXSFNS_MO40_MGRIPM1_NTn1_NTA0_NTB0_NTC0_NTD4_NTE0_NTG0_NTMXSA0_NTMXSB0_NTM0_NTWS0_NVn1_NVA0_NVB0_NVC0_NVD0_NVE0_NVG0_NVMXSA0_NVMXSB0_NVM0_NVWS0_NEPBS0_NLCA1_NLCB1_ONLL1_PAP0_PGL0_PGR2_PLR1_PKA1_RAP0_SGROB0_SIA3_SS1_SPO1_SRVW0_SSO4_SVW1_SK5_SKFTR0_SKFDPO0_SKWS0_SKXCCM0_SNLL0_SIP1_SGRO0_TDMI0_TDMIM0_TDMLWS0_TDMPLB0_TDMS0_TIN0_THn1_THA0_THB0_THC0_THD0_THE0_THG0_THMXSA0_THMXSB0_THM0_THWS0_TLDS1_TLDSM1_ULSGRO0_USL1_USLMX0_UDFMAC0_UIOFGRO0_UPLRP0_USFGRO0_USI0_VSn1_VWA1_VWB8_WSGRA0_WSGRB0_WS64_WG32_8_1_WGMXCCn1.kd,160,256,False,in: non-pow2 tile,128-255
1024,20480,7168,False,bfloat16,tuned,858,320,1125.2,783.6,flydsl,flydsl_hgemm_abf16_wbf16_bf16_t128x128x64x4_ks1_w2x2x1_bias0_ktail0_gm0_pft_gfx950,gluon,0.0,,256,256,False,in: 256x256,256-511
1280,512,7168,False,bfloat16,tuned,348,10,87.5,293.3,torch,native,torch:hipBLASLt,235.2,Cijk_Alik_Bljk_BBS_BH_Bias_HA_S_SAV_UserArgs_MT128x160x64_MI16x16x1_SN_LDSB0_AFC0_AG1_AGGSUA0_AGNTAB0_AFEM1_AFEM1_ASEM1_BL1_BS1_CD1_1_CLR0_CLS0_CADS0_DTLA1_DTLB1_DTLM0_DTVA0_DTVB0_DTVMXSA0_DTVMXSB0_DTVSM0_DPLB1_EPS0_ELFLR0_EMLLn1_FDSI0_GRPM1_GRVWA8_GRVWB8_GSU0_GSUAMB_GLS0_HPLR0_ISA950_ICIW0_IU1_K1_LDSSI0_LDSTI0_LBSPPA1024_LBSPPB1024_LBSPPMXSA0_LBSPPMXSB0_LBSPPM0_LPA16_LPB16_LPMXSA0_LPMXSB0_LPM0_LRVW8_LWPMn1_MIAV0_MIWT4_5_MXLIBL_MXSFNS_MO40_MGRIPM1_NTn1_NTA0_NTB0_NTC0_NTD0_NTE0_NTG0_NTMXSA0_NTMXSB0_NTM0_NTWS0_NVn1_NVA0_NVB0_NVC0_NVD0_NVE0_NVG0_NVMXSA0_NVMXSB0_NVM0_NVWS0_NEPBS12_NLCA1_NLCB1_ONLL1_PAP0_PGL0_PGR2_PLR1_PKA1_RAP0_SGROB0_SIA3_SS1_SPO1_SRVW0_SSO1_SVW4_SK5_SKFTR0_SKFDPO0_SKWS0_SKXCCM0_SNLL0_SIP1_SGRO0_TDMI0_TDMIM0_TDMLWS0_TDMPLB0_TDMS0_TIN1_THn1_THA0_THB0_THC0_THD0_THE0_THG0_THMXSA0_THMXSB0_THM0_THWS0_TLDS2_TLDSMn1_ULSGRO1_USL1_USLMX0_UDFMAC0_UIOFGRO0_UPLRP0_USFGRO0_USI0_VSn1_VWA4_VWB1_WSGRA0_WSGRB0_WS64_WG32_8_1_WGMXCCn1.kd,128,160,False,in: non-pow2 tile,<128
1280,1024,7168,False,bfloat16,tuned,527,20,173.7,308.2,torch,native,torch:hipBLASLt,77.4,Cijk_Alik_Bljk_BBS_BH_Bias_HA_S_SAV_UserArgs_MT256x160x64_MI16x16x1_SN_LDSB0_AFC0_AG0_AGGSUA0_AGNTAB0_AFEM1_AFEM1_ASEM1_BL1_BS1_CD1_1_CLR1_CLS0_CADS0_DTLA0_DTLB0_DTLM0_DTVA0_DTVB0_DTVMXSA0_DTVMXSB0_DTVSM0_DPLB0_EPS0_ELFLR0_EMLLn1_FDSI0_GRPM1_GRVWA8_GRVWB8_GSU0_GSUAMB_GLS0_HPLR0_ISA950_ICIW0_IU1_K1_LDSSI0_LDSTI0_LBSPPA1024_LBSPPB128_LBSPPMXSA0_LBSPPMXSB0_LBSPPM0_LPA16_LPB16_LPMXSA0_LPMXSB0_LPM0_LRVW8_LWPMn1_MIAV0_MIWT8_5_MXLIBL_MXSFNS_MO40_MGRIPM1_NTn1_NTA0_NTB0_NTC0_NTD0_NTE0_NTG0_NTMXSA0_NTMXSB0_NTM0_NTWS0_NVn1_NVA0_NVB0_NVC0_NVD0_NVE0_NVG0_NVMXSA0_NVMXSB0_NVM0_NVWS0_NEPBS0_NLCA1_NLCB1_ONLL1_PAP0_PGL0_PGR2_PLR1_PKA1_RAP0_SGROB0_SIA3_SS1_SPO0_SRVW0_SSO0_SVW8_SK5_SKFTR0_SKFDPO0_SKWS0_SKXCCM0_SNLL0_SIP1_SGRO0_TDMI0_TDMIM0_TDMLWS0_TDMPLB0_TDMS0_TIN0_THn1_THA0_THB0_THC0_THD0_THE0_THG0_THMXSA0_THMXSB0_THM0_THWS0_TLDS1_TLDSM1_ULSGRO0_USL1_USLMX0_UDFMAC0_UIOFGRO0_UPLRP0_USFGRO0_USI0_VSn1_VWA8_VWB1_WSGRA0_WSGRB0_WS64_WG32_8_1_WGMXCCn1.kd,256,160,False,in: non-pow2 tile,<128
1280,2048,7168,False,bfloat16,tuned,710,40,345.5,673.2,torch,native,torch:hipBLASLt,94.8,Cijk_Alik_Bljk_BBS_BH_Bias_HA_S_SAV_UserArgs_MT256x160x64_MI16x16x1_SN_LDSB0_AFC0_AG0_AGGSUA0_AGNTAB0_AFEM1_AFEM1_ASEM1_BL1_BS1_CD1_1_CLR1_CLS0_CADS0_DTLA0_DTLB0_DTLM0_DTVA0_DTVB0_DTVMXSA0_DTVMXSB0_DTVSM0_DPLB0_EPS0_ELFLR0_EMLLn1_FDSI0_GRPM1_GRVWA8_GRVWB8_GSU0_GSUAMB_GLS0_HPLR0_ISA950_ICIW0_IU1_K1_LDSSI0_LDSTI0_LBSPPA1024_LBSPPB128_LBSPPMXSA0_LBSPPMXSB0_LBSPPM0_LPA16_LPB16_LPMXSA0_LPMXSB0_LPM0_LRVW8_LWPMn1_MIAV0_MIWT8_5_MXLIBL_MXSFNS_MO40_MGRIPM1_NTn1_NTA0_NTB0_NTC0_NTD0_NTE0_NTG0_NTMXSA0_NTMXSB0_NTM0_NTWS0_NVn1_NVA0_NVB0_NVC0_NVD0_NVE0_NVG0_NVMXSA0_NVMXSB0_NVM0_NVWS0_NEPBS0_NLCA1_NLCB1_ONLL1_PAP0_PGL0_PGR2_PLR1_PKA1_RAP0_SGROB0_SIA3_SS1_SPO0_SRVW0_SSO0_SVW8_SK5_SKFTR0_SKFDPO0_SKWS0_SKXCCM0_SNLL0_SIP1_SGRO0_TDMI0_TDMIM0_TDMLWS0_TDMPLB0_TDMS0_TIN0_THn1_THA0_THB0_THC0_THD0_THE0_THG0_THMXSA0_THMXSB0_THM0_THWS0_TLDS1_TLDSM1_ULSGRO0_USL1_USLMX0_UDFMAC0_UIOFGRO0_UPLRP0_USFGRO0_USI0_VSn1_VWA8_VWB1_WSGRA0_WSGRB0_WS64_WG32_8_1_WGMXCCn1.kd,256,160,False,in: non-pow2 tile,<128
1536,512,7168,False,bfloat16,tuned,364,12,104.8,279.7,torch,native,torch:hipBLASLt,166.9,Cijk_Alik_Bljk_BBS_BH_Bias_HA_S_SAV_UserArgs_MT128x192x64_MI16x16x1_SN_LDSB0_AFC0_AG1_AGGSUA0_AGNTAB0_AFEM1_AFEM1_ASEM1_BL1_BS1_CD1_1_CLR0_CLS0_CADS0_DTLA1_DTLB1_DTLM0_DTVA0_DTVB0_DTVMXSA0_DTVMXSB0_DTVSM0_DPLB1_EPS0_ELFLR0_EMLLn1_FDSI0_GRPM1_GRVWA8_GRVWB8_GSU0_GSUAMB_GLS0_HPLR0_ISA950_ICIW0_IU1_K1_LDSSI0_LDSTI0_LBSPPA1024_LBSPPB1024_LBSPPMXSA0_LBSPPMXSB0_LBSPPM0_LPA16_LPB16_LPMXSA0_LPMXSB0_LPM0_LRVW8_LWPMn1_MIAV0_MIWT8_3_MXLIBL_MXSFNS_MO40_MGRIPM1_NTn1_NTA0_NTB0_NTC0_NTD0_NTE0_NTG0_NTMXSA0_NTMXSB0_NTM0_NTWS0_NVn1_NVA0_NVB0_NVC0_NVD0_NVE0_NVG0_NVMXSA0_NVMXSB0_NVM0_NVWS0_NEPBS14_NLCA1_NLCB1_ONLL1_PAP0_PGL0_PGR2_PLR1_PKA1_RAP0_SGROB1_SIA3_SS1_SPO0_SRVW0_SSO0_SVW8_SK5_SKFTR0_SKFDPO0_SKWS0_SKXCCM0_SNLL0_SIP1_SGRO0_TDMI0_TDMIM0_TDMLWS0_TDMPLB0_TDMS0_TIN1_THn1_THA0_THB0_THC0_THD0_THE0_THG0_THMXSA0_THMXSB0_THM0_THWS0_TLDS1_TLDSMn1_ULSGRO0_USL1_USLMX0_UDFMAC0_UIOFGRO0_UPLRP0_USFGRO0_USI0_VSn1_VWA8_VWB1_WSGRA0_WSGRB0_WS64_WG16_16_1_WGMXCCn1.kd,128,192,False,in: non-pow2 tile,<128
1536,1024,7168,False,bfloat16,tuned,566,24,208.8,749.0,torch,native,torch:hipBLASLt,258.7,Cijk_Alik_Bljk_BBS_BH_Bias_HA_S_SAV_UserArgs_MT128x96x128_MI16x16x1_SN_LDSB0_AFC1_AG0_AGGSUA0_AGNTAB0_AFEM1_AFEM1_ASEM1_BL1_BS1_CD1_1_CLR0_CLS0_CADS0_DTLA0_DTLB0_DTLM0_DTVA0_DTVB0_DTVMXSA0_DTVMXSB0_DTVSM0_DPLB0_EPS0_ELFLR0_EMLLn1_FDSI0_GRPM1_GRVWA8_GRVWB8_GSU0_GSUAMB_GLS0_HPLR0_ISA950_ICIW0_IU1_K1_LDSSI0_LDSTI0_LBSPPA1024_LBSPPB256_LBSPPMXSA0_LBSPPMXSB0_LBSPPM0_LPA16_LPB16_LPMXSA0_LPMXSB0_LPMn1_LRVW8_LWPMn1_MIAV0_MIWT4_3_MXLIBL_MXSFNS_MO64_MGRIPM1_NTn1_NTA3_NTB3_NTC6_NTD1_NTE0_NTG0_NTMXSA0_NTMXSB0_NTM0_NTWS0_NVn1_NVA0_NVB0_NVC0_NVD0_NVE0_NVG0_NVMXSA0_NVMXSB0_NVM0_NVWS0_NEPBS16_NLCA1_NLCB1_ONLL1_PAP0_PGL0_PGR2_PLR1_PKA1_RAP0_SGROB0_SIA3_SS1_SPO1_SRVW0_SSO0_SVW4_SK5_SKFTR0_SKFDPO0_SKWS0_SKXCCM0_SNLL0_SIP1_SGRO0_TDMI0_TDMIM0_TDMLWS0_TDMPLB0_TDMS0_TIN0_THn1_THA0_THB0_THC0_THD0_THE0_THG0_THMXSA0_THMXSB0_THM0_THWS0_TLDS2_TLDSM1_ULSGRO0_USL1_USLMX0_UDFMAC0_UIOFGRO0_UPLRP0_USFGRO0_USI0_VSn1_VWA4_VWB1_WSGRA0_WSGRB0_WS64_WG32_8_1_WGMXCC1.kd,128,96,False,in: non-pow2 tile,<128
1536,2048,7168,False,bfloat16,tuned,782,48,413.3,961.4,torch,native,torch:hipBLASLt,132.6,Cijk_Alik_Bljk_BBS_BH_Bias_HA_S_SAV_UserArgs_MT128x192x64_MI16x16x1_SN_LDSB0_AFC1_AG0_AGGSUA0_AGNTAB0_AFEM1_AFEM1_ASEM1_BL1_BS1_CD1_1_CLR0_CLS0_CADS0_DTLA0_DTLB0_DTLM0_DTVA0_DTVB0_DTVMXSA0_DTVMXSB0_DTVSM0_DPLB0_EPS0_ELFLR0_EMLLn1_FDSI0_GRPM1_GRVWA8_GRVWB8_GSU0_GSUAMB_GLS0_HPLR0_ISA950_ICIW0_IU1_K1_LDSSI0_LDSTI0_LBSPPA512_LBSPPB256_LBSPPMXSA0_LBSPPMXSB0_LBSPPM0_LPA16_LPB16_LPMXSA0_LPMXSB0_LPMn1_LRVW8_LWPMn1_MIAV0_MIWT4_6_MXLIBL_MXSFNS_MO64_MGRIPM1_NTn1_NTA3_NTB0_NTC6_NTD2_NTE0_NTG0_NTMXSA0_NTMXSB0_NTM0_NTWS0_NVn1_NVA0_NVB0_NVC0_NVD0_NVE0_NVG0_NVMXSA0_NVMXSB0_NVM0_NVWS0_NEPBS0_NLCA1_NLCB1_ONLL1_PAP0_PGL0_PGR2_PLR1_PKA1_RAP0_SGROB0_SIA3_SS1_SPO0_SRVW0_SSO0_SVW4_SK5_SKFTR0_SKFDPO0_SKWS0_SKXCCM0_SNLL0_SIP1_SGRO0_TDMI0_TDMIM0_TDMLWS0_TDMPLB0_TDMS0_TIN0_THn1_THA0_THB0_THC0_THD0_THE0_THG0_THMXSA0_THMXSB0_THM0_THWS0_TLDS1_TLDSM1_ULSGRO0_USL1_USLMX0_UDFMAC0_UIOFGRO0_UPLRP0_USFGRO0_USI0_VSn1_VWA4_VWB2_WSGRA0_WSGRB0_WS64_WG32_8_1_WGMXCC1.kd,128,192,False,in: non-pow2 tile,<128
1792,512,7168,False,bfloat16,tuned,377,14,122.1,320.0,torch,native,torch:hipBLASLt,162.1,Cijk_Alik_Bljk_BBS_BH_Bias_HA_S_SAV_UserArgs_MT128x224x64_MI16x16x1_SN_LDSB0_AFC0_AG1_AGGSUA0_AGNTAB0_AFEM1_AFEM1_ASEM1_BL1_BS1_CD1_1_CLR1_CLS0_CADS0_DTLA1_DTLB1_DTLM0_DTVA0_DTVB0_DTVMXSA0_DTVMXSB0_DTVSM0_DPLB1_EPS0_ELFLR0_EMLLn1_FDSI0_GRPM1_GRVWA8_GRVWB8_GSU0_GSUAMB_GLS0_HPLR0_ISA950_ICIW0_IU1_K1_LDSSI0_LDSTI0_LBSPPA1024_LBSPPB1024_LBSPPMXSA0_LBSPPMXSB0_LBSPPM0_LPA16_LPB16_LPMXSA0_LPMXSB0_LPM0_LRVW8_LWPMn1_MIAV0_MIWT4_7_MXLIBL_MXSFNS_MO40_MGRIPM1_NTn1_NTA0_NTB0_NTC0_NTD0_NTE0_NTG0_NTMXSA0_NTMXSB0_NTM0_NTWS0_NVn1_NVA0_NVB0_NVC0_NVD0_NVE0_NVG0_NVMXSA0_NVMXSB0_NVM0_NVWS0_NEPBS14_NLCA1_NLCB1_ONLL1_PAP0_PGL0_PGR2_PLR1_PKA1_RAP0_SGROB1_SIA3_SS1_SPO0_SRVW0_SSO0_SVW4_SK5_SKFTR0_SKFDPO0_SKWS0_SKXCCM0_SNLL0_SIP1_SGRO0_TDMI0_TDMIM0_TDMLWS0_TDMPLB0_TDMS0_TIN1_THn1_THA0_THB0_THC0_THD0_THE0_THG0_THMXSA0_THMXSB0_THM0_THWS0_TLDS1_TLDSMn1_ULSGRO0_USL1_USLMX0_UDFMAC0_UIOFGRO0_UPLRP0_USFGRO0_USI0_VSn1_VWA4_VWB1_WSGRA0_WSGRB0_WS64_WG32_8_1_WGMXCCn1.kd,128,224,False,in: non-pow2 tile,<128
1792,1024,7168,False,bfloat16,tuned,597,28,243.1,627.4,flydsl,flydsl_hgemm_abf16_wbf16_bf16_t64x64x64x4_ks1_w2x1x1_bias0_ktail0_gm4_pft_gfx950,flydsl:flydsl_hgemm_abf16_wbf16_bf16_t64x64x64x4_ks1_w2x1x1_bias0_ktail0_gm4_pft_gfx950,158.1,,64,64,False,out: smaller tile,<128
1792,2048,7168,False,bfloat16,tuned,843,56,479.9,907.2,flydsl,flydsl_hgemm_abf16_wbf16_bf16_t128x128x128x2_ks1_w2x4x1_bias0_ktail0_gm0_pht_gfx950,flydsl:flydsl_hgemm_abf16_wbf16_bf16_t128x128x128x2_ks1_w2x4x1_bias0_ktail0_gm0_pht_gfx950,89.0,,128,128,False,in: other listed tile,<128
2048,512,7168,False,bfloat16,tuned,387,16,138.2,572.1,torch,native,torch:hipBLASLt,314.0,Cijk_Alik_Bljk_BBS_BH_Bias_HA_S_SAV_UserArgs_MT128x128x128_MI16x16x1_SN_LDSB0_AFC0_AG0_AGGSUA0_AGNTAB0_AFEM1_AFEM1_ASEM1_BL1_BS1_CD1_1_CLR1_CLS0_CADS0_DTLA1_DTLB1_DTLM0_DTVA0_DTVB0_DTVMXSA0_DTVMXSB0_DTVSM0_DPLB0_EPS0_ELFLR0_EMLLn1_FDSI0_GRPM1_GRVWA8_GRVWB8_GSU0_GSUAMB_GLS0_HPLR0_ISA950_ICIW0_IU1_K1_LDSSI0_LDSTI0_LBSPPA1024_LBSPPB1024_LBSPPMXSA0_LBSPPMXSB0_LBSPPM0_LPA16_LPB16_LPMXSA0_LPMXSB0_LPMn1_LRVW8_LWPMn1_MIAV0_MIWT4_4_MXLIBL_MXSFNS_MO64_MGRIPM1_NTn1_NTA0_NTB5_NTC6_NTD2_NTE0_NTG0_NTMXSA0_NTMXSB0_NTM0_NTWS0_NVn1_NVA0_NVB0_NVC0_NVD0_NVE0_NVG0_NVMXSA0_NVMXSB0_NVM0_NVWS0_NEPBS10_NLCA1_NLCB1_ONLL1_PAP0_PGL0_PGR2_PLR1_PKA1_RAP0_SGROB0_SIA3_SS1_SPO0_SRVW0_SSO0_SVW4_SK5_SKFTR0_SKFDPO0_SKWS0_SKXCCM8_SNLL0_SIP1_SGRO0_TDMI0_TDMIM0_TDMLWS0_TDMPLB0_TDMS0_TIN0_THn1_THA0_THB0_THC0_THD0_THE0_THG0_THMXSA0_THMXSB0_THM0_THWS0_TLDS1_TLDSM1_ULSGRO0_USL1_USLMX0_UDFMAC0_UIOFGRO0_UPLRP0_USFGRO0_USI0_VSn1_VWA4_VWB4_WSGRA0_WSGRB0_WS64_WG32_8_1_WGMXCC1.kd,128,128,False,in: other listed tile,<128
2048,1024,7168,False,bfloat16,tuned,623,32,275.9,596.5,torch,native,torch:hipBLASLt,116.2,Cijk_Alik_Bljk_BBS_BH_Bias_HA_S_SAV_UserArgs_MT256x128x64_MI16x16x1_SN_LDSB0_AFC1_AG0_AGGSUA0_AGNTAB0_AFEM1_AFEM1_ASEM1_BL1_BS1_CD1_1_CLR0_CLS0_CADS0_DTLA1_DTLB1_DTLM0_DTVA0_DTVB0_DTVMXSA0_DTVMXSB0_DTVSM0_DPLB0_EPS0_ELFLR0_EMLLn1_FDSI0_GRPM1_GRVWA8_GRVWB8_GSU0_GSUAMB_GLS0_HPLR0_ISA950_ICIW0_IU1_K1_LDSSI0_LDSTI0_LBSPPA1024_LBSPPB1024_LBSPPMXSA0_LBSPPMXSB0_LBSPPM0_LPA16_LPB16_LPMXSA0_LPMXSB0_LPMn1_LRVW8_LWPMn1_MIAV0_MIWT4_8_MXLIBL_MXSFNS_MO64_MGRIPM1_NTn1_NTA2_NTB4_NTC5_NTD2_NTE0_NTG0_NTMXSA0_NTMXSB0_NTM0_NTWS0_NVn1_NVA0_NVB0_NVC0_NVD0_NVE0_NVG0_NVMXSA0_NVMXSB0_NVM0_NVWS0_NEPBS2_NLCA1_NLCB1_ONLL1_PAP0_PGL0_PGR2_PLR1_PKA1_RAP0_SGROB0_SIA3_SS1_SPO1_SRVW0_SSO1_SVW4_SK5_SKFTR0_SKFDPO0_SKWS0_SKXCCM0_SNLL0_SIP1_SGRO0_TDMI0_TDMIM0_TDMLWS0_TDMPLB0_TDMS0_TIN0_THn1_THA0_THB0_THC0_THD0_THE0_THG0_THMXSA0_THMXSB0_THM0_THWS0_TLDS2_TLDSM1_ULSGRO0_USL1_USLMX0_UDFMAC0_UIOFGRO0_UPLRP0_USFGRO0_USI0_VSn1_VWA4_VWB8_WSGRA0_WSGRB0_WS64_WG64_4_1_WGMXCC1.kd,256,128,False,in: other listed tile,<128
2048,2048,7168,False,bfloat16,tuned,896,64,545.1,983.0,flydsl,flydsl_hgemm_abf16_wbf16_bf16_t128x128x128x2_ks1_w2x4x1_bias0_ktail0_gm4_pht_gfx950,flydsl:flydsl_hgemm_abf16_wbf16_bf16_t128x128x128x2_ks1_w2x4x1_bias0_ktail0_gm4_pht_gfx950,80.3,,128,128,False,in: other listed tile,<128
2048,3584,7168,False,bfloat16,tuned,1103,112,939.3,1219.5,opus,opus_gemm_mono_tile_512x128x256x64_2x4_16x16x32_0x0x0_nooob,opus:opus_gemm_mono_tile_512x128x256x64_2x4_16x16x32_0x0x0_nooob,29.8,,128,256,False,in: other listed tile,<128
2048,8192,7168,False,bfloat16,tuned,1334,256,1578.9,1541.2,asm,_ZN5aiter24bf16gemm_bf16_tn_256x256E,gluon,0.0,,256,256,False,in: 256x256,256-511
2048,20480,7168,False,bfloat16,tuned,1478,640,1399.9,826.8,flydsl,flydsl_hgemm_abf16_wbf16_bf16_t64x256x64x2_ks1_w2x4x1_bias0_ktail0_gm4_pft_gfx950,gluon,0.0,,256,256,False,in: 256x256,>=512
4096,512,7168,False,bfloat16,tuned,428,32,276.2,706.1,flydsl,flydsl_hgemm_abf16_wbf16_bf16_t64x128x128x3_ks1_w2x2x2_bias0_ktail0_gm4_pft_gfx950,flydsl:flydsl_hgemm_abf16_wbf16_bf16_t64x128x128x3_ks1_w2x2x2_bias0_ktail0_gm4_pft_gfx950,155.6,,64,128,False,in: other listed tile,<128
4096,1024,7168,False,bfloat16,tuned,735,64,546.3,1011.1,torch,native,torch:hipBLASLt,85.1,Cijk_Alik_Bljk_BBS_BH_Bias_HA_S_SAV_UserArgs_MT256x128x64_MI16x16x1_SN_LDSB0_AFC1_AG0_AGGSUA0_AGNTAB0_AFEM1_AFEM1_ASEM1_BL1_BS1_CD1_1_CLR0_CLS0_CADS0_DTLA1_DTLB1_DTLM0_DTVA0_DTVB0_DTVMXSA0_DTVMXSB0_DTVSM0_DPLB0_EPS0_ELFLR0_EMLLn1_FDSI0_GRPM1_GRVWA8_GRVWB8_GSU0_GSUAMB_GLS0_HPLR0_ISA950_ICIW0_IU1_K1_LDSSI0_LDSTI0_LBSPPA1024_LBSPPB1024_LBSPPMXSA0_LBSPPMXSB0_LBSPPM0_LPA16_LPB16_LPMXSA0_LPMXSB0_LPMn1_LRVW8_LWPMn1_MIAV0_MIWT4_8_MXLIBL_MXSFNS_MO64_MGRIPM1_NTn1_NTA2_NTB7_NTC4_NTD7_NTE0_NTG0_NTMXSA0_NTMXSB0_NTM0_NTWS0_NVn1_NVA0_NVB0_NVC0_NVD0_NVE0_NVG0_NVMXSA0_NVMXSB0_NVM0_NVWS0_NEPBS16_NLCA1_NLCB1_ONLL1_PAP0_PGL0_PGR2_PLR1_PKA1_RAP0_SGROB0_SIA3_SS1_SPO0_SRVW0_SSO0_SVW4_SK5_SKFTR0_SKFDPO0_SKWS0_SKXCCM0_SNLL0_SIP1_SGRO0_TDMI0_TDMIM0_TDMLWS0_TDMPLB0_TDMS0_TIN0_THn1_THA0_THB0_THC0_THD0_THE0_THG0_THMXSA0_THMXSB0_THM0_THWS0_TLDS1_TLDSM1_ULSGRO0_USL1_USLMX0_UDFMAC0_UIOFGRO0_UPLRP0_USFGRO0_USI0_VSn1_VWA4_VWB8_WSGRA0_WSGRB0_WS64_WG64_4_1_WGMXCC1.kd,256,128,False,in: other listed tile,<128
4096,2048,7168,False,bfloat16,tuned,1147,128,1072.5,1317.6,torch,native,torch:hipBLASLt,22.9,Cijk_Alik_Bljk_BBS_BH_Bias_HA_S_SAV_UserArgs_MT256x128x64_MI16x16x1_SN_LDSB0_AFC1_AG0_AGGSUA0_AGNTAB0_AFEM1_AFEM1_ASEM1_BL1_BS1_CD1_1_CLR1_CLS0_CADS0_DTLA1_DTLB1_DTLM0_DTVA0_DTVB0_DTVMXSA0_DTVMXSB0_DTVSM0_DPLB0_EPS0_ELFLR0_EMLLn1_FDSI0_GRPM1_GRVWA8_GRVWB8_GSU0_GSUAMB_GLS0_HPLR0_ISA950_ICIW0_IU1_K1_LDSSI0_LDSTI0_LBSPPA1024_LBSPPB1024_LBSPPMXSA0_LBSPPMXSB0_LBSPPM0_LPA16_LPB16_LPMXSA0_LPMXSB0_LPMn1_LRVW8_LWPMn1_MIAV0_MIWT8_4_MXLIBL_MXSFNS_MO64_MGRIPM1_NTn1_NTA1_NTB0_NTC6_NTD3_NTE0_NTG0_NTMXSA0_NTMXSB0_NTM0_NTWS0_NVn1_NVA0_NVB0_NVC0_NVD0_NVE0_NVG0_NVMXSA0_NVMXSB0_NVM0_NVWS0_NEPBS16_NLCA1_NLCB1_ONLL1_PAP0_PGL0_PGR2_PLR1_PKA1_RAP0_SGROB0_SIA3_SS1_SPO1_SRVW0_SSO1_SVW8_SK5_SKFTR0_SKFDPO0_SKWS0_SKXCCM4_SNLL0_SIP1_SGRO0_TDMI0_TDMIM0_TDMLWS0_TDMPLB0_TDMS0_TIN0_THn1_THA0_THB0_THC0_THD0_THE0_THG0_THMXSA0_THMXSB0_THM0_THWS0_TLDS2_TLDSM1_ULSGRO0_USL1_USLMX0_UDFMAC0_UIOFGRO0_UPLRP0_USFGRO0_USI0_VSn1_VWA8_VWB4_WSGRA0_WSGRB0_WS64_WG32_8_1_WGMXCC1.kd,256,128,False,in: other listed tile,128-255
4096,3584,7168,False,bfloat16,tuned,1509,224,1474.6,1403.6,flydsl,flydsl_hgemm_abf16_wbf16_bf16_t256x256x64x2_ks1_w2x4x1_bias0_ktail0_gm0_pht_gfx950,gluon,0.0,,256,256,False,in: 256x256,128-255
4096,8192,7168,False,bfloat16,tuned,1977,512,1596.4,1538.8,flydsl,flydsl_hgemm_abf16_wbf16_bf16_t256x256x64x2_ks1_w2x4x1_bias0_ktail0_gm4_pht_gfx950,gluon,0.0,,256,256,False,in: 256x256,>=512
4096,20480,7168,False,bfloat16,tuned,2312,1280,1580.0,1527.6,flydsl,flydsl_hgemm_abf16_wbf16_bf16_t256x256x64x2_ks1_w2x4x1_bias0_ktail0_gm4_pht_gfx950,gluon,0.0,,256,256,False,in: 256x256,>=512
6144,512,7168,False,bfloat16,tuned,443,48,414.8,797.5,flydsl,flydsl_hgemm_abf16_wbf16_bf16_t96x128x64x4_ks1_w2x2x1_bias0_ktail0_gm4_pft_gfx950,flydsl:flydsl_hgemm_abf16_wbf16_bf16_t96x128x64x4_ks1_w2x2x1_bias0_ktail0_gm4_pft_gfx950,92.3,,96,128,False,in: non-pow2 tile,<128
6144,1024,7168,False,bfloat16,tuned,782,96,816.3,1202.4,opus,opus_gemm_mono_tile_512x192x128x64_2x4_16x16x32_0x0x0_nooob_4g_safe,opus:opus_gemm_mono_tile_512x192x128x64_2x4_16x16x32_0x0x0_nooob_4g_safe,47.3,,192,128,False,in: non-pow2 tile,<128
6144,2048,7168,False,bfloat16,tuned,1265,192,1362.3,1455.9,opus,opus_gemm_mono_tile_512x192x256x64_2x4_16x16x32_0x0x0_nooob_4g_safe,opus:opus_gemm_mono_tile_512x192x256x64_2x4_16x16x32_0x0x0_nooob_4g_safe,6.9,,192,256,False,in: non-pow2 tile,128-255
8192,512,7168,False,bfloat16,tuned,452,64,548.3,970.0,flydsl,flydsl_hgemm_abf16_wbf16_bf16_t128x128x64x4_ks1_w4x4x1_bias0_ktail0_gm4_pft_gfx950,flydsl:flydsl_hgemm_abf16_wbf16_bf16_t128x128x64x4_ks1_w4x4x1_bias0_ktail0_gm4_pft_gfx950,76.9,,128,128,False,in: other listed tile,<128
8192,1024,7168,False,bfloat16,tuned,808,128,1068.2,1151.5,torch,native,torch:hipBLASLt,7.8,Cijk_Alik_Bljk_BBS_BH_Bias_HA_S_SAV_UserArgs_MT256x128x64_MI32x32x1_SN_LDSB0_AFC1_AG0_AGGSUA0_AGNTAB0_AFEM1_AFEM1_ASEM1_BL1_BS1_CD1_1_CLR1_CLS0_CADS0_DTLA0_DTLB0_DTLM0_DTVA0_DTVB0_DTVMXSA0_DTVMXSB0_DTVSM0_DPLB0_EPS0_ELFLR0_EMLLn1_FDSI0_GRPM1_GRVWA8_GRVWB8_GSU0_GSUAMB_GLS0_HPLR0_ISA950_ICIW0_IU1_K1_LDSSI0_LDSTI0_LBSPPA256_LBSPPB512_LBSPPMXSA0_LBSPPMXSB0_LBSPPM0_LPA8_LPB8_LPMXSA0_LPMXSB0_LPMn1_LRVW8_LWPMn1_MIAV0_MIWT2_4_MXLIBL_MXSFNS_MO64_MGRIPM1_NTn1_NTA0_NTB6_NTC4_NTD2_NTE0_NTG0_NTMXSA0_NTMXSB0_NTM0_NTWS0_NVn1_NVA0_NVB0_NVC0_NVD0_NVE0_NVG0_NVMXSA0_NVMXSB0_NVM0_NVWS0_NEPBS0_NLCA1_NLCB1_ONLL1_PAP0_PGL0_PGR2_PLR1_PKA1_RAP0_SGROB0_SIA3_SS1_SPO1_SRVW0_SSO0_SVW2_SK5_SKFTR0_SKFDPO0_SKWS0_SKXCCM4_SNLL0_SIP1_SGRO0_TDMI0_TDMIM0_TDMLWS0_TDMPLB0_TDMS0_TIN0_THn1_THA0_THB0_THC0_THD0_THE0_THG0_THMXSA0_THMXSB0_THM0_THWS0_TLDS1_TLDSM1_ULSGRO0_USL1_USLMX0_UDFMAC0_UIOFGRO0_UPLRP0_USFGRO0_USI0_VSn1_VWA2_VWB4_WSGRA0_WSGRB0_WS64_WG128_2_1_WGMXCC1.kd,256,128,False,in: other listed tile,128-255
8192,2048,7168,False,bfloat16,tuned,1334,256,1590.1,1447.2,torch,native,gluon,0.0,,256,256,False,in: 256x256,256-511
8192,3584,7168,False,bfloat16,tuned,1850,448,1500.3,1450.1,flydsl,flydsl_hgemm_abf16_wbf16_bf16_t256x256x64x2_ks1_w2x4x1_bias0_ktail0_gm4_pht_gfx950,gluon,0.0,,256,256,False,in: 256x256,256-511
8192,8192,7168,False,bfloat16,tuned,2607,1024,1587.2,1542.8,flydsl,flydsl_hgemm_abf16_wbf16_bf16_t256x256x64x2_ks1_w2x4x1_bias0_ktail0_gm4_pht_gfx950,gluon,0.0,,256,256,False,in: 256x256,>=512
8192,20480,7168,False,bfloat16,tuned,3222,2560,1598.5,1546.4,asm,_ZN5aiter24bf16gemm_bf16_tn_256x256E,gluon,0.0,,256,256,False,in: 256x256,>=512
10240,512,7168,False,bfloat16,tuned,457,80,683.6,932.7,torch,native,torch:hipBLASLt,36.4,Cijk_Alik_Bljk_BBS_BH_Bias_HA_S_SAV_UserArgs_MT256x80x128_MI16x16x1_SN_LDSB1_AFC0_AG0_AGGSUA0_AGNTAB0_AFEM1_AFEM1_ASEM1_BL1_BS1_CD1_1_CLR1_CLS0_CADS0_DTLA0_DTLB0_DTLM0_DTVA0_DTVB0_DTVMXSA0_DTVMXSB0_DTVSM0_DPLB0_EPS0_ELFLR0_EMLLn1_FDSI0_GRPM1_GRVWA8_GRVWB8_GSU0_GSUAMB_GLS0_HPLR0_ISA950_ICIW0_IU1_K1_LDSSI0_LDSTI0_LBSPPA1024_LBSPPB256_LBSPPMXSA0_LBSPPMXSB0_LBSPPM0_LPA16_LPB16_LPMXSA0_LPMXSB0_LPM0_LRVW8_LWPMn1_MIAV0_MIWT4_5_MXLIBL_MXSFNS_MO40_MGRIPM1_NTn1_NTA0_NTB4_NTC0_NTD0_NTE0_NTG0_NTMXSA0_NTMXSB0_NTM0_NTWS0_NVn1_NVA0_NVB0_NVC0_NVD0_NVE0_NVG0_NVMXSA0_NVMXSB0_NVM0_NVWS0_NEPBS0_NLCA1_NLCB1_ONLL1_PAP0_PGL0_PGR2_PLR1_PKA1_RAP0_SGROB0_SIA3_SS1_SPO0_SRVW0_SSO0_SVW4_SK5_SKFTR0_SKFDPO0_SKWS0_SKXCCM0_SNLL0_SIP1_SGRO0_TDMI0_TDMIM0_TDMLWS0_TDMPLB0_TDMS0_TIN0_THn1_THA0_THB0_THC0_THD0_THE0_THG0_THMXSA0_THMXSB0_THM0_THWS0_TLDS1_TLDSM1_ULSGRO0_USL1_USLMX0_UDFMAC0_UIOFGRO0_UPLRP0_USFGRO0_USI0_VSn1_VWA4_VWB1_WSGRA0_WSGRB0_WS64_WG64_4_1_WGMXCCn1.kd,256,80,False,in: non-pow2 tile,<128
10240,1024,7168,False,bfloat16,tuned,824,160,1247.5,1357.3,torch,native,torch:hipBLASLt,8.8,Cijk_Alik_Bljk_BBS_BH_Bias_HA_S_SAV_UserArgs_MT256x192x64_MI16x16x1_CMS_SN_LDSB0_AFC0_AG1_AGGSUA0_AGNTAB0_AFEM1_AFEM1_ASEM1_BL1_BS1_CD1_1_CLR0_CLS0_CADS0_DTLA1_DTLB1_DTLM0_DTVA0_DTVB0_DTVMXSA0_DTVMXSB0_DTVSM0_DPLB0_EPS0_ELFLR0_EMLLn1_FDSI0_GRPM1_GRVWA8_GRVWB8_GSU0_GSUAMB_GLS0_HPLR0_ISA950_ICIW0_IU1_K1_LDSSI0_LDSTI0_LBSPPA1024_LBSPPB1024_LBSPPMXSA0_LBSPPMXSB0_LBSPPM0_LPA16_LPB16_LPMXSA0_LPMXSB0_LPM0_LRVW8_LWPMn1_MIAV0_MIWT8_6_MXLIBL_MXSFNS_MO40_MGRIPM1_NTn1_NTA0_NTB0_NTC4_NTD4_NTE0_NTG0_NTMXSA0_NTMXSB0_NTM0_NTWS0_NVn1_NVA0_NVB0_NVC0_NVD0_NVE0_NVG0_NVMXSA0_NVMXSB0_NVM0_NVWS0_NEPBS12_NLCA1_NLCB1_ONLL1_PAP0_PGL0_PGR2_PLR1_PKA1_RAP0_SGROB0_SIA3_SS1_SPO0_SRVW0_SSO1_SVW8_SK5_SKFTR0_SKFDPO0_SKWS0_SKXCCM0_SNLL0_SIP1_SGRO0_TDMI0_TDMIM0_TDMLWS0_TDMPLB0_TDMS0_TIN0_THn1_THA0_THB0_THC0_THD0_THE0_THG0_THMXSA0_THMXSB0_THM0_THWS0_TLDS1_TLDSM1_ULSGRO0_USL1_USLMX0_UDFMAC0_UIOFGRO0_UPLRP0_USFGRO0_USI0_VSn1_VWA8_VWB2_WSGRA0_WSGRB0_WS64_WG32_8_1_WGMXCCn1.kd,256,192,False,in: non-pow2 tile,128-255
10240,2048,7168,False,bfloat16,tuned,1378,320,1179.5,1532.4,torch,native,torch:hipBLASLt,29.9,Cijk_Alik_Bljk_BBS_BH_Bias_HA_S_SAV_UserArgs_MT256x320x64_MI16x16x1_SN_LDSB0_AFC0_AG0_AGGSUA0_AGNTAB0_AFEM1_AFEM1_ASEM1_BL1_BS1_CD1_1_CLR1_CLS0_CADS0_DTLA0_DTLB0_DTLM0_DTVA0_DTVB0_DTVMXSA0_DTVMXSB0_DTVSM0_DPLB0_EPS0_ELFLR0_EMLLn1_FDSI0_GRPM1_GRVWA8_GRVWB8_GSU0_GSUAMB_GLS0_HPLR0_ISA950_ICIW0_IU1_K1_LDSSI0_LDSTI0_LBSPPA0_LBSPPB0_LBSPPMXSA0_LBSPPMXSB0_LBSPPM0_LPA0_LPB0_LPMXSA0_LPMXSB0_LPM0_LRVWn1_LWPMn1_MIAV0_MIWT16_5_MXLIBL_MXSFNS_MO40_MGRIPM1_NTn1_NTA0_NTB0_NTC0_NTD0_NTE0_NTG0_NTMXSA0_NTMXSB0_NTM0_NTWS0_NVn1_NVA0_NVB0_NVC0_NVD0_NVE0_NVG0_NVMXSA0_NVMXSB0_NVM0_NVWS0_NEPBS0_NLCA1_NLCB1_ONLL1_PAP0_PGL0_PGR2_PLR1_PKA0_RAP0_SGROB0_SIA3_SS0_SPO0_SRVW0_SSO0_SVW4_SK5_SKFTR0_SKFDPO0_SKWS0_SKXCCM0_SNLL0_SIP1_SGRO0_TDMI0_TDMIM0_TDMLWS0_TDMPLB0_TDMS0_TIN0_THn1_THA0_THB0_THC0_THD0_THE0_THG0_THMXSA0_THMXSB0_THM0_THWS0_TLDS1_TLDSMn1_ULSGRO0_USL0_USLMX0_UDFMAC0_UIOFGRO0_UPLRP0_USFGRO0_USI1_VSn1_VWA1_VWB1_WSGRA0_WSGRB0_WS64_WG16_16_1_WGMXCCn1.kd,256,320,False,in: non-pow2 tile,256-511
10240,8448,7168,False,bfloat16,tuned,2813,1320,1435.0,1435.0,asm,_ZN5aiter24bf16gemm_bf16_tn_256x256E,gluon,0.0,,256,256,False,in: 256x256,>=512
10240,20480,7168,False,bfloat16,tuned,3497,3200,1490.2,1517.1,asm,_ZN5aiter24bf16gemm_bf16_tn_256x256E,asm:_ZN5aiter24bf16gemm_bf16_tn_256x256E,1.8,,256,256,False,in: 256x256,>=512
12288,512,7168,False,bfloat16,tuned,460,96,812.4,1181.7,opus,opus_gemm_mono_tile_512x192x128x64_2x4_16x16x32_0x0x0_nooob_4g_safe,opus:opus_gemm_mono_tile_512x192x128x64_2x4_16x16x32_0x0x0_nooob_4g_safe,45.5,,192,128,False,in: non-pow2 tile,<128
12288,1024,7168,False,bfloat16,tuned,835,192,1362.1,1477.0,opus,opus_gemm_mono_tile_512x192x256x64_2x4_16x16x32_0x0x0_nooob,opus:opus_gemm_mono_tile_512x192x256x64_2x4_16x16x32_0x0x0_nooob,8.4,,192,256,False,in: non-pow2 tile,128-255
12288,2048,7168,False,bfloat16,tuned,1410,384,1372.8,1470.7,opus,opus_gemm_mono_tile_512x192x256x64_2x4_16x16x32_0x0x0_nooob_4g_safe,opus:opus_gemm_mono_tile_512x192x256x64_2x4_16x16x32_0x0x0_nooob_4g_safe,7.1,,192,256,False,in: non-pow2 tile,256-511
14336,512,7168,False,bfloat16,tuned,462,112,946.9,1251.0,opus,opus_gemm_mono_tile_512x128x256x64_2x4_16x16x32_0x0x0_nooob,opus:opus_gemm_mono_tile_512x128x256x64_2x4_16x16x32_0x0x0_nooob,32.1,,128,256,False,in: other listed tile,<128
14336,1024,7168,False,bfloat16,tuned,843,224,1444.1,1518.9,torch,native,torch:hipBLASLt,5.2,Cijk_Alik_Bljk_BBS_BH_Bias_HA_S_SAV_UserArgs_MT256x224x64_MI16x16x1_CMS_SN_LDSB0_AFC0_AG1_AGGSUA0_AGNTAB0_AFEM1_AFEM1_ASEM1_BL1_BS1_CD1_1_CLR1_CLS0_CADS0_DTLA1_DTLB1_DTLM0_DTVA0_DTVB0_DTVMXSA0_DTVMXSB0_DTVSM0_DPLB0_EPS0_ELFLR0_EMLLn1_FDSI0_GRPM1_GRVWA8_GRVWB8_GSU0_GSUAMB_GLS0_HPLR0_ISA950_ICIW0_IU1_K1_LDSSI0_LDSTI0_LBSPPA1024_LBSPPB1024_LBSPPMXSA0_LBSPPMXSB0_LBSPPM0_LPA16_LPB16_LPMXSA0_LPMXSB0_LPM0_LRVW8_LWPMn1_MIAV0_MIWT8_7_MXLIBL_MXSFNS_MO40_MGRIPM1_NTn1_NTA0_NTB0_NTC0_NTD0_NTE0_NTG0_NTMXSA0_NTMXSB0_NTM0_NTWS0_NVn1_NVA0_NVB0_NVC0_NVD0_NVE0_NVG0_NVMXSA0_NVMXSB0_NVM0_NVWS0_NEPBS0_NLCA1_NLCB1_ONLL1_PAP0_PGL0_PGR2_PLR1_PKA1_RAP0_SGROB0_SIA3_SS1_SPO0_SRVW0_SSO1_SVW8_SK5_SKFTR0_SKFDPO0_SKWS0_SKXCCM0_SNLL0_SIP1_SGRO0_TDMI0_TDMIM0_TDMLWS0_TDMPLB0_TDMS0_TIN0_THn1_THA0_THB0_THC0_THD0_THE0_THG0_THMXSA0_THMXSB0_THM0_THWS0_TLDS1_TLDSM1_ULSGRO0_USL1_USLMX0_UDFMAC0_UIOFGRO0_UPLRP0_USFGRO0_USI0_VSn1_VWA8_VWB1_WSGRA0_WSGRB0_WS64_WG32_8_1_WGMXCCn1.kd,256,224,False,in: non-pow2 tile,128-255
14336,2048,7168,False,bfloat16,tuned,1434,448,1467.7,1428.9,flydsl,flydsl_hgemm_abf16_wbf16_bf16_t256x256x64x2_ks1_w2x4x1_bias0_ktail0_gm4_pht_gfx950,gluon,0.0,,256,256,False,in: 256x256,256-511
16384,512,7168,False,bfloat16,tuned,464,128,1065.3,1335.7,opus,opus_gemm_mono_tile_512x128x256x64_2x4_16x16x32_0x0x0_nooob,opus:opus_gemm_mono_tile_512x128x256x64_2x4_16x16x32_0x0x0_nooob,25.4,,128,256,False,in: other listed tile,128-255
16384,1024,7168,False,bfloat16,tuned,850,256,1535.6,1541.4,torch,native,torch:hipBLASLt,0.4,Cijk_Alik_Bljk_BBS_BH_Bias_HA_S_SAV_UserArgs_MT256x256x64_MI16x16x1_CMS_SN_LDSB0_AFC0_AG1_AGGSUA0_AGNTAB0_AFEM1_AFEM1_ASEM1_BL1_BS1_CD1_1_CLR0_CLS0_CADS0_DTLA1_DTLB1_DTLM0_DTVA0_DTVB0_DTVMXSA0_DTVMXSB0_DTVSM0_DPLB0_EPS0_ELFLR0_EMLLn1_FDSI0_GRPM1_GRVWA8_GRVWB8_GSU0_GSUAMB_GLS0_HPLR0_ISA950_ICIW0_IU1_K1_LDSSI0_LDSTI0_LBSPPA1024_LBSPPB1024_LBSPPMXSA0_LBSPPMXSB0_LBSPPM0_LPA16_LPB16_LPMXSA0_LPMXSB0_LPM0_LRVW8_LWPMn1_MIAV0_MIWT8_8_MXLIBL_MXSFNS_MO40_MGRIPM1_NTn1_NTA0_NTB0_NTC4_NTD4_NTE0_NTG0_NTMXSA0_NTMXSB0_NTM0_NTWS0_NVn1_NVA0_NVB0_NVC0_NVD0_NVE0_NVG0_NVMXSA0_NVMXSB0_NVM0_NVWS0_NEPBS0_NLCA1_NLCB1_ONLL1_PAP0_PGL0_PGR2_PLR1_PKA1_RAP0_SGROB0_SIA3_SS1_SPO0_SRVW0_SSO4_SVW8_SK5_SKFTR0_SKFDPO0_SKWS0_SKXCCM0_SNLL0_SIP1_SGRO0_TDMI0_TDMIM0_TDMLWS0_TDMPLB0_TDMS0_TIN0_THn1_THA0_THB0_THC0_THD0_THE0_THG0_THMXSA0_THMXSB0_THM0_THWS0_TLDS1_TLDSM1_ULSGRO0_USL1_USLMX0_UDFMAC0_UIOFGRO0_UPLRP0_USFGRO0_USI0_VSn1_VWA8_VWB8_WSGRA0_WSGRB0_WS64_WG32_8_1_WGMXCCn1.kd,256,256,False,in: 256x256,256-511
16384,2048,7168,False,bfloat16,tuned,1452,512,1538.1,1564.8,torch,native,torch:hipBLASLt,1.7,Cijk_Alik_Bljk_BBS_BH_Bias_HA_S_SAV_UserArgs_MT256x256x64_MI16x16x1_CMS_SN_LDSB0_AFC0_AG1_AGGSUA0_AGNTAB0_AFEM1_AFEM1_ASEM1_BL1_BS1_CD1_1_CLR0_CLS0_CADS0_DTLA1_DTLB1_DTLM0_DTVA0_DTVB0_DTVMXSA0_DTVMXSB0_DTVSM0_DPLB0_EPS0_ELFLR0_EMLLn1_FDSI0_GRPM1_GRVWA8_GRVWB8_GSU0_GSUAMB_GLS0_HPLR0_ISA950_ICIW0_IU1_K1_LDSSI0_LDSTI0_LBSPPA1024_LBSPPB1024_LBSPPMXSA0_LBSPPMXSB0_LBSPPM0_LPA16_LPB16_LPMXSA0_LPMXSB0_LPM0_LRVW8_LWPMn1_MIAV0_MIWT8_8_MXLIBL_MXSFNS_MO40_MGRIPM1_NTn1_NTA0_NTB0_NTC4_NTD4_NTE0_NTG0_NTMXSA0_NTMXSB0_NTM0_NTWS0_NVn1_NVA0_NVB0_NVC0_NVD0_NVE0_NVG0_NVMXSA0_NVMXSB0_NVM0_NVWS0_NEPBS0_NLCA1_NLCB1_ONLL1_PAP0_PGL0_PGR2_PLR1_PKA1_RAP0_SGROB0_SIA3_SS1_SPO0_SRVW0_SSO4_SVW8_SK5_SKFTR0_SKFDPO0_SKWS0_SKXCCM0_SNLL0_SIP1_SGRO0_TDMI0_TDMIM0_TDMLWS0_TDMPLB0_TDMS0_TIN0_THn1_THA0_THB0_THC0_THD0_THE0_THG0_THMXSA0_THMXSB0_THM0_THWS0_TLDS1_TLDSM1_ULSGRO0_USL1_USLMX0_UDFMAC0_UIOFGRO0_UPLRP0_USFGRO0_USI0_VSn1_VWA8_VWB8_WSGRA0_WSGRB0_WS64_WG32_8_1_WGMXCCn1.kd,256,256,False,in: 256x256,>=512
16384,3584,7168,False,bfloat16,tuned,2085,896,1450.0,1397.7,flydsl,flydsl_hgemm_abf16_wbf16_bf16_t256x256x64x2_ks1_w2x4x1_bias0_ktail0_gm4_pht_gfx950,gluon,0.0,,256,256,False,in: 256x256,>=512
16384,8192,7168,False,bfloat16,tuned,3100,2048,1576.4,1548.9,torch,native,gluon,0.0,,256,256,False,in: 256x256,>=512
16384,20480,7168,False,bfloat16,tuned,4010,5120,1591.6,1544.5,flydsl,flydsl_hgemm_abf16_wbf16_bf16_t256x256x64x2_ks1_w2x4x1_bias0_ktail0_gm4_pht_gfx950,gluon,0.0,,256,256,False,in: 256x256,>=512
32768,512,7168,False,bfloat16,tuned,471,256,1402.6,1401.2,torch,native,gluon,0.0,,256,256,False,in: 256x256,256-511
32768,1024,7168,False,bfloat16,tuned,872,512,1504.0,1480.0,torch,native,gluon,0.0,,256,256,False,in: 256x256,>=512
32768,2048,7168,False,bfloat16,tuned,1519,1024,1539.6,1526.1,torch,native,gluon,0.0,,256,256,False,in: 256x256,>=512
32768,3584,7168,False,bfloat16,tuned,2227,1792,1542.9,1402.8,torch,native,gluon,0.0,,256,256,False,in: 256x256,>=512
32768,8192,7168,False,bfloat16,tuned,3424,4096,1575.1,1479.7,torch,native,gluon,0.0,,256,256,False,in: 256x256,>=512
32768,20480,7168,False,bfloat16,tuned,4569,10240,1594.7,1560.8,asm,_ZN5aiter24bf16gemm_bf16_tn_256x256E,gluon,0.0,,256,256,False,in: 256x256,>=512
512,1280,8192,False,bfloat16,tuned,350,10,88.3,308.3,torch,native,torch:hipBLASLt,249.2,Cijk_Alik_Bljk_BBS_BH_Bias_HA_S_SAV_UserArgs_MT160x128x128_MI16x16x1_SN_LDSB1_AFC0_AG0_AGGSUA0_AGNTAB0_AFEM1_AFEM1_ASEM1_BL1_BS1_CD1_1_CLR1_CLS0_CADS0_DTLA0_DTLB0_DTLM0_DTVA0_DTVB0_DTVMXSA0_DTVMXSB0_DTVSM0_DPLB0_EPS0_ELFLR0_EMLLn1_FDSI0_GRPM1_GRVWA8_GRVWB8_GSU0_GSUAMB_GLS0_HPLR0_ISA950_ICIW0_IU1_K1_LDSSI0_LDSTI0_LBSPPA256_LBSPPB1024_LBSPPMXSA0_LBSPPMXSB0_LBSPPM0_LPA16_LPB16_LPMXSA0_LPMXSB0_LPM0_LRVW8_LWPMn1_MIAV0_MIWT5_4_MXLIBL_MXSFNS_MO40_MGRIPM1_NTn1_NTA0_NTB0_NTC0_NTD0_NTE0_NTG0_NTMXSA0_NTMXSB0_NTM0_NTWS0_NVn1_NVA0_NVB0_NVC0_NVD0_NVE0_NVG0_NVMXSA0_NVMXSB0_NVM0_NVWS0_NEPBS0_NLCA1_NLCB1_ONLL1_PAP0_PGL0_PGR2_PLR1_PKA1_RAP0_SGROB0_SIA3_SS1_SPO0_SRVW0_SSO0_SVW1_SK5_SKFTR0_SKFDPO0_SKWS0_SKXCCM0_SNLL0_SIP1_SGRO0_TDMI0_TDMIM0_TDMLWS0_TDMPLB0_TDMS0_TIN0_THn1_THA0_THB0_THC0_THD0_THE0_THG0_THMXSA0_THMXSB0_THM0_THWS0_TLDS1_TLDSM1_ULSGRO0_USL1_USLMX0_UDFMAC0_UIOFGRO0_UPLRP0_USFGRO0_USI0_VSn1_VWA1_VWB4_WSGRA0_WSGRB0_WS64_WG32_8_1_WGMXCCn1.kd,160,128,False,in: non-pow2 tile,<128
512,2560,8192,False,bfloat16,tuned,406,20,175.2,634.3,torch,native,torch:hipBLASLt,262.0,Cijk_Alik_Bljk_BBS_BH_Bias_HA_S_SAV_UserArgs_MT160x128x128_MI16x16x1_SN_LDSB1_AFC0_AG0_AGGSUA0_AGNTAB0_AFEM1_AFEM1_ASEM1_BL1_BS1_CD1_1_CLR1_CLS0_CADS0_DTLA0_DTLB0_DTLM0_DTVA0_DTVB0_DTVMXSA0_DTVMXSB0_DTVSM0_DPLB0_EPS0_ELFLR0_EMLLn1_FDSI0_GRPM1_GRVWA8_GRVWB8_GSU0_GSUAMB_GLS0_HPLR0_ISA950_ICIW0_IU1_K1_LDSSI0_LDSTI0_LBSPPA256_LBSPPB1024_LBSPPMXSA0_LBSPPMXSB0_LBSPPM0_LPA16_LPB16_LPMXSA0_LPMXSB0_LPM0_LRVW8_LWPMn1_MIAV0_MIWT5_4_MXLIBL_MXSFNS_MO40_MGRIPM1_NTn1_NTA0_NTB0_NTC0_NTD0_NTE0_NTG0_NTMXSA0_NTMXSB0_NTM0_NTWS0_NVn1_NVA0_NVB0_NVC0_NVD0_NVE0_NVG0_NVMXSA0_NVMXSB0_NVM0_NVWS0_NEPBS0_NLCA1_NLCB1_ONLL1_PAP0_PGL0_PGR2_PLR1_PKA1_RAP0_SGROB0_SIA3_SS1_SPO0_SRVW0_SSO0_SVW1_SK5_SKFTR0_SKFDPO0_SKWS0_SKXCCM0_SNLL0_SIP1_SGRO0_TDMI0_TDMIM0_TDMLWS0_TDMPLB0_TDMS0_TIN0_THn1_THA0_THB0_THC0_THD0_THE0_THG0_THMXSA0_THMXSB0_THM0_THWS0_TLDS1_TLDSM1_ULSGRO0_USL1_USLMX0_UDFMAC0_UIOFGRO0_UPLRP0_USFGRO0_USI0_VSn1_VWA1_VWB4_WSGRA0_WSGRB0_WS64_WG32_8_1_WGMXCCn1.kd,160,128,False,in: non-pow2 tile,<128
512,4096,8192,False,bfloat16,tuned,431,32,279.4,753.7,flydsl,flydsl_hgemm_abf16_wbf16_bf16_t128x128x64x4_ks2_w4x4x1_bias0_ktail0_gm0_pft_gfx950,flydsl:flydsl_hgemm_abf16_wbf16_bf16_t128x128x64x4_ks2_w4x4x1_bias0_ktail0_gm0_pft_gfx950,169.8,,128,128,True,out: split-K,<128
512,4608,8192,False,bfloat16,untuned,436,36,313.6,701.8,torch,,torch:hipBLASLt,123.8,Cijk_Alik_Bljk_BBS_BH_Bias_HA_S_SAV_UserArgs_MT144x256x64_MI16x16x1_SN_LDSB0_AFC0_AG0_AGGSUA0_AGNTAB0_AFEM1_AFEM1_ASEM1_BL1_BS1_CD1_1_CLR1_CLS0_CADS0_DTLA0_DTLB0_DTLM0_DTVA0_DTVB0_DTVMXSA0_DTVMXSB0_DTVSM0_DPLB0_EPS0_ELFLR0_EMLLn1_FDSI0_GRPM1_GRVWA4_GRVWB8_GSU0_GSUAMB_GLS0_HPLR0_ISA950_ICIW0_IU1_K1_LDSSI0_LDSTI0_LBSPPA128_LBSPPB512_LBSPPMXSA0_LBSPPMXSB0_LBSPPM0_LPA16_LPB16_LPMXSA0_LPMXSB0_LPM0_LRVW8_LWPMn1_MIAV0_MIWT9_4_MXLIBL_MXSFNS_MO40_MGRIPM1_NTn1_NTA4_NTB0_NTC0_NTD0_NTE0_NTG0_NTMXSA0_NTMXSB0_NTM0_NTWS0_NVn1_NVA0_NVB0_NVC0_NVD0_NVE0_NVG0_NVMXSA0_NVMXSB0_NVM0_NVWS0_NEPBS0_NLCA1_NLCB1_ONLL1_PAP0_PGL0_PGR2_PLR1_PKA1_RAP0_SGROB0_SIA3_SS1_SPO0_SRVW0_SSO0_SVW1_SK5_SKFTR0_SKFDPO0_SKWS0_SKXCCM0_SNLL0_SIP1_SGRO0_TDMI0_TDMIM0_TDMLWS0_TDMPLB0_TDMS0_TIN0_THn1_THA0_THB0_THC0_THD0_THE0_THG0_THMXSA0_THMXSB0_THM0_THWS0_TLDS1_TLDSM1_ULSGRO0_USL1_USLMX0_UDFMAC0_UIOFGRO0_UPLRP0_USFGRO0_USI0_VSn1_VWA1_VWB4_WSGRA0_WSGRB0_WS64_WG16_16_1_WGMXCCn1.kd,144,256,False,in: non-pow2 tile,<128
512,7168,8192,False,bfloat16,tuned,452,56,484.6,923.2,flydsl,flydsl_hgemm_abf16_wbf16_bf16_t128x128x64x4_ks1_w4x4x1_bias0_ktail0_gm0_pft_gfx950,flydsl:flydsl_hgemm_abf16_wbf16_bf16_t128x128x64x4_ks1_w4x4x1_bias0_ktail0_gm0_pft_gfx950,90.5,,128,128,False,in: other listed tile,<128
512,8192,8192,False,bfloat16,tuned,455,64,554.3,880.8,flydsl,flydsl_hgemm_abf16_wbf16_bf16_t64x128x64x3_ks1_w2x2x1_bias0_ktail0_gm4_pft_gfx950,flydsl:flydsl_hgemm_abf16_wbf16_bf16_t64x128x64x3_ks1_w2x2x1_bias0_ktail0_gm4_pft_gfx950,58.9,,64,128,False,in: other listed tile,<128
512,10240,8192,False,bfloat16,tuned,460,80,690.3,690.3,flydsl,flydsl_hgemm_abf16_wbf16_bf16_t128x128x64x3_ks1_w4x2x1_bias0_ktail0_gm4_pft_gfx950,gluon,0.0,,256,256,False,in: 256x256,<128
512,14336,8192,False,bfloat16,tuned,466,112,953.5,979.6,torch,native,torch:hipBLASLt,2.7,Cijk_Alik_Bljk_BBS_BH_Bias_HA_S_SAV_UserArgs_MT112x256x64_MI16x16x1_SN_LDSB1_AFC0_AG0_AGGSUA0_AGNTAB0_AFEM1_AFEM1_ASEM1_BL1_BS1_CD1_1_CLR1_CLS0_CADS0_DTLA0_DTLB0_DTLM0_DTVA0_DTVB0_DTVMXSA0_DTVMXSB0_DTVSM0_DPLB0_EPS0_ELFLR0_EMLLn1_FDSI0_GRPM1_GRVWA4_GRVWB8_GSU0_GSUAMB_GLS0_HPLR0_ISA950_ICIW0_IU1_K1_LDSSI0_LDSTI0_LBSPPA128_LBSPPB512_LBSPPMXSA0_LBSPPMXSB0_LBSPPM0_LPA16_LPB16_LPMXSA0_LPMXSB0_LPM0_LRVW8_LWPMn1_MIAV0_MIWT7_4_MXLIBL_MXSFNS_MO40_MGRIPM1_NTn1_NTA4_NTB0_NTC0_NTD0_NTE0_NTG0_NTMXSA0_NTMXSB0_NTM0_NTWS0_NVn1_NVA0_NVB0_NVC0_NVD0_NVE0_NVG0_NVMXSA0_NVMXSB0_NVM0_NVWS0_NEPBS0_NLCA1_NLCB1_ONLL1_PAP0_PGL0_PGR2_PLR1_PKA1_RAP0_SGROB0_SIA3_SS1_SPO0_SRVW0_SSO0_SVW1_SK5_SKFTR0_SKFDPO0_SKWS0_SKXCCM0_SNLL0_SIP1_SGRO0_TDMI0_TDMIM0_TDMLWS0_TDMPLB0_TDMS0_TIN0_THn1_THA0_THB0_THC0_THD0_THE0_THG0_THMXSA0_THMXSB0_THM0_THWS0_TLDS1_TLDSM1_ULSGRO0_USL1_USLMX0_UDFMAC0_UIOFGRO0_UPLRP0_USFGRO0_USI0_VSn1_VWA1_VWB4_WSGRA0_WSGRB0_WS64_WG16_16_1_WGMXCCn1.kd,112,256,False,in: non-pow2 tile,<128
512,16384,8192,False,bfloat16,tuned,468,128,1016.3,686.0,flydsl,flydsl_hgemm_abf16_wbf16_bf16_t128x64x64x6_ks1_w2x2x2_bias0_ktail0_gm4_pft_gfx950,gluon,0.0,,256,256,False,in: 256x256,128-255
512,57344,8192,False,bfloat16,tuned,478,448,1340.0,1301.0,flydsl,flydsl_hgemm_abf16_wbf16_bf16_t256x256x64x2_ks1_w2x4x1_bias0_ktail0_gm4_pht_gfx950,gluon,0.0,,256,256,False,in: 256x256,256-511
768,4096,8192,False,bfloat16,tuned,599,48,417.3,840.2,flydsl,flydsl_hgemm_abf16_wbf16_bf16_t128x128x64x3_ks1_w4x4x1_bias0_ktail0_gm0_pft_gfx950,flydsl:flydsl_hgemm_abf16_wbf16_bf16_t128x128x64x3_ks1_w4x4x1_bias0_ktail0_gm0_pft_gfx950,101.3,,128,128,False,in: other listed tile,<128
1024,512,8192,False,bfloat16,untuned,328,8,70.7,309.6,torch,,torch:hipBLASLt,337.9,Cijk_Alik_Bljk_BBS_BH_Bias_HA_S_SAV_UserArgs_MT128x128x128_MI16x16x1_SN_LDSB0_AFC0_AG1_AGGSUA0_AGNTAB0_AFEM1_AFEM1_ASEM1_BL1_BS1_CD1_1_CLR1_CLS0_CADS0_DTLA0_DTLB0_DTLM0_DTVA0_DTVB0_DTVMXSA0_DTVMXSB0_DTVSM0_DPLB0_EPS0_ELFLR0_EMLLn1_FDSI0_GRPM1_GRVWA8_GRVWB8_GSU0_GSUAMB_GLS0_HPLR0_ISA950_ICIW0_IU1_K1_LDSSI0_LDSTI0_LBSPPA1024_LBSPPB1024_LBSPPMXSA0_LBSPPMXSB0_LBSPPM0_LPA16_LPB16_LPMXSA0_LPMXSB0_LPM0_LRVW8_LWPMn1_MIAV0_MIWT4_4_MXLIBL_MXSFNS_MO40_MGRIPM1_NTn1_NTA0_NTB0_NTC0_NTD4_NTE0_NTG0_NTMXSA0_NTMXSB0_NTM0_NTWS0_NVn1_NVA0_NVB0_NVC0_NVD0_NVE0_NVG0_NVMXSA0_NVMXSB0_NVM0_NVWS0_NEPBS16_NLCA1_NLCB1_ONLL1_PAP0_PGL0_PGR2_PLR1_PKA1_RAP0_SGROB0_SIA3_SS1_SPO0_SRVW0_SSO0_SVW4_SK5_SKFTR0_SKFDPO0_SKWS0_SKXCCM0_SNLL0_SIP1_SGRO0_TDMI0_TDMIM0_TDMLWS0_TDMPLB0_TDMS0_TIN0_THn1_THA0_THB0_THC0_THD0_THE0_THG0_THMXSA0_THMXSB0_THM0_THWS0_TLDS1_TLDSM1_ULSGRO0_USL1_USLMX0_UDFMAC0_UIOFGRO0_UPLRP0_USFGRO1_USI0_VSn1_VWA4_VWB4_WSGRA0_WSGRB0_WS64_WG32_8_1_WGMXCCn1.kd,128,128,False,in: other listed tile,<128
1024,1280,8192,False,bfloat16,tuned,532,20,174.8,636.9,torch,native,torch:hipBLASLt,264.4,Cijk_Alik_Bljk_BBS_BH_Bias_HA_S_SAV_UserArgs_MT160x128x128_MI16x16x1_SN_LDSB1_AFC0_AG0_AGGSUA0_AGNTAB0_AFEM1_AFEM1_ASEM1_BL1_BS1_CD1_1_CLR1_CLS0_CADS0_DTLA0_DTLB0_DTLM0_DTVA0_DTVB0_DTVMXSA0_DTVMXSB0_DTVSM0_DPLB0_EPS0_ELFLR0_EMLLn1_FDSI0_GRPM1_GRVWA8_GRVWB8_GSU0_GSUAMB_GLS0_HPLR0_ISA950_ICIW0_IU1_K1_LDSSI0_LDSTI0_LBSPPA256_LBSPPB1024_LBSPPMXSA0_LBSPPMXSB0_LBSPPM0_LPA16_LPB16_LPMXSA0_LPMXSB0_LPM0_LRVW8_LWPMn1_MIAV0_MIWT5_4_MXLIBL_MXSFNS_MO40_MGRIPM1_NTn1_NTA0_NTB0_NTC0_NTD0_NTE0_NTG0_NTMXSA0_NTMXSB0_NTM0_NTWS0_NVn1_NVA0_NVB0_NVC0_NVD0_NVE0_NVG0_NVMXSA0_NVMXSB0_NVM0_NVWS0_NEPBS0_NLCA1_NLCB1_ONLL1_PAP0_PGL0_PGR2_PLR1_PKA1_RAP0_SGROB0_SIA3_SS1_SPO0_SRVW0_SSO0_SVW1_SK5_SKFTR0_SKFDPO0_SKWS0_SKXCCM0_SNLL0_SIP1_SGRO0_TDMI0_TDMIM0_TDMLWS0_TDMPLB0_TDMS0_TIN0_THn1_THA0_THB0_THC0_THD0_THE0_THG0_THMXSA0_THMXSB0_THM0_THWS0_TLDS1_TLDSM1_ULSGRO0_USL1_USLMX0_UDFMAC0_UIOFGRO0_UPLRP0_USFGRO0_USI0_VSn1_VWA1_VWB4_WSGRA0_WSGRB0_WS64_WG32_8_1_WGMXCCn1.kd,160,128,False,in: non-pow2 tile,<128
1024,2560,8192,False,bfloat16,tuned,671,40,348.2,823.7,torch,native,torch:hipBLASLt,136.6,Cijk_Alik_Bljk_BBS_BH_Bias_HA_S_SAV_UserArgs_MT160x256x64_MI16x16x1_CMS_SN_LDSB0_AFC0_AG0_AGGSUA0_AGNTAB0_AFEM1_AFEM1_ASEM1_BL1_BS1_CD1_1_CLR0_CLS0_CADS0_DTLA1_DTLB1_DTLM0_DTVA0_DTVB0_DTVMXSA0_DTVMXSB0_DTVSM0_DPLB0_EPS0_ELFLR0_EMLLn1_FDSI0_GRPM1_GRVWA8_GRVWB8_GSU0_GSUAMB_GLS0_HPLR0_ISA950_ICIW0_IU1_K1_LDSSI0_LDSTI0_LBSPPA1024_LBSPPB1024_LBSPPMXSA0_LBSPPMXSB0_LBSPPM0_LPA16_LPB16_LPMXSA0_LPMXSB0_LPM0_LRVW8_LWPMn1_MIAV0_MIWT5_8_MXLIBL_MXSFNS_MO40_MGRIPM1_NTn1_NTA0_NTB0_NTC0_NTD4_NTE0_NTG0_NTMXSA0_NTMXSB0_NTM0_NTWS0_NVn1_NVA0_NVB0_NVC0_NVD0_NVE0_NVG0_NVMXSA0_NVMXSB0_NVM0_NVWS0_NEPBS0_NLCA1_NLCB1_ONLL1_PAP0_PGL0_PGR2_PLR1_PKA1_RAP0_SGROB0_SIA3_SS1_SPO1_SRVW0_SSO4_SVW1_SK5_SKFTR0_SKFDPO0_SKWS0_SKXCCM0_SNLL0_SIP1_SGRO0_TDMI0_TDMIM0_TDMLWS0_TDMPLB0_TDMS0_TIN0_THn1_THA0_THB0_THC0_THD0_THE0_THG0_THMXSA0_THMXSB0_THM0_THWS0_TLDS1_TLDSM1_ULSGRO0_USL1_USLMX0_UDFMAC0_UIOFGRO0_UPLRP0_USFGRO0_USI0_VSn1_VWA1_VWB8_WSGRA0_WSGRB0_WS64_WG32_8_1_WGMXCCn1.kd,160,256,False,in: non-pow2 tile,<128
1024,4096,8192,False,bfloat16,tuned,745,64,551.7,992.0,flydsl,flydsl_hgemm_abf16_wbf16_bf16_t128x128x64x4_ks1_w4x4x1_bias0_ktail0_gm0_pft_gfx950,flydsl:flydsl_hgemm_abf16_wbf16_bf16_t128x128x64x4_ks1_w4x4x1_bias0_ktail0_gm0_pft_gfx950,79.8,,128,128,False,in: other listed tile,<128
1024,4608,8192,False,bfloat16,untuned,760,72,619.8,483.5,torch,,gluon,0.0,,256,256,False,in: 256x256,<128
1024,7168,8192,False,bfloat16,tuned,808,112,956.2,841.8,flydsl,flydsl_hgemm_abf16_wbf16_bf16_t128x64x64x3_ks1_w2x1x1_bias0_ktail0_gm4_pft_gfx950,gluon,0.0,,256,256,False,in: 256x256,<128
1024,8192,8192,False,bfloat16,tuned,819,128,1079.7,1157.5,flydsl,flydsl_hgemm_abf16_wbf16_bf16_t256x128x64x2_ks1_w4x4x1_bias0_ktail0_gm4_pft_gfx950,flydsl:flydsl_hgemm_abf16_wbf16_bf16_t256x128x64x2_ks1_w4x4x1_bias0_ktail0_gm4_pft_gfx950,7.2,,256,128,False,in: other listed tile,128-255
1024,10240,8192,False,bfloat16,tuned,836,160,1278.9,876.9,flydsl,flydsl_hgemm_abf16_wbf16_bf16_t128x128x64x3_ks1_w2x2x2_bias0_ktail0_gm4_pft_gfx950,gluon,0.0,,256,256,False,in: 256x256,128-255
1024,14336,8192,False,bfloat16,tuned,856,224,1450.5,1417.6,flydsl,flydsl_hgemm_abf16_wbf16_bf16_t256x256x64x2_ks1_w2x4x1_bias0_ktail0_gm0_pht_gfx950,gluon,0.0,,256,256,False,in: 256x256,128-255
1024,16384,8192,False,bfloat16,tuned,862,256,1529.1,1497.4,torch,native,gluon,0.0,,256,256,False,in: 256x256,256-511
1024,57344,8192,False,bfloat16,tuned,896,896,1424.5,1377.7,asm,_ZN5aiter24bf16gemm_bf16_tn_256x256E,gluon,0.0,,256,256,False,in: 256x256,>=512
2048,512,8192,False,bfloat16,untuned,390,16,140.3,303.6,torch,,torch:hipBLASLt,116.4,Cijk_Alik_Bljk_BBS_BH_Bias_HA_S_SAV_UserArgs_MT256x128x64_MI16x16x1_SN_LDSB0_AFC0_AG1_AGGSUA0_AGNTAB0_AFEM1_AFEM1_ASEM1_BL1_BS1_CD1_1_CLR1_CLS0_CADS0_DTLA1_DTLB1_DTLM0_DTVA0_DTVB0_DTVMXSA0_DTVMXSB0_DTVSM0_DPLB1_EPS0_ELFLR0_EMLLn1_FDSI0_GRPM1_GRVWA8_GRVWB8_GSU0_GSUAMB_GLS0_HPLR0_ISA950_ICIW0_IU1_K1_LDSSI0_LDSTI0_LBSPPA1024_LBSPPB1024_LBSPPMXSA0_LBSPPMXSB0_LBSPPM0_LPA16_LPB16_LPMXSA0_LPMXSB0_LPM0_LRVW8_LWPMn1_MIAV0_MIWT8_4_MXLIBL_MXSFNS_MO40_MGRIPM1_NTn1_NTA0_NTB0_NTC0_NTD0_NTE0_NTG0_NTMXSA0_NTMXSB0_NTM0_NTWS0_NVn1_NVA0_NVB0_NVC0_NVD0_NVE0_NVG0_NVMXSA0_NVMXSB0_NVM0_NVWS0_NEPBS14_NLCA1_NLCB1_ONLL1_PAP0_PGL0_PGR2_PLR1_PKA1_RAP0_SGROB1_SIA3_SS1_SPO0_SRVW0_SSO1_SVW8_SK5_SKFTR0_SKFDPO0_SKWS0_SKXCCM0_SNLL0_SIP1_SGRO0_TDMI0_TDMIM0_TDMLWS0_TDMPLB0_TDMS0_TIN1_THn1_THA0_THB0_THC0_THD0_THE0_THG0_THMXSA0_THMXSB0_THM0_THWS0_TLDS1_TLDSMn1_ULSGRO1_USL1_USLMX0_UDFMAC0_UIOFGRO0_UPLRP0_USFGRO0_USI0_VSn1_VWA8_VWB4_WSGRA0_WSGRB0_WS64_WG32_8_1_WGMXCCn1.kd,256,128,False,in: other listed tile,<128
2048,1280,8192,False,bfloat16,tuned,719,40,348.6,824.1,torch,native,torch:hipBLASLt,136.4,Cijk_Alik_Bljk_BBS_BH_Bias_HA_S_SAV_UserArgs_MT160x256x64_MI16x16x1_CMS_SN_LDSB0_AFC0_AG0_AGGSUA0_AGNTAB0_AFEM1_AFEM1_ASEM1_BL1_BS1_CD1_1_CLR0_CLS0_CADS0_DTLA1_DTLB1_DTLM0_DTVA0_DTVB0_DTVMXSA0_DTVMXSB0_DTVSM0_DPLB0_EPS0_ELFLR0_EMLLn1_FDSI0_GRPM1_GRVWA8_GRVWB8_GSU0_GSUAMB_GLS0_HPLR0_ISA950_ICIW0_IU1_K1_LDSSI0_LDSTI0_LBSPPA1024_LBSPPB1024_LBSPPMXSA0_LBSPPMXSB0_LBSPPM0_LPA16_LPB16_LPMXSA0_LPMXSB0_LPM0_LRVW8_LWPMn1_MIAV0_MIWT5_8_MXLIBL_MXSFNS_MO40_MGRIPM1_NTn1_NTA0_NTB0_NTC0_NTD4_NTE0_NTG0_NTMXSA0_NTMXSB0_NTM0_NTWS0_NVn1_NVA0_NVB0_NVC0_NVD0_NVE0_NVG0_NVMXSA0_NVMXSB0_NVM0_NVWS0_NEPBS0_NLCA1_NLCB1_ONLL1_PAP0_PGL0_PGR2_PLR1_PKA1_RAP0_SGROB0_SIA3_SS1_SPO1_SRVW0_SSO4_SVW1_SK5_SKFTR0_SKFDPO0_SKWS0_SKXCCM0_SNLL0_SIP1_SGRO0_TDMI0_TDMIM0_TDMLWS0_TDMPLB0_TDMS0_TIN0_THn1_THA0_THB0_THC0_THD0_THE0_THG0_THMXSA0_THMXSB0_THM0_THWS0_TLDS1_TLDSM1_ULSGRO0_USL1_USLMX0_UDFMAC0_UIOFGRO0_UPLRP0_USFGRO0_USI0_VSn1_VWA1_VWB8_WSGRA0_WSGRB0_WS64_WG32_8_1_WGMXCCn1.kd,160,256,False,in: non-pow2 tile,<128
2048,2560,8192,False,bfloat16,tuned,999,80,690.2,1091.8,torch,native,torch:hipBLASLt,58.2,Cijk_Alik_Bljk_BBS_BH_Bias_HA_S_SAV_UserArgs_MT160x128x128_MI16x16x1_SN_LDSB1_AFC0_AG0_AGGSUA0_AGNTAB0_AFEM1_AFEM1_ASEM1_BL1_BS1_CD1_1_CLR1_CLS0_CADS0_DTLA0_DTLB0_DTLM0_DTVA0_DTVB0_DTVMXSA0_DTVMXSB0_DTVSM0_DPLB0_EPS0_ELFLR0_EMLLn1_FDSI0_GRPM1_GRVWA8_GRVWB8_GSU0_GSUAMB_GLS0_HPLR0_ISA950_ICIW0_IU1_K1_LDSSI0_LDSTI0_LBSPPA256_LBSPPB1024_LBSPPMXSA0_LBSPPMXSB0_LBSPPM0_LPA16_LPB16_LPMXSA0_LPMXSB0_LPM0_LRVW8_LWPMn1_MIAV0_MIWT5_4_MXLIBL_MXSFNS_MO40_MGRIPM1_NTn1_NTA0_NTB0_NTC0_NTD0_NTE0_NTG0_NTMXSA0_NTMXSB0_NTM0_NTWS0_NVn1_NVA0_NVB0_NVC0_NVD0_NVE0_NVG0_NVMXSA0_NVMXSB0_NVM0_NVWS0_NEPBS0_NLCA1_NLCB1_ONLL1_PAP0_PGL0_PGR2_PLR1_PKA1_RAP0_SGROB0_SIA3_SS1_SPO0_SRVW0_SSO0_SVW1_SK5_SKFTR0_SKFDPO0_SKWS0_SKXCCM0_SNLL0_SIP1_SGRO0_TDMI0_TDMIM0_TDMLWS0_TDMPLB0_TDMS0_TIN0_THn1_THA0_THB0_THC0_THD0_THE0_THG0_THMXSA0_THMXSB0_THM0_THWS0_TLDS1_TLDSM1_ULSGRO0_USL1_USLMX0_UDFMAC0_UIOFGRO0_UPLRP0_USFGRO0_USI0_VSn1_VWA1_VWB4_WSGRA0_WSGRB0_WS64_WG32_8_1_WGMXCCn1.kd,160,128,False,in: non-pow2 tile,<128
2048,4096,8192,False,bfloat16,tuned,1170,128,1077.6,1315.7,opus,opus_gemm_mono_tile_512x128x256x64_2x4_16x16x32_0x0x0_nooob_4g_safe,opus:opus_gemm_mono_tile_512x128x256x64_2x4_16x16x32_0x0x0_nooob_4g_safe,22.1,,128,256,False,in: other listed tile,128-255
2048,4608,8192,False,bfloat16,untuned,1209,144,1192.5,1363.6,torch,,torch:hipBLASLt,14.3,Cijk_Alik_Bljk_BBS_BH_Bias_HA_S_SAV_UserArgs_MT160x256x64_MI16x16x1_CMS_SN_LDSB0_AFC0_AG0_AGGSUA0_AGNTAB0_AFEM1_AFEM1_ASEM1_BL1_BS1_CD1_1_CLR0_CLS0_CADS0_DTLA1_DTLB1_DTLM0_DTVA0_DTVB0_DTVMXSA0_DTVMXSB0_DTVSM0_DPLB0_EPS0_ELFLR0_EMLLn1_FDSI0_GRPM1_GRVWA8_GRVWB8_GSU0_GSUAMB_GLS0_HPLR0_ISA950_ICIW0_IU1_K1_LDSSI0_LDSTI0_LBSPPA1024_LBSPPB1024_LBSPPMXSA0_LBSPPMXSB0_LBSPPM0_LPA16_LPB16_LPMXSA0_LPMXSB0_LPM0_LRVW8_LWPMn1_MIAV0_MIWT5_8_MXLIBL_MXSFNS_MO40_MGRIPM1_NTn1_NTA0_NTB0_NTC0_NTD4_NTE0_NTG0_NTMXSA0_NTMXSB0_NTM0_NTWS0_NVn1_NVA0_NVB0_NVC0_NVD0_NVE0_NVG0_NVMXSA0_NVMXSB0_NVM0_NVWS0_NEPBS0_NLCA1_NLCB1_ONLL1_PAP0_PGL0_PGR2_PLR1_PKA1_RAP0_SGROB0_SIA3_SS1_SPO1_SRVW0_SSO4_SVW1_SK5_SKFTR0_SKFDPO0_SKWS0_SKXCCM0_SNLL0_SIP1_SGRO0_TDMI0_TDMIM0_TDMLWS0_TDMPLB0_TDMS0_TIN0_THn1_THA0_THB0_THC0_THD0_THE0_THG0_THMXSA0_THMXSB0_THM0_THWS0_TLDS1_TLDSM1_ULSGRO0_USL1_USLMX0_UDFMAC0_UIOFGRO0_UPLRP0_USFGRO0_USI0_VSn1_VWA1_VWB8_WSGRA0_WSGRB0_WS64_WG32_8_1_WGMXCCn1.kd,160,256,False,in: non-pow2 tile,128-255
2048,7168,8192,False,bfloat16,tuned,1334,224,1486.3,1459.4,asm,_ZN5aiter24bf16gemm_bf16_tn_256x256E,gluon,0.0,,256,256,False,in: 256x256,128-255
2048,8192,8192,False,bfloat16,tuned,1365,256,1596.5,1566.2,torch,native,gluon,0.0,,256,256,False,in: 256x256,256-511
2048,10240,8192,False,bfloat16,tuned,1412,320,1197.0,997.9,flydsl,flydsl_hgemm_abf16_wbf16_bf16_t128x128x128x2_ks1_w2x2x1_bias0_ktail0_gm0_pht_gfx950,gluon,0.0,,256,256,False,in: 256x256,256-511
2048,14336,8192,False,bfloat16,tuned,1470,448,1458.0,1414.8,flydsl,flydsl_hgemm_abf16_wbf16_bf16_t256x256x64x2_ks1_w2x4x1_bias0_ktail0_gm4_pht_gfx950,gluon,0.0,,256,256,False,in: 256x256,256-511
2048,16384,8192,False,bfloat16,tuned,1489,512,1560.6,1498.5,asm,_ZN5aiter24bf16gemm_bf16_tn_256x256E,gluon,0.0,,256,256,False,in: 256x256,>=512
2048,57344,8192,False,bfloat16,tuned,1593,1792,1582.5,1527.0,flydsl,flydsl_hgemm_abf16_wbf16_bf16_t256x256x64x2_ks1_w2x4x1_bias0_ktail0_gm4_pht_gfx950,gluon,0.0,,256,256,False,in: 256x256,>=512
4096,512,8192,False,bfloat16,tuned,431,32,280.5,756.9,flydsl,flydsl_hgemm_abf16_wbf16_bf16_t64x128x64x4_ks1_w2x4x1_bias0_ktail0_gm4_pft_gfx950,flydsl:flydsl_hgemm_abf16_wbf16_bf16_t64x128x64x4_ks1_w2x4x1_bias0_ktail0_gm4_pft_gfx950,169.8,,64,128,False,in: other listed tile,<128
4096,1280,8192,False,bfloat16,tuned,871,80,687.1,1094.8,torch,native,torch:hipBLASLt,59.3,Cijk_Alik_Bljk_BBS_BH_Bias_HA_S_SAV_UserArgs_MT160x128x128_MI16x16x1_SN_LDSB1_AFC0_AG0_AGGSUA0_AGNTAB0_AFEM1_AFEM1_ASEM1_BL1_BS1_CD1_1_CLR1_CLS0_CADS0_DTLA0_DTLB0_DTLM0_DTVA0_DTVB0_DTVMXSA0_DTVMXSB0_DTVSM0_DPLB0_EPS0_ELFLR0_EMLLn1_FDSI0_GRPM1_GRVWA8_GRVWB8_GSU0_GSUAMB_GLS0_HPLR0_ISA950_ICIW0_IU1_K1_LDSSI0_LDSTI0_LBSPPA256_LBSPPB1024_LBSPPMXSA0_LBSPPMXSB0_LBSPPM0_LPA16_LPB16_LPMXSA0_LPMXSB0_LPM0_LRVW8_LWPMn1_MIAV0_MIWT5_4_MXLIBL_MXSFNS_MO40_MGRIPM1_NTn1_NTA0_NTB0_NTC0_NTD0_NTE0_NTG0_NTMXSA0_NTMXSB0_NTM0_NTWS0_NVn1_NVA0_NVB0_NVC0_NVD0_NVE0_NVG0_NVMXSA0_NVMXSB0_NVM0_NVWS0_NEPBS0_NLCA1_NLCB1_ONLL1_PAP0_PGL0_PGR2_PLR1_PKA1_RAP0_SGROB0_SIA3_SS1_SPO0_SRVW0_SSO0_SVW1_SK5_SKFTR0_SKFDPO0_SKWS0_SKXCCM0_SNLL0_SIP1_SGRO0_TDMI0_TDMIM0_TDMLWS0_TDMPLB0_TDMS0_TIN0_THn1_THA0_THB0_THC0_THD0_THE0_THG0_THMXSA0_THMXSB0_THM0_THWS0_TLDS1_TLDSM1_ULSGRO0_USL1_USLMX0_UDFMAC0_UIOFGRO0_UPLRP0_USFGRO0_USI0_VSn1_VWA1_VWB4_WSGRA0_WSGRB0_WS64_WG32_8_1_WGMXCCn1.kd,160,128,False,in: non-pow2 tile,<128
4096,2560,8192,False,bfloat16,tuned,1321,160,1275.4,1459.6,torch,native,torch:hipBLASLt,14.4,Cijk_Alik_Bljk_BBS_BH_Bias_HA_S_SAV_UserArgs_MT160x256x64_MI16x16x1_CMS_SN_LDSB0_AFC0_AG0_AGGSUA0_AGNTAB0_AFEM1_AFEM1_ASEM1_BL1_BS1_CD1_1_CLR0_CLS0_CADS0_DTLA1_DTLB1_DTLM0_DTVA0_DTVB0_DTVMXSA0_DTVMXSB0_DTVSM0_DPLB0_EPS0_ELFLR0_EMLLn1_FDSI0_GRPM1_GRVWA8_GRVWB8_GSU0_GSUAMB_GLS0_HPLR0_ISA950_ICIW0_IU1_K1_LDSSI0_LDSTI0_LBSPPA1024_LBSPPB1024_LBSPPMXSA0_LBSPPMXSB0_LBSPPM0_LPA16_LPB16_LPMXSA0_LPMXSB0_LPM0_LRVW8_LWPMn1_MIAV0_MIWT5_8_MXLIBL_MXSFNS_MO40_MGRIPM1_NTn1_NTA0_NTB0_NTC0_NTD4_NTE0_NTG0_NTMXSA0_NTMXSB0_NTM0_NTWS0_NVn1_NVA0_NVB0_NVC0_NVD0_NVE0_NVG0_NVMXSA0_NVMXSB0_NVM0_NVWS0_NEPBS0_NLCA1_NLCB1_ONLL1_PAP0_PGL0_PGR2_PLR1_PKA1_RAP0_SGROB0_SIA3_SS1_SPO1_SRVW0_SSO4_SVW1_SK5_SKFTR0_SKFDPO0_SKWS0_SKXCCM0_SNLL0_SIP1_SGRO0_TDMI0_TDMIM0_TDMLWS0_TDMPLB0_TDMS0_TIN0_THn1_THA0_THB0_THC0_THD0_THE0_THG0_THMXSA0_THMXSB0_THM0_THWS0_TLDS1_TLDSM1_ULSGRO0_USL1_USLMX0_UDFMAC0_UIOFGRO0_UPLRP0_USFGRO0_USI0_VSn1_VWA1_VWB8_WSGRA0_WSGRB0_WS64_WG32_8_1_WGMXCCn1.kd,160,256,False,in: non-pow2 tile,128-255
4096,4096,8192,False,bfloat16,tuned,1638,256,1605.8,1543.2,torch,native,gluon,0.0,,256,256,False,in: 256x256,256-511
4096,4608,8192,False,bfloat16,untuned,1715,288,1086.7,1456.8,torch,,torch:hipBLASLt,34.1,Cijk_Alik_Bljk_BBS_BH_Bias_HA_S_SAV_UserArgs_MT256x320x64_MI16x16x1_SN_LDSB0_AFC0_AG0_AGGSUA0_AGNTAB0_AFEM1_AFEM1_ASEM1_BL1_BS1_CD1_1_CLR1_CLS0_CADS0_DTLA0_DTLB0_DTLM0_DTVA0_DTVB0_DTVMXSA0_DTVMXSB0_DTVSM0_DPLB0_EPS0_ELFLR0_EMLLn1_FDSI0_GRPM1_GRVWA8_GRVWB8_GSU0_GSUAMB_GLS0_HPLR0_ISA950_ICIW0_IU1_K1_LDSSI0_LDSTI0_LBSPPA0_LBSPPB0_LBSPPMXSA0_LBSPPMXSB0_LBSPPM0_LPA0_LPB0_LPMXSA0_LPMXSB0_LPM0_LRVWn1_LWPMn1_MIAV0_MIWT16_5_MXLIBL_MXSFNS_MO40_MGRIPM1_NTn1_NTA0_NTB0_NTC0_NTD0_NTE0_NTG0_NTMXSA0_NTMXSB0_NTM0_NTWS0_NVn1_NVA0_NVB0_NVC0_NVD0_NVE0_NVG0_NVMXSA0_NVMXSB0_NVM0_NVWS0_NEPBS0_NLCA1_NLCB1_ONLL1_PAP0_PGL0_PGR2_PLR1_PKA0_RAP0_SGROB0_SIA3_SS0_SPO0_SRVW0_SSO0_SVW4_SK5_SKFTR0_SKFDPO0_SKWS0_SKXCCM0_SNLL0_SIP1_SGRO0_TDMI0_TDMIM0_TDMLWS0_TDMPLB0_TDMS0_TIN0_THn1_THA0_THB0_THC0_THD0_THE0_THG0_THMXSA0_THMXSB0_THM0_THWS0_TLDS1_TLDSMn1_ULSGRO0_USL0_USLMX0_UDFMAC0_UIOFGRO0_UPLRP0_USFGRO0_USI1_VSn1_VWA1_VWB1_WSGRA0_WSGRB0_WS64_WG16_16_1_WGMXCCn1.kd,256,320,False,in: non-pow2 tile,256-511
4096,7168,8192,False,bfloat16,tuned,1977,448,1506.7,1462.6,flydsl,flydsl_hgemm_abf16_wbf16_bf16_t256x256x64x2_ks1_w2x4x1_bias0_ktail0_gm4_pht_gfx950,gluon,0.0,,256,256,False,in: 256x256,256-511
4096,8192,8192,False,bfloat16,tuned,2048,512,1606.2,1572.2,asm,_ZN5aiter24bf16gemm_bf16_tn_256x256E,gluon,0.0,,256,256,False,in: 256x256,>=512
4096,10240,8192,False,bfloat16,tuned,2156,640,1434.2,1401.0,flydsl,flydsl_hgemm_abf16_wbf16_bf16_t256x256x64x2_ks1_w2x4x1_bias0_ktail0_gm4_pht_gfx950,gluon,0.0,,256,256,False,in: 256x256,>=512
4096,14336,8192,False,bfloat16,tuned,2294,896,1475.6,1433.5,flydsl,flydsl_hgemm_abf16_wbf16_bf16_t256x256x64x2_ks1_w2x4x1_bias0_ktail0_gm4_pht_gfx950,gluon,0.0,,256,256,False,in: 256x256,>=512
4096,16384,8192,False,bfloat16,tuned,2341,1024,1590.7,1533.5,flydsl,flydsl_hgemm_abf16_wbf16_bf16_t256x256x64x2_ks1_w2x4x1_bias0_ktail0_gm4_pht_gfx950,gluon,0.0,,256,256,False,in: 256x256,>=512
4096,57344,8192,False,bfloat16,tuned,2607,3584,1601.2,1552.2,flydsl,flydsl_hgemm_abf16_wbf16_bf16_t256x256x64x2_ks1_w2x4x1_bias0_ktail0_gm4_pht_gfx950,gluon,0.0,,256,256,False,in: 256x256,>=512
8192,512,8192,False,bfloat16,tuned,455,64,547.1,984.3,flydsl,flydsl_hgemm_abf16_wbf16_bf16_t128x128x64x4_ks1_w4x4x1_bias0_ktail0_gm4_pft_gfx950,flydsl:flydsl_hgemm_abf16_wbf16_bf16_t128x128x64x4_ks1_w4x4x1_bias0_ktail0_gm4_pft_gfx950,79.9,,128,128,False,in: other listed tile,<128
8192,1280,8192,False,bfloat16,tuned,975,160,1270.2,1460.0,torch,native,torch:hipBLASLt,14.9,Cijk_Alik_Bljk_BBS_BH_Bias_HA_S_SAV_UserArgs_MT160x256x64_MI16x16x1_CMS_SN_LDSB0_AFC0_AG0_AGGSUA0_AGNTAB0_AFEM1_AFEM1_ASEM1_BL1_BS1_CD1_1_CLR0_CLS0_CADS0_DTLA1_DTLB1_DTLM0_DTVA0_DTVB0_DTVMXSA0_DTVMXSB0_DTVSM0_DPLB0_EPS0_ELFLR0_EMLLn1_FDSI0_GRPM1_GRVWA8_GRVWB8_GSU0_GSUAMB_GLS0_HPLR0_ISA950_ICIW0_IU1_K1_LDSSI0_LDSTI0_LBSPPA1024_LBSPPB1024_LBSPPMXSA0_LBSPPMXSB0_LBSPPM0_LPA16_LPB16_LPMXSA0_LPMXSB0_LPM0_LRVW8_LWPMn1_MIAV0_MIWT5_8_MXLIBL_MXSFNS_MO40_MGRIPM1_NTn1_NTA0_NTB0_NTC0_NTD4_NTE0_NTG0_NTMXSA0_NTMXSB0_NTM0_NTWS0_NVn1_NVA0_NVB0_NVC0_NVD0_NVE0_NVG0_NVMXSA0_NVMXSB0_NVM0_NVWS0_NEPBS0_NLCA1_NLCB1_ONLL1_PAP0_PGL0_PGR2_PLR1_PKA1_RAP0_SGROB0_SIA3_SS1_SPO1_SRVW0_SSO4_SVW1_SK5_SKFTR0_SKFDPO0_SKWS0_SKXCCM0_SNLL0_SIP1_SGRO0_TDMI0_TDMIM0_TDMLWS0_TDMPLB0_TDMS0_TIN0_THn1_THA0_THB0_THC0_THD0_THE0_THG0_THMXSA0_THMXSB0_THM0_THWS0_TLDS1_TLDSM1_ULSGRO0_USL1_USLMX0_UDFMAC0_UIOFGRO0_UPLRP0_USFGRO0_USI0_VSn1_VWA1_VWB8_WSGRA0_WSGRB0_WS64_WG32_8_1_WGMXCCn1.kd,160,256,False,in: non-pow2 tile,128-255
8192,2560,8192,False,bfloat16,tuned,1575,320,1187.6,1475.2,torch,native,torch:hipBLASLt,24.2,Cijk_Alik_Bljk_BBS_BH_Bias_HA_S_SAV_UserArgs_MT160x256x64_MI16x16x1_CMS_SN_LDSB0_AFC0_AG0_AGGSUA0_AGNTAB0_AFEM1_AFEM1_ASEM1_BL1_BS1_CD1_1_CLR0_CLS0_CADS0_DTLA1_DTLB1_DTLM0_DTVA0_DTVB0_DTVMXSA0_DTVMXSB0_DTVSM0_DPLB0_EPS0_ELFLR0_EMLLn1_FDSI0_GRPM1_GRVWA8_GRVWB8_GSU0_GSUAMB_GLS0_HPLR0_ISA950_ICIW0_IU1_K1_LDSSI0_LDSTI0_LBSPPA1024_LBSPPB1024_LBSPPMXSA0_LBSPPMXSB0_LBSPPM0_LPA16_LPB16_LPMXSA0_LPMXSB0_LPM0_LRVW8_LWPMn1_MIAV0_MIWT5_8_MXLIBL_MXSFNS_MO40_MGRIPM1_NTn1_NTA0_NTB0_NTC0_NTD4_NTE0_NTG0_NTMXSA0_NTMXSB0_NTM0_NTWS0_NVn1_NVA0_NVB0_NVC0_NVD0_NVE0_NVG0_NVMXSA0_NVMXSB0_NVM0_NVWS0_NEPBS0_NLCA1_NLCB1_ONLL1_PAP0_PGL0_PGR2_PLR1_PKA1_RAP0_SGROB0_SIA3_SS1_SPO1_SRVW0_SSO4_SVW1_SK5_SKFTR0_SKFDPO0_SKWS0_SKXCCM0_SNLL0_SIP1_SGRO0_TDMI0_TDMIM0_TDMLWS0_TDMPLB0_TDMS0_TIN0_THn1_THA0_THB0_THC0_THD0_THE0_THG0_THMXSA0_THMXSB0_THM0_THWS0_TLDS1_TLDSM1_ULSGRO0_USL1_USLMX0_UDFMAC0_UIOFGRO0_UPLRP0_USFGRO0_USI0_VSn1_VWA1_VWB8_WSGRA0_WSGRB0_WS64_WG32_8_1_WGMXCCn1.kd,160,256,False,in: non-pow2 tile,256-511
8192,4096,8192,False,bfloat16,tuned,2048,512,1606.4,1583.0,torch,native,gluon,0.0,,256,256,False,in: 256x256,>=512
8192,4608,8192,False,bfloat16,untuned,2168,576,1361.3,1464.8,torch,,torch:hipBLASLt,7.6,Cijk_Alik_Bljk_BBS_BH_Bias_HA_S_SAV_UserArgs_MT288x288x64_MI16x16x1_SN_LDSB0_AFC0_AG0_AGGSUA0_AGNTAB0_AFEM1_AFEM1_ASEM1_BL1_BS1_CD1_1_CLR1_CLS0_CADS0_DTLA0_DTLB0_DTLM0_DTVA0_DTVB0_DTVMXSA0_DTVMXSB0_DTVSM0_DPLB0_EPS0_ELFLR0_EMLLn1_FDSI0_GRPM1_GRVWA8_GRVWB8_GSU0_GSUAMB_GLS0_HPLR0_ISA950_ICIW0_IU1_K1_LDSSI0_LDSTI0_LBSPPA0_LBSPPB0_LBSPPMXSA0_LBSPPMXSB0_LBSPPM0_LPA0_LPB0_LPMXSA0_LPMXSB0_LPM0_LRVWn1_LWPMn1_MIAV0_MIWT9_9_MXLIBL_MXSFNS_MO40_MGRIPM1_NTn1_NTA0_NTB0_NTC0_NTD0_NTE0_NTG0_NTMXSA0_NTMXSB0_NTM0_NTWS0_NVn1_NVA0_NVB0_NVC0_NVD0_NVE0_NVG0_NVMXSA0_NVMXSB0_NVM0_NVWS0_NEPBS0_NLCA1_NLCB1_ONLL1_PAP0_PGL0_PGR2_PLR1_PKA0_RAP0_SGROB0_SIA3_SS0_SPO0_SRVW0_SSO0_SVW4_SK5_SKFTR0_SKFDPO0_SKWS0_SKXCCM0_SNLL0_SIP1_SGRO0_TDMI0_TDMIM0_TDMLWS0_TDMPLB0_TDMS0_TIN0_THn1_THA0_THB0_THC0_THD0_THE0_THG0_THMXSA0_THMXSB0_THM0_THWS0_TLDS1_TLDSMn1_ULSGRO0_USL0_USLMX0_UDFMAC0_UIOFGRO0_UPLRP0_USFGRO0_USI1_VSn1_VWA1_VWB1_WSGRA0_WSGRB0_WS64_WG32_8_1_WGMXCCn1.kd,288,288,False,in: non-pow2 tile,>=512
8192,7168,8192,False,bfloat16,tuned,2607,896,1479.9,1446.2,asm,_ZN5aiter24bf16gemm_bf16_tn_256x256E,gluon,0.0,,256,256,False,in: 256x256,>=512
8192,8192,8192,False,bfloat16,tuned,2731,1024,1604.4,1578.2,asm,_ZN5aiter24bf16gemm_bf16_tn_256x256E,gluon,0.0,,256,256,False,in: 256x256,>=512
8192,10240,8192,False,bfloat16,tuned,2926,1280,1602.8,1553.2,flydsl,flydsl_hgemm_abf16_wbf16_bf16_t256x256x64x2_ks1_w2x4x1_bias0_ktail0_gm4_pht_gfx950,gluon,0.0,,256,256,False,in: 256x256,>=512
8192,14336,8192,False,bfloat16,tuned,3186,1792,1606.9,1551.7,flydsl,flydsl_hgemm_abf16_wbf16_bf16_t256x256x64x2_ks1_w2x4x1_bias0_ktail0_gm4_pht_gfx950,gluon,0.0,,256,256,False,in: 256x256,>=512
8192,16384,8192,False,bfloat16,tuned,3277,2048,1594.0,1561.9,asm,_ZN5aiter24bf16gemm_bf16_tn_256x256E,gluon,0.0,,256,256,False,in: 256x256,>=512
8192,57344,8192,False,bfloat16,tuned,3823,7168,1612.3,1561.4,asm,_ZN5aiter24bf16gemm_bf16_tn_256x256E,gluon,0.0,,256,256,False,in: 256x256,>=512
16384,512,8192,False,bfloat16,untuned,468,128,995.2,1213.0,torch,,torch:hipBLASLt,21.9,Cijk_Alik_Bljk_BBS_BH_Bias_HA_S_SAV_UserArgs_MT256x128x64_MI16x16x1_SN_LDSB0_AFC0_AG1_AGGSUA0_AGNTAB0_AFEM1_AFEM1_ASEM1_BL1_BS1_CD1_1_CLR1_CLS0_CADS0_DTLA1_DTLB1_DTLM0_DTVA0_DTVB0_DTVMXSA0_DTVMXSB0_DTVSM0_DPLB1_EPS0_ELFLR0_EMLLn1_FDSI0_GRPM1_GRVWA8_GRVWB8_GSU0_GSUAMB_GLS0_HPLR0_ISA950_ICIW0_IU1_K1_LDSSI0_LDSTI0_LBSPPA1024_LBSPPB1024_LBSPPMXSA0_LBSPPMXSB0_LBSPPM0_LPA16_LPB16_LPMXSA0_LPMXSB0_LPM0_LRVW8_LWPMn1_MIAV0_MIWT8_4_MXLIBL_MXSFNS_MO40_MGRIPM1_NTn1_NTA0_NTB4_NTC0_NTD0_NTE0_NTG0_NTMXSA0_NTMXSB0_NTM0_NTWS0_NVn1_NVA0_NVB0_NVC0_NVD0_NVE0_NVG0_NVMXSA0_NVMXSB0_NVM0_NVWS0_NEPBS14_NLCA1_NLCB1_ONLL1_PAP0_PGL0_PGR2_PLR1_PKA1_RAP0_SGROB1_SIA3_SS1_SPO0_SRVW0_SSO1_SVW8_SK5_SKFTR0_SKFDPO0_SKWS0_SKXCCM0_SNLL0_SIP1_SGRO0_TDMI0_TDMIM0_TDMLWS0_TDMPLB0_TDMS0_TIN1_THn1_THA0_THB0_THC0_THD0_THE0_THG0_THMXSA0_THMXSB0_THM0_THWS0_TLDS1_TLDSMn1_ULSGRO1_USL1_USLMX0_UDFMAC0_UIOFGRO0_UPLRP0_USFGRO0_USI0_VSn1_VWA8_VWB4_WSGRA0_WSGRB0_WS64_WG32_8_1_WGMXCCn1.kd,256,128,False,in: other listed tile,128-255
16384,1280,8192,False,bfloat16,tuned,1037,320,1180.4,1399.7,torch,native,torch:hipBLASLt,18.6,Cijk_Alik_Bljk_BBS_BH_Bias_HA_S_SAV_UserArgs_MT160x256x64_MI16x16x1_CMS_SN_LDSB0_AFC0_AG0_AGGSUA0_AGNTAB0_AFEM1_AFEM1_ASEM1_BL1_BS1_CD1_1_CLR0_CLS0_CADS0_DTLA1_DTLB1_DTLM0_DTVA0_DTVB0_DTVMXSA0_DTVMXSB0_DTVSM0_DPLB0_EPS0_ELFLR0_EMLLn1_FDSI0_GRPM1_GRVWA8_GRVWB8_GSU0_GSUAMB_GLS0_HPLR0_ISA950_ICIW0_IU1_K1_LDSSI0_LDSTI0_LBSPPA1024_LBSPPB1024_LBSPPMXSA0_LBSPPMXSB0_LBSPPM0_LPA16_LPB16_LPMXSA0_LPMXSB0_LPM0_LRVW8_LWPMn1_MIAV0_MIWT5_8_MXLIBL_MXSFNS_MO40_MGRIPM1_NTn1_NTA0_NTB0_NTC0_NTD4_NTE0_NTG0_NTMXSA0_NTMXSB0_NTM0_NTWS0_NVn1_NVA0_NVB0_NVC0_NVD0_NVE0_NVG0_NVMXSA0_NVMXSB0_NVM0_NVWS0_NEPBS0_NLCA1_NLCB1_ONLL1_PAP0_PGL0_PGR2_PLR1_PKA1_RAP0_SGROB0_SIA3_SS1_SPO1_SRVW0_SSO4_SVW1_SK5_SKFTR0_SKFDPO0_SKWS0_SKXCCM0_SNLL0_SIP1_SGRO0_TDMI0_TDMIM0_TDMLWS0_TDMPLB0_TDMS0_TIN0_THn1_THA0_THB0_THC0_THD0_THE0_THG0_THMXSA0_THMXSB0_THM0_THWS0_TLDS1_TLDSM1_ULSGRO0_USL1_USLMX0_UDFMAC0_UIOFGRO0_UPLRP0_USFGRO0_USI0_VSn1_VWA1_VWB8_WSGRA0_WSGRB0_WS64_WG32_8_1_WGMXCCn1.kd,160,256,False,in: non-pow2 tile,256-511
16384,2560,8192,False,bfloat16,tuned,1743,640,1391.5,1354.1,flydsl,flydsl_hgemm_abf16_wbf16_bf16_t256x256x64x2_ks1_w2x4x1_bias0_ktail0_gm4_pht_gfx950,gluon,0.0,,256,256,False,in: 256x256,>=512
16384,4608,8192,False,bfloat16,tuned,2499,1152,1475.2,1435.9,flydsl,flydsl_hgemm_abf16_wbf16_bf16_t256x256x64x2_ks1_w2x4x1_bias0_ktail0_gm4_pht_gfx950,gluon,0.0,,256,256,False,in: 256x256,>=512
16384,7168,8192,False,bfloat16,tuned,3100,1792,1585.5,1433.7,torch,native,gluon,0.0,,256,256,False,in: 256x256,>=512
16384,8192,8192,False,bfloat16,tuned,3277,2048,1597.2,1582.8,torch,native,gluon,0.0,,256,256,False,in: 256x256,>=512
16384,10240,8192,False,bfloat16,tuned,3562,2560,1599.7,1455.6,torch,native,gluon,0.0,,256,256,False,in: 256x256,>=512
16384,14336,8192,False,bfloat16,tuned,3955,3584,1607.6,1565.1,asm,_ZN5aiter24bf16gemm_bf16_tn_256x256E,gluon,0.0,,256,256,False,in: 256x256,>=512
16384,16384,8192,False,bfloat16,tuned,4096,4096,1606.2,1567.4,asm,_ZN5aiter24bf16gemm_bf16_tn_256x256E,gluon,0.0,,256,256,False,in: 256x256,>=512
16384,57344,8192,False,bfloat16,tuned,4986,14336,1607.9,1568.4,asm,_ZN5aiter24bf16gemm_bf16_tn_256x256E,gluon,0.0,,256,256,False,in: 256x256,>=512
32768,1280,8192,False,bfloat16,tuned,1071,640,1360.9,1321.2,flydsl,flydsl_hgemm_abf16_wbf16_bf16_t256x256x64x2_ks1_w2x4x1_bias0_ktail0_gm4_pht_gfx950,gluon,0.0,,256,256,False,in: 256x256,>=512
32768,2560,8192,False,bfloat16,tuned,1841,1280,1544.2,1561.4,torch,native,torch:hipBLASLt,1.1,Cijk_Alik_Bljk_BBS_BH_Bias_HA_S_SAV_UserArgs_MT256x256x64_MI16x16x1_CMS_SN_LDSB0_AFC0_AG1_AGGSUA0_AGNTAB0_AFEM1_AFEM1_ASEM1_BL1_BS1_CD1_1_CLR0_CLS0_CADS0_DTLA1_DTLB1_DTLM0_DTVA0_DTVB0_DTVMXSA0_DTVMXSB0_DTVSM0_DPLB0_EPS0_ELFLR0_EMLLn1_FDSI0_GRPM1_GRVWA8_GRVWB8_GSU0_GSUAMB_GLS0_HPLR0_ISA950_ICIW0_IU1_K1_LDSSI0_LDSTI0_LBSPPA1024_LBSPPB1024_LBSPPMXSA0_LBSPPMXSB0_LBSPPM0_LPA16_LPB16_LPMXSA0_LPMXSB0_LPM0_LRVW8_LWPMn1_MIAV0_MIWT8_8_MXLIBL_MXSFNS_MO40_MGRIPM1_NTn1_NTA0_NTB0_NTC4_NTD4_NTE0_NTG0_NTMXSA0_NTMXSB0_NTM0_NTWS0_NVn1_NVA0_NVB0_NVC0_NVD0_NVE0_NVG0_NVMXSA0_NVMXSB0_NVM0_NVWS0_NEPBS0_NLCA1_NLCB1_ONLL1_PAP0_PGL0_PGR2_PLR1_PKA1_RAP0_SGROB0_SIA3_SS1_SPO0_SRVW0_SSO4_SVW8_SK5_SKFTR0_SKFDPO0_SKWS0_SKXCCM0_SNLL0_SIP1_SGRO0_TDMI0_TDMIM0_TDMLWS0_TDMPLB0_TDMS0_TIN0_THn1_THA0_THB0_THC0_THD0_THE0_THG0_THMXSA0_THMXSB0_THM0_THWS0_TLDS1_TLDSM1_ULSGRO0_USL1_USLMX0_UDFMAC0_UIOFGRO0_UPLRP0_USFGRO0_USI0_VSn1_VWA8_VWB8_WSGRA0_WSGRB0_WS64_WG32_8_1_WGMXCCn1.kd,256,256,False,in: 256x256,>=512
32768,7168,8192,False,bfloat16,tuned,3424,3584,1592.5,1484.0,torch,native,gluon,0.0,,256,256,False,in: 256x256,>=512
32768,8192,8192,False,bfloat16,tuned,3641,4096,1602.2,1565.3,flydsl,flydsl_hgemm_abf16_wbf16_bf16_t256x256x64x2_ks1_w2x4x1_bias0_ktail0_gm0_pht_gfx950,gluon,0.0,,256,256,False,in: 256x256,>=512
32768,10240,8192,False,bfloat16,tuned,3996,5120,1602.6,1569.4,torch,native,gluon,0.0,,256,256,False,in: 256x256,>=512
32768,14336,8192,False,bfloat16,tuned,4498,7168,1606.6,1572.2,asm,_ZN5aiter24bf16gemm_bf16_tn_256x256E,gluon,0.0,,256,256,False,in: 256x256,>=512
32768,16384,8192,False,bfloat16,tuned,4681,8192,1607.1,1569.2,asm,_ZN5aiter24bf16gemm_bf16_tn_256x256E,gluon,0.0,,256,256,False,in: 256x256,>=512
32768,57344,8192,False,bfloat16,tuned,5881,28672,1593.3,1560.9,asm,_ZN5aiter24bf16gemm_bf16_tn_256x256E,gluon,0.0,,256,256,False,in: 256x256,>=512
512,6144,12288,False,bfloat16,tuned,455,48,423.4,944.6,torch,native,torch:hipBLASLt,123.1,Cijk_Alik_Bljk_BBS_BH_Bias_HA_S_SAV_UserArgs_MT192x256x64_MI16x16x1_CMS_SN_LDSB0_AFC0_AG0_AGGSUA0_AGNTAB0_AFEM1_AFEM1_ASEM1_BL1_BS1_CD1_1_CLR1_CLS0_CADS0_DTLA1_DTLB1_DTLM0_DTVA0_DTVB0_DTVMXSA0_DTVMXSB0_DTVSM0_DPLB0_EPS0_ELFLR0_EMLLn1_FDSI0_GRPM1_GRVWA8_GRVWB8_GSU0_GSUAMB_GLS0_HPLR0_ISA950_ICIW0_IU1_K1_LDSSI0_LDSTI0_LBSPPA1024_LBSPPB1024_LBSPPMXSA0_LBSPPMXSB0_LBSPPM0_LPA16_LPB16_LPMXSA0_LPMXSB0_LPM0_LRVW8_LWPMn1_MIAV0_MIWT6_8_MXLIBL_MXSFNS_MO40_MGRIPM1_NTn1_NTA4_NTB0_NTC0_NTD4_NTE0_NTG0_NTMXSA0_NTMXSB0_NTM0_NTWS0_NVn1_NVA0_NVB0_NVC0_NVD0_NVE0_NVG0_NVMXSA0_NVMXSB0_NVM0_NVWS0_NEPBS0_NLCA1_NLCB1_ONLL1_PAP0_PGL0_PGR2_PLR1_PKA1_RAP0_SGROB0_SIA3_SS1_SPO0_SRVW0_SSO1_SVW2_SK5_SKFTR0_SKFDPO0_SKWS0_SKXCCM0_SNLL0_SIP1_SGRO0_TDMI0_TDMIM0_TDMLWS0_TDMPLB0_TDMS0_TIN0_THn1_THA0_THB0_THC0_THD0_THE0_THG0_THMXSA0_THMXSB0_THM0_THWS0_TLDS1_TLDSM1_ULSGRO0_USL1_USLMX0_UDFMAC0_UIOFGRO0_UPLRP0_USFGRO0_USI0_VSn1_VWA2_VWB8_WSGRA0_WSGRB0_WS64_WG32_8_1_WGMXCCn1.kd,192,256,False,in: non-pow2 tile,<128
1024,6144,12288,False,bfloat16,tuned,819,96,835.0,1088.3,torch,native,torch:hipBLASLt,30.3,Cijk_Alik_Bljk_BBS_BH_Bias_HA_S_SAV_UserArgs_MT192x128x128_MI16x16x1_SN_LDSB1_AFC0_AG0_AGGSUA0_AGNTAB0_AFEM1_AFEM1_ASEM1_BL1_BS1_CD1_1_CLR0_CLS0_CADS0_DTLA0_DTLB0_DTLM0_DTVA0_DTVB0_DTVMXSA0_DTVMXSB0_DTVSM0_DPLB0_EPS0_ELFLR0_EMLLn1_FDSI0_GRPM1_GRVWA8_GRVWB8_GSU0_GSUAMB_GLS0_HPLR0_ISA950_ICIW0_IU1_K1_LDSSI0_LDSTI0_LBSPPA512_LBSPPB1024_LBSPPMXSA0_LBSPPMXSB0_LBSPPM0_LPA16_LPB16_LPMXSA0_LPMXSB0_LPM0_LRVW8_LWPMn1_MIAV0_MIWT6_4_MXLIBL_MXSFNS_MO40_MGRIPM1_NTn1_NTA0_NTB0_NTC1_NTD4_NTE0_NTG0_NTMXSA0_NTMXSB0_NTM0_NTWS0_NVn1_NVA0_NVB0_NVC0_NVD0_NVE0_NVG0_NVMXSA0_NVMXSB0_NVM0_NVWS0_NEPBS0_NLCA1_NLCB1_ONLL1_PAP0_PGL0_PGR2_PLR1_PKA1_RAP0_SGROB0_SIA3_SS1_SPO0_SRVW0_SSO1_SVW2_SK5_SKFTR0_SKFDPO0_SKWS0_SKXCCM0_SNLL0_SIP1_SGRO0_TDMI0_TDMIM0_TDMLWS0_TDMPLB0_TDMS0_TIN0_THn1_THA0_THB0_THC0_THD0_THE0_THG0_THMXSA0_THMXSB0_THM0_THWS0_TLDS2_TLDSM1_ULSGRO0_USL1_USLMX0_UDFMAC0_UIOFGRO0_UPLRP0_USFGRO0_USI0_VSn1_VWA2_VWB4_WSGRA0_WSGRB0_WS64_WG32_8_1_WGMXCCn1.kd,192,128,False,in: non-pow2 tile,<128
2048,6144,12288,False,bfloat16,tuned,1365,192,1413.7,1520.2,torch,native,torch:hipBLASLt,7.5,Cijk_Alik_Bljk_BBS_BH_Bias_HA_S_SAV_UserArgs_MT192x256x64_MI16x16x1_CMS_SN_LDSB0_AFC0_AG0_AGGSUA0_AGNTAB0_AFEM1_AFEM1_ASEM1_BL1_BS1_CD1_1_CLR1_CLS0_CADS0_DTLA1_DTLB1_DTLM0_DTVA0_DTVB0_DTVMXSA0_DTVMXSB0_DTVSM0_DPLB0_EPS0_ELFLR0_EMLLn1_FDSI0_GRPM1_GRVWA8_GRVWB8_GSU0_GSUAMB_GLS0_HPLR0_ISA950_ICIW0_IU1_K1_LDSSI0_LDSTI0_LBSPPA1024_LBSPPB1024_LBSPPMXSA0_LBSPPMXSB0_LBSPPM0_LPA16_LPB16_LPMXSA0_LPMXSB0_LPM0_LRVW8_LWPMn1_MIAV0_MIWT6_8_MXLIBL_MXSFNS_MO40_MGRIPM1_NTn1_NTA0_NTB0_NTC0_NTD4_NTE0_NTG0_NTMXSA0_NTMXSB0_NTM0_NTWS0_NVn1_NVA0_NVB0_NVC0_NVD0_NVE0_NVG0_NVMXSA0_NVMXSB0_NVM0_NVWS0_NEPBS0_NLCA1_NLCB1_ONLL1_PAP0_PGL0_PGR2_PLR1_PKA1_RAP0_SGROB0_SIA3_SS1_SPO0_SRVW0_SSO1_SVW2_SK5_SKFTR0_SKFDPO0_SKWS0_SKXCCM0_SNLL0_SIP1_SGRO0_TDMI0_TDMIM0_TDMLWS0_TDMPLB0_TDMS0_TIN0_THn1_THA0_THB0_THC0_THD0_THE0_THG0_THMXSA0_THMXSB0_THM0_THWS0_TLDS1_TLDSM1_ULSGRO0_USL1_USLMX0_UDFMAC0_UIOFGRO0_UPLRP0_USFGRO0_USI0_VSn1_VWA2_VWB8_WSGRA0_WSGRB0_WS64_WG32_8_1_WGMXCCn1.kd,192,256,False,in: non-pow2 tile,128-255
4096,6144,12288,False,bfloat16,tuned,2048,384,1378.4,1520.8,torch,native,torch:hipBLASLt,10.3,Cijk_Alik_Bljk_BBS_BH_Bias_HA_S_SAV_UserArgs_MT192x256x64_MI16x16x1_CMS_SN_LDSB0_AFC0_AG0_AGGSUA0_AGNTAB0_AFEM1_AFEM1_ASEM1_BL1_BS1_CD1_1_CLR1_CLS0_CADS0_DTLA1_DTLB1_DTLM0_DTVA0_DTVB0_DTVMXSA0_DTVMXSB0_DTVSM0_DPLB0_EPS0_ELFLR0_EMLLn1_FDSI0_GRPM1_GRVWA8_GRVWB8_GSU0_GSUAMB_GLS0_HPLR0_ISA950_ICIW0_IU1_K1_LDSSI0_LDSTI0_LBSPPA1024_LBSPPB1024_LBSPPMXSA0_LBSPPMXSB0_LBSPPM0_LPA16_LPB16_LPMXSA0_LPMXSB0_LPM0_LRVW8_LWPMn1_MIAV0_MIWT6_8_MXLIBL_MXSFNS_MO40_MGRIPM1_NTn1_NTA0_NTB0_NTC0_NTD4_NTE0_NTG0_NTMXSA0_NTMXSB0_NTM0_NTWS0_NVn1_NVA0_NVB0_NVC0_NVD0_NVE0_NVG0_NVMXSA0_NVMXSB0_NVM0_NVWS0_NEPBS0_NLCA1_NLCB1_ONLL1_PAP0_PGL0_PGR2_PLR1_PKA1_RAP0_SGROB0_SIA3_SS1_SPO0_SRVW0_SSO1_SVW2_SK5_SKFTR0_SKFDPO0_SKWS0_SKXCCM0_SNLL0_SIP1_SGRO0_TDMI0_TDMIM0_TDMLWS0_TDMPLB0_TDMS0_TIN0_THn1_THA0_THB0_THC0_THD0_THE0_THG0_THMXSA0_THMXSB0_THM0_THWS0_TLDS1_TLDSM1_ULSGRO0_USL1_USLMX0_UDFMAC0_UIOFGRO0_UPLRP0_USFGRO0_USI0_VSn1_VWA2_VWB8_WSGRA0_WSGRB0_WS64_WG32_8_1_WGMXCCn1.kd,192,256,False,in: non-pow2 tile,256-511
8192,6144,12288,False,bfloat16,tuned,2731,768,1590.4,1587.0,torch,native,gluon,0.0,,256,256,False,in: 256x256,>=512
16384,6144,12288,False,bfloat16,tuned,3277,1536,1575.6,1469.2,torch,native,gluon,0.0,,256,256,False,in: 256x256,>=512
32768,6144,12288,False,bfloat16,tuned,3641,3072,1576.0,1574.2,asm,_ZN5aiter24bf16gemm_bf16_tn_256x256E,gluon,0.0,,256,256,False,in: 256x256,>=512
512,16384,13312,False,bfloat16,tuned,479,128,930.8,710.6,flydsl,flydsl_hgemm_abf16_wbf16_bf16_t128x128x128x2_ks1_w4x2x1_bias0_ktail0_gm0_pft_gfx950,gluon,0.0,,256,256,False,in: 256x256,128-255
1024,16384,13312,False,bfloat16,tuned,899,256,1543.2,1496.8,asm,_ZN5aiter24bf16gemm_bf16_tn_256x256E,gluon,0.0,,256,256,False,in: 256x256,256-511
2048,16384,13312,False,bfloat16,tuned,1601,512,1585.5,1012.9,flydsl,flydsl_hgemm_abf16_wbf16_bf16_t128x128x64x2_ks1_w2x4x1_bias0_ktail0_gm0_pft_gfx950,gluon,0.0,,256,256,False,in: 256x256,>=512
4096,16384,13312,False,bfloat16,tuned,2630,1024,1615.7,1563.7,flydsl,flydsl_hgemm_abf16_wbf16_bf16_t256x256x64x2_ks1_w2x4x1_bias0_ktail0_gm4_pht_gfx950,gluon,0.0,,256,256,False,in: 256x256,>=512
8192,16384,13312,False,bfloat16,tuned,3873,2048,1594.2,1546.1,flydsl,flydsl_hgemm_abf16_wbf16_bf16_t256x256x64x2_ks1_w2x4x1_bias0_ktail0_gm4_pht_gfx950,gluon,0.0,,256,256,False,in: 256x256,>=512
16384,16384,13312,False,bfloat16,tuned,5071,4096,1587.7,1551.8,asm,_ZN5aiter24bf16gemm_bf16_tn_256x256E,gluon,0.0,,256,256,False,in: 256x256,>=512
32768,16384,13312,False,bfloat16,tuned,6000,8192,1592.7,1542.9,flydsl,flydsl_hgemm_abf16_wbf16_bf16_t256x256x64x2_ks1_w2x4x1_bias0_ktail0_gm4_pht_gfx950,gluon,0.0,,256,256,False,in: 256x256,>=512
512,2304,16384,False,bfloat16,tuned,408,18,162.4,560.9,torch,native,torch:hipBLASLt,245.4,Cijk_Alik_Bljk_BBS_BH_Bias_HA_S_SAV_UserArgs_MT144x256x64_MI16x16x1_SN_LDSB0_AFC0_AG0_AGGSUA0_AGNTAB0_AFEM1_AFEM1_ASEM1_BL1_BS1_CD1_1_CLR1_CLS0_CADS0_DTLA0_DTLB0_DTLM0_DTVA0_DTVB0_DTVMXSA0_DTVMXSB0_DTVSM0_DPLB0_EPS0_ELFLR0_EMLLn1_FDSI0_GRPM1_GRVWA4_GRVWB8_GSU0_GSUAMB_GLS0_HPLR0_ISA950_ICIW0_IU1_K1_LDSSI0_LDSTI0_LBSPPA128_LBSPPB512_LBSPPMXSA0_LBSPPMXSB0_LBSPPM0_LPA16_LPB16_LPMXSA0_LPMXSB0_LPM0_LRVW8_LWPMn1_MIAV0_MIWT9_4_MXLIBL_MXSFNS_MO40_MGRIPM1_NTn1_NTA0_NTB0_NTC0_NTD0_NTE0_NTG0_NTMXSA0_NTMXSB0_NTM0_NTWS0_NVn1_NVA0_NVB0_NVC0_NVD0_NVE0_NVG0_NVMXSA0_NVMXSB0_NVM0_NVWS0_NEPBS0_NLCA1_NLCB1_ONLL1_PAP0_PGL0_PGR2_PLR1_PKA1_RAP0_SGROB0_SIA3_SS1_SPO0_SRVW0_SSO0_SVW1_SK5_SKFTR0_SKFDPO0_SKWS0_SKXCCM0_SNLL0_SIP1_SGRO0_TDMI0_TDMIM0_TDMLWS0_TDMPLB0_TDMS0_TIN0_THn1_THA0_THB0_THC0_THD0_THE0_THG0_THMXSA0_THMXSB0_THM0_THWS0_TLDS1_TLDSM1_ULSGRO0_USL1_USLMX0_UDFMAC0_UIOFGRO0_UPLRP0_USFGRO0_USI0_VSn1_VWA1_VWB4_WSGRA0_WSGRB0_WS64_WG16_16_1_WGMXCCn1.kd,144,256,False,in: non-pow2 tile,<128
512,4608,16384,False,bfloat16,tuned,448,36,321.0,582.9,flydsl,flydsl_hgemm_abf16_wbf16_bf16_t64x64x64x3_ks1_w1x1x1_bias0_ktail0_gm4_pft_gfx950,flydsl:flydsl_hgemm_abf16_wbf16_bf16_t64x64x64x3_ks1_w1x1x1_bias0_ktail0_gm4_pft_gfx950,81.6,,64,64,False,out: smaller tile,<128
512,9216,16384,False,bfloat16,tuned,471,72,593.3,649.1,flydsl,flydsl_hgemm_abf16_wbf16_bf16_t256x128x64x2_ks1_w2x2x1_bias0_ktail0_gm0_pht_gfx950,flydsl:flydsl_hgemm_abf16_wbf16_bf16_t256x128x64x2_ks1_w2x2x1_bias0_ktail0_gm0_pht_gfx950,9.4,,256,128,False,in: other listed tile,<128
512,13312,16384,False,bfloat16,tuned,479,104,724.6,541.7,flydsl,flydsl_hgemm_abf16_wbf16_bf16_t64x128x64x5_ks1_w1x2x2_bias0_ktail0_gm4_pft_gfx950,gluon,0.0,,256,256,False,in: 256x256,<128
512,26624,16384,False,bfloat16,tuned,487,208,1292.0,764.8,flydsl,flydsl_hgemm_abf16_wbf16_bf16_t128x256x64x2_ks1_w4x4x1_bias0_ktail0_gm4_pft_gfx950,gluon,0.0,,256,256,False,in: 256x256,128-255
512,53248,16384,False,bfloat16,tuned,492,416,1320.5,657.1,flydsl,flydsl_hgemm_abf16_wbf16_bf16_t128x128x64x2_ks1_w2x4x1_bias0_ktail0_gm0_pht_gfx950,gluon,0.0,,256,256,False,in: 256x256,256-511
1024,2304,16384,False,bfloat16,tuned,680,36,320.4,641.6,torch,native,torch:hipBLASLt,100.2,Cijk_Alik_Bljk_BBS_BH_Bias_HA_S_SAV_UserArgs_MT384x208x64_MI16x16x1_SN_LDSB0_AFC0_AG0_AGGSUA0_AGNTAB0_AFEM1_AFEM1_ASEM1_BL1_BS1_CD1_1_CLR1_CLS0_CADS0_DTLA0_DTLB0_DTLM0_DTVA0_DTVB0_DTVMXSA0_DTVMXSB0_DTVSM0_DPLB0_EPS0_ELFLR0_EMLLn1_FDSI0_GRPM1_GRVWA8_GRVWB4_GSU0_GSUAMB_GLS0_HPLR0_ISA950_ICIW0_IU1_K1_LDSSI0_LDSTI0_LBSPPA0_LBSPPB0_LBSPPMXSA0_LBSPPMXSB0_LBSPPM0_LPA0_LPB0_LPMXSA0_LPMXSB0_LPM0_LRVWn1_LWPMn1_MIAV0_MIWT6_13_MXLIBL_MXSFNS_MO40_MGRIPM1_NTn1_NTA0_NTB0_NTC0_NTD0_NTE0_NTG0_NTMXSA0_NTMXSB0_NTM0_NTWS0_NVn1_NVA0_NVB0_NVC0_NVD0_NVE0_NVG0_NVMXSA0_NVMXSB0_NVM0_NVWS0_NEPBS0_NLCA1_NLCB1_ONLL1_PAP0_PGL0_PGR2_PLR1_PKA0_RAP0_SGROB0_SIA3_SS0_SPO0_SRVW0_SSO0_SVW4_SK5_SKFTR0_SKFDPO0_SKWS0_SKXCCM0_SNLL0_SIP1_SGRO0_TDMI0_TDMIM0_TDMLWS0_TDMPLB0_TDMS0_TIN0_THn1_THA0_THB0_THC0_THD0_THE0_THG0_THMXSA0_THMXSB0_THM0_THWS0_TLDS1_TLDSMn1_ULSGRO0_USL0_USLMX0_UDFMAC0_UIOFGRO0_UPLRP0_USFGRO0_USI1_VSn1_VWA1_VWB1_WSGRA0_WSGRB0_WS64_WG64_4_1_WGMXCCn1.kd,384,208,False,in: non-pow2 tile,<128
1024,4608,16384,False,bfloat16,tuned,797,72,640.1,840.1,flydsl,flydsl_hgemm_abf16_wbf16_bf16_t128x128x64x2_ks1_w4x2x1_bias0_ktail0_gm4_pft_gfx950,flydsl:flydsl_hgemm_abf16_wbf16_bf16_t128x128x64x2_ks1_w4x2x1_bias0_ktail0_gm4_pft_gfx950,31.2,,128,128,False,in: other listed tile,<128
1024,9216,16384,False,bfloat16,tuned,873,144,1136.7,714.5,flydsl,flydsl_hgemm_abf16_wbf16_bf16_t128x256x64x2_ks1_w2x4x1_bias0_ktail0_gm0_pht_gfx950,gluon,0.0,,256,256,False,in: 256x256,128-255
1024,13312,16384,False,bfloat16,tuned,899,208,1372.3,1341.3,asm,_ZN5aiter24bf16gemm_bf16_tn_256x256E,gluon,0.0,,256,256,False,in: 256x256,128-255
1024,26624,16384,False,bfloat16,tuned,930,416,1387.3,959.8,flydsl,flydsl_hgemm_abf16_wbf16_bf16_t128x256x64x3_ks1_w2x4x1_bias0_ktail0_gm4_pft_gfx950,gluon,0.0,,256,256,False,in: 256x256,256-511
1024,53248,16384,False,bfloat16,tuned,947,832,1362.7,995.6,triton,auto,gluon,0.0,,256,256,False,in: 256x256,>=512
2048,2304,16384,False,bfloat16,tuned,1017,72,640.2,505.9,torch,native,gluon,0.0,,256,256,False,in: 256x256,<128
2048,4608,16384,False,bfloat16,tuned,1305,144,1221.5,730.6,flydsl,flydsl_hgemm_abf16_wbf16_bf16_t256x128x64x3_ks1_w4x2x1_bias0_ktail0_gm4_pft_gfx950,gluon,0.0,,256,256,False,in: 256x256,128-255
2048,9216,16384,False,bfloat16,tuned,1520,288,1092.0,918.3,flydsl,flydsl_hgemm_abf16_wbf16_bf16_t128x128x128x2_ks1_w2x2x1_bias0_ktail0_gm4_pht_gfx950,gluon,0.0,,256,256,False,in: 256x256,256-511
2048,13312,16384,False,bfloat16,tuned,1601,416,1416.2,1370.4,flydsl,flydsl_hgemm_abf16_wbf16_bf16_t256x256x64x2_ks1_w2x4x1_bias0_ktail0_gm4_pht_gfx950,gluon,0.0,,256,256,False,in: 256x256,256-511
2048,26624,16384,False,bfloat16,tuned,1704,832,1418.5,915.3,flydsl,flydsl_hgemm_abf16_wbf16_bf16_t128x128x64x4_ks1_w2x2x1_bias0_ktail0_gm4_pft_gfx950,gluon,0.0,,256,256,False,in: 256x256,>=512
2048,53248,16384,False,bfloat16,tuned,1760,1664,1523.2,801.8,flydsl,flydsl_hgemm_abf16_wbf16_bf16_t128x256x64x3_ks1_w2x4x1_bias0_ktail0_gm0_pft_gfx950,gluon,0.0,,256,256,False,in: 256x256,>=512
4096,2304,16384,False,bfloat16,tuned,1353,144,1222.5,1343.1,torch,native,torch:hipBLASLt,9.9,Cijk_Alik_Bljk_BBS_BH_Bias_HA_S_SAV_UserArgs_MT256x320x64_MI16x16x1_SN_LDSB0_AFC0_AG0_AGGSUA0_AGNTAB0_AFEM1_AFEM1_ASEM1_BL1_BS1_CD1_1_CLR1_CLS0_CADS0_DTLA0_DTLB0_DTLM0_DTVA0_DTVB0_DTVMXSA0_DTVMXSB0_DTVSM0_DPLB0_EPS0_ELFLR0_EMLLn1_FDSI0_GRPM1_GRVWA8_GRVWB8_GSU0_GSUAMB_GLS0_HPLR0_ISA950_ICIW0_IU1_K1_LDSSI0_LDSTI0_LBSPPA0_LBSPPB0_LBSPPMXSA0_LBSPPMXSB0_LBSPPM0_LPA0_LPB0_LPMXSA0_LPMXSB0_LPM0_LRVWn1_LWPMn1_MIAV0_MIWT16_5_MXLIBL_MXSFNS_MO40_MGRIPM1_NTn1_NTA0_NTB0_NTC0_NTD0_NTE0_NTG0_NTMXSA0_NTMXSB0_NTM0_NTWS0_NVn1_NVA0_NVB0_NVC0_NVD0_NVE0_NVG0_NVMXSA0_NVMXSB0_NVM0_NVWS0_NEPBS0_NLCA1_NLCB1_ONLL1_PAP0_PGL0_PGR2_PLR1_PKA0_RAP0_SGROB0_SIA3_SS0_SPO0_SRVW0_SSO0_SVW4_SK5_SKFTR0_SKFDPO0_SKWS0_SKXCCM0_SNLL0_SIP1_SGRO0_TDMI0_TDMIM0_TDMLWS0_TDMPLB0_TDMS0_TIN0_THn1_THA0_THB0_THC0_THD0_THE0_THG0_THMXSA0_THMXSB0_THM0_THWS0_TLDS1_TLDSMn1_ULSGRO0_USL0_USLMX0_UDFMAC0_UIOFGRO0_UPLRP0_USFGRO0_USI1_VSn1_VWA1_VWB1_WSGRA0_WSGRB0_WS64_WG16_16_1_WGMXCCn1.kd,256,320,False,in: non-pow2 tile,128-255
4096,4608,16384,False,bfloat16,tuned,1915,288,1096.1,1449.7,torch,native,torch:hipBLASLt,32.3,Cijk_Alik_Bljk_BBS_BH_Bias_HA_S_SAV_UserArgs_MT256x320x64_MI16x16x1_SN_LDSB0_AFC0_AG0_AGGSUA0_AGNTAB0_AFEM1_AFEM1_ASEM1_BL1_BS1_CD1_1_CLR1_CLS0_CADS0_DTLA0_DTLB0_DTLM0_DTVA0_DTVB0_DTVMXSA0_DTVMXSB0_DTVSM0_DPLB0_EPS0_ELFLR0_EMLLn1_FDSI0_GRPM1_GRVWA8_GRVWB8_GSU0_GSUAMB_GLS0_HPLR0_ISA950_ICIW0_IU1_K1_LDSSI0_LDSTI0_LBSPPA0_LBSPPB0_LBSPPMXSA0_LBSPPMXSB0_LBSPPM0_LPA0_LPB0_LPMXSA0_LPMXSB0_LPM0_LRVWn1_LWPMn1_MIAV0_MIWT16_5_MXLIBL_MXSFNS_MO40_MGRIPM1_NTn1_NTA0_NTB0_NTC0_NTD0_NTE0_NTG0_NTMXSA0_NTMXSB0_NTM0_NTWS0_NVn1_NVA0_NVB0_NVC0_NVD0_NVE0_NVG0_NVMXSA0_NVMXSB0_NVM0_NVWS0_NEPBS0_NLCA1_NLCB1_ONLL1_PAP0_PGL0_PGR2_PLR1_PKA0_RAP0_SGROB0_SIA3_SS0_SPO0_SRVW0_SSO0_SVW4_SK5_SKFTR0_SKFDPO0_SKWS0_SKXCCM0_SNLL0_SIP1_SGRO0_TDMI0_TDMIM0_TDMLWS0_TDMPLB0_TDMS0_TIN0_THn1_THA0_THB0_THC0_THD0_THE0_THG0_THMXSA0_THMXSB0_THM0_THWS0_TLDS1_TLDSMn1_ULSGRO0_USL0_USLMX0_UDFMAC0_UIOFGRO0_UPLRP0_USFGRO0_USI1_VSn1_VWA1_VWB1_WSGRA0_WSGRB0_WS64_WG16_16_1_WGMXCCn1.kd,256,320,False,in: non-pow2 tile,256-511
4096,9216,16384,False,bfloat16,tuned,2417,576,1373.8,1456.4,torch,native,torch:hipBLASLt,6.0,Cijk_Alik_Bljk_BBS_BH_Bias_HA_S_SAV_UserArgs_MT240x320x64_MI16x16x1_SN_LDSB0_AFC0_AG0_AGGSUA0_AGNTAB0_AFEM1_AFEM1_ASEM1_BL1_BS1_CD1_1_CLR1_CLS0_CADS0_DTLA0_DTLB0_DTLM0_DTVA0_DTVB0_DTVMXSA0_DTVMXSB0_DTVSM0_DPLB0_EPS0_ELFLR0_EMLLn1_FDSI0_GRPM1_GRVWA4_GRVWB8_GSU0_GSUAMB_GLS0_HPLR0_ISA950_ICIW0_IU1_K1_LDSSI0_LDSTI0_LBSPPA0_LBSPPB0_LBSPPMXSA0_LBSPPMXSB0_LBSPPM0_LPA0_LPB0_LPMXSA0_LPMXSB0_LPM0_LRVWn1_LWPMn1_MIAV0_MIWT15_5_MXLIBL_MXSFNS_MO40_MGRIPM1_NTn1_NTA0_NTB0_NTC0_NTD0_NTE0_NTG0_NTMXSA0_NTMXSB0_NTM0_NTWS0_NVn1_NVA0_NVB0_NVC0_NVD0_NVE0_NVG0_NVMXSA0_NVMXSB0_NVM0_NVWS0_NEPBS0_NLCA1_NLCB1_ONLL1_PAP0_PGL0_PGR2_PLR1_PKA0_RAP0_SGROB0_SIA3_SS0_SPO0_SRVW0_SSO0_SVW4_SK5_SKFTR0_SKFDPO0_SKWS0_SKXCCM0_SNLL0_SIP1_SGRO0_TDMI0_TDMIM0_TDMLWS0_TDMPLB0_TDMS0_TIN0_THn1_THA0_THB0_THC0_THD0_THE0_THG0_THMXSA0_THMXSB0_THM0_THWS0_TLDS1_TLDSMn1_ULSGRO0_USL0_USLMX0_UDFMAC0_UIOFGRO0_UPLRP0_USFGRO0_USI1_VSn1_VWA1_VWB1_WSGRA0_WSGRB0_WS64_WG16_16_1_WGMXCCn1.kd,240,320,False,in: non-pow2 tile,>=512
4096,13312,16384,False,bfloat16,tuned,2630,832,1426.7,1389.0,flydsl,flydsl_hgemm_abf16_wbf16_bf16_t256x256x64x2_ks1_w2x4x1_bias0_ktail0_gm4_pht_gfx950,gluon,0.0,,256,256,False,in: 256x256,>=512
4096,26624,16384,False,bfloat16,tuned,2918,1664,1545.3,1504.9,flydsl,flydsl_hgemm_abf16_wbf16_bf16_t256x256x64x2_ks1_w2x4x1_bias0_ktail0_gm4_pht_gfx950,gluon,0.0,,256,256,False,in: 256x256,>=512
4096,53248,16384,False,bfloat16,tuned,3087,3328,1615.3,1563.2,flydsl,flydsl_hgemm_abf16_wbf16_bf16_t256x256x64x2_ks1_w2x4x1_bias0_ktail0_gm4_pht_gfx950,gluon,0.0,,256,256,False,in: 256x256,>=512
8192,2304,16384,False,bfloat16,tuned,1620,288,968.6,1461.1,torch,native,torch:hipBLASLt,50.8,Cijk_Alik_Bljk_BBS_BH_Bias_HA_S_SAV_UserArgs_MT288x288x64_MI16x16x1_SN_LDSB0_AFC0_AG0_AGGSUA0_AGNTAB0_AFEM1_AFEM1_ASEM1_BL1_BS1_CD1_1_CLR1_CLS0_CADS0_DTLA0_DTLB0_DTLM0_DTVA0_DTVB0_DTVMXSA0_DTVMXSB0_DTVSM0_DPLB0_EPS0_ELFLR0_EMLLn1_FDSI0_GRPM1_GRVWA8_GRVWB8_GSU0_GSUAMB_GLS0_HPLR0_ISA950_ICIW0_IU1_K1_LDSSI0_LDSTI0_LBSPPA0_LBSPPB0_LBSPPMXSA0_LBSPPMXSB0_LBSPPM0_LPA0_LPB0_LPMXSA0_LPMXSB0_LPM0_LRVWn1_LWPMn1_MIAV0_MIWT9_9_MXLIBL_MXSFNS_MO40_MGRIPM1_NTn1_NTA0_NTB0_NTC0_NTD0_NTE0_NTG0_NTMXSA0_NTMXSB0_NTM0_NTWS0_NVn1_NVA0_NVB0_NVC0_NVD0_NVE0_NVG0_NVMXSA0_NVMXSB0_NVM0_NVWS0_NEPBS0_NLCA1_NLCB1_ONLL1_PAP0_PGL0_PGR2_PLR1_PKA0_RAP0_SGROB0_SIA3_SS0_SPO0_SRVW0_SSO0_SVW4_SK5_SKFTR0_SKFDPO0_SKWS0_SKXCCM0_SNLL0_SIP1_SGRO0_TDMI0_TDMIM0_TDMLWS0_TDMPLB0_TDMS0_TIN0_THn1_THA0_THB0_THC0_THD0_THE0_THG0_THMXSA0_THMXSB0_THM0_THWS0_TLDS1_TLDSMn1_ULSGRO0_USL0_USLMX0_UDFMAC0_UIOFGRO0_UPLRP0_USFGRO0_USI1_VSn1_VWA1_VWB1_WSGRA0_WSGRB0_WS64_WG32_8_1_WGMXCCn1.kd,288,288,False,in: non-pow2 tile,256-511
8192,4608,16384,False,bfloat16,tuned,2499,576,1327.7,1455.0,torch,native,torch:hipBLASLt,9.6,Cijk_Alik_Bljk_BBS_BH_Bias_HA_S_SAV_UserArgs_MT288x288x64_MI16x16x1_SN_LDSB0_AFC0_AG0_AGGSUA0_AGNTAB0_AFEM1_AFEM1_ASEM1_BL1_BS1_CD1_1_CLR1_CLS0_CADS0_DTLA0_DTLB0_DTLM0_DTVA0_DTVB0_DTVMXSA0_DTVMXSB0_DTVSM0_DPLB0_EPS0_ELFLR0_EMLLn1_FDSI0_GRPM1_GRVWA8_GRVWB8_GSU0_GSUAMB_GLS0_HPLR0_ISA950_ICIW0_IU1_K1_LDSSI0_LDSTI0_LBSPPA0_LBSPPB0_LBSPPMXSA0_LBSPPMXSB0_LBSPPM0_LPA0_LPB0_LPMXSA0_LPMXSB0_LPM0_LRVWn1_LWPMn1_MIAV0_MIWT9_9_MXLIBL_MXSFNS_MO40_MGRIPM1_NTn1_NTA0_NTB0_NTC0_NTD0_NTE0_NTG0_NTMXSA0_NTMXSB0_NTM0_NTWS0_NVn1_NVA0_NVB0_NVC0_NVD0_NVE0_NVG0_NVMXSA0_NVMXSB0_NVM0_NVWS0_NEPBS0_NLCA1_NLCB1_ONLL1_PAP0_PGL0_PGR2_PLR1_PKA0_RAP0_SGROB0_SIA3_SS0_SPO0_SRVW0_SSO0_SVW4_SK5_SKFTR0_SKFDPO0_SKWS0_SKXCCM0_SNLL0_SIP1_SGRO0_TDMI0_TDMIM0_TDMLWS0_TDMPLB0_TDMS0_TIN0_THn1_THA0_THB0_THC0_THD0_THE0_THG0_THMXSA0_THMXSB0_THM0_THWS0_TLDS1_TLDSMn1_ULSGRO0_USL0_USLMX0_UDFMAC0_UIOFGRO0_UPLRP0_USFGRO0_USI1_VSn1_VWA1_VWB1_WSGRA0_WSGRB0_WS64_WG32_8_1_WGMXCCn1.kd,288,288,False,in: non-pow2 tile,>=512
8192,9216,16384,False,bfloat16,tuned,3429,1152,1472.1,1426.1,flydsl,flydsl_hgemm_abf16_wbf16_bf16_t256x256x64x2_ks1_w2x4x1_bias0_ktail0_gm0_pht_gfx950,gluon,0.0,,256,256,False,in: 256x256,>=512
8192,13312,16384,False,bfloat16,tuned,3873,1664,1503.4,1468.9,flydsl,flydsl_hgemm_abf16_wbf16_bf16_t256x256x64x2_ks1_w2x4x1_bias0_ktail0_gm4_pht_gfx950,gluon,0.0,,256,256,False,in: 256x256,>=512
8192,26624,16384,False,bfloat16,tuned,4532,3328,1575.6,1541.4,flydsl,flydsl_hgemm_abf16_wbf16_bf16_t256x256x64x2_ks1_w2x4x1_bias0_ktail0_gm4_pht_gfx950,gluon,0.0,,256,256,False,in: 256x256,>=512
8192,53248,16384,False,bfloat16,tuned,4953,6656,1568.3,1543.9,flydsl,flydsl_hgemm_abf16_wbf16_bf16_t256x256x64x2_ks1_w2x4x1_bias0_ktail0_gm4_pht_gfx950,gluon,0.0,,256,256,False,in: 256x256,>=512
16384,2304,16384,False,bfloat16,tuned,1798,576,1312.4,1470.6,torch,native,torch:hipBLASLt,12.1,Cijk_Alik_Bljk_BBS_BH_Bias_HA_S_SAV_UserArgs_MT288x288x64_MI16x16x1_SN_LDSB0_AFC0_AG0_AGGSUA0_AGNTAB0_AFEM1_AFEM1_ASEM1_BL1_BS1_CD1_1_CLR1_CLS0_CADS0_DTLA0_DTLB0_DTLM0_DTVA0_DTVB0_DTVMXSA0_DTVMXSB0_DTVSM0_DPLB0_EPS0_ELFLR0_EMLLn1_FDSI0_GRPM1_GRVWA8_GRVWB8_GSU0_GSUAMB_GLS0_HPLR0_ISA950_ICIW0_IU1_K1_LDSSI0_LDSTI0_LBSPPA0_LBSPPB0_LBSPPMXSA0_LBSPPMXSB0_LBSPPM0_LPA0_LPB0_LPMXSA0_LPMXSB0_LPM0_LRVWn1_LWPMn1_MIAV0_MIWT9_9_MXLIBL_MXSFNS_MO40_MGRIPM1_NTn1_NTA0_NTB0_NTC0_NTD0_NTE0_NTG0_NTMXSA0_NTMXSB0_NTM0_NTWS0_NVn1_NVA0_NVB0_NVC0_NVD0_NVE0_NVG0_NVMXSA0_NVMXSB0_NVM0_NVWS0_NEPBS0_NLCA1_NLCB1_ONLL1_PAP0_PGL0_PGR2_PLR1_PKA0_RAP0_SGROB0_SIA3_SS0_SPO0_SRVW0_SSO0_SVW4_SK5_SKFTR0_SKFDPO0_SKWS0_SKXCCM0_SNLL0_SIP1_SGRO0_TDMI0_TDMIM0_TDMLWS0_TDMPLB0_TDMS0_TIN0_THn1_THA0_THB0_THC0_THD0_THE0_THG0_THMXSA0_THMXSB0_THM0_THWS0_TLDS1_TLDSMn1_ULSGRO0_USL0_USLMX0_UDFMAC0_UIOFGRO0_UPLRP0_USFGRO0_USI1_VSn1_VWA1_VWB1_WSGRA0_WSGRB0_WS64_WG32_8_1_WGMXCCn1.kd,288,288,False,in: non-pow2 tile,>=512
16384,4608,16384,False,bfloat16,tuned,2949,1152,1474.5,1437.9,flydsl,flydsl_hgemm_abf16_wbf16_bf16_t256x256x64x2_ks1_w2x4x1_bias0_ktail0_gm4_pht_gfx950,gluon,0.0,,256,256,False,in: 256x256,>=512
16384,9216,16384,False,bfloat16,tuned,4337,2304,1578.7,1533.7,flydsl,flydsl_hgemm_abf16_wbf16_bf16_t256x256x64x2_ks1_w2x4x1_bias0_ktail0_gm4_pht_gfx950,gluon,0.0,,256,256,False,in: 256x256,>=512
16384,13312,16384,False,bfloat16,tuned,5071,3328,1582.6,1541.5,asm,_ZN5aiter24bf16gemm_bf16_tn_256x256E,gluon,0.0,,256,256,False,in: 256x256,>=512
16384,26624,16384,False,bfloat16,tuned,6264,6656,1583.5,1551.9,flydsl,flydsl_hgemm_abf16_wbf16_bf16_t256x256x64x2_ks1_w2x4x1_bias0_ktail0_gm4_pht_gfx950,gluon,0.0,,256,256,False,in: 256x256,>=512
16384,53248,16384,False,bfloat16,tuned,7100,13312,1576.8,1529.5,asm,_ZN5aiter24bf16gemm_bf16_tn_256x256E,gluon,0.0,,256,256,False,in: 256x256,>=512
32768,2304,16384,False,bfloat16,tuned,1903,1152,1458.0,1424.5,flydsl,flydsl_hgemm_abf16_wbf16_bf16_t256x256x64x2_ks1_w2x4x1_bias0_ktail0_gm4_pht_gfx950,gluon,0.0,,256,256,False,in: 256x256,>=512
32768,4608,16384,False,bfloat16,tuned,3241,2304,1568.0,1498.7,torch,native,gluon,0.0,,256,256,False,in: 256x256,>=512
32768,9216,16384,False,bfloat16,tuned,4999,4608,1579.1,1508.1,asm,_ZN5aiter24bf16gemm_bf16_tn_256x256E,gluon,0.0,,256,256,False,in: 256x256,>=512
32768,13312,16384,False,bfloat16,tuned,6000,6656,1570.6,1539.6,asm,_ZN5aiter24bf16gemm_bf16_tn_256x256E,gluon,0.0,,256,256,False,in: 256x256,>=512
32768,26624,16384,False,bfloat16,tuned,7745,13312,1578.5,1550.2,flydsl,flydsl_hgemm_abf16_wbf16_bf16_t256x256x64x2_ks1_w2x4x1_bias0_ktail0_gm4_pht_gfx950,gluon,0.0,,256,256,False,in: 256x256,>=512
32768,53248,16384,False,bfloat16,tuned,9063,26624,1571.3,1544.8,flydsl,flydsl_hgemm_abf16_wbf16_bf16_t256x256x64x2_ks1_w2x4x1_bias0_ktail0_gm4_pht_gfx950,gluon,0.0,,256,256,False,in: 256x256,>=512
512,6144,18432,False,bfloat16,tuned,461,48,425.8,925.8,flydsl,flydsl_hgemm_abf16_wbf16_bf16_t128x256x64x3_ks2_w2x4x2_bias0_ktail0_gm0_pft_gfx950,flydsl:flydsl_hgemm_abf16_wbf16_bf16_t128x256x64x3_ks2_w2x4x2_bias0_ktail0_gm0_pft_gfx950,117.4,,128,256,True,out: split-K,<128
1024,6144,18432,False,bfloat16,tuned,838,96,783.1,1293.9,torch,native,torch:hipBLASLt,65.2,Cijk_Alik_Bljk_BBS_BH_Bias_HA_S_SAV_UserArgs_MT192x256x64_MI16x16x1_CMS_SN_LDSB0_AFC0_AG1_AGGSUA0_AGNTAB0_AFEM1_AFEM1_ASEM1_BL1_BS1_CD1_1_CLR1_CLS0_CADS0_DTLA1_DTLB1_DTLM0_DTVA0_DTVB0_DTVMXSA0_DTVMXSB0_DTVSM0_DPLB0_EPS0_ELFLR0_EMLL0_FDSI0_GRPM1_GRVWA8_GRVWB8_GSU0_GSUAMB_GLS0_HPLR0_ISA950_ICIW0_IU1_K1_LDSSI0_LDSTI0_LBSPPA1024_LBSPPB1024_LBSPPMXSA0_LBSPPMXSB0_LBSPPM0_LPA32_LPB16_LPMXSA0_LPMXSB0_LPMn1_LRVW8_LWPMn1_MIAV0_MIWT6_8_MXLIBL_MXSFNS_MO64_MGRIPM1_NTn1_NTA4_NTB0_NTC0_NTD0_NTE0_NTG0_NTMXSA0_NTMXSB0_NTM0_NTWS0_NVn1_NVA0_NVB0_NVC0_NVD0_NVE0_NVG0_NVMXSA0_NVMXSB0_NVM0_NVWS0_NEPBS14_NLCA1_NLCB1_ONLL1_PAP0_PGL0_PGR2_PLR1_PKA1_RAP0_SGROB1_SIA3_SS1_SPO1_SRVW0_SSO0_SVW2_SK5_SKFTR0_SKFDPO0_SKWS0_SKXCCM0_SNLL0_SIP1_SGRO0_TDMI0_TDMIM0_TDMLWS0_TDMPLB0_TDMS0_TIN0_THn1_THA0_THB0_THC0_THD0_THE0_THG0_THMXSA0_THMXSB0_THM0_THWS0_TLDS1_TLDSMn1_ULSGRO0_USL1_USLMX0_UDFMAC0_UIOFGRO0_UPLRP0_USFGRO0_USI0_VSn1_VWA2_VWB8_WSGRA0_WSGRB0_WS64_WG32_8_1_WGMXCC1.kd,192,256,False,in: non-pow2 tile,<128
2048,6144,18432,False,bfloat16,tuned,1418,192,1352.8,1403.0,torch,native,torch:hipBLASLt,3.7,Cijk_Alik_Bljk_BBS_BH_Bias_HA_S_SAV_UserArgs_MT192x256x64_MI16x16x1_CMS_SN_LDSB0_AFC0_AG1_AGGSUA0_AGNTAB0_AFEM1_AFEM1_ASEM1_BL1_BS1_CD1_1_CLR0_CLS0_CADS0_DTLA1_DTLB1_DTLM0_DTVA0_DTVB0_DTVMXSA0_DTVMXSB0_DTVSM0_DPLB0_EPS0_ELFLR0_EMLL0_FDSI0_GRPM1_GRVWA8_GRVWB8_GSU0_GSUAMB_GLS0_HPLR0_ISA950_ICIW0_IU1_K1_LDSSI0_LDSTI0_LBSPPA1024_LBSPPB1024_LBSPPMXSA0_LBSPPMXSB0_LBSPPM0_LPA32_LPB16_LPMXSA0_LPMXSB0_LPMn1_LRVW8_LWPMn1_MIAV0_MIWT6_8_MXLIBL_MXSFNS_MO64_MGRIPM1_NTn1_NTA0_NTB0_NTC0_NTD4_NTE0_NTG0_NTMXSA0_NTMXSB0_NTM0_NTWS0_NVn1_NVA0_NVB0_NVC0_NVD0_NVE0_NVG0_NVMXSA0_NVMXSB0_NVM0_NVWS0_NEPBS10_NLCA1_NLCB1_ONLL1_PAP0_PGL0_PGR2_PLR1_PKA1_RAP0_SGROB1_SIA3_SS0_SPO1_SRVW0_SSO1_SVW8_SK5_SKFTR0_SKFDPO0_SKWS0_SKXCCM8_SNLL0_SIP1_SGRO0_TDMI0_TDMIM0_TDMLWS0_TDMPLB0_TDMS0_TIN0_THn1_THA0_THB0_THC0_THD0_THE0_THG0_THMXSA0_THMXSB0_THM0_THWS0_TLDS1_TLDSMn1_ULSGRO0_USL1_USLMX0_UDFMAC0_UIOFGRO0_UPLRP0_USFGRO0_USI0_VSn1_VWA2_VWB8_WSGRA0_WSGRB0_WS64_WG32_8_1_WGMXCC1.kd,192,256,False,in: non-pow2 tile,128-255
4096,6144,18432,False,bfloat16,tuned,2168,384,1387.2,1508.1,torch,native,torch:hipBLASLt,8.7,Cijk_Alik_Bljk_BBS_BH_Bias_HA_S_SAV_UserArgs_MT256x256x64_MI16x16x1_CMS_SN_LDSB0_AFC0_AG1_AGGSUA0_AGNTAB0_AFEM1_AFEM1_ASEM1_BL1_BS1_CD1_1_CLR0_CLS0_CADS0_DTLA1_DTLB1_DTLM0_DTVA0_DTVB0_DTVMXSA0_DTVMXSB0_DTVSM0_DPLB0_EPS0_ELFLR0_EMLL0_FDSI0_GRPM1_GRVWA8_GRVWB8_GSU0_GSUAMB_GLS0_HPLR0_ISA950_ICIW0_IU1_K1_LDSSI0_LDSTI0_LBSPPA1024_LBSPPB1024_LBSPPMXSA0_LBSPPMXSB0_LBSPPM0_LPA16_LPB16_LPMXSA0_LPMXSB0_LPMn1_LRVW8_LWPMn1_MIAV0_MIWT8_8_MXLIBL_MXSFNS_MO64_MGRIPM1_NTn1_NTA0_NTB0_NTC0_NTD4_NTE0_NTG0_NTMXSA0_NTMXSB0_NTM0_NTWS0_NVn1_NVA0_NVB0_NVC0_NVD0_NVE0_NVG0_NVMXSA0_NVMXSB0_NVM0_NVWS0_NEPBS10_NLCA1_NLCB1_ONLL1_PAP0_PGL0_PGR2_PLR1_PKA1_RAP0_SGROB1_SIA3_SS1_SPO1_SRVW0_SSO4_SVW8_SK5_SKFTR0_SKFDPO0_SKWS0_SKXCCM0_SNLL0_SIP1_SGRO0_TDMI0_TDMIM0_TDMLWS0_TDMPLB0_TDMS0_TIN0_THn1_THA0_THB0_THC0_THD0_THE0_THG0_THMXSA0_THMXSB0_THM0_THWS0_TLDS1_TLDSMn1_ULSGRO0_USL1_USLMX0_UDFMAC0_UIOFGRO0_UPLRP0_USFGRO0_USI0_VSn1_VWA8_VWB8_WSGRA0_WSGRB0_WS64_WG32_8_1_WGMXCC1.kd,256,256,False,in: 256x256,256-511
8192,6144,18432,False,bfloat16,tuned,2949,768,1592.5,1545.5,torch,native,gluon,0.0,,256,256,False,in: 256x256,>=512
16384,6144,18432,False,bfloat16,tuned,3596,1536,1596.0,1557.4,asm,_ZN5aiter24bf16gemm_bf16_tn_256x256E,gluon,0.0,,256,256,False,in: 256x256,>=512
32768,6144,18432,False,bfloat16,tuned,4040,3072,1599.6,1549.3,asm,_ZN5aiter24bf16gemm_bf16_tn_256x256E,gluon,0.0,,256,256,False,in: 256x256,>=512
512,5120,25600,False,bfloat16,tuned,457,40,334.4,453.1,flydsl,flydsl_hgemm_abf16_wbf16_bf16_t128x64x64x2_ks1_w4x1x2_bias0_ktail0_gm4_pft_gfx950,flydsl:flydsl_hgemm_abf16_wbf16_bf16_t128x64x64x2_ks1_w4x1x2_bias0_ktail0_gm4_pft_gfx950,35.5,,128,64,False,in: other listed tile,<128
1024,5120,25600,False,bfloat16,tuned,826,80,653.9,1121.0,torch,native,torch:hipBLASLt,71.4,Cijk_Alik_Bljk_BBS_BH_Bias_HA_S_SAV_UserArgs_MT256x256x64_MI16x16x1_CMS_SN_LDSB0_AFC0_AG1_AGGSUA0_AGNTAB0_AFEM1_AFEM1_ASEM1_BL1_BS1_CD1_1_CLR0_CLS0_CADS0_DTLA1_DTLB1_DTLM0_DTVA0_DTVB0_DTVMXSA0_DTVMXSB0_DTVSM0_DPLB0_EPS0_ELFLR0_EMLLn1_FDSI0_GRPM1_GRVWA8_GRVWB8_GSU0_GSUAMB_GLS0_HPLR0_ISA950_ICIW0_IU1_K1_LDSSI0_LDSTI0_LBSPPA1024_LBSPPB1024_LBSPPMXSA0_LBSPPMXSB0_LBSPPM0_LPA16_LPB16_LPMXSA0_LPMXSB0_LPM0_LRVW8_LWPMn1_MIAV0_MIWT8_8_MXLIBL_MXSFNS_MO40_MGRIPM1_NTn1_NTA0_NTB0_NTC4_NTD4_NTE0_NTG0_NTMXSA0_NTMXSB0_NTM0_NTWS0_NVn1_NVA0_NVB0_NVC0_NVD0_NVE0_NVG0_NVMXSA0_NVMXSB0_NVM0_NVWS0_NEPBS0_NLCA1_NLCB1_ONLL1_PAP0_PGL0_PGR2_PLR1_PKA1_RAP0_SGROB0_SIA3_SS1_SPO0_SRVW0_SSO4_SVW8_SK5_SKFTR0_SKFDPO0_SKWS0_SKXCCM0_SNLL0_SIP1_SGRO0_TDMI0_TDMIM0_TDMLWS0_TDMPLB0_TDMS0_TIN0_THn1_THA0_THB0_THC0_THD0_THE0_THG0_THMXSA0_THMXSB0_THM0_THWS0_TLDS1_TLDSM1_ULSGRO0_USL1_USLMX0_UDFMAC0_UIOFGRO0_UPLRP0_USFGRO0_USI0_VSn1_VWA8_VWB8_WSGRA0_WSGRB0_WS64_WG32_8_1_WGMXCCn1.kd,256,256,False,in: 256x256,<128
2048,5120,25600,False,bfloat16,tuned,1384,160,1181.1,1363.1,torch,native,torch:hipBLASLt,15.4,Cijk_Alik_Bljk_BBS_BH_Bias_HA_S_SAV_UserArgs_MT160x256x64_MI16x16x1_CMS_SN_LDSB0_AFC0_AG0_AGGSUA0_AGNTAB0_AFEM1_AFEM1_ASEM1_BL1_BS1_CD1_1_CLR0_CLS0_CADS0_DTLA1_DTLB1_DTLM0_DTVA0_DTVB0_DTVMXSA0_DTVMXSB0_DTVSM0_DPLB0_EPS0_ELFLR0_EMLLn1_FDSI0_GRPM1_GRVWA8_GRVWB8_GSU0_GSUAMB_GLS0_HPLR0_ISA950_ICIW0_IU1_K1_LDSSI0_LDSTI0_LBSPPA1024_LBSPPB1024_LBSPPMXSA0_LBSPPMXSB0_LBSPPM0_LPA16_LPB16_LPMXSA0_LPMXSB0_LPM0_LRVW8_LWPMn1_MIAV0_MIWT5_8_MXLIBL_MXSFNS_MO40_MGRIPM1_NTn1_NTA0_NTB0_NTC0_NTD4_NTE0_NTG0_NTMXSA0_NTMXSB0_NTM0_NTWS0_NVn1_NVA0_NVB0_NVC0_NVD0_NVE0_NVG0_NVMXSA0_NVMXSB0_NVM0_NVWS0_NEPBS0_NLCA1_NLCB1_ONLL1_PAP0_PGL0_PGR2_PLR1_PKA1_RAP0_SGROB0_SIA3_SS1_SPO1_SRVW0_SSO4_SVW1_SK5_SKFTR0_SKFDPO0_SKWS0_SKXCCM0_SNLL0_SIP1_SGRO0_TDMI0_TDMIM0_TDMLWS0_TDMPLB0_TDMS0_TIN0_THn1_THA0_THB0_THC0_THD0_THE0_THG0_THMXSA0_THMXSB0_THM0_THWS0_TLDS1_TLDSM1_ULSGRO0_USL1_USLMX0_UDFMAC0_UIOFGRO0_UPLRP0_USFGRO0_USI0_VSn1_VWA1_VWB8_WSGRA0_WSGRB0_WS64_WG32_8_1_WGMXCCn1.kd,160,256,False,in: non-pow2 tile,128-255
4096,5120,25600,False,bfloat16,tuned,2090,320,1159.3,1538.1,torch,native,torch:hipBLASLt,32.7,Cijk_Alik_Bljk_BBS_BH_Bias_HA_S_SAV_UserArgs_MT224x384x64_MI16x16x1_SN_LDSB0_AFC0_AG0_AGGSUA0_AGNTAB0_AFEM1_AFEM1_ASEM1_BL1_BS1_CD1_1_CLR1_CLS0_CADS0_DTLA0_DTLB0_DTLM0_DTVA0_DTVB0_DTVMXSA0_DTVMXSB0_DTVSM0_DPLB0_EPS0_ELFLR0_EMLLn1_FDSI0_GRPM1_GRVWA8_GRVWB8_GSU0_GSUAMB_GLS0_HPLR0_ISA950_ICIW0_IU1_K1_LDSSI0_LDSTI0_LBSPPA0_LBSPPB0_LBSPPMXSA0_LBSPPMXSB0_LBSPPM0_LPA0_LPB0_LPMXSA0_LPMXSB0_LPM0_LRVWn1_LWPMn1_MIAV0_MIWT14_6_MXLIBL_MXSFNS_MO40_MGRIPM1_NTn1_NTA0_NTB0_NTC0_NTD0_NTE0_NTG0_NTMXSA0_NTMXSB0_NTM0_NTWS0_NVn1_NVA0_NVB0_NVC0_NVD0_NVE0_NVG0_NVMXSA0_NVMXSB0_NVM0_NVWS0_NEPBS0_NLCA1_NLCB1_ONLL1_PAP0_PGL0_PGR2_PLR1_PKA0_RAP0_SGROB0_SIA3_SS0_SPO0_SRVW0_SSO0_SVW4_SK5_SKFTR0_SKFDPO0_SKWS0_SKXCCM0_SNLL0_SIP1_SGRO0_TDMI0_TDMIM0_TDMLWS0_TDMPLB0_TDMS0_TIN0_THn1_THA0_THB0_THC0_THD0_THE0_THG0_THMXSA0_THMXSB0_THM0_THWS0_TLDS1_TLDSMn1_ULSGRO0_USL0_USLMX0_UDFMAC0_UIOFGRO0_UPLRP0_USFGRO0_USI1_VSn1_VWA1_VWB1_WSGRA0_WSGRB0_WS64_WG16_16_1_WGMXCCn1.kd,224,384,False,in: non-pow2 tile,256-511
8192,5120,25600,False,bfloat16,tuned,2805,640,1423.2,1396.6,asm,_ZN5aiter24bf16gemm_bf16_tn_256x256E,gluon,0.0,,256,256,False,in: 256x256,>=512
16384,5120,25600,False,bfloat16,tuned,3385,1280,1586.7,1511.1,torch,native,gluon,0.0,,256,256,False,in: 256x256,>=512
32768,5120,25600,False,bfloat16,tuned,3775,2560,1600.1,1502.2,torch,native,gluon,0.0,,256,256,False,in: 256x256,>=512
512,16384,26624,False,bfloat16,tuned,487,128,937.7,651.8,flydsl,flydsl_hgemm_abf16_wbf16_bf16_t128x64x64x2_ks1_w2x1x2_bias0_ktail0_gm4_pft_gfx950,gluon,0.0,,256,256,False,in: 256x256,128-255
1024,16384,26624,False,bfloat16,tuned,930,256,1564.6,781.3,flydsl,flydsl_hgemm_abf16_wbf16_bf16_t256x64x128x2_ks1_w4x2x1_bias0_ktail0_gm4_pft_gfx950,gluon,0.0,,256,256,False,in: 256x256,256-511
2048,16384,26624,False,bfloat16,tuned,1704,512,1599.2,815.5,flydsl,flydsl_hgemm_abf16_wbf16_bf16_t128x128x64x4_ks1_w2x2x2_bias0_ktail0_gm0_pft_gfx950,gluon,0.0,,256,256,False,in: 256x256,>=512
4096,16384,26624,False,bfloat16,tuned,2918,1024,1620.6,1582.1,flydsl,flydsl_hgemm_abf16_wbf16_bf16_t256x256x64x2_ks1_w2x4x1_bias0_ktail0_gm4_pht_gfx950,gluon,0.0,,256,256,False,in: 256x256,>=512
8192,16384,26624,False,bfloat16,tuned,4532,2048,1607.0,238.3,asm,_ZN5aiter37bf16gemm_fp32bf16_tn_48x64_pf3_splitkE,gluon,0.0,,256,256,False,in: 256x256,>=512
16384,16384,26624,False,bfloat16,tuned,6264,4096,1612.3,1581.0,asm,_ZN5aiter24bf16gemm_bf16_tn_256x256E,gluon,0.0,,256,256,False,in: 256x256,>=512
32768,16384,26624,False,bfloat16,tuned,7745,8192,1614.3,1578.0,asm,_ZN5aiter24bf16gemm_bf16_tn_256x256E,gluon,0.0,,256,256,False,in: 256x256,>=512
512,8192,28672,False,bfloat16,tuned,474,64,480.3,798.0,flydsl,flydsl_hgemm_abf16_wbf16_bf16_t128x256x64x2_ks2_w2x4x1_bias0_ktail0_gm0_pft_gfx950,flydsl:flydsl_hgemm_abf16_wbf16_bf16_t128x256x64x2_ks2_w2x4x1_bias0_ktail0_gm0_pft_gfx950,66.1,,128,256,True,out: split-K,<128
1024,8192,28672,False,bfloat16,tuned,882,128,954.4,697.7,triton,auto,gluon,0.0,,256,256,False,in: 256x256,128-255
2048,8192,28672,False,bfloat16,tuned,1550,256,1600.6,1037.0,flydsl,flydsl_hgemm_abf16_wbf16_bf16_t128x128x64x2_ks1_w4x4x1_bias0_ktail0_gm0_pft_gfx950,gluon,0.0,,256,256,False,in: 256x256,256-511
4096,8192,28672,False,bfloat16,tuned,2493,512,1615.7,1572.9,flydsl,flydsl_hgemm_abf16_wbf16_bf16_t256x256x64x2_ks1_w2x4x1_bias0_ktail0_gm4_pht_gfx950,gluon,0.0,,256,256,False,in: 256x256,>=512
8192,8192,28672,False,bfloat16,tuned,3584,1024,1611.0,1576.7,asm,_ZN5aiter24bf16gemm_bf16_tn_256x256E,gluon,0.0,,256,256,False,in: 256x256,>=512
16384,8192,28672,False,bfloat16,tuned,4588,2048,1613.1,1578.6,asm,_ZN5aiter24bf16gemm_bf16_tn_256x256E,gluon,0.0,,256,256,False,in: 256x256,>=512
32768,8192,28672,False,bfloat16,tuned,5334,4096,1618.1,1582.9,asm,_ZN5aiter24bf16gemm_bf16_tn_256x256E,gluon,0.0,,256,256,False,in: 256x256,>=512
512,7168,35840,False,bfloat16,tuned,472,56,439.6,821.8,flydsl,flydsl_hgemm_abf16_wbf16_bf16_t128x128x64x4_ks1_w2x2x2_bias0_ktail0_gm0_pft_gfx950,flydsl:flydsl_hgemm_abf16_wbf16_bf16_t128x128x64x4_ks1_w2x2x2_bias0_ktail0_gm0_pft_gfx950,86.9,,128,128,False,in: other listed tile,<128
1024,7168,35840,False,bfloat16,tuned,874,112,870.4,575.9,flydsl,flydsl_hgemm_abf16_wbf16_bf16_t64x128x64x2_ks1_w2x2x1_bias0_ktail0_gm0_pft_gfx950,gluon,0.0,,256,256,False,in: 256x256,<128
2048,7168,35840,False,bfloat16,tuned,1525,224,1498.4,1459.4,asm,_ZN5aiter24bf16gemm_bf16_tn_256x256E,gluon,0.0,,256,256,False,in: 256x256,128-255
4096,7168,35840,False,bfloat16,tuned,2430,448,1509.3,1472.3,flydsl,flydsl_hgemm_abf16_wbf16_bf16_t256x256x64x2_ks1_w2x4x1_bias0_ktail0_gm4_pht_gfx950,gluon,0.0,,256,256,False,in: 256x256,256-511
8192,7168,35840,False,bfloat16,tuned,3454,896,1477.7,1427.2,asm,_ZN5aiter24bf16gemm_bf16_tn_256x256E,gluon,0.0,,256,256,False,in: 256x256,>=512
16384,7168,35840,False,bfloat16,tuned,4377,1792,1608.6,1460.8,torch,native,gluon,0.0,,256,256,False,in: 256x256,>=512
32768,7168,35840,False,bfloat16,tuned,5052,3584,1610.1,1562.9,flydsl,flydsl_hgemm_abf16_wbf16_bf16_t256x256x64x2_ks1_w2x4x1_bias0_ktail0_gm4_pht_gfx950,gluon,0.0,,256,256,False,in: 256x256,>=512
