M,N,K,bias,out,scope,band,tiles,waves,S,k_steps,src,aiter_pick,aiter_kernel,aiter_pick_tflops,v9_tflops,v20_tflops,v20_policy,v20_fixup,v20_dp_tflops,pick_ok,v9_ok,v20_ok,v20_dp_ok,v20_post_ok,v20_flags_left,pick_maxerr,v9_maxerr,v20_maxerr,hbl_kernels,pick_kernels_launched,pick_ms,v9_ms,v20_ms,v20_dp_ms,note
1024,3072,512,False,bfloat16,in: non-pow2 tile,<128,48,0,48,8,tuned,flydsl,flydsl_hgemm_abf16_wbf16_bf16_t128x96x64x4_ks1_w2x2x1_bias0_ktail0_gm0_pft_gfx950,461.3,225.6,103.1,one_tile,owner,211.8,True,True,True,True,True,0,0.25,0.25,0.25,,hgemm_bf16_t128x96x64x4_ks1_w2x2x1_gm0_bias0_lnt_pft_0,0.0070 0.0069,0.0143 0.0143,0.0314 0.0312,0.0152 0.0152,
1024,4096,512,False,bfloat16,in: other listed tile,<128,64,0,64,8,tuned,flydsl,flydsl_hgemm_abf16_wbf16_bf16_t128x128x64x3_ks1_w4x4x1_bias0_ktail0_gm0_pft_gfx950,524.0,286.1,134.3,one_tile,owner,272.7,True,True,True,True,True,0,0.25,0.25,0.25,,hgemm_bf16_t128x128x64x3_ks1_w4x4x1_gm0_bias0_lnt_pft_0,0.0083 0.0081,0.0150 0.0150,0.0320 0.0320,0.0157 0.0158,
1024,7168,512,False,bfloat16,in: other listed tile,<128,112,0,112,8,tuned,flydsl,flydsl_hgemm_abf16_wbf16_bf16_t128x128x64x2_ks1_w4x2x1_bias0_ktail0_gm0_pft_gfx950,613.1,461.3,257.7,one_tile,owner,437.1,True,True,True,True,True,0,0.25,0.25,0.5,,hgemm_bf16_t128x128x64x2_ks1_w4x2x1_gm0_bias0_lnt_pft_0,0.0123 0.0122,0.0163 0.0163,0.0287 0.0296,0.0172 0.0172,
2048,2048,512,False,bfloat16,in: other listed tile,<128,64,0,64,8,tuned,flydsl,flydsl_hgemm_abf16_wbf16_bf16_t128x128x64x3_ks1_w4x2x1_bias0_ktail0_gm0_pft_gfx950,526.9,285.6,133.9,one_tile,owner,272.9,True,True,True,True,True,0,0.5,0.5,0.5,,hgemm_bf16_t128x128x64x3_ks1_w4x2x1_gm0_bias0_lnt_pft_0,0.0082 0.0081,0.0150 0.0150,0.0321 0.0321,0.0157 0.0158,
2048,4096,512,False,bfloat16,in: other listed tile,128-255,128,0,128,8,tuned,torch,native,621.4,498.7,301.4,one_tile,owner,482.0,True,True,True,True,True,0,0.5,0.5,0.5,Cijk_Alik_Bljk_BBS_BH_Bias_HA_S_SAV_UserArgs_MT256x128x64_MI16x16x1_SN_LDSB1_AFC0_AFEM1_AFEM1_ASEM1_CLR1_CADS0_DTLA0_DTLB0_DTVA0_DTVB0_EPS0_FDSI0_GRPM1_GRVWA8_GRVWB8_GSU0_GSUAMB_GLS0_ISA950_IU1_K1_LDSTI0_LBSPPA1024_LBSPPB512_LBSPPM0_LPA16_LPB16_LPM0_LRVW8_LWPMn1_MIAV0_MIWT8_4_MO40_NTn1_NTA0_NTB0_NTC0_NTD0_NTM0_NEPBS0_NLCA1_NLCB1_ONLL1_PGR2_PLR1_PKA1_SIA3_SS1_SPO0_SRVW0_SSO0_SVW8_SK3_SKFTR0_SKXCCM0_TLDS1_ULSGRO0_USL1_UIOFGRO0_USFGRO0_VSn1_VWA8_VWB4_WSGRA0_WSGRB0_WS64_WG32_8_1,Cijk_Alik_Bljk_BBS_BH_Bias_HA_S_SAV_UserArgs_MT256x128x64_MI16x16x1_SN_LDSB1_AFC0_AFEM1_AFEM1_ASEM1_CLR1_CADS0_DTLA0_DTLB0_DTVA0_DTVB0_EPS0_FDSI0_GRPM1_GRVWA8_GRVWB8_GSU0_GSUAMB_GLS0_ISA950_IU1_K1_LDSTI0_LBSPPA1024_LBSPPB512_LBSPPM0_LPA16_LPB16_LPM0_LRVW8_LWPMn1_MIAV0_MIWT8_4_MO40_NTn1_NTA0_NTB0_NTC0_NTD0_NTM0_NEPBS0_NLCA1_NLCB1_ONLL1_PGR2_PLR1_PKA1_SIA3_SS1_SPO0_SRVW0_SSO0_SVW8_SK3_SKFTR0_SKXCCM0_TLDS1_ULSGRO0_USL1_UIOFGRO0_USFGRO0_VSn1_VWA8_VWB4_WSGRA0_WSGRB0_WS64_WG32_8_1,0.0138 0.0138,0.0172 0.0172,0.0285 0.0285,0.0178 0.0178,
4096,2048,512,False,bfloat16,in: other listed tile,128-255,128,0,128,8,tuned,torch,native,669.7,496.7,302.1,one_tile,owner,480.9,True,True,True,True,True,0,0.5,0.5,0.5,Cijk_Alik_Bljk_BBS_BH_Bias_HA_S_SAV_UserArgs_MT256x128x64_MI16x16x1_SN_LDSB0_AFC1_AFEM1_AFEM1_ASEM1_CLR0_CADS0_DTLA1_DTLB1_DTVA0_DTVB0_EPS0_FDSI0_GRPM1_GRVWA8_GRVWB8_GSU0_GSUAMB_GLS0_ISA950_IU1_K1_LDSTI0_LBSPPA1024_LBSPPB1024_LBSPPM0_LPA16_LPB16_LPM0_LRVW8_LWPMn1_MIAV0_MIWT8_4_MO40_NTn1_NTA3_NTB1_NTC6_NTD4_NTM0_NEPBS16_NLCA1_NLCB1_ONLL1_PGR2_PLR1_PKA1_SIA3_SS1_SPO0_SRVW0_SSO1_SVW8_SK3_SKFTR0_SKXCCM4_TLDS1_ULSGRO0_USL1_UIOFGRO0_USFGROn1_VSn1_VWA8_VWB4_WSGRA0_WSGRB0_WS64_WG32_8_1,Cijk_Alik_Bljk_BBS_BH_Bias_HA_S_SAV_UserArgs_MT256x128x64_MI16x16x1_SN_LDSB0_AFC1_AFEM1_AFEM1_ASEM1_CLR0_CADS0_DTLA1_DTLB1_DTVA0_DTVB0_EPS0_FDSI0_GRPM1_GRVWA8_GRVWB8_GSU0_GSUAMB_GLS0_ISA950_IU1_K1_LDSTI0_LBSPPA1024_LBSPPB1024_LBSPPM0_LPA16_LPB16_LPM0_LRVW8_LWPMn1_MIAV0_MIWT8_4_MO40_NTn1_NTA3_NTB1_NTC6_NTD4_NTM0_NEPBS16_NLCA1_NLCB1_ONLL1_PGR2_PLR1_PKA1_SIA3_SS1_SPO0_SRVW0_SSO1_SVW8_SK3_SKFTR0_SKXCCM4_TLDS1_ULSGRO0_USL1_UIOFGRO0_USFGROn1_VSn1_VWA8_VWB4_WSGRA0_WSGRB0_WS64_WG32_8_1,0.0129 0.0128,0.0173 0.0173,0.0285 0.0284,0.0178 0.0179,
4096,4096,512,False,bfloat16,in: 256x256,256-511,256,1,0,8,tuned,torch,native,812.8,857.8,789.5,dp,,nan,True,True,True,,True,0,0.5,0.5,0.5,Cijk_Alik_Bljk_BBS_BH_Bias_HA_S_SAV_UserArgs_MT256x256x64_MI16x16x1_CMS_SN_LDSB0_AFC0_AFEM1_AFEM1_ASEM1_CLR1_CADS0_DTLA1_DTLB1_DTVA0_DTVB0_EPS0_FDSI0_GRPM1_GRVWA8_GRVWB8_GSU0_GSUAMB_GLS0_ISA950_IU1_K1_LDSTI0_LBSPPA1024_LBSPPB1024_LBSPPM0_LPA16_LPB16_LPM0_LRVW8_LWPMn1_MIAV0_MIWT8_8_MO40_NTn1_NTA0_NTB0_NTC0_NTD4_NTM0_NEPBS0_NLCA1_NLCB1_ONLL1_PGR2_PLR1_PKA1_SIA3_SS1_SPO0_SRVW0_SSO0_SVW8_SK3_SKFTR0_SKXCCM0_TLDS1_ULSGRO0_USL1_UIOFGRO0_USFGRO0_VSn1_VWA8_VWB8_WSGRA0_WSGRB0_WS64_WG32_8_1,Cijk_Alik_Bljk_BBS_BH_Bias_HA_S_SAV_UserArgs_MT256x256x64_MI16x16x1_CMS_SN_LDSB0_AFC0_AFEM1_AFEM1_ASEM1_CLR1_CADS0_DTLA1_DTLB1_DTVA0_DTVB0_EPS0_FDSI0_GRPM1_GRVWA8_GRVWB8_GSU0_GSUAMB_GLS0_ISA950_IU1_K1_LDSTI0_LBSPPA1024_LBSPPB1024_LBSPPM0_LPA16_LPB16_LPM0_LRVW8_LWPMn1_MIAV0_MIWT8_8_MO40_NTn1_NTA0_NTB0_NTC0_NTD4_NTM0_NEPBS0_NLCA1_NLCB1_ONLL1_PGR2_PLR1_PKA1_SIA3_SS1_SPO0_SRVW0_SSO0_SVW8_SK3_SKFTR0_SKXCCM0_TLDS1_ULSGRO0_USL1_UIOFGRO0_USFGRO0_VSn1_VWA8_VWB8_WSGRA0_WSGRB0_WS64_WG32_8_1,0.0211 0.0212,0.0200 0.0200,0.0218 0.0217,,
4096,7168,512,False,bfloat16,in: 256x256,256-511,448,1,192,8,tuned,flydsl,flydsl_hgemm_abf16_wbf16_bf16_t256x256x64x2_ks1_w2x4x1_bias0_ktail0_gm0_pht_gfx950,860.4,881.9,861.0,dp,,nan,True,True,True,,True,0,0.5,0.5,0.5,,hgemm_bf16_t256x256x64x2_ks1_w2x4x1_gm0_bias0_lnt_phti_0,0.0350 0.0349,0.0342 0.0340,0.0351 0.0347,,
8192,2048,512,False,bfloat16,in: 256x256,256-511,256,1,0,8,tuned,torch,native,808.1,865.3,794.2,dp,,nan,True,True,True,,True,0,0.5,0.5,0.5,Cijk_Alik_Bljk_BBS_BH_Bias_HA_S_SAV_UserArgs_MT256x256x64_MI16x16x1_CMS_SN_LDSB0_AFC0_AFEM1_AFEM1_ASEM1_CLR1_CADS0_DTLA1_DTLB1_DTVA0_DTVB0_EPS0_FDSI0_GRPM1_GRVWA8_GRVWB8_GSU0_GSUAMB_GLS0_ISA950_IU1_K1_LDSTI0_LBSPPA1024_LBSPPB1024_LBSPPM0_LPA16_LPB16_LPM0_LRVW8_LWPMn1_MIAV0_MIWT8_8_MO40_NTn1_NTA0_NTB0_NTC0_NTD4_NTM0_NEPBS0_NLCA1_NLCB1_ONLL1_PGR2_PLR1_PKA1_SIA3_SS1_SPO0_SRVW0_SSO0_SVW8_SK3_SKFTR0_SKXCCM0_TLDS1_ULSGRO0_USL1_UIOFGRO0_USFGRO0_VSn1_VWA8_VWB8_WSGRA0_WSGRB0_WS64_WG32_8_1,Cijk_Alik_Bljk_BBS_BH_Bias_HA_S_SAV_UserArgs_MT256x256x64_MI16x16x1_CMS_SN_LDSB0_AFC0_AFEM1_AFEM1_ASEM1_CLR1_CADS0_DTLA1_DTLB1_DTVA0_DTVB0_EPS0_FDSI0_GRPM1_GRVWA8_GRVWB8_GSU0_GSUAMB_GLS0_ISA950_IU1_K1_LDSTI0_LBSPPA1024_LBSPPB1024_LBSPPM0_LPA16_LPB16_LPM0_LRVW8_LWPMn1_MIAV0_MIWT8_8_MO40_NTn1_NTA0_NTB0_NTC0_NTD4_NTM0_NEPBS0_NLCA1_NLCB1_ONLL1_PGR2_PLR1_PKA1_SIA3_SS1_SPO0_SRVW0_SSO0_SVW8_SK3_SKFTR0_SKXCCM0_TLDS1_ULSGRO0_USL1_UIOFGRO0_USFGRO0_VSn1_VWA8_VWB8_WSGRA0_WSGRB0_WS64_WG32_8_1,0.0213 0.0212,0.0199 0.0198,0.0215 0.0218,,
8192,4096,512,False,bfloat16,in: 256x256,>=512,512,2,0,8,tuned,flydsl,flydsl_hgemm_abf16_wbf16_bf16_t256x256x64x2_ks1_w2x4x1_bias0_ktail0_gm0_pht_gfx950,860.7,924.8,917.4,dp,,nan,True,True,True,,True,0,0.5,0.5,0.5,,hgemm_bf16_t256x256x64x2_ks1_w2x4x1_gm0_bias0_lnt_phti_0,0.0400 0.0398,0.0372 0.0371,0.0376 0.0374,,
16384,2048,512,False,bfloat16,in: 256x256,>=512,512,2,0,8,tuned,torch,native,863.8,927.3,906.2,dp,,nan,True,True,True,,True,0,0.5,0.5,0.5,Cijk_Alik_Bljk_BBS_BH_Bias_HA_S_SAV_UserArgs_MT256x256x64_MI16x16x1_CMS_SN_LDSB0_AFC0_AFEM1_AFEM1_ASEM1_CLR1_CADS0_DTLA1_DTLB1_DTVA0_DTVB0_EPS0_FDSI0_GRPM1_GRVWA8_GRVWB8_GSU0_GSUAMB_GLS0_ISA950_IU1_K1_LDSTI0_LBSPPA1024_LBSPPB1024_LBSPPM0_LPA16_LPB16_LPM0_LRVW8_LWPMn1_MIAV0_MIWT8_8_MO40_NTn1_NTA0_NTB0_NTC0_NTD4_NTM0_NEPBS0_NLCA1_NLCB1_ONLL1_PGR2_PLR1_PKA1_SIA3_SS1_SPO0_SRVW0_SSO0_SVW8_SK3_SKFTR0_SKXCCM0_TLDS1_ULSGRO0_USL1_UIOFGRO0_USFGRO0_VSn1_VWA8_VWB8_WSGRA0_WSGRB0_WS64_WG32_8_1,Cijk_Alik_Bljk_BBS_BH_Bias_HA_S_SAV_UserArgs_MT256x256x64_MI16x16x1_CMS_SN_LDSB0_AFC0_AFEM1_AFEM1_ASEM1_CLR1_CADS0_DTLA1_DTLB1_DTVA0_DTVB0_EPS0_FDSI0_GRPM1_GRVWA8_GRVWB8_GSU0_GSUAMB_GLS0_ISA950_IU1_K1_LDSTI0_LBSPPA1024_LBSPPB1024_LBSPPM0_LPA16_LPB16_LPM0_LRVW8_LWPMn1_MIAV0_MIWT8_8_MO40_NTn1_NTA0_NTB0_NTC0_NTD4_NTM0_NEPBS0_NLCA1_NLCB1_ONLL1_PGR2_PLR1_PKA1_SIA3_SS1_SPO0_SRVW0_SSO0_SVW8_SK3_SKFTR0_SKXCCM0_TLDS1_ULSGRO0_USL1_UIOFGRO0_USFGRO0_VSn1_VWA8_VWB8_WSGRA0_WSGRB0_WS64_WG32_8_1,0.0399 0.0397,0.0370 0.0371,0.0379 0.0379,,
16384,4096,512,False,bfloat16,in: 256x256,>=512,1024,4,0,8,tuned,torch,native,949.5,978.2,984.4,dp,,nan,True,True,True,,True,0,0.5,0.5,0.5,Cijk_Alik_Bljk_BBS_BH_Bias_HA_S_SAV_UserArgs_MT256x256x64_MI16x16x1_CMS_SN_LDSB0_AFC0_AFEM1_AFEM1_ASEM1_CLR1_CADS0_DTLA1_DTLB1_DTVA0_DTVB0_EPS0_FDSI0_GRPM1_GRVWA8_GRVWB8_GSU0_GSUAMB_GLS0_ISA950_IU1_K1_LDSTI0_LBSPPA1024_LBSPPB1024_LBSPPM0_LPA16_LPB16_LPM0_LRVW8_LWPMn1_MIAV0_MIWT8_8_MO40_NTn1_NTA0_NTB0_NTC0_NTD4_NTM0_NEPBS0_NLCA1_NLCB1_ONLL1_PGR2_PLR1_PKA1_SIA3_SS1_SPO0_SRVW0_SSO0_SVW8_SK3_SKFTR0_SKXCCM0_TLDS1_ULSGRO0_USL1_UIOFGRO0_USFGRO0_VSn1_VWA8_VWB8_WSGRA0_WSGRB0_WS64_WG32_8_1,Cijk_Alik_Bljk_BBS_BH_Bias_HA_S_SAV_UserArgs_MT256x256x64_MI16x16x1_CMS_SN_LDSB0_AFC0_AFEM1_AFEM1_ASEM1_CLR1_CADS0_DTLA1_DTLB1_DTVA0_DTVB0_EPS0_FDSI0_GRPM1_GRVWA8_GRVWB8_GSU0_GSUAMB_GLS0_ISA950_IU1_K1_LDSTI0_LBSPPA1024_LBSPPB1024_LBSPPM0_LPA16_LPB16_LPM0_LRVW8_LWPMn1_MIAV0_MIWT8_8_MO40_NTn1_NTA0_NTB0_NTC0_NTD4_NTM0_NEPBS0_NLCA1_NLCB1_ONLL1_PGR2_PLR1_PKA1_SIA3_SS1_SPO0_SRVW0_SSO0_SVW8_SK3_SKFTR0_SKXCCM0_TLDS1_ULSGRO0_USL1_UIOFGRO0_USFGRO0_VSn1_VWA8_VWB8_WSGRA0_WSGRB0_WS64_WG32_8_1,0.0725 0.0723,0.0703 0.0702,0.0698 0.0699,,
16384,7168,512,False,bfloat16,in: 256x256,>=512,1792,7,0,8,tuned,torch,native,995.3,1012.8,1038.9,dp,,nan,True,True,True,,True,0,0.5,0.5,0.5,Cijk_Alik_Bljk_BBS_BH_Bias_HA_S_SAV_UserArgs_MT256x256x64_MI16x16x1_CMS_SN_LDSB0_AFC0_AFEM1_AFEM1_ASEM1_CLR1_CADS0_DTLA1_DTLB1_DTVA0_DTVB0_EPS0_FDSI0_GRPM1_GRVWA8_GRVWB8_GSU0_GSUAMB_GLS0_ISA950_IU1_K1_LDSTI0_LBSPPA1024_LBSPPB1024_LBSPPM0_LPA16_LPB16_LPM0_LRVW8_LWPMn1_MIAV0_MIWT8_8_MO40_NTn1_NTA0_NTB0_NTC0_NTD4_NTM0_NEPBS0_NLCA1_NLCB1_ONLL1_PGR2_PLR1_PKA1_SIA3_SS1_SPO0_SRVW0_SSO0_SVW8_SK3_SKFTR0_SKXCCM0_TLDS1_ULSGRO0_USL1_UIOFGRO0_USFGRO0_VSn1_VWA8_VWB8_WSGRA0_WSGRB0_WS64_WG32_8_1,Cijk_Alik_Bljk_BBS_BH_Bias_HA_S_SAV_UserArgs_MT256x256x64_MI16x16x1_CMS_SN_LDSB0_AFC0_AFEM1_AFEM1_ASEM1_CLR1_CADS0_DTLA1_DTLB1_DTVA0_DTVB0_EPS0_FDSI0_GRPM1_GRVWA8_GRVWB8_GSU0_GSUAMB_GLS0_ISA950_IU1_K1_LDSTI0_LBSPPA1024_LBSPPB1024_LBSPPM0_LPA16_LPB16_LPM0_LRVW8_LWPMn1_MIAV0_MIWT8_8_MO40_NTn1_NTA0_NTB0_NTC0_NTD4_NTM0_NEPBS0_NLCA1_NLCB1_ONLL1_PGR2_PLR1_PKA1_SIA3_SS1_SPO0_SRVW0_SSO0_SVW8_SK3_SKFTR0_SKXCCM0_TLDS1_ULSGRO0_USL1_UIOFGRO0_USFGRO0_VSn1_VWA8_VWB8_WSGRA0_WSGRB0_WS64_WG32_8_1,0.1209 0.1207,0.1189 0.1186,0.1162 0.1154,,
32768,2048,512,False,bfloat16,in: 256x256,>=512,1024,4,0,8,tuned,torch,native,946.4,976.7,991.7,dp,,nan,True,True,True,,True,0,0.5,0.5,0.5,Cijk_Alik_Bljk_BBS_BH_Bias_HA_S_SAV_UserArgs_MT256x256x64_MI16x16x1_CMS_SN_LDSB0_AFC0_AFEM1_AFEM1_ASEM1_CLR1_CADS0_DTLA1_DTLB1_DTVA0_DTVB0_EPS0_FDSI0_GRPM1_GRVWA8_GRVWB8_GSU0_GSUAMB_GLS0_ISA950_IU1_K1_LDSTI0_LBSPPA1024_LBSPPB1024_LBSPPM0_LPA16_LPB16_LPM0_LRVW8_LWPMn1_MIAV0_MIWT8_8_MO40_NTn1_NTA0_NTB0_NTC0_NTD4_NTM0_NEPBS0_NLCA1_NLCB1_ONLL1_PGR2_PLR1_PKA1_SIA3_SS1_SPO0_SRVW0_SSO0_SVW8_SK3_SKFTR0_SKXCCM0_TLDS1_ULSGRO0_USL1_UIOFGRO0_USFGRO0_VSn1_VWA8_VWB8_WSGRA0_WSGRB0_WS64_WG32_8_1,Cijk_Alik_Bljk_BBS_BH_Bias_HA_S_SAV_UserArgs_MT256x256x64_MI16x16x1_CMS_SN_LDSB0_AFC0_AFEM1_AFEM1_ASEM1_CLR1_CADS0_DTLA1_DTLB1_DTVA0_DTVB0_EPS0_FDSI0_GRPM1_GRVWA8_GRVWB8_GSU0_GSUAMB_GLS0_ISA950_IU1_K1_LDSTI0_LBSPPA1024_LBSPPB1024_LBSPPM0_LPA16_LPB16_LPM0_LRVW8_LWPMn1_MIAV0_MIWT8_8_MO40_NTn1_NTA0_NTB0_NTC0_NTD4_NTM0_NEPBS0_NLCA1_NLCB1_ONLL1_PGR2_PLR1_PKA1_SIA3_SS1_SPO0_SRVW0_SSO0_SVW8_SK3_SKFTR0_SKXCCM0_TLDS1_ULSGRO0_USL1_UIOFGRO0_USFGRO0_VSn1_VWA8_VWB8_WSGRA0_WSGRB0_WS64_WG32_8_1,0.0726 0.0726,0.0703 0.0704,0.0693 0.0693,,
1024,5120,640,False,bfloat16,in: non-pow2 tile,<128,80,0,80,10,tuned,torch,native,534.4,383.0,207.7,one_tile,owner,364.7,True,True,True,True,True,0,0.25,0.25,0.5,Cijk_Alik_Bljk_BBS_BH_Bias_HA_S_SAV_UserArgs_MT160x128x128_MI16x16x1_SN_LDSB1_AFC0_AFEM1_AFEM1_ASEM1_CLR1_CADS0_DTLA0_DTLB0_DTVA0_DTVB0_EPS0_FDSI0_GRPM1_GRVWA8_GRVWB8_GSU0_GSUAMB_GLS0_ISA950_IU1_K1_LDSTI0_LBSPPA256_LBSPPB1024_LBSPPM0_LPA16_LPB16_LPM0_LRVW8_LWPMn1_MIAV0_MIWT5_4_MO40_NTn1_NTA0_NTB0_NTC0_NTD0_NTM0_NEPBS0_NLCA1_NLCB1_ONLL1_PGR2_PLR1_PKA1_SIA3_SS1_SPO0_SRVW0_SSO0_SVW1_SK3_SKFTR0_SKXCCM0_TLDS1_ULSGRO0_USL1_UIOFGRO0_USFGRO0_VSn1_VWA1_VWB4_WSGRA0_WSGRB0_WS64_WG32_8_1,Cijk_Alik_Bljk_BBS_BH_Bias_HA_S_SAV_UserArgs_MT160x128x128_MI16x16x1_SN_LDSB1_AFC0_AFEM1_AFEM1_ASEM1_CLR1_CADS0_DTLA0_DTLB0_DTVA0_DTVB0_EPS0_FDSI0_GRPM1_GRVWA8_GRVWB8_GSU0_GSUAMB_GLS0_ISA950_IU1_K1_LDSTI0_LBSPPA256_LBSPPB1024_LBSPPM0_LPA16_LPB16_LPM0_LRVW8_LWPMn1_MIAV0_MIWT5_4_MO40_NTn1_NTA0_NTB0_NTC0_NTD0_NTM0_NEPBS0_NLCA1_NLCB1_ONLL1_PGR2_PLR1_PKA1_SIA3_SS1_SPO0_SRVW0_SSO0_SVW1_SK3_SKFTR0_SKXCCM0_TLDS1_ULSGRO0_USL1_UIOFGRO0_USFGRO0_VSn1_VWA1_VWB4_WSGRA0_WSGRB0_WS64_WG32_8_1,0.0126 0.0125,0.0175 0.0175,0.0320 0.0326,0.0184 0.0184,
2048,5120,640,False,bfloat16,in: 256x256,128-255,160,0,160,10,tuned,flydsl,flydsl_hgemm_abf16_wbf16_bf16_t256x256x64x2_ks1_w2x4x1_bias0_ktail0_gm0_pht_gfx950,679.6,684.0,647.7,dp,,nan,True,True,True,,True,0,0.25,0.25,0.25,,hgemm_bf16_t256x256x64x2_ks1_w2x4x1_gm0_bias0_lnt_phti_0,0.0196 0.0199,0.0196 0.0196,0.0207 0.0207,,
4096,5120,640,False,bfloat16,in: other listed tile,256-511,320,1,64,10,tuned,flydsl,flydsl_hgemm_abf16_wbf16_bf16_t128x128x64x2_ks1_w4x2x1_bias0_ktail0_gm0_pft_gfx950,810.2,755.0,514.6,one_tile,owner,789.0,True,True,True,True,True,0,0.5,0.5,0.5,,hgemm_bf16_t128x128x64x2_ks1_w4x2x1_gm0_bias0_lnt_pft_0,0.0334 0.0329,0.0355 0.0356,0.0523 0.0521,0.0340 0.0340,
8192,5120,640,False,bfloat16,in: 256x256,>=512,640,2,128,10,tuned,torch,native,894.3,937.0,817.9,one_tile,owner,962.6,True,True,True,True,True,0,0.5,0.5,0.5,Cijk_Alik_Bljk_BBS_BH_Bias_HA_S_SAV_UserArgs_MT256x224x64_MI16x16x1_SN_LDSB1_AFC0_AFEM1_AFEM1_ASEM1_CLR1_CADS0_DTLA0_DTLB0_DTVA0_DTVB0_EPS0_FDSI0_GRPM1_GRVWA8_GRVWB8_GSU0_GSUAMB_GLS0_ISA950_IU1_K1_LDSTI0_LBSPPA1024_LBSPPB128_LBSPPM0_LPA16_LPB16_LPM0_LRVW8_LWPMn1_MIAV0_MIWT8_7_MO40_NTn1_NTA0_NTB0_NTC0_NTD0_NTM0_NEPBS0_NLCA1_NLCB1_ONLL1_PGR2_PLR1_PKA1_SIA3_SS1_SPO0_SRVW0_SSO0_SVW8_SK3_SKFTR0_SKXCCM0_TLDS1_ULSGRO0_USL1_UIOFGRO0_USFGRO0_VSn1_VWA8_VWB1_WSGRA0_WSGRB0_WS64_WG32_8_1,Cijk_Alik_Bljk_BBS_BH_Bias_HA_S_SAV_UserArgs_MT256x224x64_MI16x16x1_SN_LDSB1_AFC0_AFEM1_AFEM1_ASEM1_CLR1_CADS0_DTLA0_DTLB0_DTVA0_DTVB0_EPS0_FDSI0_GRPM1_GRVWA8_GRVWB8_GSU0_GSUAMB_GLS0_ISA950_IU1_K1_LDSTI0_LBSPPA1024_LBSPPB128_LBSPPM0_LPA16_LPB16_LPM0_LRVW8_LWPMn1_MIAV0_MIWT8_7_MO40_NTn1_NTA0_NTB0_NTC0_NTD0_NTM0_NEPBS0_NLCA1_NLCB1_ONLL1_PGR2_PLR1_PKA1_SIA3_SS1_SPO0_SRVW0_SSO0_SVW8_SK3_SKFTR0_SKXCCM0_TLDS1_ULSGRO0_USL1_UIOFGRO0_USFGRO0_VSn1_VWA8_VWB1_WSGRA0_WSGRB0_WS64_WG32_8_1,0.0602 0.0599,0.0573 0.0573,0.0658 0.0655,0.0557 0.0558,
16384,5120,640,False,bfloat16,in: 256x256,>=512,1280,5,0,10,tuned,torch,native,1057.0,1081.0,1098.2,dp,,nan,True,True,True,,True,0,0.5,0.5,0.5,Cijk_Alik_Bljk_BBS_BH_Bias_HA_S_SAV_UserArgs_MT256x256x64_MI16x16x1_CMS_SN_LDSB0_AFC0_AFEM1_AFEM1_ASEM1_CLR1_CADS0_DTLA1_DTLB1_DTVA0_DTVB0_EPS0_FDSI0_GRPM1_GRVWA8_GRVWB8_GSU0_GSUAMB_GLS0_ISA950_IU1_K1_LDSTI0_LBSPPA1024_LBSPPB1024_LBSPPM0_LPA16_LPB16_LPM0_LRVW8_LWPMn1_MIAV0_MIWT8_8_MO40_NTn1_NTA0_NTB0_NTC0_NTD4_NTM0_NEPBS0_NLCA1_NLCB1_ONLL1_PGR2_PLR1_PKA1_SIA3_SS1_SPO0_SRVW0_SSO0_SVW8_SK3_SKFTR0_SKXCCM0_TLDS1_ULSGRO0_USL1_UIOFGRO0_USFGRO0_VSn1_VWA8_VWB8_WSGRA0_WSGRB0_WS64_WG32_8_1,Cijk_Alik_Bljk_BBS_BH_Bias_HA_S_SAV_UserArgs_MT256x256x64_MI16x16x1_CMS_SN_LDSB0_AFC0_AFEM1_AFEM1_ASEM1_CLR1_CADS0_DTLA1_DTLB1_DTVA0_DTVB0_EPS0_FDSI0_GRPM1_GRVWA8_GRVWB8_GSU0_GSUAMB_GLS0_ISA950_IU1_K1_LDSTI0_LBSPPA1024_LBSPPB1024_LBSPPM0_LPA16_LPB16_LPM0_LRVW8_LWPMn1_MIAV0_MIWT8_8_MO40_NTn1_NTA0_NTB0_NTC0_NTD4_NTM0_NEPBS0_NLCA1_NLCB1_ONLL1_PGR2_PLR1_PKA1_SIA3_SS1_SPO0_SRVW0_SSO0_SVW8_SK3_SKFTR0_SKXCCM0_TLDS1_ULSGRO0_USL1_UIOFGRO0_USFGRO0_VSn1_VWA8_VWB8_WSGRA0_WSGRB0_WS64_WG32_8_1,0.1019 0.1013,0.0993 0.0993,0.0981 0.0974,,
32768,5120,640,False,bfloat16,in: 256x256,>=512,2560,10,0,10,tuned,torch,native,1095.1,1086.0,1125.4,dp,,nan,True,True,True,,True,0,0.5,0.5,0.5,Cijk_Alik_Bljk_BBS_BH_Bias_HA_S_SAV_UserArgs_MT256x256x64_MI16x16x1_CMS_SN_LDSB0_AFC0_AFEM1_AFEM1_ASEM1_CLR1_CADS0_DTLA1_DTLB1_DTVA0_DTVB0_EPS0_FDSI0_GRPM1_GRVWA8_GRVWB8_GSU0_GSUAMB_GLS0_ISA950_IU1_K1_LDSTI0_LBSPPA1024_LBSPPB1024_LBSPPM0_LPA16_LPB16_LPM0_LRVW8_LWPMn1_MIAV0_MIWT8_8_MO40_NTn1_NTA0_NTB0_NTC0_NTD4_NTM0_NEPBS0_NLCA1_NLCB1_ONLL1_PGR2_PLR1_PKA1_SIA3_SS1_SPO0_SRVW0_SSO0_SVW8_SK3_SKFTR0_SKXCCM0_TLDS1_ULSGRO0_USL1_UIOFGRO0_USFGRO0_VSn1_VWA8_VWB8_WSGRA0_WSGRB0_WS64_WG32_8_1,Cijk_Alik_Bljk_BBS_BH_Bias_HA_S_SAV_UserArgs_MT256x256x64_MI16x16x1_CMS_SN_LDSB0_AFC0_AFEM1_AFEM1_ASEM1_CLR1_CADS0_DTLA1_DTLB1_DTVA0_DTVB0_EPS0_FDSI0_GRPM1_GRVWA8_GRVWB8_GSU0_GSUAMB_GLS0_ISA950_IU1_K1_LDSTI0_LBSPPA1024_LBSPPB1024_LBSPPM0_LPA16_LPB16_LPM0_LRVW8_LWPMn1_MIAV0_MIWT8_8_MO40_NTn1_NTA0_NTB0_NTC0_NTD4_NTM0_NEPBS0_NLCA1_NLCB1_ONLL1_PGR2_PLR1_PKA1_SIA3_SS1_SPO0_SRVW0_SSO0_SVW8_SK3_SKFTR0_SKXCCM0_TLDS1_ULSGRO0_USL1_UIOFGRO0_USFGRO0_VSn1_VWA8_VWB8_WSGRA0_WSGRB0_WS64_WG32_8_1,0.1964 0.1958,0.1977 0.1978,0.1919 0.1897,,
1024,7168,768,False,bfloat16,in: other listed tile,<128,112,0,112,12,tuned,flydsl,flydsl_hgemm_abf16_wbf16_bf16_t128x128x64x2_ks1_w4x2x1_bias0_ktail0_gm0_pft_gfx950,709.8,543.1,351.9,one_tile,owner,525.8,True,True,True,True,True,0,0.5,0.5,0.5,,hgemm_bf16_t128x128x64x2_ks1_w4x2x1_gm0_bias0_lnt_pft_0,0.0161 0.0157,0.0207 0.0208,0.0324 0.0317,0.0214 0.0215,
10240,7168,768,False,bfloat16,in: 256x256,>=512,1120,4,96,12,tuned,opus,opus_gemm_persistent_512x128x256x64_2x4_16x16x32_0x0x0_nooob_4g_safe,420.2,1065.7,979.8,one_tile,owner,1103.1,True,True,True,True,True,0,0.5,0.5,0.5,,"void gemm_a16w16_persistent_4g_safe_kernel<opus_gemm_a16w16_persistent_traits_gfx950<512, opus::seq<128, 256, 64>, opus::tuple<std::bfloat16_t, std::bfloat16_t, std::bfloat16_t, float>, opus::seq<8, 8, 4>, opus::seq<2, 4, 1>, opus::seq<16, 16, 32>, false, 0, 17> >(opus_gemm_persistent_kargs_gfx950)",0.2572 0.2794,0.1061 0.1055,0.1145 0.1156,0.1018 0.1027,
512,4096,1024,False,bfloat16,in: other listed tile,<128,32,0,32,16,untuned,torch,,483.3,200.9,109.9,one_tile,rs,197.0,True,True,True,True,True,0,0.5,0.5,0.5,Cijk_Alik_Bljk_BBS_BH_Bias_HA_S_SAV_UserArgs_MT128x64x128_MI16x16x1_SN_LDSB1_AFC0_AFEM1_AFEM1_ASEM1_CLR1_CADS0_DTLA0_DTLB0_DTVA0_DTVB0_EPS0_FDSI0_GRPM1_GRVWA8_GRVWB8_GSU0_GSUAMB_GLS0_ISA950_IU1_K1_LDSTI0_LBSPPA1024_LBSPPB512_LBSPPM0_LPA16_LPB16_LPM0_LRVW8_LWPMn1_MIAV0_MIWT4_2_MO40_NTn1_NTA0_NTB0_NTC0_NTD0_NTM0_NEPBS0_NLCA1_NLCB1_ONLL1_PGR2_PLR1_PKA1_SIA3_SS1_SPO0_SRVW0_SSO0_SVW4_SK3_SKFTR0_SKXCCM0_TLDS1_ULSGRO0_USL1_UIOFGRO0_USFGRO0_VSn1_VWA4_VWB2_WSGRA0_WSGRB0_WS64_WG32_8_1,Cijk_Alik_Bljk_BBS_BH_Bias_HA_S_SAV_UserArgs_MT128x64x128_MI16x16x1_SN_LDSB1_AFC0_AFEM1_AFEM1_ASEM1_CLR1_CADS0_DTLA0_DTLB0_DTVA0_DTVB0_EPS0_FDSI0_GRPM1_GRVWA8_GRVWB8_GSU0_GSUAMB_GLS0_ISA950_IU1_K1_LDSTI0_LBSPPA1024_LBSPPB512_LBSPPM0_LPA16_LPB16_LPM0_LRVW8_LWPMn1_MIAV0_MIWT4_2_MO40_NTn1_NTA0_NTB0_NTC0_NTD0_NTM0_NEPBS0_NLCA1_NLCB1_ONLL1_PGR2_PLR1_PKA1_SIA3_SS1_SPO0_SRVW0_SSO0_SVW4_SK3_SKFTR0_SKXCCM0_TLDS1_ULSGRO0_USL1_UIOFGRO0_USFGRO0_VSn1_VWA4_VWB2_WSGRA0_WSGRB0_WS64_WG32_8_1,0.0088 0.0089,0.0214 0.0214,0.0391 0.0391,0.0218 0.0218,
512,6144,1024,False,bfloat16,in: non-pow2 tile,<128,48,0,48,16,tuned,flydsl,flydsl_hgemm_abf16_wbf16_bf16_t128x96x64x4_ks1_w2x2x1_bias0_ktail0_gm4_pft_gfx950,587.8,298.6,165.9,one_tile,owner,289.5,True,True,True,True,True,0,0.5,0.5,0.5,,hgemm_bf16_t128x96x64x4_ks1_w2x2x1_gm4_bias0_lnt_pft_0,0.0109 0.0110,0.0216 0.0216,0.0392 0.0384,0.0223 0.0222,
512,7168,1024,False,bfloat16,in: other listed tile,<128,56,0,56,16,tuned,flydsl,flydsl_hgemm_abf16_wbf16_bf16_t128x128x64x3_ks1_w4x4x1_bias0_ktail0_gm0_pft_gfx950,629.4,336.6,198.3,one_tile,owner,324.4,True,True,True,True,True,0,0.5,0.5,0.5,,hgemm_bf16_t128x128x64x3_ks1_w4x4x1_gm0_bias0_lnt_pft_0,0.0119 0.0120,0.0223 0.0223,0.0382 0.0376,0.0232 0.0231,
512,8192,1024,False,bfloat16,in: other listed tile,<128,64,0,64,16,tuned,flydsl,flydsl_hgemm_abf16_wbf16_bf16_t128x128x64x4_ks1_w4x4x1_bias0_ktail0_gm0_pft_gfx950,691.3,375.6,245.8,one_tile,owner,366.8,True,True,True,True,True,0,0.5,0.5,0.5,,hgemm_bf16_t128x128x64x4_ks1_w4x4x1_gm0_bias0_lnt_pft_0,0.0127 0.0122,0.0229 0.0229,0.0349 0.0350,0.0234 0.0234,
1024,4096,1024,False,bfloat16,in: other listed tile,<128,64,0,64,16,untuned,torch,,661.5,375.4,245.7,one_tile,owner,367.8,True,True,True,True,True,0,0.5,0.5,0.5,Cijk_Alik_Bljk_BBS_BH_Bias_HA_S_SAV_UserArgs_MT128x128x128_MI16x16x1_SN_LDSB1_AFC0_AFEM1_AFEM1_ASEM1_CLR1_CADS0_DTLA0_DTLB0_DTVA0_DTVB0_EPS0_FDSI0_GRPM1_GRVWA8_GRVWB8_GSU0_GSUAMB_GLS0_ISA950_IU1_K1_LDSTI0_LBSPPA1024_LBSPPB1024_LBSPPM0_LPA16_LPB16_LPM0_LRVW8_LWPMn1_MIAV0_MIWT4_4_MO40_NTn1_NTA0_NTB0_NTC0_NTD0_NTM0_NEPBS0_NLCA1_NLCB1_ONLL1_PGR2_PLR1_PKA1_SIA3_SS1_SPO0_SRVW0_SSO0_SVW4_SK3_SKFTR0_SKXCCM0_TLDS1_ULSGRO0_USL1_UIOFGRO0_USFGRO0_VSn1_VWA4_VWB4_WSGRA0_WSGRB0_WS64_WG32_8_1,Cijk_Alik_Bljk_BBS_BH_Bias_HA_S_SAV_UserArgs_MT128x128x128_MI16x16x1_SN_LDSB1_AFC0_AFEM1_AFEM1_ASEM1_CLR1_CADS0_DTLA0_DTLB0_DTVA0_DTVB0_EPS0_FDSI0_GRPM1_GRVWA8_GRVWB8_GSU0_GSUAMB_GLS0_ISA950_IU1_K1_LDSTI0_LBSPPA1024_LBSPPB1024_LBSPPM0_LPA16_LPB16_LPM0_LRVW8_LWPMn1_MIAV0_MIWT4_4_MO40_NTn1_NTA0_NTB0_NTC0_NTD0_NTM0_NEPBS0_NLCA1_NLCB1_ONLL1_PGR2_PLR1_PKA1_SIA3_SS1_SPO0_SRVW0_SSO0_SVW4_SK3_SKFTR0_SKXCCM0_TLDS1_ULSGRO0_USL1_UIOFGRO0_USFGRO0_VSn1_VWA4_VWB4_WSGRA0_WSGRB0_WS64_WG32_8_1,0.0130 0.0130,0.0229 0.0229,0.0349 0.0350,0.0235 0.0233,
1024,7168,1024,False,bfloat16,in: other listed tile,<128,112,0,112,16,tuned,flydsl,flydsl_hgemm_abf16_wbf16_bf16_t128x128x64x2_ks1_w2x4x1_bias0_ktail0_gm0_pft_gfx950,781.5,613.5,448.1,one_tile,owner,596.3,True,True,True,True,True,0,0.5,0.5,0.5,,hgemm_bf16_t128x128x64x2_ks1_w2x4x1_gm0_bias0_lnt_pft_0,0.0194 0.0191,0.0245 0.0245,0.0340 0.0331,0.0253 0.0251,
1024,8192,1024,False,bfloat16,in: other listed tile,128-255,128,0,128,16,tuned,torch,native,844.0,675.5,511.3,one_tile,owner,657.3,True,True,True,True,True,0,0.5,0.5,0.5,Cijk_Alik_Bljk_BBS_BH_Bias_HA_S_SAV_UserArgs_MT256x128x64_MI16x16x1_SN_LDSB1_AFC0_AFEM1_AFEM1_ASEM1_CLR1_CADS0_DTLA0_DTLB0_DTVA0_DTVB0_EPS0_FDSI0_GRPM1_GRVWA8_GRVWB8_GSU0_GSUAMB_GLS0_ISA950_IU1_K1_LDSTI0_LBSPPA1024_LBSPPB512_LBSPPM0_LPA16_LPB16_LPM0_LRVW8_LWPMn1_MIAV0_MIWT8_4_MO40_NTn1_NTA0_NTB0_NTC0_NTD0_NTM0_NEPBS0_NLCA1_NLCB1_ONLL1_PGR2_PLR1_PKA1_SIA3_SS1_SPO0_SRVW0_SSO0_SVW8_SK3_SKFTR0_SKXCCM0_TLDS1_ULSGRO0_USL1_UIOFGRO0_USFGRO0_VSn1_VWA8_VWB4_WSGRA0_WSGRB0_WS64_WG32_8_1,Cijk_Alik_Bljk_BBS_BH_Bias_HA_S_SAV_UserArgs_MT256x128x64_MI16x16x1_SN_LDSB1_AFC0_AFEM1_AFEM1_ASEM1_CLR1_CADS0_DTLA0_DTLB0_DTVA0_DTVB0_EPS0_FDSI0_GRPM1_GRVWA8_GRVWB8_GSU0_GSUAMB_GLS0_ISA950_IU1_K1_LDSTI0_LBSPPA1024_LBSPPB512_LBSPPM0_LPA16_LPB16_LPM0_LRVW8_LWPMn1_MIAV0_MIWT8_4_MO40_NTn1_NTA0_NTB0_NTC0_NTD0_NTM0_NEPBS0_NLCA1_NLCB1_ONLL1_PGR2_PLR1_PKA1_SIA3_SS1_SPO0_SRVW0_SSO0_SVW8_SK3_SKFTR0_SKXCCM0_TLDS1_ULSGRO0_USL1_UIOFGRO0_USFGRO0_VSn1_VWA8_VWB4_WSGRA0_WSGRB0_WS64_WG32_8_1,0.0204 0.0203,0.0254 0.0254,0.0335 0.0337,0.0261 0.0262,
2048,4096,1024,False,bfloat16,in: other listed tile,128-255,128,0,128,16,untuned,torch,,846.4,675.6,510.3,one_tile,owner,664.0,True,True,True,True,True,0,0.5,0.5,0.5,Cijk_Alik_Bljk_BBS_BH_Bias_HA_S_SAV_UserArgs_MT256x128x64_MI16x16x1_SN_LDSB1_AFC0_AFEM1_AFEM1_ASEM1_CLR1_CADS0_DTLA0_DTLB0_DTVA0_DTVB0_EPS0_FDSI0_GRPM1_GRVWA8_GRVWB8_GSU0_GSUAMB_GLS0_ISA950_IU1_K1_LDSTI0_LBSPPA1024_LBSPPB512_LBSPPM0_LPA16_LPB16_LPM0_LRVW8_LWPMn1_MIAV0_MIWT8_4_MO40_NTn1_NTA0_NTB0_NTC0_NTD0_NTM0_NEPBS0_NLCA1_NLCB1_ONLL1_PGR2_PLR1_PKA1_SIA3_SS1_SPO0_SRVW0_SSO0_SVW8_SK3_SKFTR0_SKXCCM0_TLDS1_ULSGRO0_USL1_UIOFGRO0_USFGRO0_VSn1_VWA8_VWB4_WSGRA0_WSGRB0_WS64_WG32_8_1,Cijk_Alik_Bljk_BBS_BH_Bias_HA_S_SAV_UserArgs_MT256x128x64_MI16x16x1_SN_LDSB1_AFC0_AFEM1_AFEM1_ASEM1_CLR1_CADS0_DTLA0_DTLB0_DTVA0_DTVB0_EPS0_FDSI0_GRPM1_GRVWA8_GRVWB8_GSU0_GSUAMB_GLS0_ISA950_IU1_K1_LDSTI0_LBSPPA1024_LBSPPB512_LBSPPM0_LPA16_LPB16_LPM0_LRVW8_LWPMn1_MIAV0_MIWT8_4_MO40_NTn1_NTA0_NTB0_NTC0_NTD0_NTM0_NEPBS0_NLCA1_NLCB1_ONLL1_PGR2_PLR1_PKA1_SIA3_SS1_SPO0_SRVW0_SSO0_SVW8_SK3_SKFTR0_SKXCCM0_TLDS1_ULSGRO0_USL1_UIOFGRO0_USFGRO0_VSn1_VWA8_VWB4_WSGRA0_WSGRB0_WS64_WG32_8_1,0.0203 0.0203,0.0254 0.0255,0.0336 0.0338,0.0258 0.0259,
2048,7168,1024,False,bfloat16,in: 256x256,128-255,224,0,224,16,tuned,flydsl,flydsl_hgemm_abf16_wbf16_bf16_t256x256x64x2_ks1_w2x4x1_bias0_ktail0_gm0_pht_gfx950,1044.1,1078.5,1001.2,dp,,nan,True,True,True,,True,0,0.5,0.5,0.5,,hgemm_bf16_t256x256x64x2_ks1_w2x4x1_gm0_bias0_lnt_phti_0,0.0288 0.0288,0.0279 0.0279,0.0301 0.0299,,
2048,8192,1024,False,bfloat16,in: 256x256,256-511,256,1,0,16,tuned,flydsl,flydsl_hgemm_abf16_wbf16_bf16_t256x256x64x2_ks1_w2x4x1_bias0_ktail0_gm0_pht_gfx950,1111.5,1157.6,1076.5,dp,,nan,True,True,True,,True,0,0.5,0.5,0.5,,hgemm_bf16_t256x256x64x2_ks1_w2x4x1_gm0_bias0_lnt_phti_0,0.0306 0.0312,0.0301 0.0293,0.0322 0.0317,,
3072,4096,1024,False,bfloat16,in: non-pow2 tile,128-255,192,0,192,16,untuned,torch,,979.6,961.2,901.2,dp,,nan,True,True,True,,True,0,0.5,0.5,0.5,Cijk_Alik_Bljk_BBS_BH_Bias_HA_S_SAV_UserArgs_MT256x192x64_MI16x16x1_SN_LDSB0_AFC0_AFEM1_AFEM1_ASEM1_CLR1_CADS0_DTLA0_DTLB0_DTVA0_DTVB0_EPS0_FDSI0_GRPM1_GRVWA8_GRVWB8_GSU0_GSUAMB_GLS0_ISA950_IU1_K1_LDSTI0_LBSPPA1024_LBSPPB256_LBSPPM0_LPA16_LPB16_LPM0_LRVW8_LWPMn1_MIAV0_MIWT8_6_MO40_NTn1_NTA0_NTB0_NTC0_NTD0_NTM0_NEPBS0_NLCA1_NLCB1_ONLL1_PGR2_PLR1_PKA1_SIA3_SS1_SPO0_SRVW0_SSO0_SVW8_SK3_SKFTR0_SKXCCM0_TLDS1_ULSGRO0_USL1_UIOFGRO0_USFGRO0_VSn1_VWA8_VWB2_WSGRA0_WSGRB0_WS64_WG32_8_1,Cijk_Alik_Bljk_BBS_BH_Bias_HA_S_SAV_UserArgs_MT256x192x64_MI16x16x1_SN_LDSB0_AFC0_AFEM1_AFEM1_ASEM1_CLR1_CADS0_DTLA0_DTLB0_DTVA0_DTVB0_EPS0_FDSI0_GRPM1_GRVWA8_GRVWB8_GSU0_GSUAMB_GLS0_ISA950_IU1_K1_LDSTI0_LBSPPA1024_LBSPPB256_LBSPPM0_LPA16_LPB16_LPM0_LRVW8_LWPMn1_MIAV0_MIWT8_6_MO40_NTn1_NTA0_NTB0_NTC0_NTD0_NTM0_NEPBS0_NLCA1_NLCB1_ONLL1_PGR2_PLR1_PKA1_SIA3_SS1_SPO0_SRVW0_SSO0_SVW8_SK3_SKFTR0_SKXCCM0_TLDS1_ULSGRO0_USL1_UIOFGRO0_USFGRO0_VSn1_VWA8_VWB2_WSGRA0_WSGRB0_WS64_WG32_8_1,0.0263 0.0263,0.0268 0.0268,0.0287 0.0285,,
4096,4096,1024,False,bfloat16,in: 256x256,256-511,256,1,0,16,untuned,torch,,1129.4,1145.4,1070.8,dp,,nan,True,True,True,,True,0,0.5,0.5,0.5,Cijk_Alik_Bljk_BBS_BH_Bias_HA_S_SAV_UserArgs_MT256x256x64_MI16x16x1_SN_LDSB0_AFC1_AFEM1_AFEM1_ASEM1_CLR1_CADS0_DTLA1_DTLB1_DTVA0_DTVB0_EPS0_FDSI0_GRPM1_GRVWA8_GRVWB8_GSU0_GSUAMB_GLS0_ISA950_IU1_K1_LDSTI0_LBSPPA1024_LBSPPB1024_LBSPPM0_LPA16_LPB16_LPM0_LRVW8_LWPMn1_MIAV0_MIWT16_4_MO40_NTn1_NTA3_NTB3_NTC5_NTD2_NTM0_NEPBS12_NLCA1_NLCB1_ONLL1_PGR2_PLR1_PKA1_SIA3_SS1_SPO1_SRVW0_SSO1_SVW8_SK3_SKFTR0_SKXCCM0_TLDS1_ULSGRO0_USL1_UIOFGRO0_USFGRO0_VSn1_VWA8_VWB4_WSGRA0_WSGRB0_WS64_WG16_16_1,Cijk_Alik_Bljk_BBS_BH_Bias_HA_S_SAV_UserArgs_MT256x256x64_MI16x16x1_SN_LDSB0_AFC1_AFEM1_AFEM1_ASEM1_CLR1_CADS0_DTLA1_DTLB1_DTVA0_DTVB0_EPS0_FDSI0_GRPM1_GRVWA8_GRVWB8_GSU0_GSUAMB_GLS0_ISA950_IU1_K1_LDSTI0_LBSPPA1024_LBSPPB1024_LBSPPM0_LPA16_LPB16_LPM0_LRVW8_LWPMn1_MIAV0_MIWT16_4_MO40_NTn1_NTA3_NTB3_NTC5_NTD2_NTM0_NEPBS12_NLCA1_NLCB1_ONLL1_PGR2_PLR1_PKA1_SIA3_SS1_SPO1_SRVW0_SSO1_SVW8_SK3_SKFTR0_SKXCCM0_TLDS1_ULSGRO0_USL1_UIOFGRO0_USFGRO0_VSn1_VWA8_VWB4_WSGRA0_WSGRB0_WS64_WG16_16_1,0.0304 0.0305,0.0300 0.0300,0.0323 0.0318,,
4096,7168,1024,False,bfloat16,in: 256x256,256-511,448,1,192,16,tuned,flydsl,flydsl_hgemm_abf16_wbf16_bf16_t256x256x64x2_ks1_w2x4x1_bias0_ktail0_gm4_pht_gfx950,1106.5,1150.7,1103.0,dp,,nan,True,True,True,,True,0,0.5,0.5,0.5,,hgemm_bf16_t256x256x64x2_ks1_w2x4x1_gm4_bias0_lnt_phti_0,0.0541 0.0546,0.0522 0.0523,0.0553 0.0538,,
4096,8192,1024,False,bfloat16,in: 256x256,>=512,512,2,0,16,tuned,asm,_ZN5aiter24bf16gemm_bf16_tn_256x256E,1188.7,1182.6,1160.0,dp,,nan,True,True,True,,True,0,0.5,0.5,0.5,,aiter::bf16gemm_bf16_tn_256x256,0.0581 0.0575,0.0581 0.0581,0.0592 0.0593,,
5120,4096,1024,False,bfloat16,in: non-pow2 tile,256-511,320,1,64,16,untuned,torch,,1028.2,922.3,696.2,one_tile,owner,908.9,True,True,True,True,True,0,0.5,0.5,0.5,Cijk_Alik_Bljk_BBS_BH_Bias_HA_S_SAV_UserArgs_MT256x160x64_MI16x16x1_SN_LDSB0_AFC1_AFEM1_AFEM1_ASEM1_CLR0_CADS0_DTLA1_DTLB1_DTVA0_DTVB0_EPS0_FDSI0_GRPM1_GRVWA8_GRVWB8_GSU0_GSUAMB_GLS0_ISA950_IU1_K1_LDSTI0_LBSPPA1024_LBSPPB1024_LBSPPM0_LPA16_LPB16_LPM0_LRVW8_LWPMn1_MIAV0_MIWT8_5_MO40_NTn1_NTA0_NTB1_NTC6_NTD6_NTM0_NEPBS12_NLCA1_NLCB1_ONLL1_PGR2_PLR1_PKA1_SIA3_SS1_SPO0_SRVW0_SSO1_SVW8_SK3_SKFTR0_SKXCCM4_TLDS1_ULSGRO0_USL1_UIOFGRO0_USFGRO1_VSn1_VWA8_VWB1_WSGRA0_WSGRB0_WS64_WG32_8_1,Cijk_Alik_Bljk_BBS_BH_Bias_HA_S_SAV_UserArgs_MT256x160x64_MI16x16x1_SN_LDSB0_AFC1_AFEM1_AFEM1_ASEM1_CLR0_CADS0_DTLA1_DTLB1_DTVA0_DTVB0_EPS0_FDSI0_GRPM1_GRVWA8_GRVWB8_GSU0_GSUAMB_GLS0_ISA950_IU1_K1_LDSTI0_LBSPPA1024_LBSPPB1024_LBSPPM0_LPA16_LPB16_LPM0_LRVW8_LWPMn1_MIAV0_MIWT8_5_MO40_NTn1_NTA0_NTB1_NTC6_NTD6_NTM0_NEPBS12_NLCA1_NLCB1_ONLL1_PGR2_PLR1_PKA1_SIA3_SS1_SPO0_SRVW0_SSO1_SVW8_SK3_SKFTR0_SKXCCM4_TLDS1_ULSGRO0_USL1_UIOFGRO0_USFGRO1_VSn1_VWA8_VWB1_WSGRA0_WSGRB0_WS64_WG32_8_1,0.0417 0.0419,0.0466 0.0465,0.0619 0.0615,0.0474 0.0472,
7680,4096,1024,False,bfloat16,in: 256x256,256-511,480,1,224,16,untuned,torch,,986.5,1168.9,1130.5,dp,,nan,True,True,True,,True,0,0.5,0.5,0.5,Cijk_Alik_Bljk_BBS_BH_Bias_HA_S_SAV_UserArgs_MT256x240x64_MI16x16x1_SN_LDSB0_AFC0_AFEM1_AFEM1_ASEM1_CLR0_CADS0_DTLA1_DTLB1_DTVA0_DTVB0_EPS0_FDSI0_GRPM1_GRVWA8_GRVWB2_GSU0_GSUAMB_GLS0_ISA950_IU1_K1_LDSTI0_LBSPPA1024_LBSPPB256_LBSPPM0_LPA16_LPB16_LPM0_LRVW8_LWPMn1_MIAV0_MIWT4_15_MO40_NTn1_NTA0_NTB0_NTC6_NTD4_NTM0_NEPBS0_NLCA1_NLCB1_ONLL1_PGR2_PLR1_PKA1_SIA3_SS1_SPO1_SRVW0_SSO1_SVW4_SK3_SKFTR0_SKXCCM0_TLDS1_ULSGRO0_USL1_UIOFGRO0_USFGRO0_VSn1_VWA4_VWB1_WSGRA0_WSGRB0_WS64_WG64_4_1,Cijk_Alik_Bljk_BBS_BH_Bias_HA_S_SAV_UserArgs_MT256x240x64_MI16x16x1_SN_LDSB0_AFC0_AFEM1_AFEM1_ASEM1_CLR0_CADS0_DTLA1_DTLB1_DTVA0_DTVB0_EPS0_FDSI0_GRPM1_GRVWA8_GRVWB2_GSU0_GSUAMB_GLS0_ISA950_IU1_K1_LDSTI0_LBSPPA1024_LBSPPB256_LBSPPM0_LPA16_LPB16_LPM0_LRVW8_LWPMn1_MIAV0_MIWT4_15_MO40_NTn1_NTA0_NTB0_NTC6_NTD4_NTM0_NEPBS0_NLCA1_NLCB1_ONLL1_PGR2_PLR1_PKA1_SIA3_SS1_SPO1_SRVW0_SSO1_SVW4_SK3_SKFTR0_SKXCCM0_TLDS1_ULSGRO0_USL1_UIOFGRO0_USFGRO0_VSn1_VWA4_VWB1_WSGRA0_WSGRB0_WS64_WG64_4_1,0.0654 0.0652,0.0550 0.0552,0.0575 0.0565,,
8192,7168,1024,False,bfloat16,in: 256x256,>=512,896,3,128,16,tuned,asm,_ZN5aiter24bf16gemm_bf16_tn_256x256E,1097.7,1162.7,1085.2,one_tile,owner,1179.8,True,True,True,True,True,0,0.5,0.5,0.5,,aiter::bf16gemm_bf16_tn_256x256,0.1098 0.1093,0.1034 0.1035,0.1110 0.1106,0.1017 0.1022,
8192,8192,1024,False,bfloat16,in: 256x256,>=512,1024,4,0,16,tuned,asm,_ZN5aiter24bf16gemm_bf16_tn_256x256E,1226.4,1229.6,1247.4,dp,,nan,True,True,True,,True,0,0.5,0.5,0.5,,aiter::bf16gemm_bf16_tn_256x256,0.1124 0.1118,0.1116 0.1120,0.1105 0.1099,,
16384,4096,1024,False,bfloat16,in: 256x256,>=512,1024,4,0,16,untuned,torch,,1211.8,1240.1,1253.7,dp,,nan,True,True,True,,True,0,0.5,0.5,0.5,Cijk_Alik_Bljk_BBS_BH_Bias_HA_S_SAV_UserArgs_MT256x256x64_MI16x16x1_CMS_SN_LDSB0_AFC0_AFEM1_AFEM1_ASEM1_CLR1_CADS0_DTLA1_DTLB1_DTVA0_DTVB0_EPS0_FDSI0_GRPM1_GRVWA8_GRVWB8_GSU0_GSUAMB_GLS0_ISA950_IU1_K1_LDSTI0_LBSPPA1024_LBSPPB1024_LBSPPM0_LPA16_LPB16_LPM0_LRVW8_LWPMn1_MIAV0_MIWT8_8_MO40_NTn1_NTA0_NTB0_NTC0_NTD4_NTM0_NEPBS0_NLCA1_NLCB1_ONLL1_PGR2_PLR1_PKA1_SIA3_SS1_SPO0_SRVW0_SSO0_SVW8_SK3_SKFTR0_SKXCCM0_TLDS1_ULSGRO0_USL1_UIOFGRO0_USFGRO0_VSn1_VWA8_VWB8_WSGRA0_WSGRB0_WS64_WG32_8_1,Cijk_Alik_Bljk_BBS_BH_Bias_HA_S_SAV_UserArgs_MT256x256x64_MI16x16x1_CMS_SN_LDSB0_AFC0_AFEM1_AFEM1_ASEM1_CLR1_CADS0_DTLA1_DTLB1_DTVA0_DTVB0_EPS0_FDSI0_GRPM1_GRVWA8_GRVWB8_GSU0_GSUAMB_GLS0_ISA950_IU1_K1_LDSTI0_LBSPPA1024_LBSPPB1024_LBSPPM0_LPA16_LPB16_LPM0_LRVW8_LWPMn1_MIAV0_MIWT8_8_MO40_NTn1_NTA0_NTB0_NTC0_NTD4_NTM0_NEPBS0_NLCA1_NLCB1_ONLL1_PGR2_PLR1_PKA1_SIA3_SS1_SPO0_SRVW0_SSO0_SVW8_SK3_SKFTR0_SKXCCM0_TLDS1_ULSGRO0_USL1_UIOFGRO0_USFGRO0_VSn1_VWA8_VWB8_WSGRA0_WSGRB0_WS64_WG32_8_1,0.1134 0.1134,0.1107 0.1109,0.1096 0.1097,,
16384,7168,1024,False,bfloat16,in: 256x256,>=512,1792,7,0,16,tuned,asm,_ZN5aiter24bf16gemm_bf16_tn_256x256E,1207.4,1264.9,1282.8,dp,,nan,True,True,True,,True,0,0.5,0.5,0.5,,aiter::bf16gemm_bf16_tn_256x256,0.1992 0.1992,0.1896 0.1907,0.1878 0.1872,,
16384,8192,1024,False,bfloat16,in: 256x256,>=512,2048,8,0,16,tuned,torch,native,1247.1,1246.1,1274.1,dp,,nan,True,True,True,,True,0,0.5,0.5,0.5,Cijk_Alik_Bljk_BBS_BH_Bias_HA_S_SAV_UserArgs_MT256x256x64_MI16x16x1_CMS_SN_LDSB0_AFC0_AFEM1_AFEM1_ASEM1_CLR1_CADS0_DTLA1_DTLB1_DTVA0_DTVB0_EPS0_FDSI0_GRPM1_GRVWA8_GRVWB8_GSU0_GSUAMB_GLS0_ISA950_IU1_K1_LDSTI0_LBSPPA1024_LBSPPB1024_LBSPPM0_LPA16_LPB16_LPM0_LRVW8_LWPMn1_MIAV0_MIWT8_8_MO40_NTn1_NTA0_NTB0_NTC0_NTD4_NTM0_NEPBS0_NLCA1_NLCB1_ONLL1_PGR2_PLR1_PKA1_SIA3_SS1_SPO0_SRVW0_SSO0_SVW8_SK3_SKFTR0_SKXCCM0_TLDS1_ULSGRO0_USL1_UIOFGRO0_USFGRO0_VSn1_VWA8_VWB8_WSGRA0_WSGRB0_WS64_WG32_8_1,Cijk_Alik_Bljk_BBS_BH_Bias_HA_S_SAV_UserArgs_MT256x256x64_MI16x16x1_CMS_SN_LDSB0_AFC0_AFEM1_AFEM1_ASEM1_CLR1_CADS0_DTLA1_DTLB1_DTVA0_DTVB0_EPS0_FDSI0_GRPM1_GRVWA8_GRVWB8_GSU0_GSUAMB_GLS0_ISA950_IU1_K1_LDSTI0_LBSPPA1024_LBSPPB1024_LBSPPM0_LPA16_LPB16_LPM0_LRVW8_LWPMn1_MIAV0_MIWT8_8_MO40_NTn1_NTA0_NTB0_NTC0_NTD4_NTM0_NEPBS0_NLCA1_NLCB1_ONLL1_PGR2_PLR1_PKA1_SIA3_SS1_SPO0_SRVW0_SSO0_SVW8_SK3_SKFTR0_SKXCCM0_TLDS1_ULSGRO0_USL1_UIOFGRO0_USFGRO0_VSn1_VWA8_VWB8_WSGRA0_WSGRB0_WS64_WG32_8_1,0.2210 0.2198,0.2206 0.2206,0.2165 0.2150,,
32768,7168,1024,False,bfloat16,in: 256x256,>=512,3584,14,0,16,tuned,torch,native,1263.7,1244.4,1269.5,dp,,nan,True,True,True,,True,0,0.5,0.5,0.5,Cijk_Alik_Bljk_BBS_BH_Bias_HA_S_SAV_UserArgs_MT256x256x64_MI16x16x1_CMS_SN_LDSB0_AFC0_AFEM1_AFEM1_ASEM1_CLR1_CADS0_DTLA1_DTLB1_DTVA0_DTVB0_EPS0_FDSI0_GRPM1_GRVWA8_GRVWB8_GSU0_GSUAMB_GLS0_ISA950_IU1_K1_LDSTI0_LBSPPA1024_LBSPPB1024_LBSPPM0_LPA16_LPB16_LPM0_LRVW8_LWPMn1_MIAV0_MIWT8_8_MO40_NTn1_NTA0_NTB0_NTC0_NTD4_NTM0_NEPBS0_NLCA1_NLCB1_ONLL1_PGR2_PLR1_PKA1_SIA3_SS1_SPO0_SRVW0_SSO0_SVW8_SK3_SKFTR0_SKXCCM0_TLDS1_ULSGRO0_USL1_UIOFGRO0_USFGRO0_VSn1_VWA8_VWB8_WSGRA0_WSGRB0_WS64_WG32_8_1,Cijk_Alik_Bljk_BBS_BH_Bias_HA_S_SAV_UserArgs_MT256x256x64_MI16x16x1_CMS_SN_LDSB0_AFC0_AFEM1_AFEM1_ASEM1_CLR1_CADS0_DTLA1_DTLB1_DTVA0_DTVB0_EPS0_FDSI0_GRPM1_GRVWA8_GRVWB8_GSU0_GSUAMB_GLS0_ISA950_IU1_K1_LDSTI0_LBSPPA1024_LBSPPB1024_LBSPPM0_LPA16_LPB16_LPM0_LRVW8_LWPMn1_MIAV0_MIWT8_8_MO40_NTn1_NTA0_NTB0_NTC0_NTD4_NTM0_NEPBS0_NLCA1_NLCB1_ONLL1_PGR2_PLR1_PKA1_SIA3_SS1_SPO0_SRVW0_SSO0_SVW8_SK3_SKFTR0_SKXCCM0_TLDS1_ULSGRO0_USL1_UIOFGRO0_USFGRO0_VSn1_VWA8_VWB8_WSGRA0_WSGRB0_WS64_WG32_8_1,0.3815 0.3797,0.3863 0.3868,0.3791 0.3787,,
32768,8192,1024,False,bfloat16,in: 256x256,>=512,4096,16,0,16,tuned,torch,native,1264.1,1236.4,1274.8,dp,,nan,True,True,True,,True,0,0.5,0.5,0.5,Cijk_Alik_Bljk_BBS_BH_Bias_HA_S_SAV_UserArgs_MT256x256x64_MI16x16x1_CMS_SN_LDSB0_AFC0_AFEM1_AFEM1_ASEM1_CLR1_CADS0_DTLA1_DTLB1_DTVA0_DTVB0_EPS0_FDSI0_GRPM1_GRVWA8_GRVWB8_GSU0_GSUAMB_GLS0_ISA950_IU1_K1_LDSTI0_LBSPPA1024_LBSPPB1024_LBSPPM0_LPA16_LPB16_LPM0_LRVW8_LWPMn1_MIAV0_MIWT8_8_MO40_NTn1_NTA0_NTB0_NTC0_NTD4_NTM0_NEPBS0_NLCA1_NLCB1_ONLL1_PGR2_PLR1_PKA1_SIA3_SS1_SPO0_SRVW0_SSO0_SVW8_SK3_SKFTR0_SKXCCM0_TLDS1_ULSGRO0_USL1_UIOFGRO0_USFGRO0_VSn1_VWA8_VWB8_WSGRA0_WSGRB0_WS64_WG32_8_1,Cijk_Alik_Bljk_BBS_BH_Bias_HA_S_SAV_UserArgs_MT256x256x64_MI16x16x1_CMS_SN_LDSB0_AFC0_AFEM1_AFEM1_ASEM1_CLR1_CADS0_DTLA1_DTLB1_DTVA0_DTVB0_EPS0_FDSI0_GRPM1_GRVWA8_GRVWB8_GSU0_GSUAMB_GLS0_ISA950_IU1_K1_LDSTI0_LBSPPA1024_LBSPPB1024_LBSPPM0_LPA16_LPB16_LPM0_LRVW8_LWPMn1_MIAV0_MIWT8_8_MO40_NTn1_NTA0_NTB0_NTC0_NTD4_NTM0_NEPBS0_NLCA1_NLCB1_ONLL1_PGR2_PLR1_PKA1_SIA3_SS1_SPO0_SRVW0_SSO0_SVW8_SK3_SKFTR0_SKXCCM0_TLDS1_ULSGRO0_USL1_UIOFGRO0_USFGRO0_VSn1_VWA8_VWB8_WSGRA0_WSGRB0_WS64_WG32_8_1,0.4363 0.4335,0.4441 0.4452,0.4312 0.4313,,
512,5120,1280,False,bfloat16,in: non-pow2 tile,<128,40,0,40,20,tuned,flydsl,flydsl_hgemm_abf16_wbf16_bf16_t96x128x64x4_ks1_w2x2x1_bias0_ktail0_gm0_pft_gfx950,537.1,264.3,156.7,one_tile,owner,257.2,True,True,True,True,True,0,0.5,0.5,0.5,,hgemm_bf16_t96x128x64x4_ks1_w2x2x1_gm0_bias0_lnt_pft_0,0.0126 0.0124,0.0254 0.0254,0.0422 0.0435,0.0261 0.0261,
1024,5120,1280,False,bfloat16,in: non-pow2 tile,<128,80,0,80,20,tuned,torch,native,718.7,489.4,366.8,one_tile,owner,475.0,True,True,True,True,True,0,0.5,0.5,0.5,Cijk_Alik_Bljk_BBS_BH_Bias_HA_S_SAV_UserArgs_MT160x128x128_MI16x16x1_SN_LDSB1_AFC0_AFEM1_AFEM1_ASEM1_CLR1_CADS0_DTLA0_DTLB0_DTVA0_DTVB0_EPS0_FDSI0_GRPM1_GRVWA8_GRVWB8_GSU0_GSUAMB_GLS0_ISA950_IU1_K1_LDSTI0_LBSPPA256_LBSPPB1024_LBSPPM0_LPA16_LPB16_LPM0_LRVW8_LWPMn1_MIAV0_MIWT5_4_MO40_NTn1_NTA0_NTB0_NTC0_NTD0_NTM0_NEPBS0_NLCA1_NLCB1_ONLL1_PGR2_PLR1_PKA1_SIA3_SS1_SPO0_SRVW0_SSO0_SVW1_SK3_SKFTR0_SKXCCM0_TLDS1_ULSGRO0_USL1_UIOFGRO0_USFGRO0_VSn1_VWA1_VWB4_WSGRA0_WSGRB0_WS64_WG32_8_1,Cijk_Alik_Bljk_BBS_BH_Bias_HA_S_SAV_UserArgs_MT160x128x128_MI16x16x1_SN_LDSB1_AFC0_AFEM1_AFEM1_ASEM1_CLR1_CADS0_DTLA0_DTLB0_DTVA0_DTVB0_EPS0_FDSI0_GRPM1_GRVWA8_GRVWB8_GSU0_GSUAMB_GLS0_ISA950_IU1_K1_LDSTI0_LBSPPA256_LBSPPB1024_LBSPPM0_LPA16_LPB16_LPM0_LRVW8_LWPMn1_MIAV0_MIWT5_4_MO40_NTn1_NTA0_NTB0_NTC0_NTD0_NTM0_NEPBS0_NLCA1_NLCB1_ONLL1_PGR2_PLR1_PKA1_SIA3_SS1_SPO0_SRVW0_SSO0_SVW1_SK3_SKFTR0_SKXCCM0_TLDS1_ULSGRO0_USL1_UIOFGRO0_USFGRO0_VSn1_VWA1_VWB4_WSGRA0_WSGRB0_WS64_WG32_8_1,0.0187 0.0186,0.0274 0.0274,0.0353 0.0379,0.0283 0.0282,
2048,5120,1280,False,bfloat16,in: non-pow2 tile,128-255,160,0,160,20,tuned,torch,native,958.3,885.1,849.4,dp,,nan,True,True,True,,True,0,0.5,0.5,0.5,Cijk_Alik_Bljk_BBS_BH_Bias_HA_S_SAV_UserArgs_MT160x256x64_MI16x16x1_SN_LDSB0_AFC0_AFEM1_AFEM1_ASEM1_CLR1_CADS0_DTLA0_DTLB0_DTVA0_DTVB0_EPS0_FDSI0_GRPM1_GRVWA8_GRVWB8_GSU0_GSUAMB_GLS0_ISA950_IU1_K1_LDSTI0_LBSPPA128_LBSPPB1024_LBSPPM0_LPA16_LPB16_LPM0_LRVW8_LWPMn1_MIAV0_MIWT5_8_MO40_NTn1_NTA0_NTB0_NTC0_NTD0_NTM0_NEPBS0_NLCA1_NLCB1_ONLL1_PGR2_PLR1_PKA1_SIA3_SS1_SPO0_SRVW0_SSO0_SVW1_SK3_SKFTR0_SKXCCM0_TLDS1_ULSGRO0_USL1_UIOFGRO0_USFGRO0_VSn1_VWA1_VWB8_WSGRA0_WSGRB0_WS64_WG32_8_1,Cijk_Alik_Bljk_BBS_BH_Bias_HA_S_SAV_UserArgs_MT160x256x64_MI16x16x1_SN_LDSB0_AFC0_AFEM1_AFEM1_ASEM1_CLR1_CADS0_DTLA0_DTLB0_DTVA0_DTVB0_EPS0_FDSI0_GRPM1_GRVWA8_GRVWB8_GSU0_GSUAMB_GLS0_ISA950_IU1_K1_LDSTI0_LBSPPA128_LBSPPB1024_LBSPPM0_LPA16_LPB16_LPM0_LRVW8_LWPMn1_MIAV0_MIWT5_8_MO40_NTn1_NTA0_NTB0_NTC0_NTD0_NTM0_NEPBS0_NLCA1_NLCB1_ONLL1_PGR2_PLR1_PKA1_SIA3_SS1_SPO0_SRVW0_SSO0_SVW1_SK3_SKFTR0_SKXCCM0_TLDS1_ULSGRO0_USL1_UIOFGRO0_USFGRO0_VSn1_VWA1_VWB8_WSGRA0_WSGRB0_WS64_WG32_8_1,0.0281 0.0280,0.0304 0.0303,0.0314 0.0318,,
4096,5120,1280,False,bfloat16,in: non-pow2 tile,256-511,320,1,64,20,tuned,torch,native,995.6,966.0,792.6,one_tile,owner,969.0,True,True,True,True,True,0,1,1,1,Cijk_Alik_Bljk_BBS_BH_Bias_HA_S_SAV_UserArgs_MT160x256x64_MI16x16x1_SN_LDSB0_AFC0_AFEM1_AFEM1_ASEM1_CLR1_CADS0_DTLA0_DTLB0_DTVA0_DTVB0_EPS0_FDSI0_GRPM1_GRVWA8_GRVWB8_GSU0_GSUAMB_GLS0_ISA950_IU1_K1_LDSTI0_LBSPPA128_LBSPPB1024_LBSPPM0_LPA16_LPB16_LPM0_LRVW8_LWPMn1_MIAV0_MIWT5_8_MO40_NTn1_NTA0_NTB0_NTC0_NTD0_NTM0_NEPBS0_NLCA1_NLCB1_ONLL1_PGR2_PLR1_PKA1_SIA3_SS1_SPO0_SRVW0_SSO0_SVW1_SK3_SKFTR0_SKXCCM0_TLDS1_ULSGRO0_USL1_UIOFGRO0_USFGRO0_VSn1_VWA1_VWB8_WSGRA0_WSGRB0_WS64_WG32_8_1,Cijk_Alik_Bljk_BBS_BH_Bias_HA_S_SAV_UserArgs_MT160x256x64_MI16x16x1_SN_LDSB0_AFC0_AFEM1_AFEM1_ASEM1_CLR1_CADS0_DTLA0_DTLB0_DTVA0_DTVB0_EPS0_FDSI0_GRPM1_GRVWA8_GRVWB8_GSU0_GSUAMB_GLS0_ISA950_IU1_K1_LDSTI0_LBSPPA128_LBSPPB1024_LBSPPM0_LPA16_LPB16_LPM0_LRVW8_LWPMn1_MIAV0_MIWT5_8_MO40_NTn1_NTA0_NTB0_NTC0_NTD0_NTM0_NEPBS0_NLCA1_NLCB1_ONLL1_PGR2_PLR1_PKA1_SIA3_SS1_SPO0_SRVW0_SSO0_SVW1_SK3_SKFTR0_SKXCCM0_TLDS1_ULSGRO0_USL1_UIOFGRO0_USFGRO0_VSn1_VWA1_VWB8_WSGRA0_WSGRB0_WS64_WG32_8_1,0.0540 0.0538,0.0555 0.0556,0.0678 0.0677,0.0553 0.0555,
8192,5120,1280,False,bfloat16,in: 256x256,>=512,640,2,128,20,tuned,flydsl,flydsl_hgemm_abf16_wbf16_bf16_t256x256x64x2_ks1_w2x4x1_bias0_ktail0_gm4_pht_gfx950,1137.9,1178.3,1110.5,one_tile,owner,1200.4,True,True,True,True,True,0,0.5,0.5,0.5,,hgemm_bf16_t256x256x64x2_ks1_w2x4x1_gm4_bias0_lnt_phti_0,0.0947 0.0941,0.0910 0.0912,0.0968 0.0966,0.0896 0.0893,
16384,5120,1280,False,bfloat16,in: 256x256,>=512,1280,5,0,20,tuned,flydsl,flydsl_hgemm_abf16_wbf16_bf16_t256x256x64x2_ks1_w2x4x1_bias0_ktail0_gm4_pht_gfx950,1263.1,1316.1,1340.6,dp,,nan,True,True,True,,True,0,1,1,1,,hgemm_bf16_t256x256x64x2_ks1_w2x4x1_gm4_bias0_lnt_phti_0,0.1697 0.1703,0.1632 0.1632,0.1611 0.1593,,
32768,5120,1280,False,bfloat16,in: 256x256,>=512,2560,10,0,20,tuned,torch,native,1313.3,1297.4,1309.6,dp,,nan,True,True,True,,True,0,1,1,1,Cijk_Alik_Bljk_BBS_BH_Bias_HA_S_SAV_UserArgs_MT256x256x64_MI16x16x1_CMS_SN_LDSB0_AFC0_AFEM1_AFEM1_ASEM1_CLR1_CADS0_DTLA1_DTLB1_DTVA0_DTVB0_EPS0_FDSI0_GRPM1_GRVWA8_GRVWB8_GSU0_GSUAMB_GLS0_ISA950_IU1_K1_LDSTI0_LBSPPA1024_LBSPPB1024_LBSPPM0_LPA16_LPB16_LPM0_LRVW8_LWPMn1_MIAV0_MIWT8_8_MO40_NTn1_NTA0_NTB0_NTC0_NTD4_NTM0_NEPBS0_NLCA1_NLCB1_ONLL1_PGR2_PLR1_PKA1_SIA3_SS1_SPO0_SRVW0_SSO0_SVW8_SK3_SKFTR0_SKXCCM0_TLDS1_ULSGRO0_USL1_UIOFGRO0_USFGRO0_VSn1_VWA8_VWB8_WSGRA0_WSGRB0_WS64_WG32_8_1,Cijk_Alik_Bljk_BBS_BH_Bias_HA_S_SAV_UserArgs_MT256x256x64_MI16x16x1_CMS_SN_LDSB0_AFC0_AFEM1_AFEM1_ASEM1_CLR1_CADS0_DTLA1_DTLB1_DTVA0_DTVB0_EPS0_FDSI0_GRPM1_GRVWA8_GRVWB8_GSU0_GSUAMB_GLS0_ISA950_IU1_K1_LDSTI0_LBSPPA1024_LBSPPB1024_LBSPPM0_LPA16_LPB16_LPM0_LRVW8_LWPMn1_MIAV0_MIWT8_8_MO40_NTn1_NTA0_NTB0_NTC0_NTD4_NTM0_NEPBS0_NLCA1_NLCB1_ONLL1_PGR2_PLR1_PKA1_SIA3_SS1_SPO0_SRVW0_SSO0_SVW8_SK3_SKFTR0_SKXCCM0_TLDS1_ULSGRO0_USL1_UIOFGRO0_USFGRO0_VSn1_VWA8_VWB8_WSGRA0_WSGRB0_WS64_WG32_8_1,0.3278 0.3263,0.3328 0.3293,0.3290 0.3269,,
512,1536,1536,False,bfloat16,out: smaller tile,<128,12,0,12,24,tuned,flydsl,flydsl_hgemm_abf16_wbf16_bf16_t64x64x64x6_ks1_w2x4x1_bias0_ktail0_gm0_pft_gfx950,345.5,85.8,64.6,one_tile,rs,84.4,True,True,True,True,True,0,0.5,0.5,0.5,,hgemm_bf16_t64x64x64x6_ks1_w2x4x1_gm0_bias0_lnt_pft_0,0.0070 0.0070,0.0282 0.0282,0.0381 0.0367,0.0287 0.0286,
512,2048,1536,False,bfloat16,out: smaller tile,<128,16,0,16,24,untuned,torch,,394.2,113.5,84.2,one_tile,rs,112.5,True,True,True,True,True,0,0.5,0.5,0.5,Cijk_Alik_Bljk_BBS_BH_Bias_HA_S_SAV_UserArgs_MT64x64x256_MI16x16x1_SN_LDSB0_AFC0_AFEM1_AFEM1_ASEM1_CLR0_CADS0_DTLA0_DTLB0_DTVA0_DTVB0_EPS0_FDSI0_GRPM1_GRVWA8_GRVWB8_GSU0_GSUAMB_GLS0_ISA950_IU1_K1_LDSTI0_LBSPPA1024_LBSPPB1024_LBSPPM0_LPA16_LPB16_LPM0_LRVW8_LWPMn1_MIAV1_MIWT2_2_MO40_NTn1_NTA0_NTB0_NTC3_NTD3_NTM0_NEPBS16_NLCA1_NLCB1_ONLL1_PGR2_PLR1_PKA1_SIA3_SS1_SPO0_SRVW0_SSO0_SVW2_SK3_SKFTR0_SKXCCM0_TLDS1_ULSGRO0_USL1_UIOFGRO0_USFGRO0_VSn1_VWA2_VWB2_WSGRA0_WSGRB0_WS64_WG32_8_1,Cijk_Alik_Bljk_BBS_BH_Bias_HA_S_SAV_UserArgs_MT64x64x256_MI16x16x1_SN_LDSB0_AFC0_AFEM1_AFEM1_ASEM1_CLR0_CADS0_DTLA0_DTLB0_DTVA0_DTVB0_EPS0_FDSI0_GRPM1_GRVWA8_GRVWB8_GSU0_GSUAMB_GLS0_ISA950_IU1_K1_LDSTI0_LBSPPA1024_LBSPPB1024_LBSPPM0_LPA16_LPB16_LPM0_LRVW8_LWPMn1_MIAV1_MIWT2_2_MO40_NTn1_NTA0_NTB0_NTC3_NTD3_NTM0_NEPBS16_NLCA1_NLCB1_ONLL1_PGR2_PLR1_PKA1_SIA3_SS1_SPO0_SRVW0_SSO0_SVW2_SK3_SKFTR0_SKXCCM0_TLDS1_ULSGRO0_USL1_UIOFGRO0_USFGRO0_VSn1_VWA2_VWB2_WSGRA0_WSGRB0_WS64_WG32_8_1,0.0082 0.0082,0.0284 0.0284,0.0382 0.0383,0.0286 0.0286,
512,2304,1536,False,bfloat16,out: smaller tile,<128,18,0,18,24,tuned,flydsl,flydsl_hgemm_abf16_wbf16_bf16_t96x64x64x4_ks1_w2x2x1_bias0_ktail0_gm0_pft_gfx950,390.1,126.9,94.6,one_tile,rs,125.8,True,True,True,True,True,0,0.5,0.5,0.5,,hgemm_bf16_t96x64x64x4_ks1_w2x2x1_gm0_bias0_lnt_pft_0,0.0095 0.0091,0.0286 0.0285,0.0384 0.0382,0.0290 0.0287,
512,4096,1536,False,bfloat16,in: other listed tile,<128,32,0,32,24,untuned,torch,,565.7,225.3,166.5,one_tile,rs,222.2,True,True,True,True,True,0,1,1,1,Cijk_Alik_Bljk_BBS_BH_Bias_HA_S_SAV_UserArgs_MT128x64x128_MI16x16x1_SN_LDSB1_AFC0_AFEM1_AFEM1_ASEM1_CLR1_CADS0_DTLA0_DTLB0_DTVA0_DTVB0_EPS0_FDSI0_GRPM1_GRVWA8_GRVWB8_GSU0_GSUAMB_GLS0_ISA950_IU1_K1_LDSTI0_LBSPPA1024_LBSPPB512_LBSPPM0_LPA16_LPB16_LPM0_LRVW8_LWPMn1_MIAV0_MIWT4_2_MO40_NTn1_NTA0_NTB0_NTC0_NTD0_NTM0_NEPBS0_NLCA1_NLCB1_ONLL1_PGR2_PLR1_PKA1_SIA3_SS1_SPO0_SRVW0_SSO0_SVW4_SK3_SKFTR0_SKXCCM0_TLDS1_ULSGRO0_USL1_UIOFGRO0_USFGRO0_VSn1_VWA4_VWB2_WSGRA0_WSGRB0_WS64_WG32_8_1,Cijk_Alik_Bljk_BBS_BH_Bias_HA_S_SAV_UserArgs_MT128x64x128_MI16x16x1_SN_LDSB1_AFC0_AFEM1_AFEM1_ASEM1_CLR1_CADS0_DTLA0_DTLB0_DTVA0_DTVB0_EPS0_FDSI0_GRPM1_GRVWA8_GRVWB8_GSU0_GSUAMB_GLS0_ISA950_IU1_K1_LDSTI0_LBSPPA1024_LBSPPB512_LBSPPM0_LPA16_LPB16_LPM0_LRVW8_LWPMn1_MIAV0_MIWT4_2_MO40_NTn1_NTA0_NTB0_NTC0_NTD0_NTM0_NEPBS0_NLCA1_NLCB1_ONLL1_PGR2_PLR1_PKA1_SIA3_SS1_SPO0_SRVW0_SSO0_SVW4_SK3_SKFTR0_SKXCCM0_TLDS1_ULSGRO0_USL1_UIOFGRO0_USFGRO0_VSn1_VWA4_VWB2_WSGRA0_WSGRB0_WS64_WG32_8_1,0.0116 0.0112,0.0286 0.0286,0.0387 0.0387,0.0290 0.0290,
512,6144,1536,False,bfloat16,in: non-pow2 tile,<128,48,0,48,24,tuned,flydsl,flydsl_hgemm_abf16_wbf16_bf16_t128x96x64x4_ks1_w2x2x1_bias0_ktail0_gm0_pft_gfx950,635.2,330.6,236.8,one_tile,owner,322.0,True,True,True,True,True,0,1,1,1,,hgemm_bf16_t128x96x64x4_ks1_w2x2x1_gm0_bias0_lnt_pft_0,0.0153 0.0151,0.0292 0.0292,0.0414 0.0402,0.0299 0.0301,
512,7168,1536,False,bfloat16,in: other listed tile,<128,56,0,56,24,tuned,flydsl,flydsl_hgemm_abf16_wbf16_bf16_t128x128x64x3_ks1_w4x2x1_bias0_ktail0_gm0_pft_gfx950,672.3,376.1,281.9,one_tile,owner,365.8,True,True,True,True,True,0,1,1,1,,hgemm_bf16_t128x128x64x3_ks1_w4x2x1_gm0_bias0_lnt_pft_0,0.0170 0.0166,0.0300 0.0300,0.0404 0.0396,0.0307 0.0309,
1024,1536,1536,False,bfloat16,out: smaller tile,<128,24,0,24,24,tuned,flydsl,flydsl_hgemm_abf16_wbf16_bf16_t64x96x64x4_ks1_w2x2x1_bias0_ktail0_gm4_pft_gfx950,502.0,169.1,121.3,one_tile,rs,165.0,True,True,True,True,True,0,0.5,0.5,0.5,,hgemm_bf16_t64x96x64x4_ks1_w2x2x1_gm4_bias0_lnt_pft_0,0.0097 0.0095,0.0285 0.0286,0.0400 0.0396,0.0293 0.0293,
1024,2048,1536,False,bfloat16,in: other listed tile,<128,32,0,32,24,untuned,torch,,573.7,221.5,164.9,one_tile,rs,217.7,True,True,True,True,True,0,0.5,0.5,0.5,Cijk_Alik_Bljk_BBS_BH_Bias_HA_S_SAV_UserArgs_MT128x64x128_MI16x16x1_SN_LDSB1_AFC0_AFEM1_AFEM1_ASEM1_CLR1_CADS0_DTLA0_DTLB0_DTVA0_DTVB0_EPS0_FDSI0_GRPM1_GRVWA8_GRVWB8_GSU0_GSUAMB_GLS0_ISA950_IU1_K1_LDSTI0_LBSPPA1024_LBSPPB512_LBSPPM0_LPA16_LPB16_LPM0_LRVW8_LWPMn1_MIAV0_MIWT4_2_MO40_NTn1_NTA0_NTB0_NTC0_NTD0_NTM0_NEPBS0_NLCA1_NLCB1_ONLL1_PGR2_PLR1_PKA1_SIA3_SS1_SPO0_SRVW0_SSO0_SVW4_SK3_SKFTR0_SKXCCM0_TLDS1_ULSGRO0_USL1_UIOFGRO0_USFGRO0_VSn1_VWA4_VWB2_WSGRA0_WSGRB0_WS64_WG32_8_1,Cijk_Alik_Bljk_BBS_BH_Bias_HA_S_SAV_UserArgs_MT128x64x128_MI16x16x1_SN_LDSB1_AFC0_AFEM1_AFEM1_ASEM1_CLR1_CADS0_DTLA0_DTLB0_DTVA0_DTVB0_EPS0_FDSI0_GRPM1_GRVWA8_GRVWB8_GSU0_GSUAMB_GLS0_ISA950_IU1_K1_LDSTI0_LBSPPA1024_LBSPPB512_LBSPPM0_LPA16_LPB16_LPM0_LRVW8_LWPMn1_MIAV0_MIWT4_2_MO40_NTn1_NTA0_NTB0_NTC0_NTD0_NTM0_NEPBS0_NLCA1_NLCB1_ONLL1_PGR2_PLR1_PKA1_SIA3_SS1_SPO0_SRVW0_SSO0_SVW4_SK3_SKFTR0_SKXCCM0_TLDS1_ULSGRO0_USL1_UIOFGRO0_USFGRO0_VSn1_VWA4_VWB2_WSGRA0_WSGRB0_WS64_WG32_8_1,0.0112 0.0113,0.0291 0.0291,0.0391 0.0391,0.0296 0.0296,
1024,2304,1536,False,bfloat16,in: non-pow2 tile,<128,36,0,36,24,tuned,torch,native,533.3,249.3,163.8,one_tile,owner,244.5,True,True,True,True,True,0,0.5,0.5,0.5,Cijk_Alik_Bljk_BBS_BH_Bias_HA_S_SAV_UserArgs_MT128x80x128_MI16x16x1_SN_LDSB0_AFC0_AFEM1_AFEM1_ASEM1_CLR1_CADS0_DTLA1_DTLB1_DTVA0_DTVB0_EPS0_FDSI0_GRPM1_GRVWA8_GRVWB2_GSU0_GSUAMB_GLS0_ISA950_IU1_K1_LDSTI0_LBSPPA1024_LBSPPB256_LBSPPM0_LPA16_LPB16_LPM0_LRVW8_LWPMn1_MIAV0_MIWT2_5_MO40_NTn1_NTA0_NTB0_NTC4_NTD4_NTM0_NEPBS0_NLCA1_NLCB1_ONLL1_PGR2_PLR1_PKA1_SIA3_SS1_SPO0_SRVW0_SSO1_SVW2_SK3_SKFTR0_SKXCCM0_TLDS2_ULSGRO0_USL1_UIOFGRO0_USFGRO0_VSn1_VWA2_VWB1_WSGRA0_WSGRB0_WS64_WG64_4_1,Cijk_Alik_Bljk_BBS_BH_Bias_HA_S_SAV_UserArgs_MT128x80x128_MI16x16x1_SN_LDSB0_AFC0_AFEM1_AFEM1_ASEM1_CLR1_CADS0_DTLA1_DTLB1_DTVA0_DTVB0_EPS0_FDSI0_GRPM1_GRVWA8_GRVWB2_GSU0_GSUAMB_GLS0_ISA950_IU1_K1_LDSTI0_LBSPPA1024_LBSPPB256_LBSPPM0_LPA16_LPB16_LPM0_LRVW8_LWPMn1_MIAV0_MIWT2_5_MO40_NTn1_NTA0_NTB0_NTC4_NTD4_NTM0_NEPBS0_NLCA1_NLCB1_ONLL1_PGR2_PLR1_PKA1_SIA3_SS1_SPO0_SRVW0_SSO1_SVW2_SK3_SKFTR0_SKXCCM0_TLDS2_ULSGRO0_USL1_UIOFGRO0_USFGRO0_VSn1_VWA2_VWB1_WSGRA0_WSGRB0_WS64_WG64_4_1,0.0137 0.0135,0.0291 0.0291,0.0449 0.0436,0.0297 0.0296,
1024,3072,1536,False,bfloat16,in: non-pow2 tile,<128,48,0,48,24,tuned,flydsl,flydsl_hgemm_abf16_wbf16_bf16_t128x96x64x4_ks1_w2x2x1_bias0_ktail0_gm4_pft_gfx950,647.3,330.5,234.3,one_tile,owner,323.7,True,True,True,True,True,0,1,1,1,,hgemm_bf16_t128x96x64x4_ks1_w2x2x1_gm4_bias0_lnt_pft_0,0.0148 0.0151,0.0292 0.0292,0.0414 0.0411,0.0299 0.0298,
1024,4096,1536,False,bfloat16,in: other listed tile,<128,64,0,64,24,untuned,torch,,635.4,421.7,336.2,one_tile,owner,416.9,True,True,True,True,True,0,1,1,1,Cijk_Alik_Bljk_BBS_BH_Bias_HA_S_SAV_UserArgs_MT128x128x256_MI16x16x1_SN_LDSB1_AFC0_AFEM1_AFEM1_ASEM1_CLR0_CADS0_DTLA0_DTLB0_DTVA0_DTVB0_EPS0_FDSI0_GRPM1_GRVWA8_GRVWB8_GSU0_GSUAMB_GLS0_ISA950_IU1_K1_LDSTI0_LBSPPA2048_LBSPPB2048_LBSPPM0_LPA16_LPB16_LPM0_LRVW8_LWPMn1_MIAV0_MIWT4_4_MO40_NTn1_NTA0_NTB0_NTC1_NTD1_NTM0_NEPBS0_NLCA1_NLCB1_ONLL1_PGR2_PLR1_PKA1_SIA3_SS1_SPO1_SRVW0_SSO4_SVW4_SK3_SKFTR0_SKXCCM0_TLDS1_ULSGRO0_USL1_UIOFGRO0_USFGRO0_VSn1_VWA4_VWB4_WSGRA0_WSGRB0_WS64_WG32_8_1,Cijk_Alik_Bljk_BBS_BH_Bias_HA_S_SAV_UserArgs_MT128x128x256_MI16x16x1_SN_LDSB1_AFC0_AFEM1_AFEM1_ASEM1_CLR0_CADS0_DTLA0_DTLB0_DTVA0_DTVB0_EPS0_FDSI0_GRPM1_GRVWA8_GRVWB8_GSU0_GSUAMB_GLS0_ISA950_IU1_K1_LDSTI0_LBSPPA2048_LBSPPB2048_LBSPPM0_LPA16_LPB16_LPM0_LRVW8_LWPMn1_MIAV0_MIWT4_4_MO40_NTn1_NTA0_NTB0_NTC1_NTD1_NTM0_NEPBS0_NLCA1_NLCB1_ONLL1_PGR2_PLR1_PKA1_SIA3_SS1_SPO1_SRVW0_SSO4_SVW4_SK3_SKFTR0_SKXCCM0_TLDS1_ULSGRO0_USL1_UIOFGRO0_USFGRO0_VSn1_VWA4_VWB4_WSGRA0_WSGRB0_WS64_WG32_8_1,0.0203 0.0203,0.0305 0.0306,0.0386 0.0381,0.0311 0.0307,
1024,7168,1536,False,bfloat16,in: non-pow2 tile,<128,112,0,112,24,tuned,torch,native,885.6,690.9,580.9,one_tile,owner,673.5,True,True,True,True,True,0,1,1,1,Cijk_Alik_Bljk_BBS_BH_Bias_HA_S_SAV_UserArgs_MT224x128x64_MI16x16x1_SN_LDSB1_AFC0_AFEM1_AFEM1_ASEM1_CLR1_CADS0_DTLA0_DTLB0_DTVA0_DTVB0_EPS0_FDSI0_GRPM1_GRVWA8_GRVWB8_GSU0_GSUAMB_GLS0_ISA950_IU1_K1_LDSTI0_LBSPPA128_LBSPPB512_LBSPPM0_LPA16_LPB16_LPM0_LRVW8_LWPMn1_MIAV0_MIWT7_4_MO40_NTn1_NTA0_NTB0_NTC0_NTD0_NTM0_NEPBS0_NLCA1_NLCB1_ONLL1_PGR2_PLR1_PKA1_SIA3_SS1_SPO0_SRVW0_SSO0_SVW1_SK3_SKFTR0_SKXCCM0_TLDS1_ULSGRO0_USL1_UIOFGRO0_USFGRO0_VSn1_VWA1_VWB4_WSGRA0_WSGRB0_WS64_WG32_8_1,Cijk_Alik_Bljk_BBS_BH_Bias_HA_S_SAV_UserArgs_MT224x128x64_MI16x16x1_SN_LDSB1_AFC0_AFEM1_AFEM1_ASEM1_CLR1_CADS0_DTLA0_DTLB0_DTVA0_DTVB0_EPS0_FDSI0_GRPM1_GRVWA8_GRVWB8_GSU0_GSUAMB_GLS0_ISA950_IU1_K1_LDSTI0_LBSPPA128_LBSPPB512_LBSPPM0_LPA16_LPB16_LPM0_LRVW8_LWPMn1_MIAV0_MIWT7_4_MO40_NTn1_NTA0_NTB0_NTC0_NTD0_NTM0_NEPBS0_NLCA1_NLCB1_ONLL1_PGR2_PLR1_PKA1_SIA3_SS1_SPO0_SRVW0_SSO0_SVW1_SK3_SKFTR0_SKXCCM0_TLDS1_ULSGRO0_USL1_UIOFGRO0_USFGRO0_VSn1_VWA1_VWB4_WSGRA0_WSGRB0_WS64_WG32_8_1,0.0254 0.0255,0.0326 0.0327,0.0381 0.0395,0.0334 0.0335,
2048,1536,1536,False,bfloat16,in: non-pow2 tile,<128,48,0,48,24,tuned,torch,native,659.2,329.9,235.3,one_tile,owner,322.7,True,True,True,True,True,0,0.5,0.5,0.5,Cijk_Alik_Bljk_BBS_BH_Bias_HA_S_SAV_UserArgs_MT96x128x128_MI16x16x1_SN_LDSB1_AFC0_AFEM1_AFEM1_ASEM1_CLR1_CADS0_DTLA0_DTLB0_DTVA0_DTVB0_EPS0_FDSI0_GRPM1_GRVWA8_GRVWB8_GSU0_GSUAMB_GLS0_ISA950_IU1_K1_LDSTI0_LBSPPA256_LBSPPB1024_LBSPPM0_LPA16_LPB16_LPM0_LRVW8_LWPMn1_MIAV0_MIWT3_4_MO40_NTn1_NTA0_NTB0_NTC0_NTD0_NTM0_NEPBS0_NLCA1_NLCB1_ONLL1_PGR2_PLR1_PKA1_SIA3_SS1_SPO0_SRVW0_SSO0_SVW1_SK3_SKFTR0_SKXCCM0_TLDS1_ULSGRO0_USL1_UIOFGRO0_USFGRO0_VSn1_VWA1_VWB4_WSGRA0_WSGRB0_WS64_WG32_8_1,Cijk_Alik_Bljk_BBS_BH_Bias_HA_S_SAV_UserArgs_MT96x128x128_MI16x16x1_SN_LDSB1_AFC0_AFEM1_AFEM1_ASEM1_CLR1_CADS0_DTLA0_DTLB0_DTVA0_DTVB0_EPS0_FDSI0_GRPM1_GRVWA8_GRVWB8_GSU0_GSUAMB_GLS0_ISA950_IU1_K1_LDSTI0_LBSPPA256_LBSPPB1024_LBSPPM0_LPA16_LPB16_LPM0_LRVW8_LWPMn1_MIAV0_MIWT3_4_MO40_NTn1_NTA0_NTB0_NTC0_NTD0_NTM0_NEPBS0_NLCA1_NLCB1_ONLL1_PGR2_PLR1_PKA1_SIA3_SS1_SPO0_SRVW0_SSO0_SVW1_SK3_SKFTR0_SKXCCM0_TLDS1_ULSGRO0_USL1_UIOFGRO0_USFGRO0_VSn1_VWA1_VWB4_WSGRA0_WSGRB0_WS64_WG32_8_1,0.0145 0.0148,0.0292 0.0294,0.0415 0.0406,0.0300 0.0299,
2048,2048,1536,False,bfloat16,in: other listed tile,<128,64,0,64,24,untuned,torch,,639.9,421.5,335.3,one_tile,owner,415.2,True,True,True,True,True,0,0.5,0.5,0.5,Cijk_Alik_Bljk_BBS_BH_Bias_HA_S_SAV_UserArgs_MT128x128x256_MI16x16x1_SN_LDSB1_AFC0_AFEM1_AFEM1_ASEM1_CLR0_CADS0_DTLA0_DTLB0_DTVA0_DTVB0_EPS0_FDSI0_GRPM1_GRVWA8_GRVWB8_GSU0_GSUAMB_GLS0_ISA950_IU1_K1_LDSTI0_LBSPPA2048_LBSPPB2048_LBSPPM0_LPA16_LPB16_LPM0_LRVW8_LWPMn1_MIAV0_MIWT4_4_MO40_NTn1_NTA0_NTB0_NTC1_NTD1_NTM0_NEPBS0_NLCA1_NLCB1_ONLL1_PGR2_PLR1_PKA1_SIA3_SS1_SPO1_SRVW0_SSO4_SVW4_SK3_SKFTR0_SKXCCM0_TLDS1_ULSGRO0_USL1_UIOFGRO0_USFGRO0_VSn1_VWA4_VWB4_WSGRA0_WSGRB0_WS64_WG32_8_1,Cijk_Alik_Bljk_BBS_BH_Bias_HA_S_SAV_UserArgs_MT128x128x256_MI16x16x1_SN_LDSB1_AFC0_AFEM1_AFEM1_ASEM1_CLR0_CADS0_DTLA0_DTLB0_DTVA0_DTVB0_EPS0_FDSI0_GRPM1_GRVWA8_GRVWB8_GSU0_GSUAMB_GLS0_ISA950_IU1_K1_LDSTI0_LBSPPA2048_LBSPPB2048_LBSPPM0_LPA16_LPB16_LPM0_LRVW8_LWPMn1_MIAV0_MIWT4_4_MO40_NTn1_NTA0_NTB0_NTC1_NTD1_NTM0_NEPBS0_NLCA1_NLCB1_ONLL1_PGR2_PLR1_PKA1_SIA3_SS1_SPO1_SRVW0_SSO4_SVW4_SK3_SKFTR0_SKXCCM0_TLDS1_ULSGRO0_USL1_UIOFGRO0_USFGRO0_VSn1_VWA4_VWB4_WSGRA0_WSGRB0_WS64_WG32_8_1,0.0201 0.0201,0.0305 0.0306,0.0384 0.0384,0.0310 0.0310,
2048,4096,1536,False,bfloat16,in: other listed tile,128-255,128,0,128,24,tuned,torch,native,953.4,765.5,648.2,one_tile,owner,754.9,True,True,True,True,True,0,0.5,0.5,0.5,Cijk_Alik_Bljk_BBS_BH_Bias_HA_S_SAV_UserArgs_MT256x128x64_MI16x16x1_SN_LDSB1_AFC0_AFEM1_AFEM1_ASEM1_CLR1_CADS0_DTLA0_DTLB0_DTVA0_DTVB0_EPS0_FDSI0_GRPM1_GRVWA8_GRVWB8_GSU0_GSUAMB_GLS0_ISA950_IU1_K1_LDSTI0_LBSPPA1024_LBSPPB512_LBSPPM0_LPA16_LPB16_LPM0_LRVW8_LWPMn1_MIAV0_MIWT8_4_MO40_NTn1_NTA0_NTB0_NTC0_NTD0_NTM0_NEPBS0_NLCA1_NLCB1_ONLL1_PGR2_PLR1_PKA1_SIA3_SS1_SPO0_SRVW0_SSO0_SVW8_SK3_SKFTR0_SKXCCM0_TLDS1_ULSGRO0_USL1_UIOFGRO0_USFGRO0_VSn1_VWA8_VWB4_WSGRA0_WSGRB0_WS64_WG32_8_1,Cijk_Alik_Bljk_BBS_BH_Bias_HA_S_SAV_UserArgs_MT256x128x64_MI16x16x1_SN_LDSB1_AFC0_AFEM1_AFEM1_ASEM1_CLR1_CADS0_DTLA0_DTLB0_DTVA0_DTVB0_EPS0_FDSI0_GRPM1_GRVWA8_GRVWB8_GSU0_GSUAMB_GLS0_ISA950_IU1_K1_LDSTI0_LBSPPA1024_LBSPPB512_LBSPPM0_LPA16_LPB16_LPM0_LRVW8_LWPMn1_MIAV0_MIWT8_4_MO40_NTn1_NTA0_NTB0_NTC0_NTD0_NTM0_NEPBS0_NLCA1_NLCB1_ONLL1_PGR2_PLR1_PKA1_SIA3_SS1_SPO0_SRVW0_SSO0_SVW8_SK3_SKFTR0_SKXCCM0_TLDS1_ULSGRO0_USL1_UIOFGRO0_USFGRO0_VSn1_VWA8_VWB4_WSGRA0_WSGRB0_WS64_WG32_8_1,0.0272 0.0269,0.0336 0.0337,0.0400 0.0395,0.0344 0.0339,
3072,2048,1536,False,bfloat16,in: other listed tile,<128,96,0,96,24,untuned,opus,opus_gemm_mono_tile_512x128x256x64_2x4_16x16x32_0x0x0_nooob_4g_safe,875.2,604.9,499.2,one_tile,owner,590.5,True,True,True,True,True,0,1,1,1,,"void gemm_a16w16_mono_tile_4g_safe_kernel_gfx950<opus_gemm_a16w16_mono_tile_traits_gfx950<512, opus::seq<128, 256, 64>, opus::tuple<std::bfloat16_t, std::bfloat16_t, std::bfloat16_t, float>, opus::seq<8, 8, 8> > >(opus_gemm_mono_tile_kargs_gfx950)",0.0222 0.0220,0.0319 0.0320,0.0383 0.0392,0.0325 0.0329,
3072,4096,1536,False,bfloat16,in: non-pow2 tile,128-255,192,0,192,24,tuned,opus,opus_gemm_mono_tile_512x192x256x64_2x4_16x16x32_0x0x0_nooob,1143.0,1098.5,991.4,dp,,nan,True,True,True,,True,0,1,1,1,,"void gemm_a16w16_mono_tile_kernel_gfx950<opus_gemm_a16w16_mono_tile_traits_gfx950<512, opus::seq<192, 256, 64>, opus::tuple<std::bfloat16_t, std::bfloat16_t, std::bfloat16_t, float>, opus::seq<8, 8, 8> > >(opus_gemm_mono_tile_kargs_gfx950)",0.0336 0.0340,0.0353 0.0350,0.0395 0.0385,,
4096,1536,1536,False,bfloat16,in: non-pow2 tile,<128,96,0,96,24,tuned,torch,native,822.0,604.4,503.9,one_tile,owner,596.8,True,True,True,True,True,0,1,1,1,Cijk_Alik_Bljk_BBS_BH_Bias_HA_S_SAV_UserArgs_MT192x128x128_MI16x16x1_SN_LDSB1_AFC0_AFEM1_AFEM1_ASEM1_CLR0_CADS0_DTLA0_DTLB0_DTVA0_DTVB0_EPS0_FDSI0_GRPM1_GRVWA8_GRVWB8_GSU0_GSUAMB_GLS0_ISA950_IU1_K1_LDSTI0_LBSPPA512_LBSPPB1024_LBSPPM0_LPA16_LPB16_LPM0_LRVW8_LWPMn1_MIAV0_MIWT6_4_MO40_NTn1_NTA0_NTB0_NTC1_NTD4_NTM0_NEPBS0_NLCA1_NLCB1_ONLL1_PGR2_PLR1_PKA1_SIA3_SS1_SPO0_SRVW0_SSO1_SVW2_SK3_SKFTR0_SKXCCM0_TLDS2_ULSGRO0_USL1_UIOFGRO0_USFGRO0_VSn1_VWA2_VWB4_WSGRA0_WSGRB0_WS64_WG32_8_1,Cijk_Alik_Bljk_BBS_BH_Bias_HA_S_SAV_UserArgs_MT192x128x128_MI16x16x1_SN_LDSB1_AFC0_AFEM1_AFEM1_ASEM1_CLR0_CADS0_DTLA0_DTLB0_DTVA0_DTVB0_EPS0_FDSI0_GRPM1_GRVWA8_GRVWB8_GSU0_GSUAMB_GLS0_ISA950_IU1_K1_LDSTI0_LBSPPA512_LBSPPB1024_LBSPPM0_LPA16_LPB16_LPM0_LRVW8_LWPMn1_MIAV0_MIWT6_4_MO40_NTn1_NTA0_NTB0_NTC1_NTD4_NTM0_NEPBS0_NLCA1_NLCB1_ONLL1_PGR2_PLR1_PKA1_SIA3_SS1_SPO0_SRVW0_SSO1_SVW2_SK3_SKFTR0_SKXCCM0_TLDS2_ULSGRO0_USL1_UIOFGRO0_USFGRO0_VSn1_VWA2_VWB4_WSGRA0_WSGRB0_WS64_WG32_8_1,0.0235 0.0235,0.0320 0.0320,0.0389 0.0378,0.0323 0.0325,
4096,2048,1536,False,bfloat16,in: other listed tile,128-255,128,0,128,24,tuned,opus,opus_gemm_mono_tile_512x128x256x64_2x4_16x16x32_0x0x0_nooob_4g_safe,1025.4,763.0,654.5,one_tile,owner,750.7,True,True,True,True,True,0,1,1,1,,"void gemm_a16w16_mono_tile_4g_safe_kernel_gfx950<opus_gemm_a16w16_mono_tile_traits_gfx950<512, opus::seq<128, 256, 64>, opus::tuple<std::bfloat16_t, std::bfloat16_t, std::bfloat16_t, float>, opus::seq<8, 8, 8> > >(opus_gemm_mono_tile_kargs_gfx950)",0.0251 0.0251,0.0338 0.0338,0.0393 0.0394,0.0345 0.0342,
4096,3072,1536,False,bfloat16,in: 256x256,128-255,192,0,192,24,tuned,flydsl,flydsl_hgemm_abf16_wbf16_bf16_t256x256x64x2_ks1_w2x4x1_bias0_ktail0_gm0_pht_gfx950,1034.8,1080.1,1016.7,dp,,nan,True,True,True,,True,0,1,1,1,,hgemm_bf16_t256x256x64x2_ks1_w2x4x1_gm0_bias0_lnt_phti_0,0.0373 0.0374,0.0358 0.0358,0.0380 0.0380,,
4096,4096,1536,False,bfloat16,in: 256x256,256-511,256,1,0,24,untuned,torch,,1229.4,1262.9,1179.1,dp,,nan,True,True,True,,True,0,1,1,1,Cijk_Alik_Bljk_BBS_BH_Bias_HA_S_SAV_UserArgs_MT256x256x64_MI16x16x1_CMS_SN_LDSB0_AFC0_AFEM1_AFEM1_ASEM1_CLR1_CADS0_DTLA1_DTLB1_DTVA0_DTVB0_EPS0_FDSI0_GRPM1_GRVWA8_GRVWB8_GSU0_GSUAMB_GLS0_ISA950_IU1_K1_LDSTI0_LBSPPA1024_LBSPPB1024_LBSPPM0_LPA16_LPB16_LPM0_LRVW8_LWPMn1_MIAV0_MIWT8_8_MO40_NTn1_NTA0_NTB0_NTC0_NTD4_NTM0_NEPBS0_NLCA1_NLCB1_ONLL1_PGR2_PLR1_PKA1_SIA3_SS1_SPO0_SRVW0_SSO0_SVW8_SK3_SKFTR0_SKXCCM0_TLDS1_ULSGRO0_USL1_UIOFGRO0_USFGRO0_VSn1_VWA8_VWB8_WSGRA0_WSGRB0_WS64_WG32_8_1,Cijk_Alik_Bljk_BBS_BH_Bias_HA_S_SAV_UserArgs_MT256x256x64_MI16x16x1_CMS_SN_LDSB0_AFC0_AFEM1_AFEM1_ASEM1_CLR1_CADS0_DTLA1_DTLB1_DTVA0_DTVB0_EPS0_FDSI0_GRPM1_GRVWA8_GRVWB8_GSU0_GSUAMB_GLS0_ISA950_IU1_K1_LDSTI0_LBSPPA1024_LBSPPB1024_LBSPPM0_LPA16_LPB16_LPM0_LRVW8_LWPMn1_MIAV0_MIWT8_8_MO40_NTn1_NTA0_NTB0_NTC0_NTD4_NTM0_NEPBS0_NLCA1_NLCB1_ONLL1_PGR2_PLR1_PKA1_SIA3_SS1_SPO0_SRVW0_SSO0_SVW8_SK3_SKFTR0_SKXCCM0_TLDS1_ULSGRO0_USL1_UIOFGRO0_USFGRO0_VSn1_VWA8_VWB8_WSGRA0_WSGRB0_WS64_WG32_8_1,0.0420 0.0419,0.0407 0.0409,0.0439 0.0435,,
5120,2048,1536,False,bfloat16,in: non-pow2 tile,128-255,160,0,160,24,untuned,torch,,1040.8,930.5,885.8,dp,,nan,True,True,True,,True,0,0.5,0.5,0.5,Cijk_Alik_Bljk_BBS_BH_Bias_HA_S_SAV_UserArgs_MT256x160x64_MI16x16x1_SN_LDSB0_AFC0_AFEM1_AFEM1_ASEM1_CLR1_CADS0_DTLA0_DTLB0_DTVA0_DTVB0_EPS0_FDSI0_GRPM1_GRVWA8_GRVWB8_GSU0_GSUAMB_GLS0_ISA950_IU1_K1_LDSTI0_LBSPPA1024_LBSPPB128_LBSPPM0_LPA16_LPB16_LPM0_LRVW8_LWPMn1_MIAV0_MIWT8_5_MO40_NTn1_NTA0_NTB0_NTC0_NTD0_NTM0_NEPBS0_NLCA1_NLCB1_ONLL1_PGR2_PLR1_PKA1_SIA3_SS1_SPO0_SRVW0_SSO0_SVW8_SK3_SKFTR0_SKXCCM0_TLDS1_ULSGRO0_USL1_UIOFGRO0_USFGRO0_VSn1_VWA8_VWB1_WSGRA0_WSGRB0_WS64_WG32_8_1,Cijk_Alik_Bljk_BBS_BH_Bias_HA_S_SAV_UserArgs_MT256x160x64_MI16x16x1_SN_LDSB0_AFC0_AFEM1_AFEM1_ASEM1_CLR1_CADS0_DTLA0_DTLB0_DTVA0_DTVB0_EPS0_FDSI0_GRPM1_GRVWA8_GRVWB8_GSU0_GSUAMB_GLS0_ISA950_IU1_K1_LDSTI0_LBSPPA1024_LBSPPB128_LBSPPM0_LPA16_LPB16_LPM0_LRVW8_LWPMn1_MIAV0_MIWT8_5_MO40_NTn1_NTA0_NTB0_NTC0_NTD0_NTM0_NEPBS0_NLCA1_NLCB1_ONLL1_PGR2_PLR1_PKA1_SIA3_SS1_SPO0_SRVW0_SSO0_SVW8_SK3_SKFTR0_SKXCCM0_TLDS1_ULSGRO0_USL1_UIOFGRO0_USFGRO0_VSn1_VWA8_VWB1_WSGRA0_WSGRB0_WS64_WG32_8_1,0.0310 0.0309,0.0347 0.0346,0.0360 0.0367,,
5120,4096,1536,False,bfloat16,in: non-pow2 tile,256-511,320,1,64,24,untuned,torch,,1104.1,1010.4,860.3,one_tile,owner,1011.0,True,True,True,True,True,0,1,1,1,Cijk_Alik_Bljk_BBS_BH_Bias_HA_S_SAV_UserArgs_MT256x160x64_MI16x16x1_SN_LDSB0_AFC0_AFEM1_AFEM1_ASEM1_CLR1_CADS0_DTLA0_DTLB0_DTVA0_DTVB0_EPS0_FDSI0_GRPM1_GRVWA8_GRVWB8_GSU0_GSUAMB_GLS0_ISA950_IU1_K1_LDSTI0_LBSPPA1024_LBSPPB128_LBSPPM0_LPA16_LPB16_LPM0_LRVW8_LWPMn1_MIAV0_MIWT8_5_MO40_NTn1_NTA0_NTB0_NTC0_NTD0_NTM0_NEPBS0_NLCA1_NLCB1_ONLL1_PGR2_PLR1_PKA1_SIA3_SS1_SPO0_SRVW0_SSO0_SVW8_SK3_SKFTR0_SKXCCM0_TLDS1_ULSGRO0_USL1_UIOFGRO0_USFGRO0_VSn1_VWA8_VWB1_WSGRA0_WSGRB0_WS64_WG32_8_1,Cijk_Alik_Bljk_BBS_BH_Bias_HA_S_SAV_UserArgs_MT256x160x64_MI16x16x1_SN_LDSB0_AFC0_AFEM1_AFEM1_ASEM1_CLR1_CADS0_DTLA0_DTLB0_DTVA0_DTVB0_EPS0_FDSI0_GRPM1_GRVWA8_GRVWB8_GSU0_GSUAMB_GLS0_ISA950_IU1_K1_LDSTI0_LBSPPA1024_LBSPPB128_LBSPPM0_LPA16_LPB16_LPM0_LRVW8_LWPMn1_MIAV0_MIWT8_5_MO40_NTn1_NTA0_NTB0_NTC0_NTD0_NTM0_NEPBS0_NLCA1_NLCB1_ONLL1_PGR2_PLR1_PKA1_SIA3_SS1_SPO0_SRVW0_SSO0_SVW8_SK3_SKFTR0_SKXCCM0_TLDS1_ULSGRO0_USL1_UIOFGRO0_USFGRO0_VSn1_VWA8_VWB1_WSGRA0_WSGRB0_WS64_WG32_8_1,0.0583 0.0584,0.0639 0.0637,0.0750 0.0748,0.0637 0.0638,
7680,2048,1536,False,bfloat16,in: 256x256,128-255,240,0,240,24,untuned,torch,,1039.5,1228.4,1138.1,dp,,nan,True,True,True,,True,0,1,1,1,Cijk_Alik_Bljk_BBS_BH_Bias_HA_S_SAV_UserArgs_MT256x240x64_MI16x16x1_SN_LDSB0_AFC0_AFEM1_AFEM1_ASEM1_CLR0_CADS0_DTLA1_DTLB1_DTVA0_DTVB0_EPS0_FDSI0_GRPM1_GRVWA8_GRVWB2_GSU0_GSUAMB_GLS0_ISA950_IU1_K1_LDSTI0_LBSPPA1024_LBSPPB256_LBSPPM0_LPA16_LPB16_LPM0_LRVW8_LWPMn1_MIAV0_MIWT4_15_MO40_NTn1_NTA0_NTB0_NTC6_NTD4_NTM0_NEPBS0_NLCA1_NLCB1_ONLL1_PGR2_PLR1_PKA1_SIA3_SS1_SPO1_SRVW0_SSO1_SVW4_SK3_SKFTR0_SKXCCM0_TLDS1_ULSGRO0_USL1_UIOFGRO0_USFGRO0_VSn1_VWA4_VWB1_WSGRA0_WSGRB0_WS64_WG64_4_1,Cijk_Alik_Bljk_BBS_BH_Bias_HA_S_SAV_UserArgs_MT256x240x64_MI16x16x1_SN_LDSB0_AFC0_AFEM1_AFEM1_ASEM1_CLR0_CADS0_DTLA1_DTLB1_DTVA0_DTVB0_EPS0_FDSI0_GRPM1_GRVWA8_GRVWB2_GSU0_GSUAMB_GLS0_ISA950_IU1_K1_LDSTI0_LBSPPA1024_LBSPPB256_LBSPPM0_LPA16_LPB16_LPM0_LRVW8_LWPMn1_MIAV0_MIWT4_15_MO40_NTn1_NTA0_NTB0_NTC6_NTD4_NTM0_NEPBS0_NLCA1_NLCB1_ONLL1_PGR2_PLR1_PKA1_SIA3_SS1_SPO1_SRVW0_SSO1_SVW4_SK3_SKFTR0_SKXCCM0_TLDS1_ULSGRO0_USL1_UIOFGRO0_USFGRO0_VSn1_VWA4_VWB1_WSGRA0_WSGRB0_WS64_WG64_4_1,0.0465 0.0465,0.0393 0.0394,0.0423 0.0426,,
7680,4096,1536,False,bfloat16,in: 256x256,256-511,480,1,224,24,untuned,torch,,1091.4,1274.3,1250.5,dp,,nan,True,True,True,,True,0,1,1,1,Cijk_Alik_Bljk_BBS_BH_Bias_HA_S_SAV_UserArgs_MT256x240x64_MI16x16x1_SN_LDSB0_AFC0_AFEM1_AFEM1_ASEM1_CLR0_CADS0_DTLA1_DTLB1_DTVA0_DTVB0_EPS0_FDSI0_GRPM1_GRVWA8_GRVWB2_GSU0_GSUAMB_GLS0_ISA950_IU1_K1_LDSTI0_LBSPPA1024_LBSPPB256_LBSPPM0_LPA16_LPB16_LPM0_LRVW8_LWPMn1_MIAV0_MIWT4_15_MO40_NTn1_NTA0_NTB0_NTC6_NTD4_NTM0_NEPBS0_NLCA1_NLCB1_ONLL1_PGR2_PLR1_PKA1_SIA3_SS1_SPO1_SRVW0_SSO1_SVW4_SK3_SKFTR0_SKXCCM0_TLDS1_ULSGRO0_USL1_UIOFGRO0_USFGRO0_VSn1_VWA4_VWB1_WSGRA0_WSGRB0_WS64_WG64_4_1,Cijk_Alik_Bljk_BBS_BH_Bias_HA_S_SAV_UserArgs_MT256x240x64_MI16x16x1_SN_LDSB0_AFC0_AFEM1_AFEM1_ASEM1_CLR0_CADS0_DTLA1_DTLB1_DTVA0_DTVB0_EPS0_FDSI0_GRPM1_GRVWA8_GRVWB2_GSU0_GSUAMB_GLS0_ISA950_IU1_K1_LDSTI0_LBSPPA1024_LBSPPB256_LBSPPM0_LPA16_LPB16_LPM0_LRVW8_LWPMn1_MIAV0_MIWT4_15_MO40_NTn1_NTA0_NTB0_NTC6_NTD4_NTM0_NEPBS0_NLCA1_NLCB1_ONLL1_PGR2_PLR1_PKA1_SIA3_SS1_SPO1_SRVW0_SSO1_SVW4_SK3_SKFTR0_SKXCCM0_TLDS1_ULSGRO0_USL1_UIOFGRO0_USFGRO0_VSn1_VWA4_VWB1_WSGRA0_WSGRB0_WS64_WG64_4_1,0.0886 0.0885,0.0756 0.0760,0.0775 0.0770,,
8192,1536,1536,False,bfloat16,in: non-pow2 tile,128-255,192,0,192,24,tuned,torch,native,1116.9,1082.3,1000.4,dp,,nan,True,True,True,,True,0,1,1,1,Cijk_Alik_Bljk_BBS_BH_Bias_HA_S_SAV_UserArgs_MT192x256x64_MI16x16x1_SN_LDSB0_AFC0_AFEM1_AFEM1_ASEM1_CLR1_CADS0_DTLA0_DTLB0_DTVA0_DTVB0_EPS0_FDSI0_GRPM1_GRVWA8_GRVWB8_GSU0_GSUAMB_GLS0_ISA950_IU1_K1_LDSTI0_LBSPPA256_LBSPPB1024_LBSPPM0_LPA16_LPB16_LPM0_LRVW8_LWPMn1_MIAV0_MIWT6_8_MO40_NTn1_NTA0_NTB0_NTC0_NTD0_NTM0_NEPBS0_NLCA1_NLCB1_ONLL1_PGR2_PLR1_PKA1_SIA3_SS1_SPO0_SRVW0_SSO0_SVW2_SK3_SKFTR0_SKXCCM0_TLDS1_ULSGRO0_USL1_UIOFGRO0_USFGRO0_VSn1_VWA2_VWB8_WSGRA0_WSGRB0_WS64_WG32_8_1,Cijk_Alik_Bljk_BBS_BH_Bias_HA_S_SAV_UserArgs_MT192x256x64_MI16x16x1_SN_LDSB0_AFC0_AFEM1_AFEM1_ASEM1_CLR1_CADS0_DTLA0_DTLB0_DTVA0_DTVB0_EPS0_FDSI0_GRPM1_GRVWA8_GRVWB8_GSU0_GSUAMB_GLS0_ISA950_IU1_K1_LDSTI0_LBSPPA256_LBSPPB1024_LBSPPM0_LPA16_LPB16_LPM0_LRVW8_LWPMn1_MIAV0_MIWT6_8_MO40_NTn1_NTA0_NTB0_NTC0_NTD0_NTM0_NEPBS0_NLCA1_NLCB1_ONLL1_PGR2_PLR1_PKA1_SIA3_SS1_SPO0_SRVW0_SSO0_SVW2_SK3_SKFTR0_SKXCCM0_TLDS1_ULSGRO0_USL1_UIOFGRO0_USFGRO0_VSn1_VWA2_VWB8_WSGRA0_WSGRB0_WS64_WG32_8_1,0.0344 0.0349,0.0356 0.0358,0.0386 0.0387,,
10240,7168,1536,False,bfloat16,in: 256x256,>=512,1120,4,96,24,tuned,asm,_ZN5aiter24bf16gemm_bf16_tn_256x256E,1222.7,1262.6,1239.5,one_tile,owner,1297.0,True,True,True,True,True,0,1,1,1,,aiter::bf16gemm_bf16_tn_256x256,0.1845 0.1843,0.1793 0.1778,0.1826 0.1813,0.1734 0.1742,
16384,1536,1536,False,bfloat16,in: non-pow2 tile,256-511,384,1,128,24,tuned,torch,native,1159.0,1168.3,1013.7,one_tile,owner,1163.4,True,True,True,True,True,0,1,1,1,Cijk_Alik_Bljk_BBS_BH_Bias_HA_S_SAV_UserArgs_MT192x256x64_MI16x16x1_SN_LDSB0_AFC0_AFEM1_AFEM1_ASEM1_CLR1_CADS0_DTLA0_DTLB0_DTVA0_DTVB0_EPS0_FDSI0_GRPM1_GRVWA8_GRVWB8_GSU0_GSUAMB_GLS0_ISA950_IU1_K1_LDSTI0_LBSPPA256_LBSPPB1024_LBSPPM0_LPA16_LPB16_LPM0_LRVW8_LWPMn1_MIAV0_MIWT6_8_MO40_NTn1_NTA0_NTB0_NTC0_NTD0_NTM0_NEPBS0_NLCA1_NLCB1_ONLL1_PGR2_PLR1_PKA1_SIA3_SS1_SPO0_SRVW0_SSO0_SVW2_SK3_SKFTR0_SKXCCM0_TLDS1_ULSGRO0_USL1_UIOFGRO0_USFGRO0_VSn1_VWA2_VWB8_WSGRA0_WSGRB0_WS64_WG32_8_1,Cijk_Alik_Bljk_BBS_BH_Bias_HA_S_SAV_UserArgs_MT192x256x64_MI16x16x1_SN_LDSB0_AFC0_AFEM1_AFEM1_ASEM1_CLR1_CADS0_DTLA0_DTLB0_DTVA0_DTVB0_EPS0_FDSI0_GRPM1_GRVWA8_GRVWB8_GSU0_GSUAMB_GLS0_ISA950_IU1_K1_LDSTI0_LBSPPA256_LBSPPB1024_LBSPPM0_LPA16_LPB16_LPM0_LRVW8_LWPMn1_MIAV0_MIWT6_8_MO40_NTn1_NTA0_NTB0_NTC0_NTD0_NTM0_NEPBS0_NLCA1_NLCB1_ONLL1_PGR2_PLR1_PKA1_SIA3_SS1_SPO0_SRVW0_SSO0_SVW2_SK3_SKFTR0_SKXCCM0_TLDS1_ULSGRO0_USL1_UIOFGRO0_USFGRO0_VSn1_VWA2_VWB8_WSGRA0_WSGRB0_WS64_WG32_8_1,0.0667 0.0667,0.0661 0.0663,0.0776 0.0749,0.0663 0.0666,
16384,2048,1536,False,bfloat16,in: 256x256,>=512,512,2,0,24,untuned,torch,,1287.9,1312.0,1291.8,dp,,nan,True,True,True,,True,0,1,1,1,Cijk_Alik_Bljk_BBS_BH_Bias_HA_S_SAV_UserArgs_MT256x256x64_MI16x16x1_CMS_SN_LDSB0_AFC0_AFEM1_AFEM1_ASEM1_CLR1_CADS0_DTLA1_DTLB1_DTVA0_DTVB0_EPS0_FDSI0_GRPM1_GRVWA8_GRVWB8_GSU0_GSUAMB_GLS0_ISA950_IU1_K1_LDSTI0_LBSPPA1024_LBSPPB1024_LBSPPM0_LPA16_LPB16_LPM0_LRVW8_LWPMn1_MIAV0_MIWT8_8_MO40_NTn1_NTA0_NTB0_NTC0_NTD4_NTM0_NEPBS0_NLCA1_NLCB1_ONLL1_PGR2_PLR1_PKA1_SIA3_SS1_SPO0_SRVW0_SSO0_SVW8_SK3_SKFTR0_SKXCCM0_TLDS1_ULSGRO0_USL1_UIOFGRO0_USFGRO0_VSn1_VWA8_VWB8_WSGRA0_WSGRB0_WS64_WG32_8_1,Cijk_Alik_Bljk_BBS_BH_Bias_HA_S_SAV_UserArgs_MT256x256x64_MI16x16x1_CMS_SN_LDSB0_AFC0_AFEM1_AFEM1_ASEM1_CLR1_CADS0_DTLA1_DTLB1_DTVA0_DTVB0_EPS0_FDSI0_GRPM1_GRVWA8_GRVWB8_GSU0_GSUAMB_GLS0_ISA950_IU1_K1_LDSTI0_LBSPPA1024_LBSPPB1024_LBSPPM0_LPA16_LPB16_LPM0_LRVW8_LWPMn1_MIAV0_MIWT8_8_MO40_NTn1_NTA0_NTB0_NTC0_NTD4_NTM0_NEPBS0_NLCA1_NLCB1_ONLL1_PGR2_PLR1_PKA1_SIA3_SS1_SPO0_SRVW0_SSO0_SVW8_SK3_SKFTR0_SKXCCM0_TLDS1_ULSGRO0_USL1_UIOFGRO0_USFGRO0_VSn1_VWA8_VWB8_WSGRA0_WSGRB0_WS64_WG32_8_1,0.0803 0.0798,0.0787 0.0784,0.0802 0.0794,,
16384,3072,1536,False,bfloat16,in: 256x256,>=512,768,3,0,24,tuned,torch,native,1308.5,1342.0,1340.9,dp,,nan,True,True,True,,True,0,1,1,1,Cijk_Alik_Bljk_BBS_BH_Bias_HA_S_SAV_UserArgs_MT256x256x64_MI16x16x1_CMS_SN_LDSB0_AFC0_AFEM1_AFEM1_ASEM1_CLR1_CADS0_DTLA1_DTLB1_DTVA0_DTVB0_EPS0_FDSI0_GRPM1_GRVWA8_GRVWB8_GSU0_GSUAMB_GLS0_ISA950_IU1_K1_LDSTI0_LBSPPA1024_LBSPPB1024_LBSPPM0_LPA16_LPB16_LPM0_LRVW8_LWPMn1_MIAV0_MIWT8_8_MO40_NTn1_NTA0_NTB0_NTC0_NTD4_NTM0_NEPBS0_NLCA1_NLCB1_ONLL1_PGR2_PLR1_PKA1_SIA3_SS1_SPO0_SRVW0_SSO0_SVW8_SK3_SKFTR0_SKXCCM0_TLDS1_ULSGRO0_USL1_UIOFGRO0_USFGRO0_VSn1_VWA8_VWB8_WSGRA0_WSGRB0_WS64_WG32_8_1,Cijk_Alik_Bljk_BBS_BH_Bias_HA_S_SAV_UserArgs_MT256x256x64_MI16x16x1_CMS_SN_LDSB0_AFC0_AFEM1_AFEM1_ASEM1_CLR1_CADS0_DTLA1_DTLB1_DTVA0_DTVB0_EPS0_FDSI0_GRPM1_GRVWA8_GRVWB8_GSU0_GSUAMB_GLS0_ISA950_IU1_K1_LDSTI0_LBSPPA1024_LBSPPB1024_LBSPPM0_LPA16_LPB16_LPM0_LRVW8_LWPMn1_MIAV0_MIWT8_8_MO40_NTn1_NTA0_NTB0_NTC0_NTD4_NTM0_NEPBS0_NLCA1_NLCB1_ONLL1_PGR2_PLR1_PKA1_SIA3_SS1_SPO0_SRVW0_SSO0_SVW8_SK3_SKFTR0_SKXCCM0_TLDS1_ULSGRO0_USL1_UIOFGRO0_USFGRO0_VSn1_VWA8_VWB8_WSGRA0_WSGRB0_WS64_WG32_8_1,0.1183 0.1180,0.1151 0.1153,0.1158 0.1148,,
16384,4096,1536,False,bfloat16,in: 256x256,>=512,1024,4,0,24,untuned,torch,,1327.1,1357.1,1357.5,dp,,nan,True,True,True,,True,0,1,1,1,Cijk_Alik_Bljk_BBS_BH_Bias_HA_S_SAV_UserArgs_MT256x256x64_MI16x16x1_CMS_SN_LDSB0_AFC0_AFEM1_AFEM1_ASEM1_CLR1_CADS0_DTLA1_DTLB1_DTVA0_DTVB0_EPS0_FDSI0_GRPM1_GRVWA8_GRVWB8_GSU0_GSUAMB_GLS0_ISA950_IU1_K1_LDSTI0_LBSPPA1024_LBSPPB1024_LBSPPM0_LPA16_LPB16_LPM0_LRVW8_LWPMn1_MIAV0_MIWT8_8_MO40_NTn1_NTA0_NTB0_NTC0_NTD4_NTM0_NEPBS0_NLCA1_NLCB1_ONLL1_PGR2_PLR1_PKA1_SIA3_SS1_SPO0_SRVW0_SSO0_SVW8_SK3_SKFTR0_SKXCCM0_TLDS1_ULSGRO0_USL1_UIOFGRO0_USFGRO0_VSn1_VWA8_VWB8_WSGRA0_WSGRB0_WS64_WG32_8_1,Cijk_Alik_Bljk_BBS_BH_Bias_HA_S_SAV_UserArgs_MT256x256x64_MI16x16x1_CMS_SN_LDSB0_AFC0_AFEM1_AFEM1_ASEM1_CLR1_CADS0_DTLA1_DTLB1_DTVA0_DTVB0_EPS0_FDSI0_GRPM1_GRVWA8_GRVWB8_GSU0_GSUAMB_GLS0_ISA950_IU1_K1_LDSTI0_LBSPPA1024_LBSPPB1024_LBSPPM0_LPA16_LPB16_LPM0_LRVW8_LWPMn1_MIAV0_MIWT8_8_MO40_NTn1_NTA0_NTB0_NTC0_NTD4_NTM0_NEPBS0_NLCA1_NLCB1_ONLL1_PGR2_PLR1_PKA1_SIA3_SS1_SPO0_SRVW0_SSO0_SVW8_SK3_SKFTR0_SKXCCM0_TLDS1_ULSGRO0_USL1_UIOFGRO0_USFGRO0_VSn1_VWA8_VWB8_WSGRA0_WSGRB0_WS64_WG32_8_1,0.1557 0.1550,0.1521 0.1517,0.1525 0.1512,,
32768,1536,1536,False,bfloat16,in: 256x256,>=512,768,3,0,24,tuned,flydsl,flydsl_hgemm_abf16_wbf16_bf16_t256x256x64x2_ks1_w2x4x1_bias0_ktail0_gm4_pht_gfx950,1290.2,1334.8,1335.7,dp,,nan,True,True,True,,True,0,1,1,1,,hgemm_bf16_t256x256x64x2_ks1_w2x4x1_gm4_bias0_lnt_phti_0,0.1202 0.1195,0.1159 0.1157,0.1161 0.1155,,
512,7168,1792,False,bfloat16,in: other listed tile,<128,56,0,56,28,tuned,flydsl,flydsl_hgemm_abf16_wbf16_bf16_t128x128x64x3_ks1_w4x4x1_bias0_ktail0_gm0_pft_gfx950,715.9,392.9,325.8,one_tile,owner,384.0,True,True,True,True,True,0,1,1,1,,hgemm_bf16_t128x128x64x3_ks1_w4x4x1_gm0_bias0_lnt_pft_0,0.0186 0.0181,0.0335 0.0335,0.0401 0.0406,0.0343 0.0342,
1024,7168,1792,False,bfloat16,in: other listed tile,<128,112,0,112,28,tuned,flydsl,flydsl_hgemm_abf16_wbf16_bf16_t256x128x64x3_ks1_w4x4x1_bias0_ktail0_gm0_pft_gfx950,839.0,723.0,654.3,one_tile,owner,714.4,True,True,True,True,True,0,1,1,1,,hgemm_bf16_t256x128x64x3_ks1_w4x4x1_gm0_bias0_lnt_pft_0,0.0316 0.0311,0.0364 0.0364,0.0404 0.0400,0.0371 0.0366,
2048,7168,1792,False,bfloat16,in: 256x256,128-255,224,0,224,28,tuned,flydsl,flydsl_hgemm_abf16_wbf16_bf16_t256x256x64x2_ks1_w2x4x1_bias0_ktail0_gm0_pht_gfx950,1189.4,1263.5,1191.1,dp,,nan,True,True,True,,True,0,1,1,1,,hgemm_bf16_t256x256x64x2_ks1_w2x4x1_gm0_bias0_lnt_phti_0,0.0448 0.0437,0.0416 0.0417,0.0438 0.0445,,
4096,7168,1792,False,bfloat16,in: 256x256,256-511,448,1,192,28,tuned,flydsl,flydsl_hgemm_abf16_wbf16_bf16_t256x256x64x2_ks1_w2x4x1_bias0_ktail0_gm4_pht_gfx950,1258.2,1291.2,1260.3,dp,,nan,True,True,True,,True,0,1,1,1,,hgemm_bf16_t256x256x64x2_ks1_w2x4x1_gm4_bias0_lnt_phti_0,0.0836 0.0836,0.0813 0.0817,0.0841 0.0829,,
8192,7168,1792,False,bfloat16,in: 256x256,>=512,896,3,128,28,tuned,asm,_ZN5aiter24bf16gemm_bf16_tn_256x256E,1266.4,1311.7,1293.5,one_tile,owner,1324.5,True,True,True,True,True,0,1,1,1,,aiter::bf16gemm_bf16_tn_256x256,0.1665 0.1659,0.1601 0.1608,0.1629 0.1625,0.1590 0.1588,
16384,7168,1792,False,bfloat16,in: 256x256,>=512,1792,7,0,28,tuned,torch,native,1388.9,1396.4,1410.5,dp,,nan,True,True,True,,True,0,1,1,1,Cijk_Alik_Bljk_BBS_BH_Bias_HA_S_SAV_UserArgs_MT256x256x64_MI16x16x1_CMS_SN_LDSB0_AFC0_AFEM1_AFEM1_ASEM1_CLR1_CADS0_DTLA1_DTLB1_DTVA0_DTVB0_EPS0_FDSI0_GRPM1_GRVWA8_GRVWB8_GSU0_GSUAMB_GLS0_ISA950_IU1_K1_LDSTI0_LBSPPA1024_LBSPPB1024_LBSPPM0_LPA16_LPB16_LPM0_LRVW8_LWPMn1_MIAV0_MIWT8_8_MO40_NTn1_NTA0_NTB0_NTC0_NTD4_NTM0_NEPBS0_NLCA1_NLCB1_ONLL1_PGR2_PLR1_PKA1_SIA3_SS1_SPO0_SRVW0_SSO0_SVW8_SK3_SKFTR0_SKXCCM0_TLDS1_ULSGRO0_USL1_UIOFGRO0_USFGRO0_VSn1_VWA8_VWB8_WSGRA0_WSGRB0_WS64_WG32_8_1,Cijk_Alik_Bljk_BBS_BH_Bias_HA_S_SAV_UserArgs_MT256x256x64_MI16x16x1_CMS_SN_LDSB0_AFC0_AFEM1_AFEM1_ASEM1_CLR1_CADS0_DTLA1_DTLB1_DTVA0_DTVB0_EPS0_FDSI0_GRPM1_GRVWA8_GRVWB8_GSU0_GSUAMB_GLS0_ISA950_IU1_K1_LDSTI0_LBSPPA1024_LBSPPB1024_LBSPPM0_LPA16_LPB16_LPM0_LRVW8_LWPMn1_MIAV0_MIWT8_8_MO40_NTn1_NTA0_NTB0_NTC0_NTD4_NTM0_NEPBS0_NLCA1_NLCB1_ONLL1_PGR2_PLR1_PKA1_SIA3_SS1_SPO0_SRVW0_SSO0_SVW8_SK3_SKFTR0_SKXCCM0_TLDS1_ULSGRO0_USL1_UIOFGRO0_USFGRO0_VSn1_VWA8_VWB8_WSGRA0_WSGRB0_WS64_WG32_8_1,0.3036 0.3025,0.3012 0.3016,0.2986 0.2982,,
32768,7168,1792,False,bfloat16,in: 256x256,>=512,3584,14,0,28,tuned,torch,native,1397.7,1384.9,1418.6,dp,,nan,True,True,True,,True,0,1,1,1,Cijk_Alik_Bljk_BBS_BH_Bias_HA_S_SAV_UserArgs_MT256x256x64_MI16x16x1_CMS_SN_LDSB0_AFC0_AFEM1_AFEM1_ASEM1_CLR1_CADS0_DTLA1_DTLB1_DTVA0_DTVB0_EPS0_FDSI0_GRPM1_GRVWA8_GRVWB8_GSU0_GSUAMB_GLS0_ISA950_IU1_K1_LDSTI0_LBSPPA1024_LBSPPB1024_LBSPPM0_LPA16_LPB16_LPM0_LRVW8_LWPMn1_MIAV0_MIWT8_8_MO40_NTn1_NTA0_NTB0_NTC0_NTD4_NTM0_NEPBS0_NLCA1_NLCB1_ONLL1_PGR2_PLR1_PKA1_SIA3_SS1_SPO0_SRVW0_SSO0_SVW8_SK3_SKFTR0_SKXCCM0_TLDS1_ULSGRO0_USL1_UIOFGRO0_USFGRO0_VSn1_VWA8_VWB8_WSGRA0_WSGRB0_WS64_WG32_8_1,Cijk_Alik_Bljk_BBS_BH_Bias_HA_S_SAV_UserArgs_MT256x256x64_MI16x16x1_CMS_SN_LDSB0_AFC0_AFEM1_AFEM1_ASEM1_CLR1_CADS0_DTLA1_DTLB1_DTVA0_DTVB0_EPS0_FDSI0_GRPM1_GRVWA8_GRVWB8_GSU0_GSUAMB_GLS0_ISA950_IU1_K1_LDSTI0_LBSPPA1024_LBSPPB1024_LBSPPM0_LPA16_LPB16_LPM0_LRVW8_LWPMn1_MIAV0_MIWT8_8_MO40_NTn1_NTA0_NTB0_NTC0_NTD4_NTM0_NEPBS0_NLCA1_NLCB1_ONLL1_PGR2_PLR1_PKA1_SIA3_SS1_SPO0_SRVW0_SSO0_SVW8_SK3_SKFTR0_SKXCCM0_TLDS1_ULSGRO0_USL1_UIOFGRO0_USFGRO0_VSn1_VWA8_VWB8_WSGRA0_WSGRB0_WS64_WG32_8_1,0.6043 0.6002,0.6071 0.6086,0.5957 0.5911,,
512,4096,2048,False,bfloat16,in: other listed tile,<128,32,0,32,32,untuned,torch,,611.3,238.2,216.1,one_tile,rs,237.4,True,True,True,True,True,0,1,1,1,Cijk_Alik_Bljk_BBS_BH_Bias_HA_S_SAV_UserArgs_MT128x64x128_MI16x16x1_SN_LDSB1_AFC0_AFEM1_AFEM1_ASEM1_CLR1_CADS0_DTLA0_DTLB0_DTVA0_DTVB0_EPS0_FDSI0_GRPM1_GRVWA8_GRVWB8_GSU0_GSUAMB_GLS0_ISA950_IU1_K1_LDSTI0_LBSPPA1024_LBSPPB512_LBSPPM0_LPA16_LPB16_LPM0_LRVW8_LWPMn1_MIAV0_MIWT4_2_MO40_NTn1_NTA0_NTB0_NTC0_NTD0_NTM0_NEPBS0_NLCA1_NLCB1_ONLL1_PGR2_PLR1_PKA1_SIA3_SS1_SPO0_SRVW0_SSO0_SVW4_SK3_SKFTR0_SKXCCM0_TLDS1_ULSGRO0_USL1_UIOFGRO0_USFGRO0_VSn1_VWA4_VWB2_WSGRA0_WSGRB0_WS64_WG32_8_1,Cijk_Alik_Bljk_BBS_BH_Bias_HA_S_SAV_UserArgs_MT128x64x128_MI16x16x1_SN_LDSB1_AFC0_AFEM1_AFEM1_ASEM1_CLR1_CADS0_DTLA0_DTLB0_DTVA0_DTVB0_EPS0_FDSI0_GRPM1_GRVWA8_GRVWB8_GSU0_GSUAMB_GLS0_ISA950_IU1_K1_LDSTI0_LBSPPA1024_LBSPPB512_LBSPPM0_LPA16_LPB16_LPM0_LRVW8_LWPMn1_MIAV0_MIWT4_2_MO40_NTn1_NTA0_NTB0_NTC0_NTD0_NTM0_NEPBS0_NLCA1_NLCB1_ONLL1_PGR2_PLR1_PKA1_SIA3_SS1_SPO0_SRVW0_SSO0_SVW4_SK3_SKFTR0_SKXCCM0_TLDS1_ULSGRO0_USL1_UIOFGRO0_USFGRO0_VSn1_VWA4_VWB2_WSGRA0_WSGRB0_WS64_WG32_8_1,0.0141 0.0140,0.0361 0.0361,0.0398 0.0397,0.0362 0.0362,
512,6144,2048,False,float32,out: split-K,<128,48,0,48,32,tuned,asm,_ZN5aiter37bf16gemm_fp32bf16_tn_96x64_pf3_splitkE,419.8,316.5,286.1,one_tile,owner,308.0,True,True,True,True,True,0,0.000351,0.000336,0.000305,,aiter::bf16gemm_fp32bf16_tn_96x64_pf3_splitk,0.0307 0.0307,0.0407 0.0407,0.0446 0.0454,0.0418 0.0418,
512,6144,2048,False,bfloat16,in: non-pow2 tile,<128,48,0,48,32,tuned,flydsl,flydsl_hgemm_abf16_wbf16_bf16_t128x96x64x4_ks1_w2x2x1_bias0_ktail0_gm4_pft_gfx950,680.3,354.4,307.3,one_tile,owner,350.2,True,True,True,True,True,0,1,1,1,,hgemm_bf16_t128x96x64x4_ks1_w2x2x1_gm4_bias0_lnt_pft_0,0.0190 0.0188,0.0364 0.0364,0.0417 0.0421,0.0367 0.0369,
512,8192,2048,False,bfloat16,in: other listed tile,<128,64,0,64,32,tuned,flydsl,flydsl_hgemm_abf16_wbf16_bf16_t128x128x64x3_ks1_w4x4x1_bias0_ktail0_gm0_pft_gfx950,786.6,453.6,430.8,one_tile,owner,451.9,True,True,True,True,True,0,1,1,1,,hgemm_bf16_t128x128x64x3_ks1_w4x4x1_gm0_bias0_lnt_pft_0,0.0221 0.0215,0.0379 0.0379,0.0399 0.0399,0.0377 0.0383,
512,16384,2048,False,bfloat16,in: 256x256,128-255,128,0,128,32,tuned,flydsl,flydsl_hgemm_abf16_wbf16_bf16_t128x128x64x4_ks1_w2x4x1_bias0_ktail0_gm0_pft_gfx950,810.6,826.5,785.3,one_tile,owner,833.0,True,True,True,True,True,0,1,1,1,,hgemm_bf16_t128x128x64x4_ks1_w2x4x1_gm0_bias0_lnt_pft_0,0.0429 0.0419,0.0417 0.0415,0.0437 0.0438,0.0411 0.0414,
1024,4096,2048,False,bfloat16,in: other listed tile,<128,64,0,64,32,untuned,torch,,685.5,453.6,430.2,one_tile,owner,452.1,True,True,True,True,True,0,1,1,1,Cijk_Alik_Bljk_BBS_BH_Bias_HA_S_SAV_UserArgs_MT128x128x256_MI16x16x1_SN_LDSB1_AFC0_AFEM1_AFEM1_ASEM1_CLR0_CADS0_DTLA0_DTLB0_DTVA0_DTVB0_EPS0_FDSI0_GRPM1_GRVWA8_GRVWB8_GSU0_GSUAMB_GLS0_ISA950_IU1_K1_LDSTI0_LBSPPA2048_LBSPPB2048_LBSPPM0_LPA16_LPB16_LPM0_LRVW8_LWPMn1_MIAV0_MIWT4_4_MO40_NTn1_NTA0_NTB0_NTC1_NTD1_NTM0_NEPBS0_NLCA1_NLCB1_ONLL1_PGR2_PLR1_PKA1_SIA3_SS1_SPO1_SRVW0_SSO4_SVW4_SK3_SKFTR0_SKXCCM0_TLDS1_ULSGRO0_USL1_UIOFGRO0_USFGRO0_VSn1_VWA4_VWB4_WSGRA0_WSGRB0_WS64_WG32_8_1,Cijk_Alik_Bljk_BBS_BH_Bias_HA_S_SAV_UserArgs_MT128x128x256_MI16x16x1_SN_LDSB1_AFC0_AFEM1_AFEM1_ASEM1_CLR0_CADS0_DTLA0_DTLB0_DTVA0_DTVB0_EPS0_FDSI0_GRPM1_GRVWA8_GRVWB8_GSU0_GSUAMB_GLS0_ISA950_IU1_K1_LDSTI0_LBSPPA2048_LBSPPB2048_LBSPPM0_LPA16_LPB16_LPM0_LRVW8_LWPMn1_MIAV0_MIWT4_4_MO40_NTn1_NTA0_NTB0_NTC1_NTD1_NTM0_NEPBS0_NLCA1_NLCB1_ONLL1_PGR2_PLR1_PKA1_SIA3_SS1_SPO1_SRVW0_SSO4_SVW4_SK3_SKFTR0_SKXCCM0_TLDS1_ULSGRO0_USL1_UIOFGRO0_USFGRO0_VSn1_VWA4_VWB4_WSGRA0_WSGRB0_WS64_WG32_8_1,0.0250 0.0251,0.0379 0.0379,0.0400 0.0398,0.0380 0.0380,
1024,6144,2048,False,float32,in: other listed tile,<128,96,0,96,32,tuned,opus,opus_gemm_persistent_512x128x128x64_2x4_16x16x32_0x0x0,666.9,617.2,567.4,one_tile,owner,590.3,True,True,True,True,True,0,0.000366,0.000366,0.000305,,"void gemm_a16w16_persistent_kernel<opus_gemm_a16w16_persistent_traits_gfx950<512, opus::seq<128, 128, 64>, opus::tuple<std::bfloat16_t, std::bfloat16_t, float, float>, opus::seq<8, 8, 4>, opus::seq<2, 4, 1>, opus::seq<16, 16, 32>, true, 0, 17> >(opus_gemm_persistent_kargs_gfx950)",0.0386 0.0386,0.0417 0.0418,0.0455 0.0453,0.0431 0.0442,
1024,6144,2048,False,bfloat16,in: other listed tile,<128,96,0,96,32,tuned,flydsl,flydsl_hgemm_abf16_wbf16_bf16_t256x128x64x3_ks1_w4x2x2_bias0_ktail0_gm0_pft_gfx950,807.3,661.7,634.6,one_tile,owner,649.4,False,True,True,True,True,0,1,1,1,,hgemm_bf16_t256x128x64x3_ks1_w4x2x2_gm0_bias0_lnt_pft_0,0.0320 0.0318,0.0390 0.0389,0.0408 0.0404,0.0399 0.0395,
1024,8192,2048,False,bfloat16,in: other listed tile,128-255,128,0,128,32,tuned,flydsl,flydsl_hgemm_abf16_wbf16_bf16_t128x256x64x2_ks1_w2x4x1_bias0_ktail0_gm4_pht_gfx950,1064.6,834.4,783.2,one_tile,owner,820.7,True,True,True,True,True,0,1,1,1,,hgemm_bf16_t128x256x64x2_ks1_w2x4x1_gm4_bias0_lnt_phti_0,0.0322 0.0323,0.0410 0.0414,0.0438 0.0439,0.0418 0.0419,
1024,16384,2048,False,bfloat16,in: 256x256,256-511,256,1,0,32,tuned,flydsl,flydsl_hgemm_abf16_wbf16_bf16_t256x64x64x2_ks1_w2x2x1_bias0_ktail0_gm4_pht_gfx950,937.9,1377.4,1288.1,dp,,nan,True,True,True,,True,0,1,1,1,,hgemm_bf16_t256x64x64x2_ks1_w2x2x1_gm4_bias0_lnt_phti_0,0.0731 0.0734,0.0500 0.0498,0.0539 0.0528,,
2048,4096,2048,False,bfloat16,in: other listed tile,128-255,128,0,128,32,untuned,torch,,1037.5,826.2,782.6,one_tile,owner,823.6,True,True,True,True,True,0,1,1,1,Cijk_Alik_Bljk_BBS_BH_Bias_HA_S_SAV_UserArgs_MT256x128x64_MI16x16x1_SN_LDSB1_AFC0_AFEM1_AFEM1_ASEM1_CLR1_CADS0_DTLA0_DTLB0_DTVA0_DTVB0_EPS0_FDSI0_GRPM1_GRVWA8_GRVWB8_GSU0_GSUAMB_GLS0_ISA950_IU1_K1_LDSTI0_LBSPPA1024_LBSPPB512_LBSPPM0_LPA16_LPB16_LPM0_LRVW8_LWPMn1_MIAV0_MIWT8_4_MO40_NTn1_NTA0_NTB0_NTC0_NTD0_NTM0_NEPBS0_NLCA1_NLCB1_ONLL1_PGR2_PLR1_PKA1_SIA3_SS1_SPO0_SRVW0_SSO0_SVW8_SK3_SKFTR0_SKXCCM0_TLDS1_ULSGRO0_USL1_UIOFGRO0_USFGRO0_VSn1_VWA8_VWB4_WSGRA0_WSGRB0_WS64_WG32_8_1,Cijk_Alik_Bljk_BBS_BH_Bias_HA_S_SAV_UserArgs_MT256x128x64_MI16x16x1_SN_LDSB1_AFC0_AFEM1_AFEM1_ASEM1_CLR1_CADS0_DTLA0_DTLB0_DTVA0_DTVB0_EPS0_FDSI0_GRPM1_GRVWA8_GRVWB8_GSU0_GSUAMB_GLS0_ISA950_IU1_K1_LDSTI0_LBSPPA1024_LBSPPB512_LBSPPM0_LPA16_LPB16_LPM0_LRVW8_LWPMn1_MIAV0_MIWT8_4_MO40_NTn1_NTA0_NTB0_NTC0_NTD0_NTM0_NEPBS0_NLCA1_NLCB1_ONLL1_PGR2_PLR1_PKA1_SIA3_SS1_SPO0_SRVW0_SSO0_SVW8_SK3_SKFTR0_SKXCCM0_TLDS1_ULSGRO0_USL1_UIOFGRO0_USFGRO0_VSn1_VWA8_VWB4_WSGRA0_WSGRB0_WS64_WG32_8_1,0.0331 0.0332,0.0417 0.0415,0.0438 0.0440,0.0419 0.0416,
2048,6144,2048,False,float32,in: 256x256,128-255,192,0,192,32,tuned,asm,_ZN5aiter24bf16gemm_bf16_tn_256x256E,1039.4,1080.2,1004.5,dp,,nan,True,True,True,,True,0,0.000366,0.000366,0.000366,,aiter::bf16gemm_bf16_tn_256x256,0.0499 0.0493,0.0476 0.0478,0.0512 0.0514,,
2048,6144,2048,False,bfloat16,in: 256x256,128-255,192,0,192,32,tuned,flydsl,flydsl_hgemm_abf16_wbf16_bf16_t256x256x64x2_ks1_w2x4x1_bias0_ktail0_gm0_pht_gfx950,1152.0,1206.3,1118.6,dp,,nan,True,True,True,,True,0,1,1,1,,hgemm_bf16_t256x256x64x2_ks1_w2x4x1_gm0_bias0_lnt_phti_0,0.0446 0.0449,0.0426 0.0428,0.0465 0.0457,,
2048,8192,2048,False,bfloat16,in: 256x256,256-511,256,1,0,32,tuned,flydsl,flydsl_hgemm_abf16_wbf16_bf16_t256x256x64x2_ks1_w2x4x1_bias0_ktail0_gm4_pht_gfx950,1316.8,1368.3,1301.0,dp,,nan,True,True,True,,True,0,1,1,1,,hgemm_bf16_t256x256x64x2_ks1_w2x4x1_gm4_bias0_lnt_phti_0,0.0518 0.0526,0.0502 0.0502,0.0530 0.0527,,
2048,16384,2048,False,bfloat16,in: 256x256,>=512,512,2,0,32,tuned,flydsl,flydsl_hgemm_abf16_wbf16_bf16_t256x256x64x2_ks1_w4x4x1_bias0_ktail0_gm0_pft_gfx950,1105.3,1410.8,1388.3,dp,,nan,True,True,True,,True,0,1,1,1,,hgemm_bf16_t256x256x64x2_ks1_w4x4x1_gm0_bias0_lnt_pft_0,0.1243 0.1244,0.0976 0.0973,0.0992 0.0988,,
3072,4096,2048,False,bfloat16,in: non-pow2 tile,128-255,192,0,192,32,untuned,torch,,1181.2,1195.3,1101.6,dp,,nan,True,True,True,,True,0,0.5,0.5,0.5,Cijk_Alik_Bljk_BBS_BH_Bias_HA_S_SAV_UserArgs_MT256x192x64_MI16x16x1_SN_LDSB0_AFC0_AFEM1_AFEM1_ASEM1_CLR1_CADS0_DTLA0_DTLB0_DTVA0_DTVB0_EPS0_FDSI0_GRPM1_GRVWA8_GRVWB8_GSU0_GSUAMB_GLS0_ISA950_IU1_K1_LDSTI0_LBSPPA1024_LBSPPB256_LBSPPM0_LPA16_LPB16_LPM0_LRVW8_LWPMn1_MIAV0_MIWT8_6_MO40_NTn1_NTA0_NTB0_NTC0_NTD0_NTM0_NEPBS0_NLCA1_NLCB1_ONLL1_PGR2_PLR1_PKA1_SIA3_SS1_SPO0_SRVW0_SSO0_SVW8_SK3_SKFTR0_SKXCCM0_TLDS1_ULSGRO0_USL1_UIOFGRO0_USFGRO0_VSn1_VWA8_VWB2_WSGRA0_WSGRB0_WS64_WG32_8_1,Cijk_Alik_Bljk_BBS_BH_Bias_HA_S_SAV_UserArgs_MT256x192x64_MI16x16x1_SN_LDSB0_AFC0_AFEM1_AFEM1_ASEM1_CLR1_CADS0_DTLA0_DTLB0_DTVA0_DTVB0_EPS0_FDSI0_GRPM1_GRVWA8_GRVWB8_GSU0_GSUAMB_GLS0_ISA950_IU1_K1_LDSTI0_LBSPPA1024_LBSPPB256_LBSPPM0_LPA16_LPB16_LPM0_LRVW8_LWPMn1_MIAV0_MIWT8_6_MO40_NTn1_NTA0_NTB0_NTC0_NTD0_NTM0_NEPBS0_NLCA1_NLCB1_ONLL1_PGR2_PLR1_PKA1_SIA3_SS1_SPO0_SRVW0_SSO0_SVW8_SK3_SKFTR0_SKXCCM0_TLDS1_ULSGRO0_USL1_UIOFGRO0_USFGRO0_VSn1_VWA8_VWB2_WSGRA0_WSGRB0_WS64_WG32_8_1,0.0437 0.0435,0.0433 0.0430,0.0466 0.0470,,
4096,4096,2048,False,bfloat16,in: 256x256,256-511,256,1,0,32,untuned,torch,,1321.9,1379.6,1285.7,dp,,nan,True,True,True,,True,0,0.5,0.5,0.5,Cijk_Alik_Bljk_BBS_BH_Bias_HA_S_SAV_UserArgs_MT256x256x64_MI16x16x1_CMS_SN_LDSB0_AFC0_AFEM1_AFEM1_ASEM1_CLR1_CADS0_DTLA1_DTLB1_DTVA0_DTVB0_EPS0_FDSI0_GRPM1_GRVWA8_GRVWB8_GSU0_GSUAMB_GLS0_ISA950_IU1_K1_LDSTI0_LBSPPA1024_LBSPPB1024_LBSPPM0_LPA16_LPB16_LPM0_LRVW8_LWPMn1_MIAV0_MIWT8_8_MO40_NTn1_NTA0_NTB0_NTC0_NTD4_NTM0_NEPBS0_NLCA1_NLCB1_ONLL1_PGR2_PLR1_PKA1_SIA3_SS1_SPO0_SRVW0_SSO0_SVW8_SK3_SKFTR0_SKXCCM0_TLDS1_ULSGRO0_USL1_UIOFGRO0_USFGRO0_VSn1_VWA8_VWB8_WSGRA0_WSGRB0_WS64_WG32_8_1,Cijk_Alik_Bljk_BBS_BH_Bias_HA_S_SAV_UserArgs_MT256x256x64_MI16x16x1_CMS_SN_LDSB0_AFC0_AFEM1_AFEM1_ASEM1_CLR1_CADS0_DTLA1_DTLB1_DTVA0_DTVB0_EPS0_FDSI0_GRPM1_GRVWA8_GRVWB8_GSU0_GSUAMB_GLS0_ISA950_IU1_K1_LDSTI0_LBSPPA1024_LBSPPB1024_LBSPPM0_LPA16_LPB16_LPM0_LRVW8_LWPMn1_MIAV0_MIWT8_8_MO40_NTn1_NTA0_NTB0_NTC0_NTD4_NTM0_NEPBS0_NLCA1_NLCB1_ONLL1_PGR2_PLR1_PKA1_SIA3_SS1_SPO0_SRVW0_SSO0_SVW8_SK3_SKFTR0_SKXCCM0_TLDS1_ULSGRO0_USL1_UIOFGRO0_USFGRO0_VSn1_VWA8_VWB8_WSGRA0_WSGRB0_WS64_WG32_8_1,0.0520 0.0519,0.0498 0.0498,0.0537 0.0532,,
4096,6144,2048,False,float32,in: 256x256,256-511,384,1,128,32,tuned,asm,_ZN5aiter24bf16gemm_bf16_tn_256x256E,1054.8,1103.6,1015.8,one_tile,owner,1085.7,True,True,True,True,True,0,0.000397,0.000397,0.000397,,aiter::bf16gemm_bf16_tn_256x256,0.0979 0.0975,0.0933 0.0935,0.1012 0.1018,0.0949 0.0950,
4096,6144,2048,False,bfloat16,in: 256x256,256-511,384,1,128,32,tuned,flydsl,flydsl_hgemm_abf16_wbf16_bf16_t128x128x64x2_ks1_w2x4x1_bias0_ktail0_gm4_pht_gfx950,1054.9,1239.2,1149.3,one_tile,owner,1231.9,True,True,True,True,True,0,1,1,1,,hgemm_bf16_t128x128x64x2_ks1_w2x4x1_gm4_bias0_lnt_phti_0,0.0979 0.0975,0.0829 0.0834,0.0902 0.0892,0.0837 0.0836,
4096,8192,2048,False,bfloat16,in: 256x256,>=512,512,2,0,32,tuned,flydsl,flydsl_hgemm_abf16_wbf16_bf16_t256x256x64x2_ks1_w2x4x1_bias0_ktail0_gm0_pht_gfx950,1350.2,1396.0,1400.5,dp,,nan,True,True,True,,True,0,1,1,1,,hgemm_bf16_t256x256x64x2_ks1_w2x4x1_gm0_bias0_lnt_phti_0,0.1018 0.1018,0.0983 0.0986,0.0986 0.0977,,
4096,16384,2048,False,bfloat16,in: 256x256,>=512,1024,4,0,32,tuned,flydsl,flydsl_hgemm_abf16_wbf16_bf16_t256x64x64x2_ks1_w4x2x1_bias0_ktail0_gm4_pft_gfx950,972.8,1432.8,1448.2,dp,,nan,True,True,True,,True,0,1,1,1,,hgemm_bf16_t256x64x64x2_ks1_w4x2x1_gm4_bias0_lnt_pft_0,0.2849 0.2802,0.1916 0.1921,0.1898 0.1899,,
5120,4096,2048,False,bfloat16,in: non-pow2 tile,256-511,320,1,64,32,untuned,torch,,1229.6,1069.2,989.1,one_tile,owner,1071.1,True,True,True,True,True,0,1,1,1,Cijk_Alik_Bljk_BBS_BH_Bias_HA_S_SAV_UserArgs_MT256x160x64_MI16x16x1_SN_LDSB0_AFC1_AFEM1_AFEM1_ASEM1_CLR0_CADS0_DTLA1_DTLB1_DTVA0_DTVB0_EPS0_FDSI0_GRPM1_GRVWA8_GRVWB8_GSU0_GSUAMB_GLS0_ISA950_IU1_K1_LDSTI0_LBSPPA1024_LBSPPB1024_LBSPPM0_LPA16_LPB16_LPM0_LRVW8_LWPMn1_MIAV0_MIWT8_5_MO40_NTn1_NTA1_NTB2_NTC6_NTD2_NTM0_NEPBS16_NLCA1_NLCB1_ONLL1_PGR2_PLR1_PKA1_SIA3_SS1_SPO0_SRVW0_SSO4_SVW8_SK3_SKFTR0_SKXCCM8_TLDS1_ULSGRO0_USL1_UIOFGRO0_USFGRO0_VSn1_VWA8_VWB1_WSGRA0_WSGRB0_WS64_WG32_8_1,Cijk_Alik_Bljk_BBS_BH_Bias_HA_S_SAV_UserArgs_MT256x160x64_MI16x16x1_SN_LDSB0_AFC1_AFEM1_AFEM1_ASEM1_CLR0_CADS0_DTLA1_DTLB1_DTVA0_DTVB0_EPS0_FDSI0_GRPM1_GRVWA8_GRVWB8_GSU0_GSUAMB_GLS0_ISA950_IU1_K1_LDSTI0_LBSPPA1024_LBSPPB1024_LBSPPM0_LPA16_LPB16_LPM0_LRVW8_LWPMn1_MIAV0_MIWT8_5_MO40_NTn1_NTA1_NTB2_NTC6_NTD2_NTM0_NEPBS16_NLCA1_NLCB1_ONLL1_PGR2_PLR1_PKA1_SIA3_SS1_SPO0_SRVW0_SSO4_SVW8_SK3_SKFTR0_SKXCCM8_TLDS1_ULSGRO0_USL1_UIOFGRO0_USFGRO0_VSn1_VWA8_VWB1_WSGRA0_WSGRB0_WS64_WG32_8_1,0.0700 0.0697,0.0803 0.0804,0.0871 0.0866,0.0803 0.0801,
7680,4096,2048,False,bfloat16,in: 256x256,256-511,480,1,224,32,untuned,torch,,1149.6,1363.1,1339.7,dp,,nan,True,True,True,,True,0,1,1,1,Cijk_Alik_Bljk_BBS_BH_Bias_HA_S_SAV_UserArgs_MT256x240x64_MI16x16x1_SN_LDSB0_AFC0_AFEM1_AFEM1_ASEM1_CLR0_CADS0_DTLA1_DTLB1_DTVA0_DTVB0_EPS0_FDSI0_GRPM1_GRVWA8_GRVWB2_GSU0_GSUAMB_GLS0_ISA950_IU1_K1_LDSTI0_LBSPPA1024_LBSPPB256_LBSPPM0_LPA16_LPB16_LPM0_LRVW8_LWPMn1_MIAV0_MIWT4_15_MO40_NTn1_NTA0_NTB0_NTC6_NTD4_NTM0_NEPBS0_NLCA1_NLCB1_ONLL1_PGR2_PLR1_PKA1_SIA3_SS1_SPO1_SRVW0_SSO1_SVW4_SK3_SKFTR0_SKXCCM0_TLDS1_ULSGRO0_USL1_UIOFGRO0_USFGRO0_VSn1_VWA4_VWB1_WSGRA0_WSGRB0_WS64_WG64_4_1,Cijk_Alik_Bljk_BBS_BH_Bias_HA_S_SAV_UserArgs_MT256x240x64_MI16x16x1_SN_LDSB0_AFC0_AFEM1_AFEM1_ASEM1_CLR0_CADS0_DTLA1_DTLB1_DTVA0_DTVB0_EPS0_FDSI0_GRPM1_GRVWA8_GRVWB2_GSU0_GSUAMB_GLS0_ISA950_IU1_K1_LDSTI0_LBSPPA1024_LBSPPB256_LBSPPM0_LPA16_LPB16_LPM0_LRVW8_LWPMn1_MIAV0_MIWT4_15_MO40_NTn1_NTA0_NTB0_NTC6_NTD4_NTM0_NEPBS0_NLCA1_NLCB1_ONLL1_PGR2_PLR1_PKA1_SIA3_SS1_SPO1_SRVW0_SSO1_SVW4_SK3_SKFTR0_SKXCCM0_TLDS1_ULSGRO0_USL1_UIOFGRO0_USFGRO0_VSn1_VWA4_VWB1_WSGRA0_WSGRB0_WS64_WG64_4_1,0.1124 0.1118,0.0946 0.0944,0.0968 0.0956,,
8192,6144,2048,False,float32,in: 256x256,>=512,768,3,0,32,tuned,asm,_ZN5aiter24bf16gemm_bf16_tn_256x256E,1234.1,1268.5,1250.5,dp,,nan,True,True,True,,True,0,0.000397,0.000397,0.000397,,aiter::bf16gemm_bf16_tn_256x256,0.1674 0.1667,0.1623 0.1627,0.1656 0.1641,,
8192,6144,2048,False,bfloat16,in: 256x256,>=512,768,3,0,32,tuned,flydsl,flydsl_hgemm_abf16_wbf16_bf16_t128x128x64x4_ks1_w2x2x2_bias0_ktail0_gm0_pft_gfx950,861.1,1426.5,1433.7,dp,,nan,False,True,True,,True,0,1,1,1,,hgemm_bf16_t128x128x64x4_ks1_w2x2x2_gm0_bias0_lnt_pft_0,0.2400 0.2388,0.1446 0.1445,0.1436 0.1440,,
8192,8192,2048,False,bfloat16,in: 256x256,>=512,1024,4,0,32,tuned,asm,_ZN5aiter24bf16gemm_bf16_tn_256x256E,1401.8,1421.6,1438.8,dp,,nan,True,True,True,,True,0,1,1,1,,aiter::bf16gemm_bf16_tn_256x256,0.1968 0.1954,0.1936 0.1932,0.1907 0.1914,,
8192,16384,2048,False,bfloat16,in: 256x256,>=512,2048,8,0,32,tuned,triton,auto,1026.0,1370.2,1402.0,dp,,nan,True,True,True,,True,0,1,1,1,,_gemm_a16_w16_kernel_BLOCK_SIZE_M_256_BLOCK_SIZE_N_128_BLOCK_SIZE_K_64_GROUP_SIZE_M_8_NUM_KSPLIT_1_SPLITK_BLOCK_SIZE_2048_EVEN_K_1_EVEN_MN_1_cache_modifier_NONE_activation_NONE_use_activation_0_ADD_BIAS_0_SKIP_REDUCE_0,0.5329 0.5387,0.4017 0.4007,0.3932 0.3911,,
16384,4096,2048,False,bfloat16,in: 256x256,>=512,1024,4,0,32,tuned,torch,native,1369.1,1431.9,1446.9,dp,,nan,True,True,True,,True,0,1,1,1,Cijk_Alik_Bljk_BBS_BH_Bias_HA_S_SAV_UserArgs_MT256x256x64_MI16x16x1_CMS_SN_LDSB0_AFC1_AFEM1_AFEM1_ASEM1_CLR1_CADS0_DTLA1_DTLB1_DTVA0_DTVB0_EPS0_FDSI0_GRPM1_GRVWA8_GRVWB8_GSU0_GSUAMB_GLS0_ISA950_IU1_K1_LDSTI0_LBSPPA1024_LBSPPB1024_LBSPPM0_LPA16_LPB16_LPM0_LRVW8_LWPMn1_MIAV0_MIWT8_8_MO40_NTn1_NTA2_NTB3_NTC5_NTD4_NTM0_NEPBS16_NLCA1_NLCB1_ONLL1_PGR2_PLR1_PKA1_SIA3_SS1_SPO0_SRVW0_SSO0_SVW8_SK3_SKFTR0_SKXCCM4_TLDS1_ULSGRO0_USL1_UIOFGRO0_USFGRO0_VSn1_VWA8_VWB8_WSGRA0_WSGRB0_WS64_WG32_8_1,Cijk_Alik_Bljk_BBS_BH_Bias_HA_S_SAV_UserArgs_MT256x256x64_MI16x16x1_CMS_SN_LDSB0_AFC1_AFEM1_AFEM1_ASEM1_CLR1_CADS0_DTLA1_DTLB1_DTVA0_DTVB0_EPS0_FDSI0_GRPM1_GRVWA8_GRVWB8_GSU0_GSUAMB_GLS0_ISA950_IU1_K1_LDSTI0_LBSPPA1024_LBSPPB1024_LBSPPM0_LPA16_LPB16_LPM0_LRVW8_LWPMn1_MIAV0_MIWT8_8_MO40_NTn1_NTA2_NTB3_NTC5_NTD4_NTM0_NEPBS16_NLCA1_NLCB1_ONLL1_PGR2_PLR1_PKA1_SIA3_SS1_SPO0_SRVW0_SSO0_SVW8_SK3_SKFTR0_SKXCCM4_TLDS1_ULSGRO0_USL1_UIOFGRO0_USFGRO0_VSn1_VWA8_VWB8_WSGRA0_WSGRB0_WS64_WG32_8_1,0.2015 0.2001,0.1925 0.1914,0.1901 0.1898,,
16384,6144,2048,False,float32,in: 256x256,>=512,1536,6,0,32,tuned,asm,_ZN5aiter24bf16gemm_bf16_tn_256x256E,1190.0,1230.4,1239.1,dp,,nan,True,True,True,,True,0,0.000488,0.000488,0.000488,,aiter::bf16gemm_bf16_tn_256x256,0.3468 0.3462,0.3341 0.3362,0.3329 0.3326,,
16384,6144,2048,False,bfloat16,in: 256x256,>=512,1536,6,0,32,tuned,torch,native,1405.5,1427.6,1459.7,dp,,nan,True,True,True,,True,0,1,1,1,Cijk_Alik_Bljk_BBS_BH_Bias_HA_S_SAV_UserArgs_MT256x256x64_MI16x16x1_CMS_SN_LDSB0_AFC0_AFEM1_AFEM1_ASEM1_CLR1_CADS0_DTLA1_DTLB1_DTVA0_DTVB0_EPS0_FDSI0_GRPM1_GRVWA8_GRVWB8_GSU0_GSUAMB_GLS0_ISA950_IU1_K1_LDSTI0_LBSPPA1024_LBSPPB1024_LBSPPM0_LPA16_LPB16_LPM0_LRVW8_LWPMn1_MIAV0_MIWT8_8_MO40_NTn1_NTA0_NTB0_NTC0_NTD4_NTM0_NEPBS0_NLCA1_NLCB1_ONLL1_PGR2_PLR1_PKA1_SIA3_SS1_SPO0_SRVW0_SSO0_SVW8_SK3_SKFTR0_SKXCCM0_TLDS1_ULSGRO0_USL1_UIOFGRO0_USFGRO0_VSn1_VWA8_VWB8_WSGRA0_WSGRB0_WS64_WG32_8_1,Cijk_Alik_Bljk_BBS_BH_Bias_HA_S_SAV_UserArgs_MT256x256x64_MI16x16x1_CMS_SN_LDSB0_AFC0_AFEM1_AFEM1_ASEM1_CLR1_CADS0_DTLA1_DTLB1_DTVA0_DTVB0_EPS0_FDSI0_GRPM1_GRVWA8_GRVWB8_GSU0_GSUAMB_GLS0_ISA950_IU1_K1_LDSTI0_LBSPPA1024_LBSPPB1024_LBSPPM0_LPA16_LPB16_LPM0_LRVW8_LWPMn1_MIAV0_MIWT8_8_MO40_NTn1_NTA0_NTB0_NTC0_NTD4_NTM0_NEPBS0_NLCA1_NLCB1_ONLL1_PGR2_PLR1_PKA1_SIA3_SS1_SPO0_SRVW0_SSO0_SVW8_SK3_SKFTR0_SKXCCM0_TLDS1_ULSGRO0_USL1_UIOFGRO0_USFGRO0_VSn1_VWA8_VWB8_WSGRA0_WSGRB0_WS64_WG32_8_1,0.2944 0.2923,0.2888 0.2888,0.2818 0.2831,,
16384,8192,2048,False,bfloat16,in: 256x256,>=512,2048,8,0,32,tuned,torch,native,1410.8,1423.7,1438.1,dp,,nan,True,True,True,,True,0,1,1,1,Cijk_Alik_Bljk_BBS_BH_Bias_HA_S_SAV_UserArgs_MT256x256x64_MI16x16x1_CMS_SN_LDSB0_AFC0_AFEM1_AFEM1_ASEM1_CLR1_CADS0_DTLA1_DTLB1_DTVA0_DTVB0_EPS0_FDSI0_GRPM1_GRVWA8_GRVWB8_GSU0_GSUAMB_GLS0_ISA950_IU1_K1_LDSTI0_LBSPPA1024_LBSPPB1024_LBSPPM0_LPA16_LPB16_LPM0_LRVW8_LWPMn1_MIAV0_MIWT8_8_MO40_NTn1_NTA0_NTB0_NTC0_NTD4_NTM0_NEPBS0_NLCA1_NLCB1_ONLL1_PGR2_PLR1_PKA1_SIA3_SS1_SPO0_SRVW0_SSO0_SVW8_SK3_SKFTR0_SKXCCM0_TLDS1_ULSGRO0_USL1_UIOFGRO0_USFGRO0_VSn1_VWA8_VWB8_WSGRA0_WSGRB0_WS64_WG32_8_1,Cijk_Alik_Bljk_BBS_BH_Bias_HA_S_SAV_UserArgs_MT256x256x64_MI16x16x1_CMS_SN_LDSB0_AFC0_AFEM1_AFEM1_ASEM1_CLR1_CADS0_DTLA1_DTLB1_DTVA0_DTVB0_EPS0_FDSI0_GRPM1_GRVWA8_GRVWB8_GSU0_GSUAMB_GLS0_ISA950_IU1_K1_LDSTI0_LBSPPA1024_LBSPPB1024_LBSPPM0_LPA16_LPB16_LPM0_LRVW8_LWPMn1_MIAV0_MIWT8_8_MO40_NTn1_NTA0_NTB0_NTC0_NTD4_NTM0_NEPBS0_NLCA1_NLCB1_ONLL1_PGR2_PLR1_PKA1_SIA3_SS1_SPO0_SRVW0_SSO0_SVW8_SK3_SKFTR0_SKXCCM0_TLDS1_ULSGRO0_USL1_UIOFGRO0_USFGRO0_VSn1_VWA8_VWB8_WSGRA0_WSGRB0_WS64_WG32_8_1,0.3915 0.3878,0.3867 0.3856,0.3829 0.3817,,
16384,16384,2048,False,bfloat16,in: 256x256,>=512,4096,16,0,32,tuned,flydsl,flydsl_hgemm_abf16_wbf16_bf16_t128x128x64x2_ks1_w2x2x1_bias0_ktail0_gm0_pht_gfx950,973.0,1367.8,1406.3,dp,,nan,True,True,True,,True,0,1,1,1,,hgemm_bf16_t128x128x64x2_ks1_w2x2x1_gm0_bias0_lnt_phti_0,1.1357 1.1242,0.8048 0.8028,0.7841 0.7796,,
32768,6144,2048,False,bfloat16,in: 256x256,>=512,3072,12,0,32,tuned,flydsl,flydsl_hgemm_abf16_wbf16_bf16_t256x128x64x3_ks1_w4x2x1_bias0_ktail0_gm0_pft_gfx950,1009.3,1412.7,1432.1,dp,,nan,True,True,True,,True,0,1,1,1,,hgemm_bf16_t256x128x64x3_ks1_w4x2x1_gm0_bias0_lnt_pft_0,0.8190 0.8152,0.5838 0.5837,0.5775 0.5742,,
32768,8192,2048,False,bfloat16,in: 256x256,>=512,4096,16,0,32,tuned,torch,native,1420.4,1420.5,1450.9,dp,,nan,True,True,True,,True,0,1,1,1,Cijk_Alik_Bljk_BBS_BH_Bias_HA_S_SAV_UserArgs_MT256x256x64_MI16x16x1_CMS_SN_LDSB0_AFC0_AFEM1_AFEM1_ASEM1_CLR1_CADS0_DTLA1_DTLB1_DTVA0_DTVB0_EPS0_FDSI0_GRPM1_GRVWA8_GRVWB8_GSU0_GSUAMB_GLS0_ISA950_IU1_K1_LDSTI0_LBSPPA1024_LBSPPB1024_LBSPPM0_LPA16_LPB16_LPM0_LRVW8_LWPMn1_MIAV0_MIWT8_8_MO40_NTn1_NTA0_NTB0_NTC0_NTD4_NTM0_NEPBS0_NLCA1_NLCB1_ONLL1_PGR2_PLR1_PKA1_SIA3_SS1_SPO0_SRVW0_SSO0_SVW8_SK3_SKFTR0_SKXCCM0_TLDS1_ULSGRO0_USL1_UIOFGRO0_USFGRO0_VSn1_VWA8_VWB8_WSGRA0_WSGRB0_WS64_WG32_8_1,Cijk_Alik_Bljk_BBS_BH_Bias_HA_S_SAV_UserArgs_MT256x256x64_MI16x16x1_CMS_SN_LDSB0_AFC0_AFEM1_AFEM1_ASEM1_CLR1_CADS0_DTLA1_DTLB1_DTVA0_DTVB0_EPS0_FDSI0_GRPM1_GRVWA8_GRVWB8_GSU0_GSUAMB_GLS0_ISA950_IU1_K1_LDSTI0_LBSPPA1024_LBSPPB1024_LBSPPM0_LPA16_LPB16_LPM0_LRVW8_LWPMn1_MIAV0_MIWT8_8_MO40_NTn1_NTA0_NTB0_NTC0_NTD4_NTM0_NEPBS0_NLCA1_NLCB1_ONLL1_PGR2_PLR1_PKA1_SIA3_SS1_SPO0_SRVW0_SSO0_SVW8_SK3_SKFTR0_SKXCCM0_TLDS1_ULSGRO0_USL1_UIOFGRO0_USFGRO0_VSn1_VWA8_VWB8_WSGRA0_WSGRB0_WS64_WG32_8_1,0.7774 0.7708,0.7740 0.7741,0.7599 0.7557,,
32768,16384,2048,False,bfloat16,in: 256x256,>=512,8192,32,0,32,tuned,flydsl,flydsl_hgemm_abf16_wbf16_bf16_t128x128x64x3_ks1_w2x2x1_bias0_ktail0_gm4_pft_gfx950,840.2,1365.8,1414.7,dp,,nan,True,True,True,,True,0,1,1,1,,hgemm_bf16_t128x128x64x3_ks1_w2x2x1_gm4_bias0_lnt_pft_0,2.6261 2.6082,1.6119 1.6082,1.5614 1.5475,,
512,6144,3072,False,float32,in: other listed tile,<128,48,0,48,48,tuned,opus,opus_gemm_512x128x128x64_2x4_16x16x32_0x0x0_nooob_cA17cB1,395.4,347.0,395.8,one_tile,owner,343.2,True,True,True,True,True,0,0.000549,0.000549,0.000504,,"void gemm_a16w16_kernel<opus_gemm_a16w16_traits_gfx950<512, opus::seq<128, 128, 64>, opus::tuple<std::bfloat16_t, std::bfloat16_t, float, float>, opus::seq<8, 8, 4>, opus::seq<2, 4, 1>, opus::seq<16, 16, 32>, false, float, false, 17, 1, 8, 32> >(opus_gemm_noscale_kargs_gfx950)",0.0492 0.0486,0.0557 0.0557,0.0485 0.0492,0.0561 0.0565,
512,6144,3072,False,bfloat16,in: non-pow2 tile,<128,48,0,48,48,tuned,flydsl,flydsl_hgemm_abf16_wbf16_bf16_t128x96x64x4_ks1_w2x2x1_bias0_ktail0_gm0_pft_gfx950,735.9,380.7,424.8,one_tile,owner,379.1,True,True,True,True,True,0,1,1,1,,hgemm_bf16_t128x96x64x4_ks1_w2x2x1_gm0_bias0_lnt_pft_0,0.0265 0.0260,0.0508 0.0507,0.0448 0.0462,0.0509 0.0510,
1024,6144,3072,False,float32,in: other listed tile,<128,96,0,96,48,tuned,opus,opus_gemm_512x256x128x64_2x4_16x16x32_0x0x0_cA1cB17,629.6,689.7,709.3,one_tile,owner,662.5,True,True,True,True,True,0,0.000488,0.000488,0.000443,,"void gemm_a16w16_kernel<opus_gemm_a16w16_traits_gfx950<512, opus::seq<256, 128, 64>, opus::tuple<std::bfloat16_t, std::bfloat16_t, float, float>, opus::seq<8, 8, 4>, opus::seq<2, 4, 1>, opus::seq<16, 16, 32>, false, float, true, 1, 17, 8, 32> >(opus_gemm_noscale_kargs_gfx950)",0.0619 0.0609,0.0560 0.0561,0.0538 0.0552,0.0577 0.0590,
1024,6144,3072,False,bfloat16,in: other listed tile,<128,96,0,96,48,tuned,flydsl,flydsl_hgemm_abf16_wbf16_bf16_t256x128x64x3_ks1_w4x2x2_bias0_ktail0_gm0_pft_gfx950,884.5,703.6,771.8,one_tile,owner,699.9,False,True,True,True,True,0,2,1,1,,hgemm_bf16_t256x128x64x3_ks1_w4x2x2_gm0_bias0_lnt_pft_0,0.0440 0.0434,0.0548 0.0551,0.0503 0.0498,0.0556 0.0549,
2048,6144,3072,False,float32,in: 256x256,128-255,192,0,192,48,tuned,asm,_ZN5aiter24bf16gemm_bf16_tn_256x256E,1155.2,1198.9,1129.8,dp,,nan,True,True,True,,True,0,0.000534,0.000534,0.000534,,aiter::bf16gemm_bf16_tn_256x256,0.0670 0.0668,0.0645 0.0645,0.0685 0.0684,,
2048,6144,3072,False,bfloat16,in: 256x256,128-255,192,0,192,48,tuned,flydsl,flydsl_hgemm_abf16_wbf16_bf16_t256x256x64x2_ks1_w2x4x1_bias0_ktail0_gm0_pht_gfx950,1219.8,1290.3,1225.6,dp,,nan,True,True,True,,True,0,1,1,1,,hgemm_bf16_t256x256x64x2_ks1_w2x4x1_gm0_bias0_lnt_phti_0,0.0636 0.0631,0.0598 0.0600,0.0639 0.0622,,
4096,6144,3072,False,float32,in: 256x256,256-511,384,1,128,48,tuned,asm,_ZN5aiter24bf16gemm_bf16_tn_256x256E,1155.6,1203.6,1172.1,one_tile,owner,1195.3,True,True,True,True,True,0,0.000565,0.000565,0.000641,,aiter::bf16gemm_bf16_tn_256x256,0.1343 0.1334,0.1284 0.1285,0.1326 0.1313,0.1292 0.1295,
4096,6144,3072,False,bfloat16,in: 256x256,256-511,384,1,128,48,tuned,flydsl,flydsl_hgemm_abf16_wbf16_bf16_t128x128x64x2_ks1_w2x2x1_bias0_ktail0_gm4_pht_gfx950,1107.5,1304.6,1287.9,one_tile,owner,1301.3,True,True,True,True,True,0,1,1,1,,hgemm_bf16_t128x128x64x2_ks1_w2x2x1_gm4_bias0_lnt_phti_0,0.1395 0.1398,0.1185 0.1185,0.1202 0.1199,0.1191 0.1186,
8192,6144,3072,False,float32,in: 256x256,>=512,768,3,0,48,tuned,asm,_ZN5aiter24bf16gemm_bf16_tn_256x256E,1339.6,1377.4,1381.0,dp,,nan,True,True,True,,True,0,0.00058,0.00058,0.00058,,aiter::bf16gemm_bf16_tn_256x256,0.2318 0.2299,0.2242 0.2248,0.2244 0.2235,,
8192,6144,3072,False,bfloat16,in: 256x256,>=512,768,3,0,48,tuned,flydsl,flydsl_hgemm_abf16_wbf16_bf16_t64x256x64x4_ks1_w2x4x1_bias0_ktail0_gm0_pft_gfx950,864.0,1508.0,1513.4,dp,,nan,True,True,True,,True,0,1,1,1,,hgemm_bf16_t64x256x64x4_ks1_w2x4x1_gm0_bias0_lnt_pft_0,0.3585 0.3574,0.2055 0.2046,0.2048 0.2039,,
16384,6144,3072,False,float32,in: 256x256,>=512,1536,6,0,48,tuned,asm,_ZN5aiter24bf16gemm_bf16_tn_256x256E,1301.7,1326.7,1333.8,dp,,nan,True,True,True,,True,0,0.000687,0.000687,0.000687,,aiter::bf16gemm_bf16_tn_256x256,0.4774 0.4729,0.4666 0.4658,0.4636 0.4638,,
16384,6144,3072,False,bfloat16,in: 256x256,>=512,1536,6,0,48,tuned,torch,native,1472.5,1496.4,1506.7,dp,,nan,True,True,True,,True,0,1,1,1,Cijk_Alik_Bljk_BBS_BH_Bias_HA_S_SAV_UserArgs_MT256x256x64_MI16x16x1_CMS_SN_LDSB0_AFC0_AFEM1_AFEM1_ASEM1_CLR1_CADS0_DTLA1_DTLB1_DTVA0_DTVB0_EPS0_FDSI0_GRPM1_GRVWA8_GRVWB8_GSU0_GSUAMB_GLS0_ISA950_IU1_K1_LDSTI0_LBSPPA1024_LBSPPB1024_LBSPPM0_LPA16_LPB16_LPM0_LRVW8_LWPMn1_MIAV0_MIWT8_8_MO40_NTn1_NTA0_NTB0_NTC0_NTD4_NTM0_NEPBS0_NLCA1_NLCB1_ONLL1_PGR2_PLR1_PKA1_SIA3_SS1_SPO0_SRVW0_SSO0_SVW8_SK3_SKFTR0_SKXCCM0_TLDS1_ULSGRO0_USL1_UIOFGRO0_USFGRO0_VSn1_VWA8_VWB8_WSGRA0_WSGRB0_WS64_WG32_8_1,Cijk_Alik_Bljk_BBS_BH_Bias_HA_S_SAV_UserArgs_MT256x256x64_MI16x16x1_CMS_SN_LDSB0_AFC0_AFEM1_AFEM1_ASEM1_CLR1_CADS0_DTLA1_DTLB1_DTVA0_DTVB0_EPS0_FDSI0_GRPM1_GRVWA8_GRVWB8_GSU0_GSUAMB_GLS0_ISA950_IU1_K1_LDSTI0_LBSPPA1024_LBSPPB1024_LBSPPM0_LPA16_LPB16_LPM0_LRVW8_LWPMn1_MIAV0_MIWT8_8_MO40_NTn1_NTA0_NTB0_NTC0_NTD4_NTM0_NEPBS0_NLCA1_NLCB1_ONLL1_PGR2_PLR1_PKA1_SIA3_SS1_SPO0_SRVW0_SSO0_SVW8_SK3_SKFTR0_SKXCCM0_TLDS1_ULSGRO0_USL1_UIOFGRO0_USFGRO0_VSn1_VWA8_VWB8_WSGRA0_WSGRB0_WS64_WG32_8_1,0.4185 0.4215,0.4130 0.4137,0.4108 0.4101,,
32768,6144,3072,False,bfloat16,in: 256x256,>=512,3072,12,0,48,tuned,flydsl,flydsl_hgemm_abf16_wbf16_bf16_t128x128x64x4_ks1_w2x2x2_bias0_ktail0_gm0_pft_gfx950,869.3,1492.8,1521.1,dp,,nan,False,True,True,,True,0,2,1,1,,hgemm_bf16_t128x128x64x4_ks1_w2x2x2_gm0_bias0_lnt_pft_0,1.4293 1.4167,0.8279 0.8293,0.8150 0.8114,,
512,5120,3200,False,bfloat16,in: other listed tile,<128,40,0,40,50,tuned,flydsl,flydsl_hgemm_abf16_wbf16_bf16_t128x64x64x3_ks1_w2x2x1_bias0_ktail0_gm0_pft_gfx950,630.5,319.0,348.0,one_tile,owner,319.4,True,True,True,True,True,0,1,1,1,,hgemm_bf16_t128x64x64x3_ks1_w2x2x1_gm0_bias0_lnt_pft_0,0.0269 0.0263,0.0527 0.0525,0.0480 0.0484,0.0524 0.0526,
1024,5120,3200,False,bfloat16,in: non-pow2 tile,<128,80,0,80,50,tuned,torch,native,960.5,615.7,710.8,one_tile,owner,614.4,True,True,True,True,True,0,1,1,1,Cijk_Alik_Bljk_BBS_BH_Bias_HA_S_SAV_UserArgs_MT160x128x128_MI16x16x1_SN_LDSB1_AFC0_AFEM1_AFEM1_ASEM1_CLR1_CADS0_DTLA0_DTLB0_DTVA0_DTVB0_EPS0_FDSI0_GRPM1_GRVWA8_GRVWB8_GSU0_GSUAMB_GLS0_ISA950_IU1_K1_LDSTI0_LBSPPA256_LBSPPB1024_LBSPPM0_LPA16_LPB16_LPM0_LRVW8_LWPMn1_MIAV0_MIWT5_4_MO40_NTn1_NTA0_NTB0_NTC0_NTD0_NTM0_NEPBS0_NLCA1_NLCB1_ONLL1_PGR2_PLR1_PKA1_SIA3_SS1_SPO0_SRVW0_SSO0_SVW1_SK3_SKFTR0_SKXCCM0_TLDS1_ULSGRO0_USL1_UIOFGRO0_USFGRO0_VSn1_VWA1_VWB4_WSGRA0_WSGRB0_WS64_WG32_8_1,Cijk_Alik_Bljk_BBS_BH_Bias_HA_S_SAV_UserArgs_MT160x128x128_MI16x16x1_SN_LDSB1_AFC0_AFEM1_AFEM1_ASEM1_CLR1_CADS0_DTLA0_DTLB0_DTVA0_DTVB0_EPS0_FDSI0_GRPM1_GRVWA8_GRVWB8_GSU0_GSUAMB_GLS0_ISA950_IU1_K1_LDSTI0_LBSPPA256_LBSPPB1024_LBSPPM0_LPA16_LPB16_LPM0_LRVW8_LWPMn1_MIAV0_MIWT5_4_MO40_NTn1_NTA0_NTB0_NTC0_NTD0_NTM0_NEPBS0_NLCA1_NLCB1_ONLL1_PGR2_PLR1_PKA1_SIA3_SS1_SPO0_SRVW0_SSO0_SVW1_SK3_SKFTR0_SKXCCM0_TLDS1_ULSGRO0_USL1_UIOFGRO0_USFGRO0_VSn1_VWA1_VWB4_WSGRA0_WSGRB0_WS64_WG32_8_1,0.0350 0.0348,0.0548 0.0542,0.0471 0.0473,0.0542 0.0550,
2048,5120,3200,False,bfloat16,in: non-pow2 tile,128-255,160,0,160,50,tuned,torch,native,1174.9,1158.4,1112.6,dp,,nan,True,True,True,,True,0,1,1,1,Cijk_Alik_Bljk_BBS_BH_Bias_HA_S_SAV_UserArgs_MT160x256x64_MI16x16x1_SN_LDSB0_AFC0_AFEM1_AFEM1_ASEM1_CLR1_CADS0_DTLA0_DTLB0_DTVA0_DTVB0_EPS0_FDSI0_GRPM1_GRVWA8_GRVWB8_GSU0_GSUAMB_GLS0_ISA950_IU1_K1_LDSTI0_LBSPPA128_LBSPPB1024_LBSPPM0_LPA16_LPB16_LPM0_LRVW8_LWPMn1_MIAV0_MIWT5_8_MO40_NTn1_NTA0_NTB0_NTC0_NTD0_NTM0_NEPBS0_NLCA1_NLCB1_ONLL1_PGR2_PLR1_PKA1_SIA3_SS1_SPO0_SRVW0_SSO0_SVW1_SK3_SKFTR0_SKXCCM0_TLDS1_ULSGRO0_USL1_UIOFGRO0_USFGRO0_VSn1_VWA1_VWB8_WSGRA0_WSGRB0_WS64_WG32_8_1,Cijk_Alik_Bljk_BBS_BH_Bias_HA_S_SAV_UserArgs_MT160x256x64_MI16x16x1_SN_LDSB0_AFC0_AFEM1_AFEM1_ASEM1_CLR1_CADS0_DTLA0_DTLB0_DTVA0_DTVB0_EPS0_FDSI0_GRPM1_GRVWA8_GRVWB8_GSU0_GSUAMB_GLS0_ISA950_IU1_K1_LDSTI0_LBSPPA128_LBSPPB1024_LBSPPM0_LPA16_LPB16_LPM0_LRVW8_LWPMn1_MIAV0_MIWT5_8_MO40_NTn1_NTA0_NTB0_NTC0_NTD0_NTM0_NEPBS0_NLCA1_NLCB1_ONLL1_PGR2_PLR1_PKA1_SIA3_SS1_SPO0_SRVW0_SSO0_SVW1_SK3_SKFTR0_SKXCCM0_TLDS1_ULSGRO0_USL1_UIOFGRO0_USFGRO0_VSn1_VWA1_VWB8_WSGRA0_WSGRB0_WS64_WG32_8_1,0.0573 0.0570,0.0580 0.0579,0.0604 0.0603,,
4096,5120,3200,False,bfloat16,in: non-pow2 tile,256-511,320,1,64,50,tuned,torch,native,1199.4,1120.3,1165.5,one_tile,owner,1129.7,True,True,True,True,True,0,1,1,1,Cijk_Alik_Bljk_BBS_BH_Bias_HA_S_SAV_UserArgs_MT160x256x64_MI16x16x1_SN_LDSB0_AFC0_AFEM1_AFEM1_ASEM1_CLR1_CADS0_DTLA0_DTLB0_DTVA0_DTVB0_EPS0_FDSI0_GRPM1_GRVWA8_GRVWB8_GSU0_GSUAMB_GLS0_ISA950_IU1_K1_LDSTI0_LBSPPA128_LBSPPB1024_LBSPPM0_LPA16_LPB16_LPM0_LRVW8_LWPMn1_MIAV0_MIWT5_8_MO40_NTn1_NTA0_NTB0_NTC0_NTD0_NTM0_NEPBS0_NLCA1_NLCB1_ONLL1_PGR2_PLR1_PKA1_SIA3_SS1_SPO0_SRVW0_SSO0_SVW1_SK3_SKFTR0_SKXCCM0_TLDS1_ULSGRO0_USL1_UIOFGRO0_USFGRO0_VSn1_VWA1_VWB8_WSGRA0_WSGRB0_WS64_WG32_8_1,Cijk_Alik_Bljk_BBS_BH_Bias_HA_S_SAV_UserArgs_MT160x256x64_MI16x16x1_SN_LDSB0_AFC0_AFEM1_AFEM1_ASEM1_CLR1_CADS0_DTLA0_DTLB0_DTVA0_DTVB0_EPS0_FDSI0_GRPM1_GRVWA8_GRVWB8_GSU0_GSUAMB_GLS0_ISA950_IU1_K1_LDSTI0_LBSPPA128_LBSPPB1024_LBSPPM0_LPA16_LPB16_LPM0_LRVW8_LWPMn1_MIAV0_MIWT5_8_MO40_NTn1_NTA0_NTB0_NTC0_NTD0_NTM0_NEPBS0_NLCA1_NLCB1_ONLL1_PGR2_PLR1_PKA1_SIA3_SS1_SPO0_SRVW0_SSO0_SVW1_SK3_SKFTR0_SKXCCM0_TLDS1_ULSGRO0_USL1_UIOFGRO0_USFGRO0_VSn1_VWA1_VWB8_WSGRA0_WSGRB0_WS64_WG32_8_1,0.1120 0.1118,0.1198 0.1198,0.1153 0.1150,0.1189 0.1187,
8192,5120,3200,False,bfloat16,in: 256x256,>=512,640,2,128,50,tuned,asm,_ZN5aiter24bf16gemm_bf16_tn_256x256E,1330.8,1381.9,1410.9,one_tile,owner,1388.4,True,True,True,True,True,0,1,1,1,,aiter::bf16gemm_bf16_tn_256x256,0.2026 0.2008,0.1944 0.1941,0.1902 0.1903,0.1932 0.1935,
16384,5120,3200,False,bfloat16,in: 256x256,>=512,1280,5,0,50,tuned,torch,native,1474.3,1513.6,1529.5,dp,,nan,True,True,True,,True,0,1,1,1,Cijk_Alik_Bljk_BBS_BH_Bias_HA_S_SAV_UserArgs_MT256x256x64_MI16x16x1_CMS_SN_LDSB0_AFC0_AFEM1_AFEM1_ASEM1_CLR1_CADS0_DTLA1_DTLB1_DTVA0_DTVB0_EPS0_FDSI0_GRPM1_GRVWA8_GRVWB8_GSU0_GSUAMB_GLS0_ISA950_IU1_K1_LDSTI0_LBSPPA1024_LBSPPB1024_LBSPPM0_LPA16_LPB16_LPM0_LRVW8_LWPMn1_MIAV0_MIWT8_8_MO40_NTn1_NTA0_NTB0_NTC0_NTD4_NTM0_NEPBS0_NLCA1_NLCB1_ONLL1_PGR2_PLR1_PKA1_SIA3_SS1_SPO0_SRVW0_SSO0_SVW8_SK3_SKFTR0_SKXCCM0_TLDS1_ULSGRO0_USL1_UIOFGRO0_USFGRO0_VSn1_VWA8_VWB8_WSGRA0_WSGRB0_WS64_WG32_8_1,Cijk_Alik_Bljk_BBS_BH_Bias_HA_S_SAV_UserArgs_MT256x256x64_MI16x16x1_CMS_SN_LDSB0_AFC0_AFEM1_AFEM1_ASEM1_CLR1_CADS0_DTLA1_DTLB1_DTVA0_DTVB0_EPS0_FDSI0_GRPM1_GRVWA8_GRVWB8_GSU0_GSUAMB_GLS0_ISA950_IU1_K1_LDSTI0_LBSPPA1024_LBSPPB1024_LBSPPM0_LPA16_LPB16_LPM0_LRVW8_LWPMn1_MIAV0_MIWT8_8_MO40_NTn1_NTA0_NTB0_NTC0_NTD4_NTM0_NEPBS0_NLCA1_NLCB1_ONLL1_PGR2_PLR1_PKA1_SIA3_SS1_SPO0_SRVW0_SSO0_SVW8_SK3_SKFTR0_SKXCCM0_TLDS1_ULSGRO0_USL1_UIOFGRO0_USFGRO0_VSn1_VWA8_VWB8_WSGRA0_WSGRB0_WS64_WG32_8_1,0.3634 0.3649,0.3548 0.3546,0.3510 0.3510,,
32768,5120,3200,False,bfloat16,in: 256x256,>=512,2560,10,0,50,tuned,torch,native,1480.4,1494.5,1523.0,dp,,nan,True,True,True,,True,0,1,1,1,Cijk_Alik_Bljk_BBS_BH_Bias_HA_S_SAV_UserArgs_MT256x256x64_MI16x16x1_CMS_SN_LDSB0_AFC0_AFEM1_AFEM1_ASEM1_CLR1_CADS0_DTLA1_DTLB1_DTVA0_DTVB0_EPS0_FDSI0_GRPM1_GRVWA8_GRVWB8_GSU0_GSUAMB_GLS0_ISA950_IU1_K1_LDSTI0_LBSPPA1024_LBSPPB1024_LBSPPM0_LPA16_LPB16_LPM0_LRVW8_LWPMn1_MIAV0_MIWT8_8_MO40_NTn1_NTA0_NTB0_NTC0_NTD4_NTM0_NEPBS0_NLCA1_NLCB1_ONLL1_PGR2_PLR1_PKA1_SIA3_SS1_SPO0_SRVW0_SSO0_SVW8_SK3_SKFTR0_SKXCCM0_TLDS1_ULSGRO0_USL1_UIOFGRO0_USFGRO0_VSn1_VWA8_VWB8_WSGRA0_WSGRB0_WS64_WG32_8_1,Cijk_Alik_Bljk_BBS_BH_Bias_HA_S_SAV_UserArgs_MT256x256x64_MI16x16x1_CMS_SN_LDSB0_AFC0_AFEM1_AFEM1_ASEM1_CLR1_CADS0_DTLA1_DTLB1_DTVA0_DTVB0_EPS0_FDSI0_GRPM1_GRVWA8_GRVWB8_GSU0_GSUAMB_GLS0_ISA950_IU1_K1_LDSTI0_LBSPPA1024_LBSPPB1024_LBSPPM0_LPA16_LPB16_LPM0_LRVW8_LWPMn1_MIAV0_MIWT8_8_MO40_NTn1_NTA0_NTB0_NTC0_NTD4_NTM0_NEPBS0_NLCA1_NLCB1_ONLL1_PGR2_PLR1_PKA1_SIA3_SS1_SPO0_SRVW0_SSO0_SVW8_SK3_SKFTR0_SKXCCM0_TLDS1_ULSGRO0_USL1_UIOFGRO0_USFGRO0_VSn1_VWA8_VWB8_WSGRA0_WSGRB0_WS64_WG32_8_1,0.7253 0.7253,0.7206 0.7163,0.7077 0.7024,,
512,7168,3584,False,bfloat16,in: other listed tile,<128,56,0,56,56,tuned,flydsl,flydsl_hgemm_abf16_wbf16_bf16_t128x128x64x4_ks1_w4x4x1_bias0_ktail0_gm0_pft_gfx950,840.7,449.8,547.8,one_tile,owner,448.6,True,True,True,True,True,0,1,1,1,,hgemm_bf16_t128x128x64x4_ks1_w4x4x1_gm0_bias0_lnt_pft_0,0.0318 0.0308,0.0585 0.0585,0.0477 0.0484,0.0588 0.0584,
512,8192,3584,False,bfloat16,in: other listed tile,<128,64,0,64,56,tuned,flydsl,flydsl_hgemm_abf16_wbf16_bf16_t64x256x64x4_ks1_w2x4x1_bias0_ktail0_gm4_pft_gfx950,792.8,505.5,626.0,one_tile,owner,503.6,True,True,True,True,True,0,1,1,1,,hgemm_bf16_t64x256x64x4_ks1_w2x4x1_gm4_bias0_lnt_pft_0,0.0382 0.0377,0.0595 0.0595,0.0481 0.0479,0.0601 0.0593,
1024,7168,3584,False,bfloat16,in: non-pow2 tile,<128,112,0,112,56,tuned,torch,native,1088.8,868.6,916.7,one_tile,owner,860.3,True,True,True,True,True,0,1,1,1,Cijk_Alik_Bljk_BBS_BH_Bias_HA_S_SAV_UserArgs_MT224x128x64_MI16x16x1_SN_LDSB1_AFC0_AFEM1_AFEM1_ASEM1_CLR1_CADS0_DTLA0_DTLB0_DTVA0_DTVB0_EPS0_FDSI0_GRPM1_GRVWA8_GRVWB8_GSU0_GSUAMB_GLS0_ISA950_IU1_K1_LDSTI0_LBSPPA128_LBSPPB512_LBSPPM0_LPA16_LPB16_LPM0_LRVW8_LWPMn1_MIAV0_MIWT7_4_MO40_NTn1_NTA0_NTB0_NTC0_NTD0_NTM0_NEPBS0_NLCA1_NLCB1_ONLL1_PGR2_PLR1_PKA1_SIA3_SS1_SPO0_SRVW0_SSO0_SVW1_SK3_SKFTR0_SKXCCM0_TLDS1_ULSGRO0_USL1_UIOFGRO0_USFGRO0_VSn1_VWA1_VWB4_WSGRA0_WSGRB0_WS64_WG32_8_1,Cijk_Alik_Bljk_BBS_BH_Bias_HA_S_SAV_UserArgs_MT224x128x64_MI16x16x1_SN_LDSB1_AFC0_AFEM1_AFEM1_ASEM1_CLR1_CADS0_DTLA0_DTLB0_DTVA0_DTVB0_EPS0_FDSI0_GRPM1_GRVWA8_GRVWB8_GSU0_GSUAMB_GLS0_ISA950_IU1_K1_LDSTI0_LBSPPA128_LBSPPB512_LBSPPM0_LPA16_LPB16_LPM0_LRVW8_LWPMn1_MIAV0_MIWT7_4_MO40_NTn1_NTA0_NTB0_NTC0_NTD0_NTM0_NEPBS0_NLCA1_NLCB1_ONLL1_PGR2_PLR1_PKA1_SIA3_SS1_SPO0_SRVW0_SSO0_SVW1_SK3_SKFTR0_SKXCCM0_TLDS1_ULSGRO0_USL1_UIOFGRO0_USFGRO0_VSn1_VWA1_VWB4_WSGRA0_WSGRB0_WS64_WG32_8_1,0.0483 0.0484,0.0609 0.0603,0.0584 0.0563,0.0608 0.0616,
1024,8192,3584,False,bfloat16,in: 256x256,128-255,128,0,128,56,tuned,flydsl,flydsl_hgemm_abf16_wbf16_bf16_t128x128x64x5_ks1_w4x2x1_bias0_ktail0_gm4_pft_gfx950,890.9,956.7,1015.2,one_tile,owner,961.4,True,True,True,True,True,0,1,1,1,,hgemm_bf16_t128x128x64x5_ks1_w4x2x1_gm4_bias0_lnt_pft_0,0.0678 0.0671,0.0626 0.0632,0.0595 0.0590,0.0632 0.0619,
2048,8192,3584,False,bfloat16,in: 256x256,256-511,256,1,0,56,tuned,flydsl,flydsl_hgemm_abf16_wbf16_bf16_t256x256x64x2_ks1_w2x4x1_bias0_ktail0_gm0_pht_gfx950,1416.7,1488.2,1455.7,dp,,nan,True,True,True,,True,0,1,1,1,,hgemm_bf16_t256x256x64x2_ks1_w2x4x1_gm0_bias0_lnt_phti_0,0.0850 0.0848,0.0809 0.0807,0.0828 0.0825,,
4096,8192,3584,False,bfloat16,in: 256x256,>=512,512,2,0,56,tuned,flydsl,flydsl_hgemm_abf16_wbf16_bf16_t256x128x64x2_ks1_w2x2x1_bias0_ktail0_gm0_pht_gfx950,1041.8,1514.3,1513.0,dp,,nan,True,True,True,,True,0,1,1,1,,hgemm_bf16_t256x128x64x2_ks1_w2x2x1_gm0_bias0_lnt_phti_0,0.2307 0.2310,0.1591 0.1586,0.1588 0.1591,,
8192,8192,3584,False,bfloat16,in: 256x256,>=512,1024,4,0,56,tuned,torch,native,1489.7,1534.4,1549.0,dp,,nan,True,True,True,,True,0,1,1,1,Cijk_Alik_Bljk_BBS_BH_Bias_HA_S_SAV_UserArgs_MT256x256x64_MI16x16x1_CMS_SN_LDSB0_AFC0_AFEM1_AFEM1_ASEM1_CLR1_CADS0_DTLA1_DTLB1_DTVA0_DTVB0_EPS0_FDSI0_GRPM1_GRVWA8_GRVWB8_GSU0_GSUAMB_GLS0_ISA950_IU1_K1_LDSTI0_LBSPPA1024_LBSPPB1024_LBSPPM0_LPA16_LPB16_LPM0_LRVW8_LWPMn1_MIAV0_MIWT8_8_MO40_NTn1_NTA0_NTB0_NTC0_NTD4_NTM0_NEPBS0_NLCA1_NLCB1_ONLL1_PGR2_PLR1_PKA1_SIA3_SS1_SPO0_SRVW0_SSO0_SVW8_SK3_SKFTR0_SKXCCM0_TLDS1_ULSGRO0_USL1_UIOFGRO0_USFGRO0_VSn1_VWA8_VWB8_WSGRA0_WSGRB0_WS64_WG32_8_1,Cijk_Alik_Bljk_BBS_BH_Bias_HA_S_SAV_UserArgs_MT256x256x64_MI16x16x1_CMS_SN_LDSB0_AFC0_AFEM1_AFEM1_ASEM1_CLR1_CADS0_DTLA1_DTLB1_DTVA0_DTVB0_EPS0_FDSI0_GRPM1_GRVWA8_GRVWB8_GSU0_GSUAMB_GLS0_ISA950_IU1_K1_LDSTI0_LBSPPA1024_LBSPPB1024_LBSPPM0_LPA16_LPB16_LPM0_LRVW8_LWPMn1_MIAV0_MIWT8_8_MO40_NTn1_NTA0_NTB0_NTC0_NTD4_NTM0_NEPBS0_NLCA1_NLCB1_ONLL1_PGR2_PLR1_PKA1_SIA3_SS1_SPO0_SRVW0_SSO0_SVW8_SK3_SKFTR0_SKXCCM0_TLDS1_ULSGRO0_USL1_UIOFGRO0_USFGRO0_VSn1_VWA8_VWB8_WSGRA0_WSGRB0_WS64_WG32_8_1,0.3205 0.3253,0.3141 0.3129,0.3111 0.3100,,
10240,7168,3584,False,bfloat16,in: 256x256,>=512,1120,4,96,56,tuned,flydsl,flydsl_hgemm_abf16_wbf16_bf16_t256x64x128x2_ks1_w2x2x1_bias0_ktail0_gm0_pht_gfx950,840.2,1428.2,1463.5,one_tile,owner,1443.0,True,True,True,True,True,0,1,1,1,,hgemm_bf16_t256x64x128x2_ks1_w2x2x1_gm0_bias0_lnt_phti_0,0.6276 0.6248,0.3688 0.3680,0.3582 0.3608,0.3648 0.3644,
16384,8192,3584,False,bfloat16,in: 256x256,>=512,2048,8,0,56,tuned,flydsl,flydsl_hgemm_abf16_wbf16_bf16_t128x128x128x2_ks1_w2x2x1_bias0_ktail0_gm4_pft_gfx950,853.6,1530.1,1541.3,dp,,nan,True,True,True,,True,0,1,1,1,,hgemm_bf16_t128x128x128x2_ks1_w2x2x1_gm4_bias0_lnt_pft_0,1.1289 1.1252,0.6291 0.6284,0.6247 0.6237,,
32768,8192,3584,False,bfloat16,in: 256x256,>=512,4096,16,0,56,tuned,flydsl,flydsl_hgemm_abf16_wbf16_bf16_t128x128x64x5_ks1_w2x2x1_bias0_ktail0_gm4_pft_gfx950,879.0,1520.1,1547.4,dp,,nan,True,True,True,,True,0,1,1,1,,hgemm_bf16_t128x128x64x5_ks1_w2x2x1_gm4_bias0_lnt_pft_0,2.1968 2.1814,1.2669 1.2646,1.2466 1.2403,,
512,1024,4096,False,bfloat16,out: smaller tile,<128,8,0,8,64,tuned,flydsl,flydsl_hgemm_abf16_wbf16_bf16_t32x64x128x4_ks1_w1x2x2_bias0_ktail0_gm4_pft_gfx950,339.9,66.6,108.0,one_tile,rs,67.2,False,True,True,True,True,0,2,1,1,,hgemm_bf16_t32x64x128x4_ks1_w1x2x2_gm4_bias0_lnt_pft_0,0.0128 0.0125,0.0645 0.0644,0.0398 0.0398,0.0639 0.0640,
512,2048,4096,False,bfloat16,out: smaller tile,<128,16,0,16,64,tuned,flydsl,flydsl_hgemm_abf16_wbf16_bf16_t64x64x64x6_ks1_w4x2x1_bias0_ktail0_gm0_pft_gfx950,495.3,133.0,213.6,one_tile,rs,134.4,True,True,True,True,True,0,1,1,1,,hgemm_bf16_t64x64x64x6_ks1_w4x2x1_gm0_bias0_lnt_pft_0,0.0178 0.0169,0.0646 0.0646,0.0402 0.0402,0.0639 0.0640,
512,4096,4096,False,bfloat16,in: other listed tile,<128,32,0,32,64,tuned,flydsl,flydsl_hgemm_abf16_wbf16_bf16_t128x64x64x4_ks1_w4x2x1_bias0_ktail0_gm0_pft_gfx950,689.8,263.9,382.8,one_tile,rs,266.7,True,True,True,True,True,0,1,1,1,,hgemm_bf16_t128x64x64x4_ks1_w4x2x1_gm0_bias0_lnt_pft_0,0.0251 0.0247,0.0651 0.0651,0.0450 0.0448,0.0645 0.0643,
512,8192,4096,False,bfloat16,in: other listed tile,<128,64,0,64,64,tuned,flydsl,flydsl_hgemm_abf16_wbf16_bf16_t128x128x64x4_ks1_w4x4x1_bias0_ktail0_gm4_pft_gfx950,892.3,519.9,678.7,one_tile,owner,518.0,True,True,True,True,True,0,1,1,1,,hgemm_bf16_t128x128x64x4_ks1_w4x4x1_gm4_bias0_lnt_pft_0,0.0388 0.0382,0.0660 0.0662,0.0506 0.0507,0.0669 0.0657,
512,8704,4096,False,bfloat16,in: non-pow2 tile,<128,68,0,68,64,tuned,torch,native,901.2,553.2,718.3,one_tile,owner,551.4,True,True,True,True,True,0,1,1,1,Cijk_Alik_Bljk_BBS_BH_Bias_HA_S_SAV_UserArgs_MT160x128x128_MI16x16x1_SN_LDSB1_AFC0_AFEM1_AFEM1_ASEM1_CLR1_CADS0_DTLA0_DTLB0_DTVA0_DTVB0_EPS0_FDSI0_GRPM1_GRVWA8_GRVWB8_GSU0_GSUAMB_GLS0_ISA950_IU1_K1_LDSTI0_LBSPPA256_LBSPPB1024_LBSPPM0_LPA16_LPB16_LPM0_LRVW8_LWPMn1_MIAV0_MIWT5_4_MO40_NTn1_NTA0_NTB0_NTC0_NTD0_NTM0_NEPBS0_NLCA1_NLCB1_ONLL1_PGR2_PLR1_PKA1_SIA3_SS1_SPO0_SRVW0_SSO0_SVW1_SK3_SKFTR0_SKXCCM0_TLDS1_ULSGRO0_USL1_UIOFGRO0_USFGRO0_VSn1_VWA1_VWB4_WSGRA0_WSGRB0_WS64_WG32_8_1,Cijk_Alik_Bljk_BBS_BH_Bias_HA_S_SAV_UserArgs_MT160x128x128_MI16x16x1_SN_LDSB1_AFC0_AFEM1_AFEM1_ASEM1_CLR1_CADS0_DTLA0_DTLB0_DTVA0_DTVB0_EPS0_FDSI0_GRPM1_GRVWA8_GRVWB8_GSU0_GSUAMB_GLS0_ISA950_IU1_K1_LDSTI0_LBSPPA256_LBSPPB1024_LBSPPM0_LPA16_LPB16_LPM0_LRVW8_LWPMn1_MIAV0_MIWT5_4_MO40_NTn1_NTA0_NTB0_NTC0_NTD0_NTM0_NEPBS0_NLCA1_NLCB1_ONLL1_PGR2_PLR1_PKA1_SIA3_SS1_SPO0_SRVW0_SSO0_SVW1_SK3_SKFTR0_SKXCCM0_TLDS1_ULSGRO0_USL1_UIOFGRO0_USFGRO0_VSn1_VWA1_VWB4_WSGRA0_WSGRB0_WS64_WG32_8_1,0.0405 0.0405,0.0660 0.0660,0.0508 0.0508,0.0662 0.0662,
512,10240,4096,False,bfloat16,in: non-pow2 tile,<128,80,0,80,64,tuned,torch,native,862.0,645.5,812.2,one_tile,owner,644.0,True,True,True,True,True,0,1,1,1,Cijk_Alik_Bljk_BBS_BH_Bias_HA_S_SAV_UserArgs_MT128x192x64_MI16x16x1_SN_LDSB0_AFC0_AFEM1_AFEM1_ASEM1_CLR0_CADS0_DTLA1_DTLB1_DTVA0_DTVB0_EPS0_FDSI0_GRPM1_GRVWA8_GRVWB8_GSU0_GSUAMB_GLS0_ISA950_IU1_K1_LDSTI0_LBSPPA1024_LBSPPB1024_LBSPPM0_LPA16_LPB16_LPM0_LRVW8_LWPMn1_MIAV0_MIWT8_3_MO40_NTn1_NTA6_NTB0_NTC1_NTD3_NTM0_NEPBS14_NLCA1_NLCB1_ONLL1_PGR2_PLR1_PKA1_SIA3_SS1_SPO1_SRVW0_SSO1_SVW8_SK3_SKFTR0_SKXCCM4_TLDS1_ULSGRO0_USL1_UIOFGRO0_USFGRO0_VSn1_VWA8_VWB1_WSGRA0_WSGRB0_WS64_WG16_16_1,Cijk_Alik_Bljk_BBS_BH_Bias_HA_S_SAV_UserArgs_MT128x192x64_MI16x16x1_SN_LDSB0_AFC0_AFEM1_AFEM1_ASEM1_CLR0_CADS0_DTLA1_DTLB1_DTVA0_DTVB0_EPS0_FDSI0_GRPM1_GRVWA8_GRVWB8_GSU0_GSUAMB_GLS0_ISA950_IU1_K1_LDSTI0_LBSPPA1024_LBSPPB1024_LBSPPM0_LPA16_LPB16_LPM0_LRVW8_LWPMn1_MIAV0_MIWT8_3_MO40_NTn1_NTA6_NTB0_NTC1_NTD3_NTM0_NEPBS14_NLCA1_NLCB1_ONLL1_PGR2_PLR1_PKA1_SIA3_SS1_SPO1_SRVW0_SSO1_SVW8_SK3_SKFTR0_SKXCCM4_TLDS1_ULSGRO0_USL1_UIOFGRO0_USFGRO0_VSn1_VWA8_VWB1_WSGRA0_WSGRB0_WS64_WG16_16_1,0.0500 0.0496,0.0663 0.0667,0.0525 0.0533,0.0665 0.0669,
512,16384,4096,False,bfloat16,in: 256x256,128-255,128,0,128,64,tuned,flydsl,flydsl_hgemm_abf16_wbf16_bf16_t128x64x64x3_ks1_w4x2x1_bias0_ktail0_gm4_pft_gfx950,833.3,967.2,1070.7,one_tile,owner,987.9,True,True,True,True,True,0,1,1,1,,hgemm_bf16_t128x64x64x3_ks1_w4x2x1_gm4_bias0_lnt_pft_0,0.0830 0.0819,0.0726 0.0695,0.0642 0.0642,0.0696 0.0695,
512,129280,4096,False,bfloat16,in: 256x256,>=512,1010,3,242,64,tuned,asm,_ZN5aiter24bf16gemm_bf16_tn_256x256E,1314.8,1384.0,1384.0,dp,,nan,True,True,True,,True,0,2,2,2,,aiter::bf16gemm_bf16_tn_256x256,0.4134 0.4115,0.3918 0.3918,0.3919 0.3916,,
768,1024,4096,False,bfloat16,out: smaller tile,<128,12,0,12,64,tuned,torch,native,432.1,100.2,163.3,one_tile,rs,100.5,True,True,True,True,True,0,1,1,1,Cijk_Alik_Bljk_BBS_BH_Bias_HA_S_SAV_UserArgs_MT64x48x256_MI16x16x1_SN_LDSB0_AFC0_AFEM1_AFEM1_ASEM1_CLR1_CADS0_DTLA0_DTLB0_DTVA0_DTVB0_EPS0_FDSI0_GRPM1_GRVWA8_GRVWB8_GSU0_GSUAMB_GLS0_ISA950_IU1_K1_LDSTI0_LBSPPA512_LBSPPB512_LBSPPM0_LPA16_LPB16_LPM0_LRVW8_LWPMn1_MIAV0_MIWT1_3_MO40_NTn1_NTA0_NTB0_NTC1_NTD5_NTM0_NEPBS16_NLCA1_NLCB1_ONLL1_PGR2_PLR1_PKA1_SIA3_SS1_SPO1_SRVW0_SSO0_SVW1_SK3_SKFTR0_SKXCCM0_TLDS2_ULSGRO0_USL1_UIOFGRO0_USFGRO1_VSn1_VWA1_VWB1_WSGRA0_WSGRB0_WS64_WG64_4_1,Cijk_Alik_Bljk_BBS_BH_Bias_HA_S_SAV_UserArgs_MT64x48x256_MI16x16x1_SN_LDSB0_AFC0_AFEM1_AFEM1_ASEM1_CLR1_CADS0_DTLA0_DTLB0_DTVA0_DTVB0_EPS0_FDSI0_GRPM1_GRVWA8_GRVWB8_GSU0_GSUAMB_GLS0_ISA950_IU1_K1_LDSTI0_LBSPPA512_LBSPPB512_LBSPPM0_LPA16_LPB16_LPM0_LRVW8_LWPMn1_MIAV0_MIWT1_3_MO40_NTn1_NTA0_NTB0_NTC1_NTD5_NTM0_NEPBS16_NLCA1_NLCB1_ONLL1_PGR2_PLR1_PKA1_SIA3_SS1_SPO1_SRVW0_SSO0_SVW1_SK3_SKFTR0_SKXCCM0_TLDS2_ULSGRO0_USL1_UIOFGRO0_USFGRO1_VSn1_VWA1_VWB1_WSGRA0_WSGRB0_WS64_WG64_4_1,0.0148 0.0150,0.0643 0.0643,0.0394 0.0396,0.0644 0.0639,
768,2048,4096,False,bfloat16,out: smaller tile,<128,24,0,24,64,tuned,flydsl,flydsl_hgemm_abf16_wbf16_bf16_t64x64x64x4_ks1_w2x1x1_bias0_ktail0_gm4_pft_gfx950,546.5,199.4,293.7,one_tile,rs,200.4,True,True,True,True,True,0,1,1,1,,hgemm_bf16_t64x64x64x4_ks1_w2x1x1_gm4_bias0_lnt_pft_0,0.0234 0.0237,0.0647 0.0645,0.0439 0.0438,0.0642 0.0644,
768,4096,4096,False,bfloat16,in: non-pow2 tile,<128,48,0,48,64,tuned,flydsl,flydsl_hgemm_abf16_wbf16_bf16_t96x128x64x4_ks1_w2x2x1_bias0_ktail0_gm4_pft_gfx950,750.6,394.7,519.8,one_tile,owner,396.7,True,True,True,True,True,0,1,1,1,,hgemm_bf16_t96x128x64x4_ks1_w2x2x1_gm4_bias0_lnt_pft_0,0.0345 0.0342,0.0652 0.0654,0.0493 0.0499,0.0648 0.0651,
768,8192,4096,False,bfloat16,in: non-pow2 tile,<128,96,0,96,64,tuned,torch,native,1007.3,768.2,852.2,one_tile,owner,771.2,True,True,True,True,True,0,1,1,1,Cijk_Alik_Bljk_BBS_BH_Bias_HA_S_SAV_UserArgs_MT128x192x128_MI16x16x1_SN_LDSB1_AFC0_AFEM1_AFEM1_ASEM1_CLR0_CADS0_DTLA0_DTLB0_DTVA0_DTVB0_EPS0_FDSI0_GRPM1_GRVWA8_GRVWB8_GSU0_GSUAMB_GLS0_ISA950_IU1_K1_LDSTI0_LBSPPA2048_LBSPPB256_LBSPPM0_LPA16_LPB16_LPM0_LRVW8_LWPMn1_MIAV0_MIWT8_3_MO40_NTn1_NTA0_NTB0_NTC1_NTD4_NTM0_NEPBS0_NLCA1_NLCB1_ONLL1_PGR2_PLR1_PKA1_SIA3_SS1_SPO0_SRVW0_SSO0_SVW8_SK3_SKFTR0_SKXCCM0_TLDS2_ULSGRO0_USL1_UIOFGRO0_USFGRO0_VSn1_VWA8_VWB1_WSGRA0_WSGRB0_WS64_WG16_16_1,Cijk_Alik_Bljk_BBS_BH_Bias_HA_S_SAV_UserArgs_MT128x192x128_MI16x16x1_SN_LDSB1_AFC0_AFEM1_AFEM1_ASEM1_CLR0_CADS0_DTLA0_DTLB0_DTVA0_DTVB0_EPS0_FDSI0_GRPM1_GRVWA8_GRVWB8_GSU0_GSUAMB_GLS0_ISA950_IU1_K1_LDSTI0_LBSPPA2048_LBSPPB256_LBSPPM0_LPA16_LPB16_LPM0_LRVW8_LWPMn1_MIAV0_MIWT8_3_MO40_NTn1_NTA0_NTB0_NTC1_NTD4_NTM0_NEPBS0_NLCA1_NLCB1_ONLL1_PGR2_PLR1_PKA1_SIA3_SS1_SPO0_SRVW0_SSO0_SVW8_SK3_SKFTR0_SKXCCM0_TLDS2_ULSGRO0_USL1_UIOFGRO0_USFGRO0_VSn1_VWA8_VWB1_WSGRA0_WSGRB0_WS64_WG16_16_1,0.0513 0.0511,0.0670 0.0671,0.0603 0.0607,0.0666 0.0670,
768,8704,4096,False,bfloat16,in: other listed tile,<128,102,0,102,64,tuned,flydsl,flydsl_hgemm_abf16_wbf16_bf16_t256x128x64x3_ks1_w4x2x2_bias0_ktail0_gm0_pft_gfx950,961.3,823.1,909.5,one_tile,owner,812.8,False,True,True,True,True,0,2,1,1,,hgemm_bf16_t256x128x64x3_ks1_w4x2x2_gm0_bias0_lnt_pft_0,0.0575 0.0565,0.0666 0.0665,0.0602 0.0602,0.0677 0.0670,
768,10240,4096,False,bfloat16,in: other listed tile,<128,120,0,120,64,tuned,flydsl,flydsl_hgemm_abf16_wbf16_bf16_t128x256x64x2_ks1_w2x4x1_bias0_ktail0_gm0_pht_gfx950,1183.4,955.5,1023.5,one_tile,owner,939.8,True,True,True,True,True,0,1,1,1,,hgemm_bf16_t128x256x64x2_ks1_w2x4x1_gm0_bias0_lnt_phti_0,0.0549 0.0540,0.0674 0.0675,0.0636 0.0623,0.0684 0.0687,
768,129280,4096,False,bfloat16,in: 256x256,>=512,1515,5,235,64,tuned,torch,native,1363.9,1432.5,1443.2,dp,,nan,True,True,True,,True,0,2,2,2,Cijk_Alik_Bljk_BBS_BH_Bias_HA_S_SAV_UserArgs_MT256x256x64_MI16x16x1_CMS_SN_LDSB0_AFC0_AFEM1_AFEM1_ASEM1_CLR1_CADS0_DTLA1_DTLB1_DTVA0_DTVB0_EPS0_FDSI0_GRPM1_GRVWA8_GRVWB8_GSU0_GSUAMB_GLS0_ISA950_IU1_K1_LDSTI0_LBSPPA1024_LBSPPB1024_LBSPPM0_LPA16_LPB16_LPM0_LRVW8_LWPMn1_MIAV0_MIWT8_8_MO40_NTn1_NTA0_NTB0_NTC0_NTD4_NTM0_NEPBS0_NLCA1_NLCB1_ONLL1_PGR2_PLR1_PKA1_SIA3_SS1_SPO0_SRVW0_SSO0_SVW8_SK3_SKFTR0_SKXCCM0_TLDS1_ULSGRO0_USL1_UIOFGRO0_USFGRO0_VSn1_VWA8_VWB8_WSGRA0_WSGRB0_WS64_WG32_8_1,Cijk_Alik_Bljk_BBS_BH_Bias_HA_S_SAV_UserArgs_MT256x256x64_MI16x16x1_CMS_SN_LDSB0_AFC0_AFEM1_AFEM1_ASEM1_CLR1_CADS0_DTLA1_DTLB1_DTVA0_DTVB0_EPS0_FDSI0_GRPM1_GRVWA8_GRVWB8_GSU0_GSUAMB_GLS0_ISA950_IU1_K1_LDSTI0_LBSPPA1024_LBSPPB1024_LBSPPM0_LPA16_LPB16_LPM0_LRVW8_LWPMn1_MIAV0_MIWT8_8_MO40_NTn1_NTA0_NTB0_NTC0_NTD4_NTM0_NEPBS0_NLCA1_NLCB1_ONLL1_PGR2_PLR1_PKA1_SIA3_SS1_SPO0_SRVW0_SSO0_SVW8_SK3_SKFTR0_SKXCCM0_TLDS1_ULSGRO0_USL1_UIOFGRO0_USFGRO0_VSn1_VWA8_VWB8_WSGRA0_WSGRB0_WS64_WG32_8_1,0.5979 0.5948,0.5682 0.5674,0.5641 0.5631,,
1024,512,4096,False,bfloat16,out: smaller tile,<128,8,0,8,64,tuned,flydsl,flydsl_hgemm_abf16_wbf16_bf16_t32x64x128x4_ks1_w2x2x1_bias0_ktail0_gm4_pft_gfx950,327.3,66.6,107.8,one_tile,rs,67.2,True,True,True,True,True,0,1,1,1,,hgemm_bf16_t32x64x128x4_ks1_w2x2x1_gm4_bias0_lnt_pft_0,0.0131 0.0132,0.0645 0.0645,0.0398 0.0399,0.0640 0.0640,
1024,1024,4096,False,bfloat16,out: smaller tile,<128,16,0,16,64,tuned,flydsl,flydsl_hgemm_abf16_wbf16_bf16_t64x64x64x6_ks1_w4x2x1_bias0_ktail0_gm4_pft_gfx950,505.5,133.3,213.4,one_tile,rs,134.1,True,True,True,True,True,0,1,1,1,,hgemm_bf16_t64x64x64x6_ks1_w4x2x1_gm4_bias0_lnt_pft_0,0.0170 0.0170,0.0645 0.0644,0.0403 0.0402,0.0641 0.0640,
1024,2048,4096,False,bfloat16,in: other listed tile,<128,32,0,32,64,tuned,flydsl,flydsl_hgemm_abf16_wbf16_bf16_t64x128x64x4_ks1_w2x4x1_bias0_ktail0_gm0_pft_gfx950,701.3,265.4,377.6,one_tile,rs,267.5,True,True,True,True,True,0,1,1,1,,hgemm_bf16_t64x128x64x4_ks1_w2x4x1_gm0_bias0_lnt_pft_0,0.0242 0.0248,0.0647 0.0648,0.0456 0.0454,0.0642 0.0643,
1024,4096,4096,False,bfloat16,in: other listed tile,<128,64,0,64,64,tuned,flydsl,flydsl_hgemm_abf16_wbf16_bf16_t128x128x64x4_ks1_w4x4x1_bias0_ktail0_gm0_pft_gfx950,927.8,520.7,679.7,one_tile,owner,517.1,True,True,True,True,True,0,1,1,1,,hgemm_bf16_t128x128x64x4_ks1_w4x4x1_gm0_bias0_lnt_pft_0,0.0369 0.0372,0.0660 0.0660,0.0506 0.0505,0.0667 0.0662,
1024,8192,4096,False,bfloat16,in: other listed tile,128-255,128,0,128,64,tuned,flydsl,flydsl_hgemm_abf16_wbf16_bf16_t128x256x64x2_ks1_w2x4x1_bias0_ktail0_gm0_pht_gfx950,1234.4,1002.1,1078.4,one_tile,owner,991.0,True,True,True,True,True,0,1,1,1,,hgemm_bf16_t128x256x64x2_ks1_w2x4x1_gm0_bias0_lnt_phti_0,0.0556 0.0557,0.0683 0.0688,0.0637 0.0638,0.0691 0.0696,
1024,8704,4096,False,bfloat16,in: non-pow2 tile,128-255,136,0,136,64,tuned,torch,native,1130.6,1071.8,1019.7,dp,,nan,True,True,True,,True,0,1,1,1,Cijk_Alik_Bljk_BBS_BH_Bias_HA_S_SAV_UserArgs_MT144x256x64_MI16x16x1_SN_LDSB0_AFC0_AFEM1_AFEM1_ASEM1_CLR1_CADS0_DTLA0_DTLB0_DTVA0_DTVB0_EPS0_FDSI0_GRPM1_GRVWA4_GRVWB8_GSU0_GSUAMB_GLS0_ISA950_IU1_K1_LDSTI0_LBSPPA128_LBSPPB512_LBSPPM0_LPA16_LPB16_LPM0_LRVW8_LWPMn1_MIAV0_MIWT9_4_MO40_NTn1_NTA0_NTB0_NTC0_NTD0_NTM0_NEPBS0_NLCA1_NLCB1_ONLL1_PGR2_PLR1_PKA1_SIA3_SS1_SPO0_SRVW0_SSO0_SVW1_SK3_SKFTR0_SKXCCM0_TLDS1_ULSGRO0_USL1_UIOFGRO0_USFGRO0_VSn1_VWA1_VWB4_WSGRA0_WSGRB0_WS64_WG16_16_1,Cijk_Alik_Bljk_BBS_BH_Bias_HA_S_SAV_UserArgs_MT144x256x64_MI16x16x1_SN_LDSB0_AFC0_AFEM1_AFEM1_ASEM1_CLR1_CADS0_DTLA0_DTLB0_DTVA0_DTVB0_EPS0_FDSI0_GRPM1_GRVWA4_GRVWB8_GSU0_GSUAMB_GLS0_ISA950_IU1_K1_LDSTI0_LBSPPA128_LBSPPB512_LBSPPM0_LPA16_LPB16_LPM0_LRVW8_LWPMn1_MIAV0_MIWT9_4_MO40_NTn1_NTA0_NTB0_NTC0_NTD0_NTM0_NEPBS0_NLCA1_NLCB1_ONLL1_PGR2_PLR1_PKA1_SIA3_SS1_SPO0_SRVW0_SSO0_SVW1_SK3_SKFTR0_SKXCCM0_TLDS1_ULSGRO0_USL1_UIOFGRO0_USFGRO0_VSn1_VWA1_VWB4_WSGRA0_WSGRB0_WS64_WG16_16_1,0.0646 0.0645,0.0684 0.0678,0.0710 0.0722,,
1024,10240,4096,False,bfloat16,in: non-pow2 tile,128-255,160,0,160,64,tuned,torch,native,1224.3,1190.8,1141.8,dp,,nan,True,True,True,,True,0,1,1,1,Cijk_Alik_Bljk_BBS_BH_Bias_HA_S_SAV_UserArgs_MT160x256x64_MI16x16x1_SN_LDSB0_AFC0_AFEM1_AFEM1_ASEM1_CLR1_CADS0_DTLA0_DTLB0_DTVA0_DTVB0_EPS0_FDSI0_GRPM1_GRVWA8_GRVWB8_GSU0_GSUAMB_GLS0_ISA950_IU1_K1_LDSTI0_LBSPPA128_LBSPPB1024_LBSPPM0_LPA16_LPB16_LPM0_LRVW8_LWPMn1_MIAV0_MIWT5_8_MO40_NTn1_NTA0_NTB0_NTC0_NTD0_NTM0_NEPBS0_NLCA1_NLCB1_ONLL1_PGR2_PLR1_PKA1_SIA3_SS1_SPO0_SRVW0_SSO0_SVW1_SK3_SKFTR0_SKXCCM0_TLDS1_ULSGRO0_USL1_UIOFGRO0_USFGRO0_VSn1_VWA1_VWB8_WSGRA0_WSGRB0_WS64_WG32_8_1,Cijk_Alik_Bljk_BBS_BH_Bias_HA_S_SAV_UserArgs_MT160x256x64_MI16x16x1_SN_LDSB0_AFC0_AFEM1_AFEM1_ASEM1_CLR1_CADS0_DTLA0_DTLB0_DTVA0_DTVB0_EPS0_FDSI0_GRPM1_GRVWA8_GRVWB8_GSU0_GSUAMB_GLS0_ISA950_IU1_K1_LDSTI0_LBSPPA128_LBSPPB1024_LBSPPM0_LPA16_LPB16_LPM0_LRVW8_LWPMn1_MIAV0_MIWT5_8_MO40_NTn1_NTA0_NTB0_NTC0_NTD0_NTM0_NEPBS0_NLCA1_NLCB1_ONLL1_PGR2_PLR1_PKA1_SIA3_SS1_SPO0_SRVW0_SSO0_SVW1_SK3_SKFTR0_SKXCCM0_TLDS1_ULSGRO0_USL1_UIOFGRO0_USFGRO0_VSn1_VWA1_VWB8_WSGRA0_WSGRB0_WS64_WG32_8_1,0.0701 0.0702,0.0723 0.0720,0.0760 0.0745,,
1024,16384,4096,False,bfloat16,in: 256x256,256-511,256,1,0,64,tuned,flydsl,flydsl_hgemm_abf16_wbf16_bf16_t128x128x64x3_ks1_w4x2x1_bias0_ktail0_gm0_pft_gfx950,898.1,1518.0,1484.3,dp,,nan,True,True,True,,True,0,1,1,1,,hgemm_bf16_t128x128x64x3_ks1_w4x2x1_gm0_bias0_lnt_pft_0,0.1535 0.1526,0.0905 0.0906,0.0925 0.0927,,
1024,129280,4096,False,bfloat16,in: 256x256,>=512,2020,7,228,64,tuned,torch,native,1384.4,1457.8,1480.6,dp,,nan,True,True,True,,True,0,2,2,2,Cijk_Alik_Bljk_BBS_BH_Bias_HA_S_SAV_UserArgs_MT256x256x64_MI16x16x1_CMS_SN_LDSB0_AFC0_AFEM1_AFEM1_ASEM1_CLR1_CADS0_DTLA1_DTLB1_DTVA0_DTVB0_EPS0_FDSI0_GRPM1_GRVWA8_GRVWB8_GSU0_GSUAMB_GLS0_ISA950_IU1_K1_LDSTI0_LBSPPA1024_LBSPPB1024_LBSPPM0_LPA16_LPB16_LPM0_LRVW8_LWPMn1_MIAV0_MIWT8_8_MO40_NTn1_NTA0_NTB0_NTC0_NTD4_NTM0_NEPBS0_NLCA1_NLCB1_ONLL1_PGR2_PLR1_PKA1_SIA3_SS1_SPO0_SRVW0_SSO0_SVW8_SK3_SKFTR0_SKXCCM0_TLDS1_ULSGRO0_USL1_UIOFGRO0_USFGRO0_VSn1_VWA8_VWB8_WSGRA0_WSGRB0_WS64_WG32_8_1,Cijk_Alik_Bljk_BBS_BH_Bias_HA_S_SAV_UserArgs_MT256x256x64_MI16x16x1_CMS_SN_LDSB0_AFC0_AFEM1_AFEM1_ASEM1_CLR1_CADS0_DTLA1_DTLB1_DTVA0_DTVB0_EPS0_FDSI0_GRPM1_GRVWA8_GRVWB8_GSU0_GSUAMB_GLS0_ISA950_IU1_K1_LDSTI0_LBSPPA1024_LBSPPB1024_LBSPPM0_LPA16_LPB16_LPM0_LRVW8_LWPMn1_MIAV0_MIWT8_8_MO40_NTn1_NTA0_NTB0_NTC0_NTD4_NTM0_NEPBS0_NLCA1_NLCB1_ONLL1_PGR2_PLR1_PKA1_SIA3_SS1_SPO0_SRVW0_SSO0_SVW8_SK3_SKFTR0_SKXCCM0_TLDS1_ULSGRO0_USL1_UIOFGRO0_USFGRO0_VSn1_VWA8_VWB8_WSGRA0_WSGRB0_WS64_WG32_8_1,0.7832 0.7834,0.7438 0.7440,0.7331 0.7318,,
1280,512,4096,False,bfloat16,out: smaller tile,<128,10,0,10,64,tuned,flydsl,flydsl_hgemm_abf16_wbf16_bf16_t48x32x128x4_ks1_w1x1x2_bias0_ktail0_gm4_pft_gfx950,335.8,83.5,130.4,one_tile,rs,83.8,False,True,True,True,True,0,2,0.5,1,,hgemm_bf16_t48x32x128x4_ks1_w1x1x2_gm4_bias0_lnt_pft_0,0.0160 0.0159,0.0643 0.0643,0.0411 0.0412,0.0640 0.0642,
1280,1024,4096,False,bfloat16,out: smaller tile,<128,20,0,20,64,tuned,torch,native,561.2,166.1,244.9,one_tile,rs,167.2,True,True,True,True,True,0,1,1,1,Cijk_Alik_Bljk_BBS_BH_Bias_HA_S_SAV_UserArgs_MT64x80x256_MI16x16x1_SN_LDSB0_AFC0_AFEM1_AFEM1_ASEM1_CLR0_CADS0_DTLA0_DTLB0_DTVA0_DTVB0_EPS0_FDSI0_GRPM1_GRVWA8_GRVWB8_GSU0_GSUAMB_GLS0_ISA950_IU1_K1_LDSTI0_LBSPPA512_LBSPPB512_LBSPPM0_LPA16_LPB16_LPM0_LRVW8_LWPMn1_MIAV0_MIWT1_5_MO40_NTn1_NTA0_NTB0_NTC0_NTD5_NTM0_NEPBS0_NLCA1_NLCB1_ONLL1_PGR2_PLR1_PKA1_SIA3_SS1_SPO1_SRVW0_SSO0_SVW1_SK3_SKFTR0_SKXCCM0_TLDS1_ULSGRO0_USL1_UIOFGRO0_USFGRO0_VSn1_VWA1_VWB1_WSGRA0_WSGRB0_WS64_WG64_4_1,Cijk_Alik_Bljk_BBS_BH_Bias_HA_S_SAV_UserArgs_MT64x80x256_MI16x16x1_SN_LDSB0_AFC0_AFEM1_AFEM1_ASEM1_CLR0_CADS0_DTLA0_DTLB0_DTVA0_DTVB0_EPS0_FDSI0_GRPM1_GRVWA8_GRVWB8_GSU0_GSUAMB_GLS0_ISA950_IU1_K1_LDSTI0_LBSPPA512_LBSPPB512_LBSPPM0_LPA16_LPB16_LPM0_LRVW8_LWPMn1_MIAV0_MIWT1_5_MO40_NTn1_NTA0_NTB0_NTC0_NTD5_NTM0_NEPBS0_NLCA1_NLCB1_ONLL1_PGR2_PLR1_PKA1_SIA3_SS1_SPO1_SRVW0_SSO0_SVW1_SK3_SKFTR0_SKXCCM0_TLDS1_ULSGRO0_USL1_UIOFGRO0_USFGRO0_VSn1_VWA1_VWB1_WSGRA0_WSGRB0_WS64_WG64_4_1,0.0191 0.0192,0.0646 0.0646,0.0440 0.0436,0.0643 0.0642,
1280,2048,4096,False,bfloat16,out: smaller tile,<128,40,0,40,64,tuned,flydsl,flydsl_hgemm_abf16_wbf16_bf16_t64x96x64x4_ks1_w2x2x1_bias0_ktail0_gm4_pft_gfx950,655.3,329.6,422.5,one_tile,owner,330.9,True,True,True,True,True,0,1,1,1,,hgemm_bf16_t64x96x64x4_ks1_w2x2x1_gm4_bias0_lnt_pft_0,0.0328 0.0327,0.0652 0.0651,0.0512 0.0504,0.0648 0.0650,
1280,129280,4096,False,bfloat16,in: 256x256,>=512,2525,9,221,64,tuned,torch,native,1401.8,1427.9,1449.0,dp,,nan,True,True,True,,True,0,2,2,2,Cijk_Alik_Bljk_BBS_BH_Bias_HA_S_SAV_UserArgs_MT256x256x64_MI16x16x1_CMS_SN_LDSB0_AFC0_AFEM1_AFEM1_ASEM1_CLR1_CADS0_DTLA1_DTLB1_DTVA0_DTVB0_EPS0_FDSI0_GRPM1_GRVWA8_GRVWB8_GSU0_GSUAMB_GLS0_ISA950_IU1_K1_LDSTI0_LBSPPA1024_LBSPPB1024_LBSPPM0_LPA16_LPB16_LPM0_LRVW8_LWPMn1_MIAV0_MIWT8_8_MO40_NTn1_NTA0_NTB0_NTC0_NTD4_NTM0_NEPBS0_NLCA1_NLCB1_ONLL1_PGR2_PLR1_PKA1_SIA3_SS1_SPO0_SRVW0_SSO0_SVW8_SK3_SKFTR0_SKXCCM0_TLDS1_ULSGRO0_USL1_UIOFGRO0_USFGRO0_VSn1_VWA8_VWB8_WSGRA0_WSGRB0_WS64_WG32_8_1,Cijk_Alik_Bljk_BBS_BH_Bias_HA_S_SAV_UserArgs_MT256x256x64_MI16x16x1_CMS_SN_LDSB0_AFC0_AFEM1_AFEM1_ASEM1_CLR1_CADS0_DTLA1_DTLB1_DTVA0_DTVB0_EPS0_FDSI0_GRPM1_GRVWA8_GRVWB8_GSU0_GSUAMB_GLS0_ISA950_IU1_K1_LDSTI0_LBSPPA1024_LBSPPB1024_LBSPPM0_LPA16_LPB16_LPM0_LRVW8_LWPMn1_MIAV0_MIWT8_8_MO40_NTn1_NTA0_NTB0_NTC0_NTD4_NTM0_NEPBS0_NLCA1_NLCB1_ONLL1_PGR2_PLR1_PKA1_SIA3_SS1_SPO0_SRVW0_SSO0_SVW8_SK3_SKFTR0_SKXCCM0_TLDS1_ULSGRO0_USL1_UIOFGRO0_USFGRO0_VSn1_VWA8_VWB8_WSGRA0_WSGRB0_WS64_WG32_8_1,0.9658 0.9683,0.9493 0.9494,0.9357 0.9354,,
1536,512,4096,False,bfloat16,out: smaller tile,<128,12,0,12,64,tuned,torch,native,429.8,100.3,162.1,one_tile,rs,100.5,True,True,True,True,True,0,0.5,0.5,1,Cijk_Alik_Bljk_BBS_BH_Bias_HA_S_SAV_UserArgs_MT64x48x256_MI16x16x1_SN_LDSB0_AFC0_AFEM1_AFEM1_ASEM1_CLR1_CADS0_DTLA0_DTLB0_DTVA0_DTVB0_EPS0_FDSI0_GRPM1_GRVWA8_GRVWB8_GSU0_GSUAMB_GLS0_ISA950_IU1_K1_LDSTI0_LBSPPA512_LBSPPB512_LBSPPM0_LPA16_LPB16_LPM0_LRVW8_LWPMn1_MIAV0_MIWT1_3_MO40_NTn1_NTA0_NTB0_NTC1_NTD5_NTM0_NEPBS16_NLCA1_NLCB1_ONLL1_PGR2_PLR1_PKA1_SIA3_SS1_SPO1_SRVW0_SSO0_SVW1_SK3_SKFTR0_SKXCCM0_TLDS2_ULSGRO0_USL1_UIOFGRO0_USFGRO1_VSn1_VWA1_VWB1_WSGRA0_WSGRB0_WS64_WG64_4_1,Cijk_Alik_Bljk_BBS_BH_Bias_HA_S_SAV_UserArgs_MT64x48x256_MI16x16x1_SN_LDSB0_AFC0_AFEM1_AFEM1_ASEM1_CLR1_CADS0_DTLA0_DTLB0_DTVA0_DTVB0_EPS0_FDSI0_GRPM1_GRVWA8_GRVWB8_GSU0_GSUAMB_GLS0_ISA950_IU1_K1_LDSTI0_LBSPPA512_LBSPPB512_LBSPPM0_LPA16_LPB16_LPM0_LRVW8_LWPMn1_MIAV0_MIWT1_3_MO40_NTn1_NTA0_NTB0_NTC1_NTD5_NTM0_NEPBS16_NLCA1_NLCB1_ONLL1_PGR2_PLR1_PKA1_SIA3_SS1_SPO1_SRVW0_SSO0_SVW1_SK3_SKFTR0_SKXCCM0_TLDS2_ULSGRO0_USL1_UIOFGRO0_USFGRO1_VSn1_VWA1_VWB1_WSGRA0_WSGRB0_WS64_WG64_4_1,0.0149 0.0151,0.0642 0.0642,0.0396 0.0399,0.0641 0.0641,
1536,1024,4096,False,bfloat16,out: smaller tile,<128,24,0,24,64,tuned,flydsl,flydsl_hgemm_abf16_wbf16_bf16_t64x64x64x4_ks1_w2x1x1_bias0_ktail0_gm4_pft_gfx950,545.1,199.5,291.6,one_tile,rs,199.4,True,True,True,True,True,0,1,1,1,,hgemm_bf16_t64x64x64x4_ks1_w2x1x1_gm4_bias0_lnt_pft_0,0.0236 0.0237,0.0646 0.0645,0.0442 0.0442,0.0644 0.0648,
1536,2048,4096,False,bfloat16,in: non-pow2 tile,<128,48,0,48,64,tuned,flydsl,flydsl_hgemm_abf16_wbf16_bf16_t96x128x64x4_ks1_w2x2x1_bias0_ktail0_gm4_pft_gfx950,763.6,394.6,517.4,one_tile,owner,395.2,True,True,True,True,True,0,1,1,1,,hgemm_bf16_t96x128x64x4_ks1_w2x2x1_gm4_bias0_lnt_pft_0,0.0337 0.0338,0.0653 0.0653,0.0497 0.0499,0.0651 0.0653,
1536,129280,4096,False,bfloat16,in: 256x256,>=512,3030,11,214,64,tuned,torch,native,1409.8,1446.4,1470.2,dp,,nan,True,True,True,,True,0,2,2,2,Cijk_Alik_Bljk_BBS_BH_Bias_HA_S_SAV_UserArgs_MT256x256x64_MI16x16x1_CMS_SN_LDSB0_AFC0_AFEM1_AFEM1_ASEM1_CLR1_CADS0_DTLA1_DTLB1_DTVA0_DTVB0_EPS0_FDSI0_GRPM1_GRVWA8_GRVWB8_GSU0_GSUAMB_GLS0_ISA950_IU1_K1_LDSTI0_LBSPPA1024_LBSPPB1024_LBSPPM0_LPA16_LPB16_LPM0_LRVW8_LWPMn1_MIAV0_MIWT8_8_MO40_NTn1_NTA0_NTB0_NTC0_NTD4_NTM0_NEPBS0_NLCA1_NLCB1_ONLL1_PGR2_PLR1_PKA1_SIA3_SS1_SPO0_SRVW0_SSO0_SVW8_SK3_SKFTR0_SKXCCM0_TLDS1_ULSGRO0_USL1_UIOFGRO0_USFGRO0_VSn1_VWA8_VWB8_WSGRA0_WSGRB0_WS64_WG32_8_1,Cijk_Alik_Bljk_BBS_BH_Bias_HA_S_SAV_UserArgs_MT256x256x64_MI16x16x1_CMS_SN_LDSB0_AFC0_AFEM1_AFEM1_ASEM1_CLR1_CADS0_DTLA1_DTLB1_DTVA0_DTVB0_EPS0_FDSI0_GRPM1_GRVWA8_GRVWB8_GSU0_GSUAMB_GLS0_ISA950_IU1_K1_LDSTI0_LBSPPA1024_LBSPPB1024_LBSPPM0_LPA16_LPB16_LPM0_LRVW8_LWPMn1_MIAV0_MIWT8_8_MO40_NTn1_NTA0_NTB0_NTC0_NTD4_NTM0_NEPBS0_NLCA1_NLCB1_ONLL1_PGR2_PLR1_PKA1_SIA3_SS1_SPO0_SRVW0_SSO0_SVW8_SK3_SKFTR0_SKXCCM0_TLDS1_ULSGRO0_USL1_UIOFGRO0_USFGRO0_VSn1_VWA8_VWB8_WSGRA0_WSGRB0_WS64_WG32_8_1,1.1582 1.1495,1.1254 1.1240,1.1069 1.1061,,
1792,512,4096,False,bfloat16,out: smaller tile,<128,14,0,14,64,tuned,flydsl,flydsl_hgemm_abf16_wbf16_bf16_t64x32x64x6_ks1_w2x1x1_bias0_ktail0_gm4_pft_gfx950,414.4,116.9,190.9,one_tile,rs,117.2,True,True,True,True,True,0,1,1,1,,hgemm_bf16_t64x32x64x6_ks1_w2x1x1_gm4_bias0_lnt_pft_0,0.0183 0.0179,0.0643 0.0643,0.0394 0.0394,0.0640 0.0642,
1792,1024,4096,False,bfloat16,out: smaller tile,<128,28,0,28,64,tuned,flydsl,flydsl_hgemm_abf16_wbf16_bf16_t64x64x64x4_ks1_w2x1x1_bias0_ktail0_gm4_pft_gfx950,599.5,233.1,333.2,one_tile,rs,234.1,True,True,True,True,True,0,1,1,1,,hgemm_bf16_t64x64x64x4_ks1_w2x1x1_gm4_bias0_lnt_pft_0,0.0254 0.0247,0.0645 0.0644,0.0451 0.0451,0.0643 0.0641,
1792,2048,4096,False,bfloat16,in: other listed tile,<128,56,0,56,64,tuned,flydsl,flydsl_hgemm_abf16_wbf16_bf16_t128x128x64x3_ks1_w4x4x1_bias0_ktail0_gm0_pft_gfx950,811.5,458.2,598.7,one_tile,owner,458.8,True,True,True,True,True,0,1,1,1,,hgemm_bf16_t128x128x64x3_ks1_w4x4x1_gm0_bias0_lnt_pft_0,0.0375 0.0366,0.0656 0.0656,0.0506 0.0499,0.0654 0.0657,
1792,129280,4096,False,bfloat16,in: 256x256,>=512,3535,13,207,64,tuned,asm,_ZN5aiter24bf16gemm_bf16_tn_256x256E,1447.4,1461.0,1491.0,dp,,nan,True,True,True,,True,0,2,2,2,,aiter::bf16gemm_bf16_tn_256x256,1.3174 1.3050,1.2971 1.3009,1.2729 1.2728,,
2048,512,4096,False,bfloat16,out: smaller tile,<128,16,0,16,64,tuned,flydsl,flydsl_hgemm_abf16_wbf16_bf16_t64x64x64x5_ks1_w2x4x1_bias0_ktail0_gm4_pft_gfx950,481.4,133.4,213.5,one_tile,rs,134.4,True,True,True,True,True,0,1,1,1,,hgemm_bf16_t64x64x64x5_ks1_w2x4x1_gm4_bias0_lnt_pft_0,0.0179 0.0178,0.0644 0.0643,0.0403 0.0402,0.0639 0.0639,
2048,1024,4096,False,bfloat16,in: other listed tile,<128,32,0,32,64,tuned,flydsl,flydsl_hgemm_abf16_wbf16_bf16_t128x64x64x4_ks1_w4x2x1_bias0_ktail0_gm4_pft_gfx950,700.6,265.4,376.4,one_tile,rs,267.3,True,True,True,True,True,0,1,1,1,,hgemm_bf16_t128x64x64x4_ks1_w4x2x1_gm4_bias0_lnt_pft_0,0.0244 0.0247,0.0646 0.0648,0.0457 0.0456,0.0643 0.0643,
2048,2048,4096,False,bfloat16,in: other listed tile,<128,64,0,64,64,tuned,flydsl,flydsl_hgemm_abf16_wbf16_bf16_t128x128x64x4_ks1_w4x4x1_bias0_ktail0_gm4_pft_gfx950,916.1,521.1,679.9,one_tile,owner,517.5,True,True,True,True,True,0,1,1,1,,hgemm_bf16_t128x128x64x4_ks1_w4x4x1_gm4_bias0_lnt_pft_0,0.0373 0.0377,0.0660 0.0659,0.0506 0.0505,0.0671 0.0657,
2048,4096,4096,False,bfloat16,in: other listed tile,128-255,128,0,128,64,tuned,opus,opus_gemm_mono_tile_512x128x256x64_2x4_16x16x32_0x0x0_nooob,1213.4,994.5,1079.3,one_tile,owner,981.5,True,True,True,True,True,0,1,1,1,,"void gemm_a16w16_mono_tile_kernel_gfx950<opus_gemm_a16w16_mono_tile_traits_gfx950<512, opus::seq<128, 256, 64>, opus::tuple<std::bfloat16_t, std::bfloat16_t, std::bfloat16_t, float>, opus::seq<8, 8, 8> > >(opus_gemm_mono_tile_kargs_gfx950)",0.0567 0.0566,0.0685 0.0697,0.0637 0.0637,0.0698 0.0702,
2048,8192,4096,False,bfloat16,in: 256x256,256-511,256,1,0,64,tuned,flydsl,flydsl_hgemm_abf16_wbf16_bf16_t256x256x64x2_ks1_w2x4x1_bias0_ktail0_gm0_pht_gfx950,1446.4,1517.3,1494.3,dp,,nan,True,True,True,,True,0,1,1,1,,hgemm_bf16_t256x256x64x2_ks1_w2x4x1_gm0_bias0_lnt_phti_0,0.0947 0.0953,0.0905 0.0906,0.0924 0.0915,,
2048,8704,4096,False,bfloat16,in: non-pow2 tile,256-511,272,1,16,64,tuned,torch,native,1152.9,988.8,1227.3,two_tile,rs,995.7,True,True,True,True,True,0,1,1,1,Cijk_Alik_Bljk_BBS_BH_Bias_HA_S_SAV_UserArgs_MT224x160x64_MI16x16x1_SN_LDSB0_AFC0_AFEM1_AFEM1_ASEM1_CLR1_CADS0_DTLA0_DTLB0_DTVA0_DTVB0_EPS0_FDSI0_GRPM1_GRVWA8_GRVWB8_GSU0_GSUAMB_GLS0_ISA950_IU1_K1_LDSTI0_LBSPPA128_LBSPPB128_LBSPPM0_LPA16_LPB16_LPM0_LRVW8_LWPMn1_MIAV0_MIWT7_5_MO40_NTn1_NTA0_NTB0_NTC0_NTD0_NTM0_NEPBS0_NLCA1_NLCB1_ONLL1_PGR2_PLR1_PKA1_SIA3_SS1_SPO0_SRVW0_SSO0_SVW1_SK3_SKFTR0_SKXCCM0_TLDS1_ULSGRO0_USL1_UIOFGRO0_USFGRO0_VSn1_VWA1_VWB1_WSGRA0_WSGRB0_WS64_WG32_8_1,Cijk_Alik_Bljk_BBS_BH_Bias_HA_S_SAV_UserArgs_MT224x160x64_MI16x16x1_SN_LDSB0_AFC0_AFEM1_AFEM1_ASEM1_CLR1_CADS0_DTLA0_DTLB0_DTVA0_DTVB0_EPS0_FDSI0_GRPM1_GRVWA8_GRVWB8_GSU0_GSUAMB_GLS0_ISA950_IU1_K1_LDSTI0_LBSPPA128_LBSPPB128_LBSPPM0_LPA16_LPB16_LPM0_LRVW8_LWPMn1_MIAV0_MIWT7_5_MO40_NTn1_NTA0_NTB0_NTC0_NTD0_NTM0_NEPBS0_NLCA1_NLCB1_ONLL1_PGR2_PLR1_PKA1_SIA3_SS1_SPO0_SRVW0_SSO0_SVW1_SK3_SKFTR0_SKXCCM0_TLDS1_ULSGRO0_USL1_UIOFGRO0_USFGRO0_VSn1_VWA1_VWB1_WSGRA0_WSGRB0_WS64_WG32_8_1,0.1274 0.1259,0.1478 0.1475,0.1190 0.1190,0.1467 0.1467,
2048,10240,4096,False,bfloat16,in: non-pow2 tile,256-511,320,1,64,64,tuned,torch,native,1241.6,1153.4,1253.5,one_tile,owner,1160.3,True,True,True,True,True,0,1,1,1,Cijk_Alik_Bljk_BBS_BH_Bias_HA_S_SAV_UserArgs_MT160x256x64_MI16x16x1_SN_LDSB0_AFC0_AFEM1_AFEM1_ASEM1_CLR1_CADS0_DTLA0_DTLB0_DTVA0_DTVB0_EPS0_FDSI0_GRPM1_GRVWA8_GRVWB8_GSU0_GSUAMB_GLS0_ISA950_IU1_K1_LDSTI0_LBSPPA128_LBSPPB1024_LBSPPM0_LPA16_LPB16_LPM0_LRVW8_LWPMn1_MIAV0_MIWT5_8_MO40_NTn1_NTA0_NTB0_NTC0_NTD0_NTM0_NEPBS0_NLCA1_NLCB1_ONLL1_PGR2_PLR1_PKA1_SIA3_SS1_SPO0_SRVW0_SSO0_SVW1_SK3_SKFTR0_SKXCCM0_TLDS1_ULSGRO0_USL1_UIOFGRO0_USFGRO0_VSn1_VWA1_VWB8_WSGRA0_WSGRB0_WS64_WG32_8_1,Cijk_Alik_Bljk_BBS_BH_Bias_HA_S_SAV_UserArgs_MT160x256x64_MI16x16x1_SN_LDSB0_AFC0_AFEM1_AFEM1_ASEM1_CLR1_CADS0_DTLA0_DTLB0_DTVA0_DTVB0_EPS0_FDSI0_GRPM1_GRVWA8_GRVWB8_GSU0_GSUAMB_GLS0_ISA950_IU1_K1_LDSTI0_LBSPPA128_LBSPPB1024_LBSPPM0_LPA16_LPB16_LPM0_LRVW8_LWPMn1_MIAV0_MIWT5_8_MO40_NTn1_NTA0_NTB0_NTC0_NTD0_NTM0_NEPBS0_NLCA1_NLCB1_ONLL1_PGR2_PLR1_PKA1_SIA3_SS1_SPO0_SRVW0_SSO0_SVW1_SK3_SKFTR0_SKXCCM0_TLDS1_ULSGRO0_USL1_UIOFGRO0_USFGRO0_VSn1_VWA1_VWB8_WSGRA0_WSGRB0_WS64_WG32_8_1,0.1390 0.1377,0.1489 0.1490,0.1373 0.1369,0.1482 0.1479,
2048,16384,4096,False,bfloat16,in: 256x256,>=512,512,2,0,64,tuned,flydsl,flydsl_hgemm_abf16_wbf16_bf16_t256x256x64x2_ks1_w2x4x1_bias0_ktail0_gm4_pht_gfx950,1488.6,1542.4,1540.8,dp,,nan,True,True,True,,True,0,1,1,1,,hgemm_bf16_t256x256x64x2_ks1_w2x4x1_gm4_bias0_lnt_phti_0,0.1855 0.1838,0.1784 0.1780,0.1793 0.1775,,
2048,129280,4096,False,bfloat16,in: 256x256,>=512,4040,15,200,64,tuned,flydsl,flydsl_hgemm_abf16_wbf16_bf16_t256x256x64x2_ks1_w2x4x1_bias0_ktail0_gm4_pht_gfx950,1445.1,1493.5,1521.1,dp,,nan,True,True,True,,True,0,2,2,2,,hgemm_bf16_t256x256x64x2_ks1_w2x4x1_gm4_bias0_lnt_phti_0,1.5120 1.4898,1.4516 1.4530,1.4295 1.4224,,
2304,512,4096,False,bfloat16,in: other listed tile,<128,18,0,18,64,untuned,flydsl,flydsl_hgemm_abf16_wbf16_bf16_t64x128x64x6_ks1_w2x4x1_bias0_ktail0_gm4_pft_gfx950,434.9,149.4,219.7,one_tile,rs,150.7,True,True,True,True,True,0,1,1,1,,hgemm_bf16_t64x128x64x6_ks1_w2x4x1_gm4_bias0_lnt_pft_0,0.0226 0.0219,0.0647 0.0646,0.0443 0.0437,0.0641 0.0641,
2304,1024,4096,False,bfloat16,in: other listed tile,<128,36,0,36,64,untuned,flydsl,flydsl_hgemm_abf16_wbf16_bf16_t128x128x64x4_ks1_w4x4x1_bias0_ktail0_gm4_pft_gfx950,635.3,296.1,375.7,one_tile,owner,298.6,True,True,True,True,True,0,1,1,1,,hgemm_bf16_t128x128x64x4_ks1_w4x4x1_gm4_bias0_lnt_pft_0,0.0309 0.0299,0.0653 0.0653,0.0516 0.0513,0.0647 0.0648,
2304,2048,4096,False,bfloat16,in: other listed tile,<128,72,0,72,64,untuned,opus,opus_gemm_mono_tile_512x128x256x64_2x4_16x16x32_0x0x0_nooob_4g_safe,883.5,583.2,749.1,one_tile,owner,581.5,True,True,True,True,True,0,1,1,1,,"void gemm_a16w16_mono_tile_4g_safe_kernel_gfx950<opus_gemm_a16w16_mono_tile_traits_gfx950<512, opus::seq<128, 256, 64>, opus::tuple<std::bfloat16_t, std::bfloat16_t, std::bfloat16_t, float>, opus::seq<8, 8, 8> > >(opus_gemm_mono_tile_kargs_gfx950)",0.0436 0.0439,0.0664 0.0662,0.0514 0.0518,0.0667 0.0663,
2560,512,4096,False,bfloat16,in: other listed tile,<128,20,0,20,64,untuned,flydsl,flydsl_hgemm_abf16_wbf16_bf16_t64x128x64x6_ks1_w2x4x1_bias0_ktail0_gm4_pft_gfx950,483.0,165.8,245.3,one_tile,rs,167.3,True,True,True,True,True,0,1,1,1,,hgemm_bf16_t64x128x64x6_ks1_w2x4x1_gm4_bias0_lnt_pft_0,0.0222 0.0222,0.0648 0.0647,0.0440 0.0435,0.0642 0.0642,
2560,1024,4096,False,bfloat16,in: other listed tile,<128,40,0,40,64,untuned,flydsl,flydsl_hgemm_abf16_wbf16_bf16_t128x128x64x4_ks1_w4x4x1_bias0_ktail0_gm4_pft_gfx950,693.3,329.8,419.2,one_tile,owner,332.1,True,True,True,True,True,0,1,1,1,,hgemm_bf16_t128x128x64x4_ks1_w4x4x1_gm4_bias0_lnt_pft_0,0.0310 0.0309,0.0651 0.0651,0.0512 0.0512,0.0645 0.0648,
2560,2048,4096,False,bfloat16,in: other listed tile,<128,80,0,80,64,untuned,opus,opus_gemm_mono_tile_512x128x256x64_2x4_16x16x32_0x0x0_nooob_4g_safe,963.0,644.9,811.1,one_tile,owner,641.6,True,True,True,True,True,0,1,1,1,,"void gemm_a16w16_mono_tile_4g_safe_kernel_gfx950<opus_gemm_a16w16_mono_tile_traits_gfx950<512, opus::seq<128, 256, 64>, opus::tuple<std::bfloat16_t, std::bfloat16_t, std::bfloat16_t, float>, opus::seq<8, 8, 8> > >(opus_gemm_mono_tile_kargs_gfx950)",0.0447 0.0445,0.0667 0.0665,0.0525 0.0534,0.0669 0.0670,
2816,512,4096,False,bfloat16,in: other listed tile,<128,22,0,22,64,untuned,flydsl,flydsl_hgemm_abf16_wbf16_bf16_t64x128x64x6_ks1_w2x4x1_bias0_ktail0_gm4_pft_gfx950,516.9,182.5,271.8,one_tile,rs,183.9,True,True,True,True,True,0,1,1,1,,hgemm_bf16_t64x128x64x6_ks1_w2x4x1_gm4_bias0_lnt_pft_0,0.0232 0.0225,0.0647 0.0647,0.0435 0.0434,0.0641 0.0643,
2816,1024,4096,False,bfloat16,in: other listed tile,<128,44,0,44,64,untuned,flydsl,flydsl_hgemm_abf16_wbf16_bf16_t128x128x64x4_ks1_w4x4x1_bias0_ktail0_gm4_pft_gfx950,712.4,363.7,474.8,one_tile,owner,364.4,True,True,True,True,True,0,1,1,1,,hgemm_bf16_t128x128x64x4_ks1_w4x4x1_gm4_bias0_lnt_pft_0,0.0339 0.0324,0.0650 0.0649,0.0498 0.0497,0.0648 0.0648,
2816,2048,4096,False,bfloat16,in: other listed tile,<128,88,0,88,64,untuned,opus,opus_gemm_mono_tile_512x128x256x64_2x4_16x16x32_0x0x0_nooob_4g_safe,1019.8,703.5,821.0,one_tile,owner,705.4,True,True,True,True,True,0,1,1,1,,"void gemm_a16w16_mono_tile_4g_safe_kernel_gfx950<opus_gemm_a16w16_mono_tile_traits_gfx950<512, opus::seq<128, 256, 64>, opus::tuple<std::bfloat16_t, std::bfloat16_t, std::bfloat16_t, float>, opus::seq<8, 8, 8> > >(opus_gemm_mono_tile_kargs_gfx950)",0.0462 0.0465,0.0668 0.0675,0.0574 0.0577,0.0668 0.0672,
3072,512,4096,False,bfloat16,in: other listed tile,<128,24,0,24,64,untuned,flydsl,flydsl_hgemm_abf16_wbf16_bf16_t64x128x64x6_ks1_w2x4x1_bias0_ktail0_gm4_pft_gfx950,554.9,200.2,292.0,one_tile,rs,200.7,True,True,True,True,True,0,1,1,1,,hgemm_bf16_t64x128x64x6_ks1_w2x4x1_gm4_bias0_lnt_pft_0,0.0230 0.0234,0.0644 0.0643,0.0442 0.0440,0.0640 0.0644,
3072,1024,4096,False,bfloat16,in: other listed tile,<128,48,0,48,64,untuned,flydsl,flydsl_hgemm_abf16_wbf16_bf16_t128x128x64x4_ks1_w4x4x1_bias0_ktail0_gm4_pft_gfx950,753.0,396.0,517.3,one_tile,owner,397.3,True,True,True,True,True,0,1,1,1,,hgemm_bf16_t128x128x64x4_ks1_w4x4x1_gm4_bias0_lnt_pft_0,0.0340 0.0345,0.0651 0.0651,0.0500 0.0496,0.0647 0.0651,
3072,2048,4096,False,bfloat16,in: non-pow2 tile,<128,96,0,96,64,tuned,opus,opus_gemm_mono_tile_512x192x128x64_2x4_16x16x32_0x0x0_nooob_4g_safe,1117.3,764.8,855.6,one_tile,owner,765.2,True,True,True,True,True,0,1,1,1,,"void gemm_a16w16_mono_tile_4g_safe_kernel_gfx950<opus_gemm_a16w16_mono_tile_traits_gfx950<512, opus::seq<192, 128, 64>, opus::tuple<std::bfloat16_t, std::bfloat16_t, std::bfloat16_t, float>, opus::seq<8, 8, 8> > >(opus_gemm_mono_tile_kargs_gfx950)",0.0461 0.0462,0.0674 0.0674,0.0603 0.0601,0.0678 0.0669,
3328,512,4096,False,bfloat16,in: other listed tile,<128,26,0,26,64,untuned,flydsl,flydsl_hgemm_abf16_wbf16_bf16_t64x128x64x6_ks1_w2x4x1_bias0_ktail0_gm4_pft_gfx950,574.9,217.2,311.0,one_tile,rs,216.9,True,True,True,True,True,0,1,1,1,,hgemm_bf16_t64x128x64x6_ks1_w2x4x1_gm4_bias0_lnt_pft_0,0.0248 0.0238,0.0643 0.0642,0.0450 0.0447,0.0643 0.0644,
3328,1024,4096,False,bfloat16,in: other listed tile,<128,52,0,52,64,untuned,flydsl,flydsl_hgemm_abf16_wbf16_bf16_t128x128x64x4_ks1_w4x4x1_bias0_ktail0_gm4_pft_gfx950,773.3,427.3,554.5,one_tile,owner,429.4,True,True,True,True,True,0,1,1,1,,hgemm_bf16_t128x128x64x4_ks1_w4x4x1_gm4_bias0_lnt_pft_0,0.0366 0.0356,0.0653 0.0654,0.0507 0.0500,0.0649 0.0651,
3328,2048,4096,False,bfloat16,in: other listed tile,<128,104,0,104,64,untuned,opus,opus_gemm_mono_tile_512x128x256x64_2x4_16x16x32_0x0x0_nooob_4g_safe,1101.6,818.5,923.7,one_tile,owner,822.2,True,True,True,True,True,0,1,1,1,,"void gemm_a16w16_mono_tile_4g_safe_kernel_gfx950<opus_gemm_a16w16_mono_tile_traits_gfx950<512, opus::seq<128, 256, 64>, opus::tuple<std::bfloat16_t, std::bfloat16_t, std::bfloat16_t, float>, opus::seq<8, 8, 8> > >(opus_gemm_mono_tile_kargs_gfx950)",0.0506 0.0507,0.0684 0.0680,0.0603 0.0606,0.0681 0.0677,
3584,512,4096,False,bfloat16,in: other listed tile,<128,28,0,28,64,untuned,flydsl,flydsl_hgemm_abf16_wbf16_bf16_t64x128x64x6_ks1_w2x4x1_bias0_ktail0_gm4_pft_gfx950,613.6,232.9,331.3,one_tile,rs,232.6,True,True,True,True,True,0,1,1,1,,hgemm_bf16_t64x128x64x6_ks1_w2x4x1_gm4_bias0_lnt_pft_0,0.0244 0.0246,0.0646 0.0645,0.0451 0.0456,0.0644 0.0648,
3584,1024,4096,False,bfloat16,in: other listed tile,<128,56,0,56,64,untuned,flydsl,flydsl_hgemm_abf16_wbf16_bf16_t128x128x64x4_ks1_w4x4x1_bias0_ktail0_gm4_pft_gfx950,800.6,458.1,597.9,one_tile,owner,459.8,True,True,True,True,True,0,1,1,1,,hgemm_bf16_t128x128x64x4_ks1_w4x4x1_gm4_bias0_lnt_pft_0,0.0378 0.0373,0.0656 0.0657,0.0506 0.0500,0.0653 0.0654,
3584,2048,4096,False,bfloat16,in: other listed tile,<128,112,0,112,64,untuned,opus,opus_gemm_mono_tile_512x128x256x64_2x4_16x16x32_0x0x0_nooob_4g_safe,1157.0,883.2,975.6,one_tile,owner,883.6,True,True,True,True,True,0,1,1,1,,"void gemm_a16w16_mono_tile_4g_safe_kernel_gfx950<opus_gemm_a16w16_mono_tile_traits_gfx950<512, opus::seq<128, 256, 64>, opus::tuple<std::bfloat16_t, std::bfloat16_t, std::bfloat16_t, float>, opus::seq<8, 8, 8> > >(opus_gemm_mono_tile_kargs_gfx950)",0.0519 0.0520,0.0681 0.0681,0.0605 0.0628,0.0681 0.0680,
3840,512,4096,False,bfloat16,in: other listed tile,<128,30,0,30,64,untuned,flydsl,flydsl_hgemm_abf16_wbf16_bf16_t64x128x64x6_ks1_w2x4x1_bias0_ktail0_gm4_pft_gfx950,627.5,249.3,355.9,one_tile,rs,248.5,True,True,True,True,True,0,1,1,1,,hgemm_bf16_t64x128x64x6_ks1_w2x4x1_gm4_bias0_lnt_pft_0,0.0262 0.0252,0.0646 0.0646,0.0454 0.0452,0.0646 0.0651,
3840,1024,4096,False,bfloat16,in: other listed tile,<128,60,0,60,64,untuned,flydsl,flydsl_hgemm_abf16_wbf16_bf16_t128x128x64x4_ks1_w4x4x1_bias0_ktail0_gm4_pft_gfx950,797.1,490.4,637.0,one_tile,owner,487.8,True,True,True,True,True,0,1,1,1,,hgemm_bf16_t128x128x64x4_ks1_w4x4x1_gm4_bias0_lnt_pft_0,0.0406 0.0402,0.0657 0.0657,0.0504 0.0507,0.0657 0.0663,
3840,2048,4096,False,bfloat16,in: other listed tile,<128,120,0,120,64,untuned,opus,opus_gemm_mono_tile_512x128x256x64_2x4_16x16x32_0x0x0_nooob_4g_safe,1179.2,950.1,1023.5,one_tile,owner,917.5,True,True,True,True,True,0,1,1,1,,"void gemm_a16w16_mono_tile_4g_safe_kernel_gfx950<opus_gemm_a16w16_mono_tile_traits_gfx950<512, opus::seq<128, 256, 64>, opus::tuple<std::bfloat16_t, std::bfloat16_t, std::bfloat16_t, float>, opus::seq<8, 8, 8> > >(opus_gemm_mono_tile_kargs_gfx950)",0.0548 0.0545,0.0676 0.0680,0.0630 0.0628,0.0702 0.0703,
4096,512,4096,False,bfloat16,in: other listed tile,<128,32,0,32,64,tuned,flydsl,flydsl_hgemm_abf16_wbf16_bf16_t64x128x64x6_ks1_w2x4x1_bias0_ktail0_gm4_pft_gfx950,677.5,264.4,376.7,one_tile,rs,266.4,True,True,True,True,True,0,1,1,1,,hgemm_bf16_t64x128x64x6_ks1_w2x4x1_gm4_bias0_lnt_pft_0,0.0254 0.0253,0.0649 0.0650,0.0456 0.0456,0.0644 0.0646,
4096,1024,4096,False,bfloat16,in: other listed tile,<128,64,0,64,64,tuned,flydsl,flydsl_hgemm_abf16_wbf16_bf16_t128x128x64x4_ks1_w4x4x1_bias0_ktail0_gm4_pft_gfx950,909.7,519.4,681.3,one_tile,owner,516.8,True,True,True,True,True,0,1,1,1,,hgemm_bf16_t128x128x64x4_ks1_w4x4x1_gm4_bias0_lnt_pft_0,0.0374 0.0381,0.0662 0.0661,0.0504 0.0505,0.0658 0.0671,
4096,2048,4096,False,bfloat16,in: other listed tile,128-255,128,0,128,64,tuned,opus,opus_gemm_mono_tile_512x128x256x64_2x4_16x16x32_0x0x0_nooob_4g_safe,1239.0,995.9,1078.5,one_tile,owner,973.3,True,True,True,True,True,0,1,1,1,,"void gemm_a16w16_mono_tile_4g_safe_kernel_gfx950<opus_gemm_a16w16_mono_tile_traits_gfx950<512, opus::seq<128, 256, 64>, opus::tuple<std::bfloat16_t, std::bfloat16_t, std::bfloat16_t, float>, opus::seq<8, 8, 8> > >(opus_gemm_mono_tile_kargs_gfx950)",0.0555 0.0554,0.0692 0.0688,0.0639 0.0636,0.0707 0.0705,
4096,4096,4096,False,bfloat16,in: 256x256,256-511,256,1,0,64,tuned,flydsl,flydsl_hgemm_abf16_wbf16_bf16_t256x256x64x2_ks1_w2x4x1_bias0_ktail0_gm4_pht_gfx950,1462.2,1519.4,1494.5,dp,,nan,True,True,True,,True,0,1,1,1,,hgemm_bf16_t256x256x64x2_ks1_w2x4x1_gm4_bias0_lnt_phti_0,0.0940 0.0940,0.0903 0.0906,0.0921 0.0919,,
4096,8192,4096,False,bfloat16,in: 256x256,>=512,512,2,0,64,tuned,asm,_ZN5aiter24bf16gemm_bf16_tn_256x256E,1511.7,1537.4,1542.5,dp,,nan,True,True,True,,True,0,1,1,1,,aiter::bf16gemm_bf16_tn_256x256,0.1819 0.1818,0.1790 0.1786,0.1780 0.1784,,
4096,8704,4096,False,bfloat16,in: non-pow2 tile,>=512,544,2,32,64,tuned,torch,native,1273.8,1243.8,1404.1,two_tile,rs,1251.0,True,True,True,True,True,0,1,1,1,Cijk_Alik_Bljk_BBS_BH_Bias_HA_S_SAV_UserArgs_MT192x256x64_MI16x16x1_SN_LDSB0_AFC0_AFEM1_AFEM1_ASEM1_CLR1_CADS0_DTLA0_DTLB0_DTVA0_DTVB0_EPS0_FDSI0_GRPM1_GRVWA8_GRVWB8_GSU0_GSUAMB_GLS0_ISA950_IU1_K1_LDSTI0_LBSPPA256_LBSPPB1024_LBSPPM0_LPA16_LPB16_LPM0_LRVW8_LWPMn1_MIAV0_MIWT6_8_MO40_NTn1_NTA0_NTB0_NTC0_NTD0_NTM0_NEPBS0_NLCA1_NLCB1_ONLL1_PGR2_PLR1_PKA1_SIA3_SS1_SPO0_SRVW0_SSO0_SVW2_SK3_SKFTR0_SKXCCM0_TLDS1_ULSGRO0_USL1_UIOFGRO0_USFGRO0_VSn1_VWA2_VWB8_WSGRA0_WSGRB0_WS64_WG32_8_1,Cijk_Alik_Bljk_BBS_BH_Bias_HA_S_SAV_UserArgs_MT192x256x64_MI16x16x1_SN_LDSB0_AFC0_AFEM1_AFEM1_ASEM1_CLR1_CADS0_DTLA0_DTLB0_DTVA0_DTVB0_EPS0_FDSI0_GRPM1_GRVWA8_GRVWB8_GSU0_GSUAMB_GLS0_ISA950_IU1_K1_LDSTI0_LBSPPA256_LBSPPB1024_LBSPPM0_LPA16_LPB16_LPM0_LRVW8_LWPMn1_MIAV0_MIWT6_8_MO40_NTn1_NTA0_NTB0_NTC0_NTD0_NTM0_NEPBS0_NLCA1_NLCB1_ONLL1_PGR2_PLR1_PKA1_SIA3_SS1_SPO0_SRVW0_SSO0_SVW2_SK3_SKFTR0_SKXCCM0_TLDS1_ULSGRO0_USL1_UIOFGRO0_USFGRO0_VSn1_VWA2_VWB8_WSGRA0_WSGRB0_WS64_WG32_8_1,0.2287 0.2298,0.2351 0.2345,0.2078 0.2082,0.2339 0.2330,
4096,10240,4096,False,bfloat16,in: 256x256,>=512,640,2,128,64,tuned,flydsl,flydsl_hgemm_abf16_wbf16_bf16_t256x256x64x2_ks1_w2x4x1_bias0_ktail0_gm4_pht_gfx950,1382.1,1419.5,1455.3,one_tile,owner,1422.8,True,True,True,True,True,0,1,1,1,,hgemm_bf16_t256x256x64x2_ks1_w2x4x1_gm4_bias0_lnt_phti_0,0.2491 0.2481,0.2429 0.2412,0.2353 0.2369,0.2417 0.2413,
4096,16384,4096,False,bfloat16,in: 256x256,>=512,1024,4,0,64,tuned,flydsl,flydsl_hgemm_abf16_wbf16_bf16_t256x256x64x2_ks1_w2x4x1_bias0_ktail0_gm0_pht_gfx950,1496.8,1543.4,1556.7,dp,,nan,True,True,True,,True,0,1,1,1,,hgemm_bf16_t256x256x64x2_ks1_w2x4x1_gm0_bias0_lnt_phti_0,0.3690 0.3656,0.3566 0.3558,0.3533 0.3530,,
4096,129280,4096,False,bfloat16,in: 256x256,>=512,8080,31,144,64,tuned,asm,_ZN5aiter24bf16gemm_bf16_tn_256x256E,1481.0,1511.0,1550.5,dp,,nan,True,True,True,,True,0,2,2,2,,aiter::bf16gemm_bf16_tn_256x256,2.9388 2.9195,2.8764 2.8654,2.8055 2.7900,,
4352,512,4096,False,bfloat16,in: other listed tile,<128,34,0,34,64,untuned,flydsl,flydsl_hgemm_abf16_wbf16_bf16_t128x128x64x3_ks1_w4x2x1_bias0_ktail0_gm4_pft_gfx950,542.3,282.1,352.5,one_tile,owner,283.7,True,True,True,True,True,0,1,1,0.5,,hgemm_bf16_t128x128x64x3_ks1_w4x2x1_gm4_bias0_lnt_pft_0,0.0343 0.0330,0.0648 0.0646,0.0518 0.0518,0.0643 0.0644,
4352,1024,4096,False,bfloat16,in: other listed tile,<128,68,0,68,64,untuned,opus,opus_gemm_mono_tile_512x128x256x64_2x4_16x16x32_0x0x0_nooob,848.8,547.8,719.3,one_tile,owner,551.0,True,True,True,True,True,0,1,1,1,,"void gemm_a16w16_mono_tile_kernel_gfx950<opus_gemm_a16w16_mono_tile_traits_gfx950<512, opus::seq<128, 256, 64>, opus::tuple<std::bfloat16_t, std::bfloat16_t, std::bfloat16_t, float>, opus::seq<8, 8, 8> > >(opus_gemm_mono_tile_kargs_gfx950)",0.0428 0.0432,0.0667 0.0666,0.0506 0.0509,0.0664 0.0661,
4352,2048,4096,False,bfloat16,in: non-pow2 tile,128-255,136,0,136,64,untuned,torch,native,1099.6,1058.5,1025.6,dp,,nan,True,True,True,,True,0,1,1,1,Cijk_Alik_Bljk_BBS_BH_Bias_HA_S_SAV_UserArgs_MT192x192x64_MI16x16x1_SN_LDSB0_AFC0_AFEM1_AFEM1_ASEM1_CLR1_CADS0_DTLA0_DTLB0_DTVA0_DTVB0_EPS0_FDSI0_GRPM1_GRVWA8_GRVWB8_GSU0_GSUAMB_GLS0_ISA950_IU1_K1_LDSTI0_LBSPPA256_LBSPPB256_LBSPPM0_LPA16_LPB16_LPM0_LRVW8_LWPMn1_MIAV0_MIWT6_6_MO40_NTn1_NTA0_NTB0_NTC0_NTD0_NTM0_NEPBS0_NLCA1_NLCB1_ONLL1_PGR2_PLR1_PKA1_SIA3_SS1_SPO0_SRVW0_SSO0_SVW2_SK3_SKFTR0_SKXCCM0_TLDS1_ULSGRO0_USL1_UIOFGRO0_USFGRO0_VSn1_VWA2_VWB2_WSGRA0_WSGRB0_WS64_WG32_8_1,Cijk_Alik_Bljk_BBS_BH_Bias_HA_S_SAV_UserArgs_MT192x192x64_MI16x16x1_SN_LDSB0_AFC0_AFEM1_AFEM1_ASEM1_CLR1_CADS0_DTLA0_DTLB0_DTVA0_DTVB0_EPS0_FDSI0_GRPM1_GRVWA8_GRVWB8_GSU0_GSUAMB_GLS0_ISA950_IU1_K1_LDSTI0_LBSPPA256_LBSPPB256_LBSPPM0_LPA16_LPB16_LPM0_LRVW8_LWPMn1_MIAV0_MIWT6_6_MO40_NTn1_NTA0_NTB0_NTC0_NTD0_NTM0_NEPBS0_NLCA1_NLCB1_ONLL1_PGR2_PLR1_PKA1_SIA3_SS1_SPO0_SRVW0_SSO0_SVW2_SK3_SKFTR0_SKXCCM0_TLDS1_ULSGRO0_USL1_UIOFGRO0_USFGRO0_VSn1_VWA2_VWB2_WSGRA0_WSGRB0_WS64_WG32_8_1,0.0665 0.0663,0.0689 0.0690,0.0714 0.0710,,
5120,512,4096,False,bfloat16,in: other listed tile,<128,40,0,40,64,untuned,flydsl,flydsl_hgemm_abf16_wbf16_bf16_t128x128x64x3_ks1_w4x2x1_bias0_ktail0_gm4_pft_gfx950,621.3,330.4,422.2,one_tile,owner,331.5,True,True,True,True,True,0,1,1,1,,hgemm_bf16_t128x128x64x3_ks1_w4x2x1_gm4_bias0_lnt_pft_0,0.0346 0.0345,0.0649 0.0651,0.0505 0.0513,0.0646 0.0649,
5120,1024,4096,False,bfloat16,in: other listed tile,<128,80,0,80,64,untuned,opus,opus_gemm_mono_tile_512x128x256x64_2x4_16x16x32_0x0x0_nooob,993.5,639.3,805.3,one_tile,owner,637.7,True,True,True,True,True,0,1,1,1,,"void gemm_a16w16_mono_tile_kernel_gfx950<opus_gemm_a16w16_mono_tile_traits_gfx950<512, opus::seq<128, 256, 64>, opus::tuple<std::bfloat16_t, std::bfloat16_t, std::bfloat16_t, float>, opus::seq<8, 8, 8> > >(opus_gemm_mono_tile_kargs_gfx950)",0.0434 0.0430,0.0675 0.0668,0.0540 0.0527,0.0675 0.0673,
5120,2048,4096,False,bfloat16,in: non-pow2 tile,128-255,160,0,160,64,untuned,torch,native,1243.8,1185.7,1142.4,dp,,nan,True,True,True,,True,0,1,1,1,Cijk_Alik_Bljk_BBS_BH_Bias_HA_S_SAV_UserArgs_MT256x160x64_MI16x16x1_SN_LDSB0_AFC0_AFEM1_AFEM1_ASEM1_CLR1_CADS0_DTLA0_DTLB0_DTVA0_DTVB0_EPS0_FDSI0_GRPM1_GRVWA8_GRVWB8_GSU0_GSUAMB_GLS0_ISA950_IU1_K1_LDSTI0_LBSPPA1024_LBSPPB128_LBSPPM0_LPA16_LPB16_LPM0_LRVW8_LWPMn1_MIAV0_MIWT8_5_MO40_NTn1_NTA0_NTB0_NTC0_NTD0_NTM0_NEPBS0_NLCA1_NLCB1_ONLL1_PGR2_PLR1_PKA1_SIA3_SS1_SPO0_SRVW0_SSO0_SVW8_SK3_SKFTR0_SKXCCM0_TLDS1_ULSGRO0_USL1_UIOFGRO0_USFGRO0_VSn1_VWA8_VWB1_WSGRA0_WSGRB0_WS64_WG32_8_1,Cijk_Alik_Bljk_BBS_BH_Bias_HA_S_SAV_UserArgs_MT256x160x64_MI16x16x1_SN_LDSB0_AFC0_AFEM1_AFEM1_ASEM1_CLR1_CADS0_DTLA0_DTLB0_DTVA0_DTVB0_EPS0_FDSI0_GRPM1_GRVWA8_GRVWB8_GSU0_GSUAMB_GLS0_ISA950_IU1_K1_LDSTI0_LBSPPA1024_LBSPPB128_LBSPPM0_LPA16_LPB16_LPM0_LRVW8_LWPMn1_MIAV0_MIWT8_5_MO40_NTn1_NTA0_NTB0_NTC0_NTD0_NTM0_NEPBS0_NLCA1_NLCB1_ONLL1_PGR2_PLR1_PKA1_SIA3_SS1_SPO0_SRVW0_SSO0_SVW8_SK3_SKFTR0_SKXCCM0_TLDS1_ULSGRO0_USL1_UIOFGRO0_USFGRO0_VSn1_VWA8_VWB1_WSGRA0_WSGRB0_WS64_WG32_8_1,0.0690 0.0691,0.0723 0.0726,0.0749 0.0755,,
6144,512,4096,False,bfloat16,in: non-pow2 tile,<128,48,0,48,64,tuned,flydsl,flydsl_hgemm_abf16_wbf16_bf16_t96x128x64x4_ks1_w2x2x1_bias0_ktail0_gm4_pft_gfx950,763.7,394.9,513.3,one_tile,owner,394.4,True,True,True,True,True,0,1,1,1,,hgemm_bf16_t96x128x64x4_ks1_w2x2x1_gm4_bias0_lnt_pft_0,0.0337 0.0338,0.0653 0.0652,0.0504 0.0500,0.0652 0.0655,
6144,1024,4096,False,bfloat16,in: non-pow2 tile,<128,96,0,96,64,tuned,opus,opus_gemm_mono_tile_512x192x128x64_2x4_16x16x32_0x0x0_nooob,1122.5,762.5,850.9,one_tile,owner,761.6,True,True,True,True,True,0,1,1,1,,"void gemm_a16w16_mono_tile_kernel_gfx950<opus_gemm_a16w16_mono_tile_traits_gfx950<512, opus::seq<192, 128, 64>, opus::tuple<std::bfloat16_t, std::bfloat16_t, std::bfloat16_t, float>, opus::seq<8, 8, 8> > >(opus_gemm_mono_tile_kargs_gfx950)",0.0458 0.0460,0.0679 0.0673,0.0608 0.0604,0.0677 0.0676,
6144,2048,4096,False,bfloat16,in: non-pow2 tile,128-255,192,0,192,64,tuned,opus,opus_gemm_mono_tile_512x192x256x64_2x4_16x16x32_0x0x0_nooob_4g_safe,1370.3,1319.8,1277.7,dp,,nan,True,True,True,,True,0,1,1,1,,"void gemm_a16w16_mono_tile_4g_safe_kernel_gfx950<opus_gemm_a16w16_mono_tile_traits_gfx950<512, opus::seq<192, 256, 64>, opus::tuple<std::bfloat16_t, std::bfloat16_t, std::bfloat16_t, float>, opus::seq<8, 8, 8> > >(opus_gemm_mono_tile_kargs_gfx950)",0.0754 0.0751,0.0782 0.0780,0.0810 0.0803,,
6144,129280,4096,False,bfloat16,in: 256x256,>=512,12120,47,88,64,tuned,asm,_ZN5aiter24bf16gemm_bf16_tn_256x256E,1484.1,1490.5,1520.3,one_tile,owner,1523.3,True,True,True,True,True,0,2,2,2,,aiter::bf16gemm_bf16_tn_256x256,4.3987 4.3703,4.3639 4.3671,4.2929 4.2669,4.2709 4.2724,
6400,512,4096,False,bfloat16,in: other listed tile,<128,50,0,50,64,untuned,flydsl,flydsl_hgemm_abf16_wbf16_bf16_t128x128x64x3_ks1_w4x2x1_bias0_ktail0_gm4_pft_gfx950,708.9,411.5,537.4,one_tile,owner,411.2,True,True,True,True,True,0,1,1,1,,hgemm_bf16_t128x128x64x3_ks1_w4x2x1_gm4_bias0_lnt_pft_0,0.0381 0.0376,0.0653 0.0652,0.0500 0.0499,0.0650 0.0655,
6400,1024,4096,False,bfloat16,in: other listed tile,<128,100,0,100,64,untuned,opus,opus_gemm_mono_tile_512x128x256x64_2x4_16x16x32_0x0x0_nooob,1074.8,789.3,888.6,one_tile,owner,779.1,True,True,True,True,True,0,1,1,1,,"void gemm_a16w16_mono_tile_kernel_gfx950<opus_gemm_a16w16_mono_tile_traits_gfx950<512, opus::seq<128, 256, 64>, opus::tuple<std::bfloat16_t, std::bfloat16_t, std::bfloat16_t, float>, opus::seq<8, 8, 8> > >(opus_gemm_mono_tile_kargs_gfx950)",0.0501 0.0498,0.0673 0.0687,0.0604 0.0604,0.0673 0.0705,
6400,2048,4096,False,bfloat16,in: 256x256,128-255,200,0,200,64,untuned,torch,native,1237.5,1334.8,1297.1,dp,,nan,True,True,True,,True,0,1,1,1,Cijk_Alik_Bljk_BBS_BH_Bias_HA_S_SAV_UserArgs_MT256x208x64_MI16x16x1_SN_LDSB1_AFC0_AFEM1_AFEM1_ASEM1_CLR1_CADS0_DTLA0_DTLB0_DTVA0_DTVB0_EPS0_FDSI0_GRPM1_GRVWA8_GRVWB4_GSU0_GSUAMB_GLS0_ISA950_IU1_K1_LDSTI0_LBSPPA512_LBSPPB128_LBSPPM0_LPA16_LPB16_LPM0_LRVW8_LWPMn1_MIAV0_MIWT4_13_MO40_NTn1_NTA0_NTB0_NTC0_NTD0_NTM0_NEPBS0_NLCA1_NLCB1_ONLL1_PGR2_PLR1_PKA1_SIA3_SS1_SPO0_SRVW0_SSO0_SVW4_SK3_SKFTR0_SKXCCM0_TLDS1_ULSGRO0_USL1_UIOFGRO0_USFGRO0_VSn1_VWA4_VWB1_WSGRA0_WSGRB0_WS64_WG64_4_1,Cijk_Alik_Bljk_BBS_BH_Bias_HA_S_SAV_UserArgs_MT256x208x64_MI16x16x1_SN_LDSB1_AFC0_AFEM1_AFEM1_ASEM1_CLR1_CADS0_DTLA0_DTLB0_DTVA0_DTVB0_EPS0_FDSI0_GRPM1_GRVWA8_GRVWB4_GSU0_GSUAMB_GLS0_ISA950_IU1_K1_LDSTI0_LBSPPA512_LBSPPB128_LBSPPM0_LPA16_LPB16_LPM0_LRVW8_LWPMn1_MIAV0_MIWT4_13_MO40_NTn1_NTA0_NTB0_NTC0_NTD0_NTM0_NEPBS0_NLCA1_NLCB1_ONLL1_PGR2_PLR1_PKA1_SIA3_SS1_SPO0_SRVW0_SSO0_SVW4_SK3_SKFTR0_SKXCCM0_TLDS1_ULSGRO0_USL1_UIOFGRO0_USFGRO0_VSn1_VWA4_VWB1_WSGRA0_WSGRB0_WS64_WG64_4_1,0.0869 0.0867,0.0804 0.0805,0.0827 0.0829,,
6912,512,4096,False,bfloat16,in: other listed tile,<128,54,0,54,64,untuned,flydsl,flydsl_hgemm_abf16_wbf16_bf16_t128x128x64x3_ks1_w4x2x1_bias0_ktail0_gm4_pft_gfx950,691.1,443.4,575.8,one_tile,owner,445.0,True,True,True,True,True,0,1,1,1,,hgemm_bf16_t128x128x64x3_ks1_w4x2x1_gm4_bias0_lnt_pft_0,0.0420 0.0419,0.0654 0.0654,0.0505 0.0502,0.0650 0.0653,
6912,1024,4096,False,bfloat16,in: other listed tile,<128,108,0,108,64,untuned,opus,opus_gemm_mono_tile_512x128x256x64_2x4_16x16x32_0x0x0_nooob,1109.1,863.4,920.4,one_tile,owner,834.4,True,True,True,True,True,0,1,1,1,,"void gemm_a16w16_mono_tile_kernel_gfx950<opus_gemm_a16w16_mono_tile_traits_gfx950<512, opus::seq<128, 256, 64>, opus::tuple<std::bfloat16_t, std::bfloat16_t, std::bfloat16_t, float>, opus::seq<8, 8, 8> > >(opus_gemm_mono_tile_kargs_gfx950)",0.0522 0.0523,0.0669 0.0674,0.0634 0.0626,0.0711 0.0678,
6912,2048,4096,False,bfloat16,in: 256x256,128-255,216,0,216,64,untuned,torch,native,1326.9,1379.8,1342.9,dp,,nan,True,True,True,,True,0,1,1,1,Cijk_Alik_Bljk_BBS_BH_Bias_HA_S_SAV_UserArgs_MT256x224x64_MI16x16x1_SN_LDSB1_AFC0_AFEM1_AFEM1_ASEM1_CLR1_CADS0_DTLA0_DTLB0_DTVA0_DTVB0_EPS0_FDSI0_GRPM1_GRVWA8_GRVWB8_GSU0_GSUAMB_GLS0_ISA950_IU1_K1_LDSTI0_LBSPPA1024_LBSPPB128_LBSPPM0_LPA16_LPB16_LPM0_LRVW8_LWPMn1_MIAV0_MIWT8_7_MO40_NTn1_NTA0_NTB0_NTC0_NTD0_NTM0_NEPBS0_NLCA1_NLCB1_ONLL1_PGR2_PLR1_PKA1_SIA3_SS1_SPO0_SRVW0_SSO0_SVW8_SK3_SKFTR0_SKXCCM0_TLDS1_ULSGRO0_USL1_UIOFGRO0_USFGRO0_VSn1_VWA8_VWB1_WSGRA0_WSGRB0_WS64_WG32_8_1,Cijk_Alik_Bljk_BBS_BH_Bias_HA_S_SAV_UserArgs_MT256x224x64_MI16x16x1_SN_LDSB1_AFC0_AFEM1_AFEM1_ASEM1_CLR1_CADS0_DTLA0_DTLB0_DTVA0_DTVB0_EPS0_FDSI0_GRPM1_GRVWA8_GRVWB8_GSU0_GSUAMB_GLS0_ISA950_IU1_K1_LDSTI0_LBSPPA1024_LBSPPB128_LBSPPM0_LPA16_LPB16_LPM0_LRVW8_LWPMn1_MIAV0_MIWT8_7_MO40_NTn1_NTA0_NTB0_NTC0_NTD0_NTM0_NEPBS0_NLCA1_NLCB1_ONLL1_PGR2_PLR1_PKA1_SIA3_SS1_SPO0_SRVW0_SSO0_SVW8_SK3_SKFTR0_SKXCCM0_TLDS1_ULSGRO0_USL1_UIOFGRO0_USFGRO0_VSn1_VWA8_VWB1_WSGRA0_WSGRB0_WS64_WG32_8_1,0.0878 0.0870,0.0841 0.0840,0.0865 0.0862,,
7168,512,4096,False,bfloat16,in: other listed tile,<128,56,0,56,64,untuned,flydsl,flydsl_hgemm_abf16_wbf16_bf16_t128x128x64x3_ks1_w4x2x1_bias0_ktail0_gm4_pft_gfx950,581.6,459.0,594.6,one_tile,owner,459.9,True,True,True,True,True,0,1,1,1,,hgemm_bf16_t128x128x64x3_ks1_w4x2x1_gm4_bias0_lnt_pft_0,0.0515 0.0519,0.0656 0.0654,0.0503 0.0508,0.0652 0.0655,
7168,1024,4096,False,bfloat16,in: other listed tile,<128,112,0,112,64,untuned,opus,opus_gemm_mono_tile_512x128x256x64_2x4_16x16x32_0x0x0_nooob,1185.5,896.7,978.0,one_tile,owner,881.6,True,True,True,True,True,0,1,1,1,,"void gemm_a16w16_mono_tile_kernel_gfx950<opus_gemm_a16w16_mono_tile_traits_gfx950<512, opus::seq<128, 256, 64>, opus::tuple<std::bfloat16_t, std::bfloat16_t, std::bfloat16_t, float>, opus::seq<8, 8, 8> > >(opus_gemm_mono_tile_kargs_gfx950)",0.0506 0.0508,0.0670 0.0671,0.0624 0.0605,0.0678 0.0686,
7168,2048,4096,False,bfloat16,in: 256x256,128-255,224,0,224,64,untuned,torch,native,1345.1,1406.3,1361.3,dp,,nan,True,True,True,,True,0,1,1,1,Cijk_Alik_Bljk_BBS_BH_Bias_HA_S_SAV_UserArgs_MT256x224x64_MI16x16x1_SN_LDSB1_AFC0_AFEM1_AFEM1_ASEM1_CLR1_CADS0_DTLA0_DTLB0_DTVA0_DTVB0_EPS0_FDSI0_GRPM1_GRVWA8_GRVWB8_GSU0_GSUAMB_GLS0_ISA950_IU1_K1_LDSTI0_LBSPPA1024_LBSPPB128_LBSPPM0_LPA16_LPB16_LPM0_LRVW8_LWPMn1_MIAV0_MIWT8_7_MO40_NTn1_NTA0_NTB0_NTC0_NTD0_NTM0_NEPBS0_NLCA1_NLCB1_ONLL1_PGR2_PLR1_PKA1_SIA3_SS1_SPO0_SRVW0_SSO0_SVW8_SK3_SKFTR0_SKXCCM0_TLDS1_ULSGRO0_USL1_UIOFGRO0_USFGRO0_VSn1_VWA8_VWB1_WSGRA0_WSGRB0_WS64_WG32_8_1,Cijk_Alik_Bljk_BBS_BH_Bias_HA_S_SAV_UserArgs_MT256x224x64_MI16x16x1_SN_LDSB1_AFC0_AFEM1_AFEM1_ASEM1_CLR1_CADS0_DTLA0_DTLB0_DTVA0_DTVB0_EPS0_FDSI0_GRPM1_GRVWA8_GRVWB8_GSU0_GSUAMB_GLS0_ISA950_IU1_K1_LDSTI0_LBSPPA1024_LBSPPB128_LBSPPM0_LPA16_LPB16_LPM0_LRVW8_LWPMn1_MIAV0_MIWT8_7_MO40_NTn1_NTA0_NTB0_NTC0_NTD0_NTM0_NEPBS0_NLCA1_NLCB1_ONLL1_PGR2_PLR1_PKA1_SIA3_SS1_SPO0_SRVW0_SSO0_SVW8_SK3_SKFTR0_SKXCCM0_TLDS1_ULSGRO0_USL1_UIOFGRO0_USFGRO0_VSn1_VWA8_VWB1_WSGRA0_WSGRB0_WS64_WG32_8_1,0.0898 0.0890,0.0855 0.0855,0.0886 0.0881,,
7424,512,4096,False,bfloat16,in: other listed tile,<128,58,0,58,64,untuned,flydsl,flydsl_hgemm_abf16_wbf16_bf16_t128x128x64x3_ks1_w4x2x1_bias0_ktail0_gm4_pft_gfx950,693.4,475.1,616.8,one_tile,owner,475.1,True,True,True,True,True,0,1,1,1,,hgemm_bf16_t128x128x64x3_ks1_w4x2x1_gm4_bias0_lnt_pft_0,0.0449 0.0449,0.0655 0.0656,0.0508 0.0502,0.0653 0.0658,
7424,1024,4096,False,bfloat16,in: other listed tile,<128,116,0,116,64,untuned,opus,opus_gemm_mono_tile_512x128x256x64_2x4_16x16x32_0x0x0_nooob,1144.5,919.4,997.5,one_tile,owner,909.3,True,True,True,True,True,0,1,1,1,,"void gemm_a16w16_mono_tile_kernel_gfx950<opus_gemm_a16w16_mono_tile_traits_gfx950<512, opus::seq<128, 256, 64>, opus::tuple<std::bfloat16_t, std::bfloat16_t, std::bfloat16_t, float>, opus::seq<8, 8, 8> > >(opus_gemm_mono_tile_kargs_gfx950)",0.0544 0.0545,0.0676 0.0679,0.0617 0.0632,0.0685 0.0685,
7424,2048,4096,False,bfloat16,in: 256x256,128-255,232,0,232,64,untuned,torch,native,1217.8,1429.1,1385.9,dp,,nan,True,True,True,,True,0,1,1,1,Cijk_Alik_Bljk_BBS_BH_Bias_HA_S_SAV_UserArgs_MT256x240x64_MI16x16x1_SN_LDSB0_AFC0_AFEM1_AFEM1_ASEM1_CLR0_CADS0_DTLA1_DTLB1_DTVA0_DTVB0_EPS0_FDSI0_GRPM1_GRVWA8_GRVWB2_GSU0_GSUAMB_GLS0_ISA950_IU1_K1_LDSTI0_LBSPPA1024_LBSPPB256_LBSPPM0_LPA16_LPB16_LPM0_LRVW8_LWPMn1_MIAV0_MIWT4_15_MO40_NTn1_NTA0_NTB0_NTC6_NTD4_NTM0_NEPBS0_NLCA1_NLCB1_ONLL1_PGR2_PLR1_PKA1_SIA3_SS1_SPO1_SRVW0_SSO1_SVW4_SK3_SKFTR0_SKXCCM0_TLDS1_ULSGRO0_USL1_UIOFGRO0_USFGRO0_VSn1_VWA4_VWB1_WSGRA0_WSGRB0_WS64_WG64_4_1,Cijk_Alik_Bljk_BBS_BH_Bias_HA_S_SAV_UserArgs_MT256x240x64_MI16x16x1_SN_LDSB0_AFC0_AFEM1_AFEM1_ASEM1_CLR0_CADS0_DTLA1_DTLB1_DTVA0_DTVB0_EPS0_FDSI0_GRPM1_GRVWA8_GRVWB2_GSU0_GSUAMB_GLS0_ISA950_IU1_K1_LDSTI0_LBSPPA1024_LBSPPB256_LBSPPM0_LPA16_LPB16_LPM0_LRVW8_LWPMn1_MIAV0_MIWT4_15_MO40_NTn1_NTA0_NTB0_NTC6_NTD4_NTM0_NEPBS0_NLCA1_NLCB1_ONLL1_PGR2_PLR1_PKA1_SIA3_SS1_SPO1_SRVW0_SSO1_SVW4_SK3_SKFTR0_SKXCCM0_TLDS1_ULSGRO0_USL1_UIOFGRO0_USFGRO0_VSn1_VWA4_VWB1_WSGRA0_WSGRB0_WS64_WG64_4_1,0.1025 0.1020,0.0872 0.0871,0.0902 0.0895,,
7680,512,4096,False,bfloat16,in: other listed tile,<128,60,0,60,64,untuned,flydsl,flydsl_hgemm_abf16_wbf16_bf16_t128x128x64x3_ks1_w4x2x1_bias0_ktail0_gm4_pft_gfx950,689.4,490.4,618.6,one_tile,owner,487.8,True,True,True,True,True,0,1,1,1,,hgemm_bf16_t128x128x64x3_ks1_w4x2x1_gm4_bias0_lnt_pft_0,0.0466 0.0468,0.0656 0.0657,0.0521 0.0520,0.0663 0.0657,
7680,1024,4096,False,bfloat16,in: other listed tile,<128,120,0,120,64,untuned,opus,opus_gemm_mono_tile_512x128x256x64_2x4_16x16x32_0x0x0_nooob,1200.6,957.1,1011.0,one_tile,owner,924.8,True,True,True,True,True,0,1,1,1,,"void gemm_a16w16_mono_tile_kernel_gfx950<opus_gemm_a16w16_mono_tile_traits_gfx950<512, opus::seq<128, 256, 64>, opus::tuple<std::bfloat16_t, std::bfloat16_t, std::bfloat16_t, float>, opus::seq<8, 8, 8> > >(opus_gemm_mono_tile_kargs_gfx950)",0.0536 0.0538,0.0672 0.0674,0.0639 0.0636,0.0685 0.0708,
7680,2048,4096,False,bfloat16,in: 256x256,128-255,240,0,240,64,untuned,torch,native,1240.4,1460.2,1419.2,dp,,nan,True,True,True,,True,0,1,1,1,Cijk_Alik_Bljk_BBS_BH_Bias_HA_S_SAV_UserArgs_MT256x240x64_MI16x16x1_SN_LDSB0_AFC0_AFEM1_AFEM1_ASEM1_CLR0_CADS0_DTLA1_DTLB1_DTVA0_DTVB0_EPS0_FDSI0_GRPM1_GRVWA8_GRVWB2_GSU0_GSUAMB_GLS0_ISA950_IU1_K1_LDSTI0_LBSPPA1024_LBSPPB256_LBSPPM0_LPA16_LPB16_LPM0_LRVW8_LWPMn1_MIAV0_MIWT4_15_MO40_NTn1_NTA0_NTB0_NTC6_NTD4_NTM0_NEPBS0_NLCA1_NLCB1_ONLL1_PGR2_PLR1_PKA1_SIA3_SS1_SPO1_SRVW0_SSO1_SVW4_SK3_SKFTR0_SKXCCM0_TLDS1_ULSGRO0_USL1_UIOFGRO0_USFGRO0_VSn1_VWA4_VWB1_WSGRA0_WSGRB0_WS64_WG64_4_1,Cijk_Alik_Bljk_BBS_BH_Bias_HA_S_SAV_UserArgs_MT256x240x64_MI16x16x1_SN_LDSB0_AFC0_AFEM1_AFEM1_ASEM1_CLR0_CADS0_DTLA1_DTLB1_DTVA0_DTVB0_EPS0_FDSI0_GRPM1_GRVWA8_GRVWB2_GSU0_GSUAMB_GLS0_ISA950_IU1_K1_LDSTI0_LBSPPA1024_LBSPPB256_LBSPPM0_LPA16_LPB16_LPM0_LRVW8_LWPMn1_MIAV0_MIWT4_15_MO40_NTn1_NTA0_NTB0_NTC6_NTD4_NTM0_NEPBS0_NLCA1_NLCB1_ONLL1_PGR2_PLR1_PKA1_SIA3_SS1_SPO1_SRVW0_SSO1_SVW4_SK3_SKFTR0_SKXCCM0_TLDS1_ULSGRO0_USL1_UIOFGRO0_USFGRO0_VSn1_VWA4_VWB1_WSGRA0_WSGRB0_WS64_WG64_4_1,0.1041 0.1037,0.0883 0.0882,0.0910 0.0906,,
7936,512,4096,False,bfloat16,in: other listed tile,<128,62,0,62,64,untuned,flydsl,flydsl_hgemm_abf16_wbf16_bf16_t128x128x64x3_ks1_w4x2x1_bias0_ktail0_gm4_pft_gfx950,691.1,505.3,658.4,one_tile,owner,507.1,True,True,True,True,True,0,1,1,1,,hgemm_bf16_t128x128x64x3_ks1_w4x2x1_gm4_bias0_lnt_pft_0,0.0421 0.0542,0.0660 0.0658,0.0504 0.0507,0.0656 0.0657,
7936,1024,4096,False,bfloat16,in: other listed tile,<128,124,0,124,64,untuned,opus,opus_gemm_mono_tile_512x128x256x64_2x4_16x16x32_0x0x0_nooob,1179.5,980.7,1047.8,one_tile,owner,958.9,True,True,True,True,True,0,1,1,1,,"void gemm_a16w16_mono_tile_kernel_gfx950<opus_gemm_a16w16_mono_tile_traits_gfx950<512, opus::seq<128, 256, 64>, opus::tuple<std::bfloat16_t, std::bfloat16_t, std::bfloat16_t, float>, opus::seq<8, 8, 8> > >(opus_gemm_mono_tile_kargs_gfx950)",0.0568 0.0561,0.0678 0.0679,0.0633 0.0638,0.0695 0.0694,
7936,2048,4096,False,bfloat16,in: 256x256,128-255,248,0,248,64,untuned,torch,native,1448.1,1488.5,1441.2,dp,,nan,True,True,True,,True,0,1,1,1,Cijk_Alik_Bljk_BBS_BH_Bias_HA_S_SAV_UserArgs_MT256x256x64_MI16x16x1_CMS_SN_LDSB0_AFC0_AFEM1_AFEM1_ASEM1_CLR1_CADS0_DTLA1_DTLB1_DTVA0_DTVB0_EPS0_FDSI0_GRPM1_GRVWA8_GRVWB8_GSU0_GSUAMB_GLS0_ISA950_IU1_K1_LDSTI0_LBSPPA1024_LBSPPB1024_LBSPPM0_LPA16_LPB16_LPM0_LRVW8_LWPMn1_MIAV0_MIWT8_8_MO40_NTn1_NTA0_NTB0_NTC0_NTD4_NTM0_NEPBS0_NLCA1_NLCB1_ONLL1_PGR2_PLR1_PKA1_SIA3_SS1_SPO0_SRVW0_SSO0_SVW8_SK3_SKFTR0_SKXCCM0_TLDS1_ULSGRO0_USL1_UIOFGRO0_USFGRO0_VSn1_VWA8_VWB8_WSGRA0_WSGRB0_WS64_WG32_8_1,Cijk_Alik_Bljk_BBS_BH_Bias_HA_S_SAV_UserArgs_MT256x256x64_MI16x16x1_CMS_SN_LDSB0_AFC0_AFEM1_AFEM1_ASEM1_CLR1_CADS0_DTLA1_DTLB1_DTVA0_DTVB0_EPS0_FDSI0_GRPM1_GRVWA8_GRVWB8_GSU0_GSUAMB_GLS0_ISA950_IU1_K1_LDSTI0_LBSPPA1024_LBSPPB1024_LBSPPM0_LPA16_LPB16_LPM0_LRVW8_LWPMn1_MIAV0_MIWT8_8_MO40_NTn1_NTA0_NTB0_NTC0_NTD4_NTM0_NEPBS0_NLCA1_NLCB1_ONLL1_PGR2_PLR1_PKA1_SIA3_SS1_SPO0_SRVW0_SSO0_SVW8_SK3_SKFTR0_SKXCCM0_TLDS1_ULSGRO0_USL1_UIOFGRO0_USFGRO0_VSn1_VWA8_VWB8_WSGRA0_WSGRB0_WS64_WG32_8_1,0.0921 0.0918,0.0894 0.0895,0.0928 0.0920,,
8192,512,4096,False,bfloat16,in: other listed tile,<128,64,0,64,64,tuned,flydsl,flydsl_hgemm_abf16_wbf16_bf16_t128x128x64x3_ks1_w4x2x1_bias0_ktail0_gm4_pft_gfx950,865.8,516.0,682.8,one_tile,owner,517.2,True,True,True,True,True,0,1,1,1,,hgemm_bf16_t128x128x64x3_ks1_w4x2x1_gm4_bias0_lnt_pft_0,0.0398 0.0395,0.0665 0.0666,0.0505 0.0502,0.0661 0.0667,
8192,1024,4096,False,bfloat16,in: other listed tile,128-255,128,0,128,64,tuned,opus,opus_gemm_mono_tile_512x128x256x64_2x4_16x16x32_0x0x0_nooob,1254.0,987.2,1079.8,one_tile,owner,986.5,True,True,True,True,True,0,1,1,1,,"void gemm_a16w16_mono_tile_kernel_gfx950<opus_gemm_a16w16_mono_tile_traits_gfx950<512, opus::seq<128, 256, 64>, opus::tuple<std::bfloat16_t, std::bfloat16_t, std::bfloat16_t, float>, opus::seq<8, 8, 8> > >(opus_gemm_mono_tile_kargs_gfx950)",0.0549 0.0547,0.0693 0.0699,0.0634 0.0639,0.0695 0.0698,
8192,2048,4096,False,bfloat16,in: 256x256,256-511,256,1,0,64,tuned,torch,native,1473.5,1523.9,1484.7,dp,,nan,True,True,True,,True,0,1,1,1,Cijk_Alik_Bljk_BBS_BH_Bias_HA_S_SAV_UserArgs_MT256x256x64_MI16x16x1_CMS_SN_LDSB0_AFC0_AFEM1_AFEM1_ASEM1_CLR1_CADS0_DTLA1_DTLB1_DTVA0_DTVB0_EPS0_FDSI0_GRPM1_GRVWA8_GRVWB8_GSU0_GSUAMB_GLS0_ISA950_IU1_K1_LDSTI0_LBSPPA1024_LBSPPB1024_LBSPPM0_LPA16_LPB16_LPM0_LRVW8_LWPMn1_MIAV0_MIWT8_8_MO40_NTn1_NTA0_NTB0_NTC0_NTD4_NTM0_NEPBS0_NLCA1_NLCB1_ONLL1_PGR2_PLR1_PKA1_SIA3_SS1_SPO0_SRVW0_SSO0_SVW8_SK3_SKFTR0_SKXCCM0_TLDS1_ULSGRO0_USL1_UIOFGRO0_USFGRO0_VSn1_VWA8_VWB8_WSGRA0_WSGRB0_WS64_WG32_8_1,Cijk_Alik_Bljk_BBS_BH_Bias_HA_S_SAV_UserArgs_MT256x256x64_MI16x16x1_CMS_SN_LDSB0_AFC0_AFEM1_AFEM1_ASEM1_CLR1_CADS0_DTLA1_DTLB1_DTVA0_DTVB0_EPS0_FDSI0_GRPM1_GRVWA8_GRVWB8_GSU0_GSUAMB_GLS0_ISA950_IU1_K1_LDSTI0_LBSPPA1024_LBSPPB1024_LBSPPM0_LPA16_LPB16_LPM0_LRVW8_LWPMn1_MIAV0_MIWT8_8_MO40_NTn1_NTA0_NTB0_NTC0_NTD4_NTM0_NEPBS0_NLCA1_NLCB1_ONLL1_PGR2_PLR1_PKA1_SIA3_SS1_SPO0_SRVW0_SSO0_SVW8_SK3_SKFTR0_SKXCCM0_TLDS1_ULSGRO0_USL1_UIOFGRO0_USFGRO0_VSn1_VWA8_VWB8_WSGRA0_WSGRB0_WS64_WG32_8_1,0.0934 0.0932,0.0904 0.0900,0.0928 0.0923,,
8192,4096,4096,False,bfloat16,in: 256x256,>=512,512,2,0,64,tuned,flydsl,flydsl_hgemm_abf16_wbf16_bf16_t256x256x64x2_ks1_w2x4x1_bias0_ktail0_gm4_pht_gfx950,1493.5,1545.9,1543.4,dp,,nan,True,True,True,,True,0,1,1,1,,hgemm_bf16_t256x256x64x2_ks1_w2x4x1_gm4_bias0_lnt_phti_0,0.1844 0.1837,0.1782 0.1775,0.1784 0.1778,,
8192,8192,4096,False,bfloat16,in: 256x256,>=512,1024,4,0,64,tuned,asm,_ZN5aiter24bf16gemm_bf16_tn_256x256E,1527.3,1553.3,1567.9,dp,,nan,True,True,True,,True,0,1,1,1,,aiter::bf16gemm_bf16_tn_256x256,0.3602 0.3597,0.3530 0.3548,0.3505 0.3508,,
8192,8704,4096,False,bfloat16,in: 256x256,>=512,1088,4,64,64,tuned,asm,_ZN5aiter24bf16gemm_bf16_tn_256x256E,1402.1,1433.4,1465.4,one_tile,owner,1441.3,True,True,True,True,True,0,1,1,1,,aiter::bf16gemm_bf16_tn_256x256,0.4184 0.4148,0.4075 0.4075,0.3988 0.3984,0.4045 0.4061,
8192,10240,4096,False,bfloat16,in: 256x256,>=512,1280,5,0,64,tuned,torch,native,1505.0,1545.3,1550.3,dp,,nan,True,True,True,,True,0,1,1,1,Cijk_Alik_Bljk_BBS_BH_Bias_HA_S_SAV_UserArgs_MT256x256x64_MI16x16x1_CMS_SN_LDSB0_AFC0_AFEM1_AFEM1_ASEM1_CLR1_CADS0_DTLA1_DTLB1_DTVA0_DTVB0_EPS0_FDSI0_GRPM1_GRVWA8_GRVWB8_GSU0_GSUAMB_GLS0_ISA950_IU1_K1_LDSTI0_LBSPPA1024_LBSPPB1024_LBSPPM0_LPA16_LPB16_LPM0_LRVW8_LWPMn1_MIAV0_MIWT8_8_MO40_NTn1_NTA0_NTB0_NTC0_NTD4_NTM0_NEPBS0_NLCA1_NLCB1_ONLL1_PGR2_PLR1_PKA1_SIA3_SS1_SPO0_SRVW0_SSO0_SVW8_SK3_SKFTR0_SKXCCM0_TLDS1_ULSGRO0_USL1_UIOFGRO0_USFGRO0_VSn1_VWA8_VWB8_WSGRA0_WSGRB0_WS64_WG32_8_1,Cijk_Alik_Bljk_BBS_BH_Bias_HA_S_SAV_UserArgs_MT256x256x64_MI16x16x1_CMS_SN_LDSB0_AFC0_AFEM1_AFEM1_ASEM1_CLR1_CADS0_DTLA1_DTLB1_DTVA0_DTVB0_EPS0_FDSI0_GRPM1_GRVWA8_GRVWB8_GSU0_GSUAMB_GLS0_ISA950_IU1_K1_LDSTI0_LBSPPA1024_LBSPPB1024_LBSPPM0_LPA16_LPB16_LPM0_LRVW8_LWPMn1_MIAV0_MIWT8_8_MO40_NTn1_NTA0_NTB0_NTC0_NTD4_NTM0_NEPBS0_NLCA1_NLCB1_ONLL1_PGR2_PLR1_PKA1_SIA3_SS1_SPO0_SRVW0_SSO0_SVW8_SK3_SKFTR0_SKXCCM0_TLDS1_ULSGRO0_USL1_UIOFGRO0_USFGRO0_VSn1_VWA8_VWB8_WSGRA0_WSGRB0_WS64_WG32_8_1,0.4555 0.4577,0.4430 0.4463,0.4434 0.4431,,
8192,16384,4096,False,bfloat16,in: 256x256,>=512,2048,8,0,64,tuned,torch,native,1523.8,1530.7,1552.3,dp,,nan,True,True,True,,True,0,1,1,1,Cijk_Alik_Bljk_BBS_BH_Bias_HA_S_SAV_UserArgs_MT256x256x64_MI16x16x1_CMS_SN_LDSB0_AFC0_AFEM1_AFEM1_ASEM1_CLR1_CADS0_DTLA1_DTLB1_DTVA0_DTVB0_EPS0_FDSI0_GRPM1_GRVWA8_GRVWB8_GSU0_GSUAMB_GLS0_ISA950_IU1_K1_LDSTI0_LBSPPA1024_LBSPPB1024_LBSPPM0_LPA16_LPB16_LPM0_LRVW8_LWPMn1_MIAV0_MIWT8_8_MO40_NTn1_NTA0_NTB0_NTC0_NTD4_NTM0_NEPBS0_NLCA1_NLCB1_ONLL1_PGR2_PLR1_PKA1_SIA3_SS1_SPO0_SRVW0_SSO0_SVW8_SK3_SKFTR0_SKXCCM0_TLDS1_ULSGRO0_USL1_UIOFGRO0_USFGRO0_VSn1_VWA8_VWB8_WSGRA0_WSGRB0_WS64_WG32_8_1,Cijk_Alik_Bljk_BBS_BH_Bias_HA_S_SAV_UserArgs_MT256x256x64_MI16x16x1_CMS_SN_LDSB0_AFC0_AFEM1_AFEM1_ASEM1_CLR1_CADS0_DTLA1_DTLB1_DTVA0_DTVB0_EPS0_FDSI0_GRPM1_GRVWA8_GRVWB8_GSU0_GSUAMB_GLS0_ISA950_IU1_K1_LDSTI0_LBSPPA1024_LBSPPB1024_LBSPPM0_LPA16_LPB16_LPM0_LRVW8_LWPMn1_MIAV0_MIWT8_8_MO40_NTn1_NTA0_NTB0_NTC0_NTD4_NTM0_NEPBS0_NLCA1_NLCB1_ONLL1_PGR2_PLR1_PKA1_SIA3_SS1_SPO0_SRVW0_SSO0_SVW8_SK3_SKFTR0_SKXCCM0_TLDS1_ULSGRO0_USL1_UIOFGRO0_USFGRO0_VSn1_VWA8_VWB8_WSGRA0_WSGRB0_WS64_WG32_8_1,0.7255 0.7176,0.7192 0.7174,0.7093 0.7073,,
8192,129280,4096,False,bfloat16,in: 256x256,>=512,16160,63,32,64,tuned,flydsl,flydsl_hgemm_abf16_wbf16_bf16_t256x256x64x2_ks1_w2x4x1_bias0_ktail0_gm4_pht_gfx950,1473.8,1525.4,1570.8,two_tile,rs,1565.5,True,True,True,True,True,0,2,2,2,,hgemm_bf16_t256x256x64x2_ks1_w2x4x1_gm4_bias0_lnt_phti_0,5.9088 5.8648,5.6873 5.6880,5.5421 5.5041,5.5484 5.5356,
10240,512,4096,False,bfloat16,in: non-pow2 tile,<128,80,0,80,64,tuned,torch,native,1008.0,636.8,804.4,one_tile,owner,633.1,True,True,True,True,True,0,1,1,1,Cijk_Alik_Bljk_BBS_BH_Bias_HA_S_SAV_UserArgs_MT128x160x128_MI16x16x1_SN_LDSB1_AFC0_AFEM1_AFEM1_ASEM1_CLR1_CADS0_DTLA0_DTLB0_DTVA0_DTVB0_EPS0_FDSI0_GRPM1_GRVWA8_GRVWB8_GSU0_GSUAMB_GLS0_ISA950_IU1_K1_LDSTI0_LBSPPA1024_LBSPPB256_LBSPPM0_LPA16_LPB16_LPM0_LRVW8_LWPMn1_MIAV0_MIWT4_5_MO40_NTn1_NTA0_NTB0_NTC0_NTD0_NTM0_NEPBS0_NLCA1_NLCB1_ONLL1_PGR2_PLR1_PKA1_SIA3_SS1_SPO0_SRVW0_SSO0_SVW4_SK3_SKFTR0_SKXCCM0_TLDS1_ULSGRO0_USL1_UIOFGRO0_USFGRO0_VSn1_VWA4_VWB1_WSGRA0_WSGRB0_WS64_WG32_8_1,Cijk_Alik_Bljk_BBS_BH_Bias_HA_S_SAV_UserArgs_MT128x160x128_MI16x16x1_SN_LDSB1_AFC0_AFEM1_AFEM1_ASEM1_CLR1_CADS0_DTLA0_DTLB0_DTVA0_DTVB0_EPS0_FDSI0_GRPM1_GRVWA8_GRVWB8_GSU0_GSUAMB_GLS0_ISA950_IU1_K1_LDSTI0_LBSPPA1024_LBSPPB256_LBSPPM0_LPA16_LPB16_LPM0_LRVW8_LWPMn1_MIAV0_MIWT4_5_MO40_NTn1_NTA0_NTB0_NTC0_NTD0_NTM0_NEPBS0_NLCA1_NLCB1_ONLL1_PGR2_PLR1_PKA1_SIA3_SS1_SPO0_SRVW0_SSO0_SVW4_SK3_SKFTR0_SKXCCM0_TLDS1_ULSGRO0_USL1_UIOFGRO0_USFGRO0_VSn1_VWA4_VWB1_WSGRA0_WSGRB0_WS64_WG32_8_1,0.0425 0.0427,0.0672 0.0676,0.0531 0.0537,0.0682 0.0675,
10240,1024,4096,False,bfloat16,in: non-pow2 tile,128-255,160,0,160,64,tuned,torch,native,1248.6,1180.8,1141.3,dp,,nan,True,True,True,,True,0,1,1,1,Cijk_Alik_Bljk_BBS_BH_Bias_HA_S_SAV_UserArgs_MT256x160x64_MI16x16x1_SN_LDSB0_AFC0_AFEM1_AFEM1_ASEM1_CLR1_CADS0_DTLA0_DTLB0_DTVA0_DTVB0_EPS0_FDSI0_GRPM1_GRVWA8_GRVWB8_GSU0_GSUAMB_GLS0_ISA950_IU1_K1_LDSTI0_LBSPPA1024_LBSPPB128_LBSPPM0_LPA16_LPB16_LPM0_LRVW8_LWPMn1_MIAV0_MIWT8_5_MO40_NTn1_NTA0_NTB0_NTC0_NTD0_NTM0_NEPBS0_NLCA1_NLCB1_ONLL1_PGR2_PLR1_PKA1_SIA3_SS1_SPO0_SRVW0_SSO0_SVW8_SK3_SKFTR0_SKXCCM0_TLDS1_ULSGRO0_USL1_UIOFGRO0_USFGRO0_VSn1_VWA8_VWB1_WSGRA0_WSGRB0_WS64_WG32_8_1,Cijk_Alik_Bljk_BBS_BH_Bias_HA_S_SAV_UserArgs_MT256x160x64_MI16x16x1_SN_LDSB0_AFC0_AFEM1_AFEM1_ASEM1_CLR1_CADS0_DTLA0_DTLB0_DTVA0_DTVB0_EPS0_FDSI0_GRPM1_GRVWA8_GRVWB8_GSU0_GSUAMB_GLS0_ISA950_IU1_K1_LDSTI0_LBSPPA1024_LBSPPB128_LBSPPM0_LPA16_LPB16_LPM0_LRVW8_LWPMn1_MIAV0_MIWT8_5_MO40_NTn1_NTA0_NTB0_NTC0_NTD0_NTM0_NEPBS0_NLCA1_NLCB1_ONLL1_PGR2_PLR1_PKA1_SIA3_SS1_SPO0_SRVW0_SSO0_SVW8_SK3_SKFTR0_SKXCCM0_TLDS1_ULSGRO0_USL1_UIOFGRO0_USFGRO0_VSn1_VWA8_VWB1_WSGRA0_WSGRB0_WS64_WG32_8_1,0.0690 0.0686,0.0730 0.0725,0.0755 0.0750,,
10240,2048,4096,False,bfloat16,in: non-pow2 tile,256-511,320,1,64,64,tuned,torch,native,1275.4,1137.1,1257.4,one_tile,owner,1142.0,True,True,True,True,True,0,1,1,1,Cijk_Alik_Bljk_BBS_BH_Bias_HA_S_SAV_UserArgs_MT256x160x64_MI16x16x1_SN_LDSB0_AFC0_AFEM1_AFEM1_ASEM1_CLR1_CADS0_DTLA0_DTLB0_DTVA0_DTVB0_EPS0_FDSI0_GRPM1_GRVWA8_GRVWB8_GSU0_GSUAMB_GLS0_ISA950_IU1_K1_LDSTI0_LBSPPA1024_LBSPPB128_LBSPPM0_LPA16_LPB16_LPM0_LRVW8_LWPMn1_MIAV0_MIWT8_5_MO40_NTn1_NTA0_NTB0_NTC0_NTD0_NTM0_NEPBS0_NLCA1_NLCB1_ONLL1_PGR2_PLR1_PKA1_SIA3_SS1_SPO0_SRVW0_SSO0_SVW8_SK3_SKFTR0_SKXCCM0_TLDS1_ULSGRO0_USL1_UIOFGRO0_USFGRO0_VSn1_VWA8_VWB1_WSGRA0_WSGRB0_WS64_WG32_8_1,Cijk_Alik_Bljk_BBS_BH_Bias_HA_S_SAV_UserArgs_MT256x160x64_MI16x16x1_SN_LDSB0_AFC0_AFEM1_AFEM1_ASEM1_CLR1_CADS0_DTLA0_DTLB0_DTVA0_DTVB0_EPS0_FDSI0_GRPM1_GRVWA8_GRVWB8_GSU0_GSUAMB_GLS0_ISA950_IU1_K1_LDSTI0_LBSPPA1024_LBSPPB128_LBSPPM0_LPA16_LPB16_LPM0_LRVW8_LWPMn1_MIAV0_MIWT8_5_MO40_NTn1_NTA0_NTB0_NTC0_NTD0_NTM0_NEPBS0_NLCA1_NLCB1_ONLL1_PGR2_PLR1_PKA1_SIA3_SS1_SPO0_SRVW0_SSO0_SVW8_SK3_SKFTR0_SKXCCM0_TLDS1_ULSGRO0_USL1_UIOFGRO0_USFGRO0_VSn1_VWA8_VWB1_WSGRA0_WSGRB0_WS64_WG32_8_1,0.1351 0.1343,0.1510 0.1512,0.1365 0.1368,0.1504 0.1505,
10240,129280,4096,False,bfloat16,in: 256x256,>=512,20200,78,232,64,tuned,asm,_ZN5aiter24bf16gemm_bf16_tn_256x256E,1496.1,1505.1,1533.3,dp,,nan,True,True,True,,True,0,2,2,2,,aiter::bf16gemm_bf16_tn_256x256,7.2743 7.2230,7.2045 7.2067,7.1026 7.0434,,
12288,512,4096,False,bfloat16,in: non-pow2 tile,<128,96,0,96,64,tuned,opus,opus_gemm_mono_tile_512x192x128x64_2x4_16x16x32_0x0x0_nooob,1110.9,757.6,845.1,one_tile,owner,764.7,True,True,True,True,True,0,1,1,1,,"void gemm_a16w16_mono_tile_kernel_gfx950<opus_gemm_a16w16_mono_tile_traits_gfx950<512, opus::seq<192, 128, 64>, opus::tuple<std::bfloat16_t, std::bfloat16_t, std::bfloat16_t, float>, opus::seq<8, 8, 8> > >(opus_gemm_mono_tile_kargs_gfx950)",0.0466 0.0462,0.0677 0.0684,0.0610 0.0610,0.0676 0.0672,
12288,1024,4096,False,bfloat16,in: non-pow2 tile,128-255,192,0,192,64,tuned,opus,opus_gemm_mono_tile_512x192x256x64_2x4_16x16x32_0x0x0_nooob,1372.5,1307.6,1274.7,dp,,nan,True,True,True,,True,0,1,1,1,,"void gemm_a16w16_mono_tile_kernel_gfx950<opus_gemm_a16w16_mono_tile_traits_gfx950<512, opus::seq<192, 256, 64>, opus::tuple<std::bfloat16_t, std::bfloat16_t, std::bfloat16_t, float>, opus::seq<8, 8, 8> > >(opus_gemm_mono_tile_kargs_gfx950)",0.0753 0.0749,0.0786 0.0791,0.0812 0.0805,,
12288,2048,4096,False,bfloat16,in: non-pow2 tile,256-511,384,1,128,64,tuned,opus,opus_gemm_mono_tile_512x192x256x64_2x4_16x16x32_0x0x0_nooob_4g_safe,1382.7,1327.9,1373.1,one_tile,owner,1308.8,True,True,True,True,True,0,1,1,1,,"void gemm_a16w16_mono_tile_4g_safe_kernel_gfx950<opus_gemm_a16w16_mono_tile_traits_gfx950<512, opus::seq<192, 256, 64>, opus::tuple<std::bfloat16_t, std::bfloat16_t, std::bfloat16_t, float>, opus::seq<8, 8, 8> > >(opus_gemm_mono_tile_kargs_gfx950)",0.1498 0.1484,0.1541 0.1564,0.1506 0.1497,0.1560 0.1590,
12288,129280,4096,False,bfloat16,in: 256x256,>=512,24240,94,176,64,tuned,asm,_ZN5aiter24bf16gemm_bf16_tn_256x256E,1494.5,1517.1,1555.0,dp,,nan,True,True,True,,True,0,2,2,2,,aiter::bf16gemm_bf16_tn_256x256,8.7061 8.7098,8.5760 8.5801,8.4004 8.3378,,
14336,512,4096,False,bfloat16,in: other listed tile,<128,112,0,112,64,tuned,opus,opus_gemm_mono_tile_512x128x256x64_2x4_16x16x32_0x0x0_nooob,1175.0,881.6,967.6,one_tile,owner,874.0,True,True,True,True,True,0,1,1,1,,"void gemm_a16w16_mono_tile_kernel_gfx950<opus_gemm_a16w16_mono_tile_traits_gfx950<512, opus::seq<128, 256, 64>, opus::tuple<std::bfloat16_t, std::bfloat16_t, std::bfloat16_t, float>, opus::seq<8, 8, 8> > >(opus_gemm_mono_tile_kargs_gfx950)",0.0510 0.0514,0.0680 0.0684,0.0611 0.0631,0.0683 0.0692,
14336,1024,4096,False,bfloat16,in: 256x256,128-255,224,0,224,64,tuned,torch,native,1347.3,1399.4,1364.3,dp,,nan,True,True,True,,True,0,1,1,1,Cijk_Alik_Bljk_BBS_BH_Bias_HA_S_SAV_UserArgs_MT256x224x64_MI16x16x1_SN_LDSB1_AFC0_AFEM1_AFEM1_ASEM1_CLR1_CADS0_DTLA0_DTLB0_DTVA0_DTVB0_EPS0_FDSI0_GRPM1_GRVWA8_GRVWB8_GSU0_GSUAMB_GLS0_ISA950_IU1_K1_LDSTI0_LBSPPA1024_LBSPPB128_LBSPPM0_LPA16_LPB16_LPM0_LRVW8_LWPMn1_MIAV0_MIWT8_7_MO40_NTn1_NTA0_NTB0_NTC0_NTD0_NTM0_NEPBS0_NLCA1_NLCB1_ONLL1_PGR2_PLR1_PKA1_SIA3_SS1_SPO0_SRVW0_SSO0_SVW8_SK3_SKFTR0_SKXCCM0_TLDS1_ULSGRO0_USL1_UIOFGRO0_USFGRO0_VSn1_VWA8_VWB1_WSGRA0_WSGRB0_WS64_WG32_8_1,Cijk_Alik_Bljk_BBS_BH_Bias_HA_S_SAV_UserArgs_MT256x224x64_MI16x16x1_SN_LDSB1_AFC0_AFEM1_AFEM1_ASEM1_CLR1_CADS0_DTLA0_DTLB0_DTVA0_DTVB0_EPS0_FDSI0_GRPM1_GRVWA8_GRVWB8_GSU0_GSUAMB_GLS0_ISA950_IU1_K1_LDSTI0_LBSPPA1024_LBSPPB128_LBSPPM0_LPA16_LPB16_LPM0_LRVW8_LWPMn1_MIAV0_MIWT8_7_MO40_NTn1_NTA0_NTB0_NTC0_NTD0_NTM0_NEPBS0_NLCA1_NLCB1_ONLL1_PGR2_PLR1_PKA1_SIA3_SS1_SPO0_SRVW0_SSO0_SVW8_SK3_SKFTR0_SKXCCM0_TLDS1_ULSGRO0_USL1_UIOFGRO0_USFGRO0_VSn1_VWA8_VWB1_WSGRA0_WSGRB0_WS64_WG32_8_1,0.0894 0.0891,0.0859 0.0860,0.0886 0.0877,,
14336,2048,4096,False,bfloat16,in: 256x256,256-511,448,1,192,64,tuned,flydsl,flydsl_hgemm_abf16_wbf16_bf16_t256x256x64x2_ks1_w2x4x1_bias0_ktail0_gm4_pht_gfx950,1395.5,1429.7,1422.3,dp,,nan,True,True,True,,True,0,1,1,1,,hgemm_bf16_t256x256x64x2_ks1_w2x4x1_gm4_bias0_lnt_phti_0,0.1725 0.1722,0.1683 0.1682,0.1696 0.1686,,
14336,129280,4096,False,bfloat16,in: 256x256,>=512,28280,110,120,64,tuned,asm,_ZN5aiter24bf16gemm_bf16_tn_256x256E,1493.4,1501.1,1527.2,one_tile,owner,1511.9,True,True,True,True,True,0,2,2,2,,aiter::bf16gemm_bf16_tn_256x256,10.2168 10.1162,10.1258 10.1027,9.9400 9.9426,10.1126 9.9722,
16384,512,4096,False,bfloat16,in: other listed tile,128-255,128,0,128,64,tuned,opus,opus_gemm_mono_tile_512x128x256x64_2x4_16x16x32_0x0x0_nooob,1248.3,994.6,1064.3,one_tile,owner,970.5,True,True,True,True,True,0,1,1,1,,"void gemm_a16w16_mono_tile_kernel_gfx950<opus_gemm_a16w16_mono_tile_traits_gfx950<512, opus::seq<128, 256, 64>, opus::tuple<std::bfloat16_t, std::bfloat16_t, std::bfloat16_t, float>, opus::seq<8, 8, 8> > >(opus_gemm_mono_tile_kargs_gfx950)",0.0550 0.0551,0.0690 0.0692,0.0641 0.0650,0.0695 0.0721,
16384,1024,4096,False,bfloat16,in: 256x256,256-511,256,1,0,64,tuned,flydsl,flydsl_hgemm_abf16_wbf16_bf16_t256x256x64x2_ks1_w2x4x1_bias0_ktail0_gm4_pht_gfx950,1457.8,1514.9,1478.7,dp,,nan,True,True,True,,True,0,1,1,1,,hgemm_bf16_t256x256x64x2_ks1_w2x4x1_gm4_bias0_lnt_phti_0,0.0940 0.0945,0.0907 0.0908,0.0932 0.0927,,
16384,2048,4096,False,bfloat16,in: 256x256,>=512,512,2,0,64,tuned,torch,native,1421.3,1541.4,1538.9,dp,,nan,True,True,True,,True,0,1,1,1,Cijk_Alik_Bljk_BBS_BH_Bias_HA_S_SAV_UserArgs_MT256x256x64_MI16x16x1_CMS_SN_LDSB0_AFC1_AFEM1_AFEM1_ASEM1_CLR0_CADS0_DTLA1_DTLB1_DTVA0_DTVB0_EPS0_FDSI0_GRPM1_GRVWA8_GRVWB8_GSU0_GSUAMB_GLS0_ISA950_IU1_K1_LDSTI0_LBSPPA1024_LBSPPB1024_LBSPPM0_LPA16_LPB16_LPM0_LRVW8_LWPMn1_MIAV0_MIWT8_8_MO40_NTn1_NTA1_NTB6_NTC5_NTD7_NTM0_NEPBS16_NLCA1_NLCB1_ONLL1_PGR2_PLR1_PKA1_SIA3_SS1_SPO0_SRVW0_SSO0_SVW8_SK3_SKFTR0_SKXCCM4_TLDS1_ULSGRO0_USL1_UIOFGRO0_USFGRO0_VSn1_VWA8_VWB8_WSGRA0_WSGRB0_WS64_WG32_8_1,Cijk_Alik_Bljk_BBS_BH_Bias_HA_S_SAV_UserArgs_MT256x256x64_MI16x16x1_CMS_SN_LDSB0_AFC1_AFEM1_AFEM1_ASEM1_CLR0_CADS0_DTLA1_DTLB1_DTVA0_DTVB0_EPS0_FDSI0_GRPM1_GRVWA8_GRVWB8_GSU0_GSUAMB_GLS0_ISA950_IU1_K1_LDSTI0_LBSPPA1024_LBSPPB1024_LBSPPM0_LPA16_LPB16_LPM0_LRVW8_LWPMn1_MIAV0_MIWT8_8_MO40_NTn1_NTA1_NTB6_NTC5_NTD7_NTM0_NEPBS16_NLCA1_NLCB1_ONLL1_PGR2_PLR1_PKA1_SIA3_SS1_SPO0_SRVW0_SSO0_SVW8_SK3_SKFTR0_SKXCCM4_TLDS1_ULSGRO0_USL1_UIOFGRO0_USFGRO0_VSn1_VWA8_VWB8_WSGRA0_WSGRB0_WS64_WG32_8_1,0.1941 0.1927,0.1785 0.1781,0.1788 0.1784,,
16384,16384,4096,False,bfloat16,in: 256x256,>=512,4096,16,0,64,tuned,torch,native,1532.9,1523.9,1554.4,dp,,nan,True,True,True,,True,0,2,2,2,Cijk_Alik_Bljk_BBS_BH_Bias_HA_S_SAV_UserArgs_MT256x256x64_MI16x16x1_CMS_SN_LDSB0_AFC0_AFEM1_AFEM1_ASEM1_CLR1_CADS0_DTLA1_DTLB1_DTVA0_DTVB0_EPS0_FDSI0_GRPM1_GRVWA8_GRVWB8_GSU0_GSUAMB_GLS0_ISA950_IU1_K1_LDSTI0_LBSPPA1024_LBSPPB1024_LBSPPM0_LPA16_LPB16_LPM0_LRVW8_LWPMn1_MIAV0_MIWT8_8_MO40_NTn1_NTA0_NTB0_NTC0_NTD4_NTM0_NEPBS0_NLCA1_NLCB1_ONLL1_PGR2_PLR1_PKA1_SIA3_SS1_SPO0_SRVW0_SSO0_SVW8_SK3_SKFTR0_SKXCCM0_TLDS1_ULSGRO0_USL1_UIOFGRO0_USFGRO0_VSn1_VWA8_VWB8_WSGRA0_WSGRB0_WS64_WG32_8_1,Cijk_Alik_Bljk_BBS_BH_Bias_HA_S_SAV_UserArgs_MT256x256x64_MI16x16x1_CMS_SN_LDSB0_AFC0_AFEM1_AFEM1_ASEM1_CLR1_CADS0_DTLA1_DTLB1_DTVA0_DTVB0_EPS0_FDSI0_GRPM1_GRVWA8_GRVWB8_GSU0_GSUAMB_GLS0_ISA950_IU1_K1_LDSTI0_LBSPPA1024_LBSPPB1024_LBSPPM0_LPA16_LPB16_LPM0_LRVW8_LWPMn1_MIAV0_MIWT8_8_MO40_NTn1_NTA0_NTB0_NTC0_NTD4_NTM0_NEPBS0_NLCA1_NLCB1_ONLL1_PGR2_PLR1_PKA1_SIA3_SS1_SPO0_SRVW0_SSO0_SVW8_SK3_SKFTR0_SKXCCM0_TLDS1_ULSGRO0_USL1_UIOFGRO0_USFGRO0_VSn1_VWA8_VWB8_WSGRA0_WSGRB0_WS64_WG32_8_1,1.4404 1.4287,1.4430 1.4431,1.4196 1.4098,,
16384,129280,4096,False,bfloat16,in: 256x256,>=512,32320,126,64,64,tuned,asm,_ZN5aiter24bf16gemm_bf16_tn_256x256E,1492.6,1533.2,1564.5,one_tile,owner,1574.1,True,True,True,True,True,0,2,2,2,,aiter::bf16gemm_bf16_tn_256x256,11.6513 11.5993,11.3091 11.3255,11.1591 11.0233,11.0278 11.0179,
32768,16384,4096,False,bfloat16,in: 256x256,>=512,8192,32,0,64,tuned,flydsl,flydsl_hgemm_abf16_wbf16_bf16_t256x256x64x2_ks1_w2x4x1_bias0_ktail0_gm0_pht_gfx950,1501.5,1524.5,1561.0,dp,,nan,True,True,True,,True,0,2,2,2,,hgemm_bf16_t256x256x64x2_ks1_w2x4x1_gm0_bias0_lnt_phti_0,2.9368 2.9213,2.8844 2.8854,2.8217 2.8131,,
512,7168,4224,False,bfloat16,in: other listed tile,<128,56,0,56,66,tuned,flydsl,flydsl_hgemm_abf16_wbf16_bf16_t128x128x64x3_ks1_w4x4x1_bias0_ktail0_gm0_pft_gfx950,831.2,457.3,614.9,one_tile,owner,461.5,True,True,True,True,True,0,1,1,1,,hgemm_bf16_t128x128x64x3_ks1_w4x4x1_gm0_bias0_lnt_pft_0,0.0379 0.0367,0.0677 0.0678,0.0505 0.0503,0.0672 0.0672,
1024,7168,4224,False,bfloat16,in: other listed tile,<128,112,0,112,66,tuned,flydsl,flydsl_hgemm_abf16_wbf16_bf16_t128x256x64x2_ks1_w2x4x1_bias0_ktail0_gm0_pht_gfx950,1137.5,879.5,993.7,one_tile,owner,886.6,True,True,True,True,True,0,2,2,2,,hgemm_bf16_t128x256x64x2_ks1_w2x4x1_gm0_bias0_lnt_phti_0,0.0549 0.0541,0.0703 0.0707,0.0611 0.0637,0.0699 0.0700,
10240,7168,4224,False,bfloat16,in: 256x256,>=512,1120,4,96,66,tuned,opus,opus_gemm_256x256x128x32_2x2_16x16x32_0x0x0_nooob,959.9,1449.1,1489.9,one_tile,owner,1464.6,True,True,True,True,True,0,1,1,1,,"void gemm_a16w16_kernel<opus_gemm_a16w16_traits_gfx950<256, opus::seq<256, 128, 32>, opus::tuple<std::bfloat16_t, std::bfloat16_t, std::bfloat16_t, float>, opus::seq<8, 8, 4>, opus::seq<2, 2, 1>, opus::seq<16, 16, 32>, false, std::bfloat16_t, false, 0, 17, 8, 32> >(opus_gemm_noscale_kargs_gfx950)",0.6479 0.6441,0.4285 0.4274,0.4158 0.4166,0.4238 0.4230,
512,6144,4608,False,bfloat16,in: non-pow2 tile,<128,48,0,48,72,tuned,flydsl,flydsl_hgemm_abf16_wbf16_bf16_t128x96x64x4_ks1_w2x2x1_bias0_ktail0_gm4_pft_gfx950,781.0,398.6,564.6,one_tile,owner,401.4,True,True,True,True,True,0,1,1,1,,hgemm_bf16_t128x96x64x4_ks1_w2x2x1_gm4_bias0_lnt_pft_0,0.0376 0.0367,0.0727 0.0728,0.0517 0.0509,0.0723 0.0721,
1024,6144,4608,False,bfloat16,in: non-pow2 tile,<128,96,0,96,72,tuned,torch,native,1013.7,770.9,887.6,one_tile,owner,778.9,True,True,True,True,True,0,1,1,1,Cijk_Alik_Bljk_BBS_BH_Bias_HA_S_SAV_UserArgs_MT192x128x128_MI16x16x1_SN_LDSB1_AFC0_AFEM1_AFEM1_ASEM1_CLR0_CADS0_DTLA0_DTLB0_DTVA0_DTVB0_EPS0_FDSI0_GRPM1_GRVWA8_GRVWB8_GSU0_GSUAMB_GLS0_ISA950_IU1_K1_LDSTI0_LBSPPA512_LBSPPB1024_LBSPPM0_LPA16_LPB16_LPM0_LRVW8_LWPMn1_MIAV0_MIWT6_4_MO40_NTn1_NTA0_NTB0_NTC1_NTD4_NTM0_NEPBS0_NLCA1_NLCB1_ONLL1_PGR2_PLR1_PKA1_SIA3_SS1_SPO0_SRVW0_SSO1_SVW2_SK3_SKFTR0_SKXCCM0_TLDS2_ULSGRO0_USL1_UIOFGRO0_USFGRO0_VSn1_VWA2_VWB4_WSGRA0_WSGRB0_WS64_WG32_8_1,Cijk_Alik_Bljk_BBS_BH_Bias_HA_S_SAV_UserArgs_MT192x128x128_MI16x16x1_SN_LDSB1_AFC0_AFEM1_AFEM1_ASEM1_CLR0_CADS0_DTLA0_DTLB0_DTVA0_DTVB0_EPS0_FDSI0_GRPM1_GRVWA8_GRVWB8_GSU0_GSUAMB_GLS0_ISA950_IU1_K1_LDSTI0_LBSPPA512_LBSPPB1024_LBSPPM0_LPA16_LPB16_LPM0_LRVW8_LWPMn1_MIAV0_MIWT6_4_MO40_NTn1_NTA0_NTB0_NTC1_NTD4_NTM0_NEPBS0_NLCA1_NLCB1_ONLL1_PGR2_PLR1_PKA1_SIA3_SS1_SPO0_SRVW0_SSO1_SVW2_SK3_SKFTR0_SKXCCM0_TLDS2_ULSGRO0_USL1_UIOFGRO0_USFGRO0_VSn1_VWA2_VWB4_WSGRA0_WSGRB0_WS64_WG32_8_1,0.0573 0.0571,0.0751 0.0754,0.0651 0.0655,0.0744 0.0745,
2048,6144,4608,False,bfloat16,in: 256x256,128-255,192,0,192,72,tuned,flydsl,flydsl_hgemm_abf16_wbf16_bf16_t256x256x64x2_ks1_w2x4x1_bias0_ktail0_gm0_pht_gfx950,1275.0,1350.8,1303.6,dp,,nan,True,True,True,,True,0,1,1,1,,hgemm_bf16_t256x256x64x2_ks1_w2x4x1_gm0_bias0_lnt_phti_0,0.0914 0.0905,0.0858 0.0859,0.0880 0.0900,,
4096,6144,4608,False,bfloat16,in: 256x256,256-511,384,1,128,72,tuned,torch,native,1327.6,1351.3,1412.6,one_tile,owner,1358.7,True,True,True,True,True,0,2,2,2,Cijk_Alik_Bljk_BBS_BH_Bias_HA_S_SAV_UserArgs_MT192x256x64_MI16x16x1_SN_LDSB0_AFC0_AFEM1_AFEM1_ASEM1_CLR1_CADS0_DTLA0_DTLB0_DTVA0_DTVB0_EPS0_FDSI0_GRPM1_GRVWA8_GRVWB8_GSU0_GSUAMB_GLS0_ISA950_IU1_K1_LDSTI0_LBSPPA256_LBSPPB1024_LBSPPM0_LPA16_LPB16_LPM0_LRVW8_LWPMn1_MIAV0_MIWT6_8_MO40_NTn1_NTA0_NTB0_NTC0_NTD0_NTM0_NEPBS0_NLCA1_NLCB1_ONLL1_PGR2_PLR1_PKA1_SIA3_SS1_SPO0_SRVW0_SSO0_SVW2_SK3_SKFTR0_SKXCCM0_TLDS1_ULSGRO0_USL1_UIOFGRO0_USFGRO0_VSn1_VWA2_VWB8_WSGRA0_WSGRB0_WS64_WG32_8_1,Cijk_Alik_Bljk_BBS_BH_Bias_HA_S_SAV_UserArgs_MT192x256x64_MI16x16x1_SN_LDSB0_AFC0_AFEM1_AFEM1_ASEM1_CLR1_CADS0_DTLA0_DTLB0_DTVA0_DTVB0_EPS0_FDSI0_GRPM1_GRVWA8_GRVWB8_GSU0_GSUAMB_GLS0_ISA950_IU1_K1_LDSTI0_LBSPPA256_LBSPPB1024_LBSPPM0_LPA16_LPB16_LPM0_LRVW8_LWPMn1_MIAV0_MIWT6_8_MO40_NTn1_NTA0_NTB0_NTC0_NTD0_NTM0_NEPBS0_NLCA1_NLCB1_ONLL1_PGR2_PLR1_PKA1_SIA3_SS1_SPO0_SRVW0_SSO0_SVW2_SK3_SKFTR0_SKXCCM0_TLDS1_ULSGRO0_USL1_UIOFGRO0_USFGRO0_VSn1_VWA2_VWB8_WSGRA0_WSGRB0_WS64_WG32_8_1,0.1756 0.1738,0.1716 0.1717,0.1640 0.1644,0.1706 0.1708,
8192,6144,4608,False,bfloat16,in: 256x256,>=512,768,3,0,72,tuned,torch,native,1512.7,1563.0,1569.8,dp,,nan,True,True,True,,True,0,1,1,1,Cijk_Alik_Bljk_BBS_BH_Bias_HA_S_SAV_UserArgs_MT256x256x64_MI16x16x1_CMS_SN_LDSB0_AFC0_AFEM1_AFEM1_ASEM1_CLR1_CADS0_DTLA1_DTLB1_DTVA0_DTVB0_EPS0_FDSI0_GRPM1_GRVWA8_GRVWB8_GSU0_GSUAMB_GLS0_ISA950_IU1_K1_LDSTI0_LBSPPA1024_LBSPPB1024_LBSPPM0_LPA16_LPB16_LPM0_LRVW8_LWPMn1_MIAV0_MIWT8_8_MO40_NTn1_NTA0_NTB0_NTC0_NTD4_NTM0_NEPBS0_NLCA1_NLCB1_ONLL1_PGR2_PLR1_PKA1_SIA3_SS1_SPO0_SRVW0_SSO0_SVW8_SK3_SKFTR0_SKXCCM0_TLDS1_ULSGRO0_USL1_UIOFGRO0_USFGRO0_VSn1_VWA8_VWB8_WSGRA0_WSGRB0_WS64_WG32_8_1,Cijk_Alik_Bljk_BBS_BH_Bias_HA_S_SAV_UserArgs_MT256x256x64_MI16x16x1_CMS_SN_LDSB0_AFC0_AFEM1_AFEM1_ASEM1_CLR1_CADS0_DTLA1_DTLB1_DTVA0_DTVB0_EPS0_FDSI0_GRPM1_GRVWA8_GRVWB8_GSU0_GSUAMB_GLS0_ISA950_IU1_K1_LDSTI0_LBSPPA1024_LBSPPB1024_LBSPPM0_LPA16_LPB16_LPM0_LRVW8_LWPMn1_MIAV0_MIWT8_8_MO40_NTn1_NTA0_NTB0_NTC0_NTD4_NTM0_NEPBS0_NLCA1_NLCB1_ONLL1_PGR2_PLR1_PKA1_SIA3_SS1_SPO0_SRVW0_SSO0_SVW8_SK3_SKFTR0_SKXCCM0_TLDS1_ULSGRO0_USL1_UIOFGRO0_USFGRO0_VSn1_VWA8_VWB8_WSGRA0_WSGRB0_WS64_WG32_8_1,0.3056 0.3077,0.2964 0.2972,0.2958 0.2952,,
16384,6144,4608,False,bfloat16,in: 256x256,>=512,1536,6,0,72,tuned,torch,native,1525.7,1552.7,1570.1,dp,,nan,True,True,True,,True,0,1,1,1,Cijk_Alik_Bljk_BBS_BH_Bias_HA_S_SAV_UserArgs_MT256x256x64_MI16x16x1_CMS_SN_LDSB0_AFC0_AFEM1_AFEM1_ASEM1_CLR1_CADS0_DTLA1_DTLB1_DTVA0_DTVB0_EPS0_FDSI0_GRPM1_GRVWA8_GRVWB8_GSU0_GSUAMB_GLS0_ISA950_IU1_K1_LDSTI0_LBSPPA1024_LBSPPB1024_LBSPPM0_LPA16_LPB16_LPM0_LRVW8_LWPMn1_MIAV0_MIWT8_8_MO40_NTn1_NTA0_NTB0_NTC0_NTD4_NTM0_NEPBS0_NLCA1_NLCB1_ONLL1_PGR2_PLR1_PKA1_SIA3_SS1_SPO0_SRVW0_SSO0_SVW8_SK3_SKFTR0_SKXCCM0_TLDS1_ULSGRO0_USL1_UIOFGRO0_USFGRO0_VSn1_VWA8_VWB8_WSGRA0_WSGRB0_WS64_WG32_8_1,Cijk_Alik_Bljk_BBS_BH_Bias_HA_S_SAV_UserArgs_MT256x256x64_MI16x16x1_CMS_SN_LDSB0_AFC0_AFEM1_AFEM1_ASEM1_CLR1_CADS0_DTLA1_DTLB1_DTVA0_DTVB0_EPS0_FDSI0_GRPM1_GRVWA8_GRVWB8_GSU0_GSUAMB_GLS0_ISA950_IU1_K1_LDSTI0_LBSPPA1024_LBSPPB1024_LBSPPM0_LPA16_LPB16_LPM0_LRVW8_LWPMn1_MIAV0_MIWT8_8_MO40_NTn1_NTA0_NTB0_NTC0_NTD4_NTM0_NEPBS0_NLCA1_NLCB1_ONLL1_PGR2_PLR1_PKA1_SIA3_SS1_SPO0_SRVW0_SSO0_SVW8_SK3_SKFTR0_SKXCCM0_TLDS1_ULSGRO0_USL1_UIOFGRO0_USFGRO0_VSn1_VWA8_VWB8_WSGRA0_WSGRB0_WS64_WG32_8_1,0.6087 0.6074,0.5980 0.5970,0.5924 0.5894,,
32768,6144,4608,False,bfloat16,in: 256x256,>=512,3072,12,0,72,tuned,torch,native,1513.6,1549.7,1577.3,dp,,nan,True,True,True,,True,0,2,2,2,Cijk_Alik_Bljk_BBS_BH_Bias_HA_S_SAV_UserArgs_MT256x256x64_MI16x16x1_CMS_SN_LDSB0_AFC0_AFEM1_AFEM1_ASEM1_CLR1_CADS0_DTLA1_DTLB1_DTVA0_DTVB0_EPS0_FDSI0_GRPM1_GRVWA8_GRVWB8_GSU0_GSUAMB_GLS0_ISA950_IU1_K1_LDSTI0_LBSPPA1024_LBSPPB1024_LBSPPM0_LPA16_LPB16_LPM0_LRVW8_LWPMn1_MIAV0_MIWT8_8_MO40_NTn1_NTA0_NTB0_NTC0_NTD4_NTM0_NEPBS0_NLCA1_NLCB1_ONLL1_PGR2_PLR1_PKA1_SIA3_SS1_SPO0_SRVW0_SSO0_SVW8_SK3_SKFTR0_SKXCCM0_TLDS1_ULSGRO0_USL1_UIOFGRO0_USFGRO0_VSn1_VWA8_VWB8_WSGRA0_WSGRB0_WS64_WG32_8_1,Cijk_Alik_Bljk_BBS_BH_Bias_HA_S_SAV_UserArgs_MT256x256x64_MI16x16x1_CMS_SN_LDSB0_AFC0_AFEM1_AFEM1_ASEM1_CLR1_CADS0_DTLA1_DTLB1_DTVA0_DTVB0_EPS0_FDSI0_GRPM1_GRVWA8_GRVWB8_GSU0_GSUAMB_GLS0_ISA950_IU1_K1_LDSTI0_LBSPPA1024_LBSPPB1024_LBSPPM0_LPA16_LPB16_LPM0_LRVW8_LWPMn1_MIAV0_MIWT8_8_MO40_NTn1_NTA0_NTB0_NTC0_NTD4_NTM0_NEPBS0_NLCA1_NLCB1_ONLL1_PGR2_PLR1_PKA1_SIA3_SS1_SPO0_SRVW0_SSO0_SVW8_SK3_SKFTR0_SKXCCM0_TLDS1_ULSGRO0_USL1_UIOFGRO0_USFGRO0_VSn1_VWA8_VWB8_WSGRA0_WSGRB0_WS64_WG32_8_1,1.2307 1.2210,1.1982 1.1965,1.1782 1.1745,,
512,1024,5120,False,float32,out: split-K,<128,8,0,8,80,tuned,asm,_ZN5aiter39bf16gemm_fp32bf16_tn_64x64_splitk_cleanE,334.6,65.5,132.5,one_tile,rs,65.8,True,True,True,True,True,0,0.000702,0.000824,0.000641,,aiter::bf16gemm_fp32bf16_tn_64x64_splitk_clean,0.0161 0.0160,0.0819 0.0820,0.0406 0.0405,0.0816 0.0816,
512,5120,5120,False,bfloat16,in: non-pow2 tile,<128,40,0,40,80,tuned,torch,native,789.4,336.6,510.8,one_tile,owner,339.5,True,True,True,True,True,0,1,1,1,Cijk_Alik_Bljk_BBS_BH_Bias_HA_S_SAV_UserArgs_MT96x128x128_MI16x16x1_SN_LDSB0_AFC0_AFEM1_AFEM1_ASEM1_CLR0_CADS0_DTLA0_DTLB0_DTVA0_DTVB0_EPS0_FDSI0_GRPM1_GRVWA8_GRVWB8_GSU0_GSUAMB_GLS0_ISA950_IU1_K1_LDSTI0_LBSPPA512_LBSPPB512_LBSPPM0_LPA16_LPB16_LPM0_LRVW8_LWPMn1_MIAV1_MIWT6_2_MO40_NTn1_NTA0_NTB2_NTC0_NTD5_NTM0_NEPBS0_NLCA1_NLCB1_ONLL1_PGR2_PLR1_PKA1_SIA3_SS1_SPO1_SRVW0_SSO1_SVW2_SK3_SKFTR0_SKXCCM8_TLDS1_ULSGRO0_USL1_UIOFGRO0_USFGRO0_VSn1_VWA2_VWB2_WSGRA0_WSGRB0_WS64_WG16_16_1,Cijk_Alik_Bljk_BBS_BH_Bias_HA_S_SAV_UserArgs_MT96x128x128_MI16x16x1_SN_LDSB0_AFC0_AFEM1_AFEM1_ASEM1_CLR0_CADS0_DTLA0_DTLB0_DTVA0_DTVB0_EPS0_FDSI0_GRPM1_GRVWA8_GRVWB8_GSU0_GSUAMB_GLS0_ISA950_IU1_K1_LDSTI0_LBSPPA512_LBSPPB512_LBSPPM0_LPA16_LPB16_LPM0_LRVW8_LWPMn1_MIAV1_MIWT6_2_MO40_NTn1_NTA0_NTB2_NTC0_NTD5_NTM0_NEPBS0_NLCA1_NLCB1_ONLL1_PGR2_PLR1_PKA1_SIA3_SS1_SPO1_SRVW0_SSO1_SVW2_SK3_SKFTR0_SKXCCM8_TLDS1_ULSGRO0_USL1_UIOFGRO0_USFGRO0_VSn1_VWA2_VWB2_WSGRA0_WSGRB0_WS64_WG16_16_1,0.0340 0.0340,0.0798 0.0797,0.0529 0.0522,0.0793 0.0789,
512,6400,5120,False,bfloat16,in: other listed tile,<128,50,0,50,80,tuned,flydsl,flydsl_hgemm_abf16_wbf16_bf16_t128x128x64x4_ks1_w4x2x2_bias0_ktail0_gm0_pft_gfx950,705.1,419.3,628.4,one_tile,owner,422.3,False,True,True,True,True,0,2,1,1,,hgemm_bf16_t128x128x64x4_ks1_w4x2x2_gm0_bias0_lnt_pft_0,0.0477 0.0475,0.0800 0.0800,0.0533 0.0535,0.0796 0.0793,
512,12800,5120,False,bfloat16,in: other listed tile,<128,100,0,100,80,tuned,flydsl,flydsl_hgemm_abf16_wbf16_bf16_t128x128x64x4_ks1_w2x2x2_bias0_ktail0_gm4_pft_gfx950,798.1,824.1,956.8,one_tile,owner,813.4,False,True,True,True,True,0,2,1,1,,hgemm_bf16_t128x128x64x4_ks1_w2x2x2_gm4_bias0_lnt_pft_0,0.0847 0.0835,0.0816 0.0813,0.0700 0.0703,0.0829 0.0822,
512,37888,5120,False,bfloat16,in: non-pow2 tile,256-511,296,1,40,80,tuned,torch,native,1059.7,981.0,1098.1,one_tile,owner,982.7,True,True,True,True,True,0,1,1,1,Cijk_Alik_Bljk_BBS_BH_Bias_HA_S_SAV_UserArgs_MT160x256x64_MI16x16x1_SN_LDSB0_AFC0_AFEM1_AFEM1_ASEM1_CLR1_CADS0_DTLA0_DTLB0_DTVA0_DTVB0_EPS0_FDSI0_GRPM1_GRVWA8_GRVWB8_GSU0_GSUAMB_GLS0_ISA950_IU1_K1_LDSTI0_LBSPPA128_LBSPPB1024_LBSPPM0_LPA16_LPB16_LPM0_LRVW8_LWPMn1_MIAV0_MIWT5_8_MO40_NTn1_NTA4_NTB0_NTC0_NTD0_NTM0_NEPBS0_NLCA1_NLCB1_ONLL1_PGR2_PLR1_PKA1_SIA3_SS1_SPO0_SRVW0_SSO0_SVW1_SK3_SKFTR0_SKXCCM8_TLDS1_ULSGRO0_USL1_UIOFGRO0_USFGRO0_VSn1_VWA1_VWB8_WSGRA0_WSGRB0_WS64_WG32_8_1,Cijk_Alik_Bljk_BBS_BH_Bias_HA_S_SAV_UserArgs_MT160x256x64_MI16x16x1_SN_LDSB0_AFC0_AFEM1_AFEM1_ASEM1_CLR1_CADS0_DTLA0_DTLB0_DTVA0_DTVB0_EPS0_FDSI0_GRPM1_GRVWA8_GRVWB8_GSU0_GSUAMB_GLS0_ISA950_IU1_K1_LDSTI0_LBSPPA128_LBSPPB1024_LBSPPM0_LPA16_LPB16_LPM0_LRVW8_LWPMn1_MIAV0_MIWT5_8_MO40_NTn1_NTA4_NTB0_NTC0_NTD0_NTM0_NEPBS0_NLCA1_NLCB1_ONLL1_PGR2_PLR1_PKA1_SIA3_SS1_SPO0_SRVW0_SSO0_SVW1_SK3_SKFTR0_SKXCCM8_TLDS1_ULSGRO0_USL1_UIOFGRO0_USFGRO0_VSn1_VWA1_VWB8_WSGRA0_WSGRB0_WS64_WG32_8_1,0.1876 0.1873,0.2026 0.2024,0.1806 0.1812,0.2021 0.2022,
512,51200,5120,False,bfloat16,in: 256x256,256-511,400,1,144,80,tuned,flydsl,flydsl_hgemm_abf16_wbf16_bf16_t256x256x64x2_ks1_w2x4x1_bias0_ktail0_gm4_pht_gfx950,1149.7,1214.1,1211.6,dp,,nan,True,True,True,,True,0,1,1,1,,hgemm_bf16_t256x256x64x2_ks1_w2x4x1_gm4_bias0_lnt_phti_0,0.2337 0.2333,0.2203 0.2219,0.2218 0.2213,,
768,1024,5120,False,float32,out: split-K,<128,12,0,12,80,tuned,asm,_ZN5aiter39bf16gemm_fp32bf16_tn_96x64_splitk_cleanE,408.9,98.0,195.3,one_tile,rs,98.4,True,True,True,True,True,0,0.000702,0.000824,0.000702,,aiter::bf16gemm_fp32bf16_tn_96x64_splitk_clean,0.0198 0.0196,0.0823 0.0821,0.0411 0.0413,0.0819 0.0817,
768,37888,5120,False,bfloat16,in: 256x256,256-511,444,1,188,80,untuned,torch,,1239.8,1339.1,1327.9,dp,,nan,True,True,True,,True,0,2,2,2,Cijk_Alik_Bljk_BBS_BH_Bias_HA_S_SAV_UserArgs_MT224x256x64_MI16x16x1_SN_LDSB1_AFC0_AFEM1_AFEM1_ASEM1_CLR1_CADS0_DTLA0_DTLB0_DTVA0_DTVB0_EPS0_FDSI0_GRPM1_GRVWA8_GRVWB8_GSU0_GSUAMB_GLS0_ISA950_IU1_K1_LDSTI0_LBSPPA128_LBSPPB1024_LBSPPM0_LPA16_LPB16_LPM0_LRVW8_LWPMn1_MIAV0_MIWT7_8_MO40_NTn1_NTA0_NTB0_NTC0_NTD0_NTM0_NEPBS0_NLCA1_NLCB1_ONLL1_PGR2_PLR1_PKA1_SIA3_SS1_SPO0_SRVW0_SSO0_SVW1_SK3_SKFTR0_SKXCCM0_TLDS1_ULSGRO0_USL1_UIOFGRO0_USFGRO0_VSn1_VWA1_VWB8_WSGRA0_WSGRB0_WS64_WG32_8_1,Cijk_Alik_Bljk_BBS_BH_Bias_HA_S_SAV_UserArgs_MT224x256x64_MI16x16x1_SN_LDSB1_AFC0_AFEM1_AFEM1_ASEM1_CLR1_CADS0_DTLA0_DTLB0_DTVA0_DTVB0_EPS0_FDSI0_GRPM1_GRVWA8_GRVWB8_GSU0_GSUAMB_GLS0_ISA950_IU1_K1_LDSTI0_LBSPPA128_LBSPPB1024_LBSPPM0_LPA16_LPB16_LPM0_LRVW8_LWPMn1_MIAV0_MIWT7_8_MO40_NTn1_NTA0_NTB0_NTC0_NTD0_NTM0_NEPBS0_NLCA1_NLCB1_ONLL1_PGR2_PLR1_PKA1_SIA3_SS1_SPO0_SRVW0_SSO0_SVW1_SK3_SKFTR0_SKXCCM0_TLDS1_ULSGRO0_USL1_UIOFGRO0_USFGRO0_VSn1_VWA1_VWB8_WSGRA0_WSGRB0_WS64_WG32_8_1,0.2412 0.2395,0.2226 0.2224,0.2246 0.2241,,
1024,1024,5120,False,float32,out: split-K,<128,16,0,16,80,tuned,asm,_ZN5aiter37bf16gemm_fp32bf16_tn_64x64_pf3_splitkE,458.1,130.4,258.7,one_tile,rs,130.9,True,True,True,True,True,0,0.000961,0.000961,0.0009,,aiter::bf16gemm_fp32bf16_tn_64x64_pf3_splitk,0.0235 0.0234,0.0823 0.0824,0.0415 0.0415,0.0819 0.0821,
1024,5120,5120,False,bfloat16,in: non-pow2 tile,<128,80,0,80,80,tuned,torch,native,1010.7,657.8,903.5,one_tile,owner,662.1,True,True,True,True,True,0,1,1,1,Cijk_Alik_Bljk_BBS_BH_Bias_HA_S_SAV_UserArgs_MT160x128x128_MI16x16x1_SN_LDSB1_AFC0_AFEM1_AFEM1_ASEM1_CLR1_CADS0_DTLA0_DTLB0_DTVA0_DTVB0_EPS0_FDSI0_GRPM1_GRVWA8_GRVWB8_GSU0_GSUAMB_GLS0_ISA950_IU1_K1_LDSTI0_LBSPPA256_LBSPPB1024_LBSPPM0_LPA16_LPB16_LPM0_LRVW8_LWPMn1_MIAV0_MIWT5_4_MO40_NTn1_NTA0_NTB0_NTC0_NTD0_NTM0_NEPBS0_NLCA1_NLCB1_ONLL1_PGR2_PLR1_PKA1_SIA3_SS1_SPO0_SRVW0_SSO0_SVW1_SK3_SKFTR0_SKXCCM0_TLDS1_ULSGRO0_USL1_UIOFGRO0_USFGRO0_VSn1_VWA1_VWB4_WSGRA0_WSGRB0_WS64_WG32_8_1,Cijk_Alik_Bljk_BBS_BH_Bias_HA_S_SAV_UserArgs_MT160x128x128_MI16x16x1_SN_LDSB1_AFC0_AFEM1_AFEM1_ASEM1_CLR1_CADS0_DTLA0_DTLB0_DTVA0_DTVB0_EPS0_FDSI0_GRPM1_GRVWA8_GRVWB8_GSU0_GSUAMB_GLS0_ISA950_IU1_K1_LDSTI0_LBSPPA256_LBSPPB1024_LBSPPM0_LPA16_LPB16_LPM0_LRVW8_LWPMn1_MIAV0_MIWT5_4_MO40_NTn1_NTA0_NTB0_NTC0_NTD0_NTM0_NEPBS0_NLCA1_NLCB1_ONLL1_PGR2_PLR1_PKA1_SIA3_SS1_SPO0_SRVW0_SSO0_SVW1_SK3_SKFTR0_SKXCCM0_TLDS1_ULSGRO0_USL1_UIOFGRO0_USFGRO0_VSn1_VWA1_VWB4_WSGRA0_WSGRB0_WS64_WG32_8_1,0.0531 0.0532,0.0816 0.0816,0.0589 0.0600,0.0809 0.0813,
1024,6400,5120,False,bfloat16,in: other listed tile,<128,100,0,100,80,tuned,flydsl,flydsl_hgemm_abf16_wbf16_bf16_t256x128x64x3_ks1_w4x2x2_bias0_ktail0_gm0_pft_gfx950,955.0,812.9,960.8,one_tile,owner,805.5,False,True,True,True,True,0,2,1,1,,hgemm_bf16_t256x128x64x3_ks1_w4x2x2_gm0_bias0_lnt_pft_0,0.0702 0.0704,0.0822 0.0829,0.0703 0.0694,0.0819 0.0847,
1024,12800,5120,False,bfloat16,in: 256x256,128-255,200,0,200,80,tuned,flydsl,flydsl_hgemm_abf16_wbf16_bf16_t128x128x64x3_ks1_w4x4x1_bias0_ktail0_gm0_pft_gfx950,797.1,1364.1,1330.3,dp,,nan,True,True,True,,True,0,2,2,2,,hgemm_bf16_t128x128x64x3_ks1_w4x4x1_gm0_bias0_lnt_pft_0,0.1681 0.1686,0.0986 0.0981,0.1010 0.1008,,
1024,37888,5120,False,bfloat16,in: 256x256,>=512,592,2,80,80,untuned,torch,,1068.7,1270.2,1355.3,one_tile,owner,1276.5,True,True,True,True,True,0,2,2,2,Cijk_Alik_Bljk_BBS_BH_Bias_HA_S_SAV_UserArgs_MT256x208x64_MI16x16x1_SN_LDSB1_AFC0_AFEM1_AFEM1_ASEM1_CLR1_CADS0_DTLA0_DTLB0_DTVA0_DTVB0_EPS0_FDSI0_GRPM1_GRVWA8_GRVWB4_GSU0_GSUAMB_GLS0_ISA950_IU1_K1_LDSTI0_LBSPPA512_LBSPPB128_LBSPPM0_LPA16_LPB16_LPM0_LRVW8_LWPMn1_MIAV0_MIWT4_13_MO40_NTn1_NTA0_NTB0_NTC0_NTD0_NTM0_NEPBS0_NLCA1_NLCB1_ONLL1_PGR2_PLR1_PKA1_SIA3_SS1_SPO0_SRVW0_SSO0_SVW4_SK3_SKFTR0_SKXCCM0_TLDS1_ULSGRO0_USL1_UIOFGRO0_USFGRO0_VSn1_VWA4_VWB1_WSGRA0_WSGRB0_WS64_WG64_4_1,Cijk_Alik_Bljk_BBS_BH_Bias_HA_S_SAV_UserArgs_MT256x208x64_MI16x16x1_SN_LDSB1_AFC0_AFEM1_AFEM1_ASEM1_CLR1_CADS0_DTLA0_DTLB0_DTVA0_DTVB0_EPS0_FDSI0_GRPM1_GRVWA8_GRVWB4_GSU0_GSUAMB_GLS0_ISA950_IU1_K1_LDSTI0_LBSPPA512_LBSPPB128_LBSPPM0_LPA16_LPB16_LPM0_LRVW8_LWPMn1_MIAV0_MIWT4_13_MO40_NTn1_NTA0_NTB0_NTC0_NTD0_NTM0_NEPBS0_NLCA1_NLCB1_ONLL1_PGR2_PLR1_PKA1_SIA3_SS1_SPO0_SRVW0_SSO0_SVW4_SK3_SKFTR0_SKXCCM0_TLDS1_ULSGRO0_USL1_UIOFGRO0_USFGRO0_VSn1_VWA4_VWB1_WSGRA0_WSGRB0_WS64_WG64_4_1,0.3721 0.3714,0.3128 0.3128,0.2937 0.2925,0.3121 0.3104,
1024,51200,5120,False,bfloat16,in: 256x256,>=512,800,3,32,80,tuned,asm,_ZN5aiter24bf16gemm_bf16_tn_256x256E,1222.7,1270.5,1372.9,two_tile,rs,1286.6,True,True,True,True,True,0,2,2,2,,aiter::bf16gemm_bf16_tn_256x256,0.4409 0.4373,0.4230 0.4221,0.3910 0.3911,0.4166 0.4179,
1536,1024,5120,False,float32,out: split-K,<128,24,0,24,80,tuned,asm,_ZN5aiter37bf16gemm_fp32bf16_tn_96x64_pf3_splitkE,577.8,195.4,343.6,one_tile,rs,194.9,True,True,True,True,True,0,0.000885,0.000732,0.000824,,aiter::bf16gemm_fp32bf16_tn_96x64_pf3_splitk,0.0280 0.0278,0.0824 0.0825,0.0468 0.0469,0.0828 0.0825,
1536,37888,5120,False,bfloat16,in: 256x256,>=512,888,3,120,80,untuned,torch,,1274.8,1364.0,1412.9,one_tile,owner,1371.7,True,True,True,True,True,0,1,1,1,Cijk_Alik_Bljk_BBS_BH_Bias_HA_S_SAV_UserArgs_MT224x256x64_MI16x16x1_SN_LDSB1_AFC0_AFEM1_AFEM1_ASEM1_CLR1_CADS0_DTLA0_DTLB0_DTVA0_DTVB0_EPS0_FDSI0_GRPM1_GRVWA8_GRVWB8_GSU0_GSUAMB_GLS0_ISA950_IU1_K1_LDSTI0_LBSPPA128_LBSPPB1024_LBSPPM0_LPA16_LPB16_LPM0_LRVW8_LWPMn1_MIAV0_MIWT7_8_MO40_NTn1_NTA0_NTB0_NTC0_NTD0_NTM0_NEPBS0_NLCA1_NLCB1_ONLL1_PGR2_PLR1_PKA1_SIA3_SS1_SPO0_SRVW0_SSO0_SVW1_SK3_SKFTR0_SKXCCM0_TLDS1_ULSGRO0_USL1_UIOFGRO0_USFGRO0_VSn1_VWA1_VWB8_WSGRA0_WSGRB0_WS64_WG32_8_1,Cijk_Alik_Bljk_BBS_BH_Bias_HA_S_SAV_UserArgs_MT224x256x64_MI16x16x1_SN_LDSB1_AFC0_AFEM1_AFEM1_ASEM1_CLR1_CADS0_DTLA0_DTLB0_DTVA0_DTVB0_EPS0_FDSI0_GRPM1_GRVWA8_GRVWB8_GSU0_GSUAMB_GLS0_ISA950_IU1_K1_LDSTI0_LBSPPA128_LBSPPB1024_LBSPPM0_LPA16_LPB16_LPM0_LRVW8_LWPMn1_MIAV0_MIWT7_8_MO40_NTn1_NTA0_NTB0_NTC0_NTD0_NTM0_NEPBS0_NLCA1_NLCB1_ONLL1_PGR2_PLR1_PKA1_SIA3_SS1_SPO0_SRVW0_SSO0_SVW1_SK3_SKFTR0_SKXCCM0_TLDS1_ULSGRO0_USL1_UIOFGRO0_USFGRO0_VSn1_VWA1_VWB8_WSGRA0_WSGRB0_WS64_WG32_8_1,0.4695 0.4655,0.4375 0.4363,0.4210 0.4225,0.4352 0.4336,
2048,1024,5120,False,float32,in: other listed tile,<128,32,0,32,80,tuned,opus,opus_gemm_mono_tile_512x64x128x64_2x4_16x16x32_0x0x0_nooob,634.2,257.9,438.2,one_tile,rs,257.8,True,True,True,True,True,0,0.000839,0.000839,0.000763,,"void gemm_a16w16_mono_tile_kernel_gfx950<opus_gemm_a16w16_mono_tile_traits_gfx950<512, opus::seq<64, 128, 64>, opus::tuple<std::bfloat16_t, std::bfloat16_t, float, float>, opus::seq<8, 8, 8> > >(opus_gemm_mono_tile_kargs_gfx950)",0.0339 0.0338,0.0832 0.0833,0.0489 0.0491,0.0832 0.0834,
2048,5120,5120,False,bfloat16,in: non-pow2 tile,128-255,160,0,160,80,tuned,torch,native,1250.9,1227.6,1191.8,dp,,nan,True,True,True,,True,0,1,1,1,Cijk_Alik_Bljk_BBS_BH_Bias_HA_S_SAV_UserArgs_MT160x256x64_MI16x16x1_SN_LDSB0_AFC0_AFEM1_AFEM1_ASEM1_CLR1_CADS0_DTLA0_DTLB0_DTVA0_DTVB0_EPS0_FDSI0_GRPM1_GRVWA8_GRVWB8_GSU0_GSUAMB_GLS0_ISA950_IU1_K1_LDSTI0_LBSPPA128_LBSPPB1024_LBSPPM0_LPA16_LPB16_LPM0_LRVW8_LWPMn1_MIAV0_MIWT5_8_MO40_NTn1_NTA0_NTB0_NTC0_NTD0_NTM0_NEPBS0_NLCA1_NLCB1_ONLL1_PGR2_PLR1_PKA1_SIA3_SS1_SPO0_SRVW0_SSO0_SVW1_SK3_SKFTR0_SKXCCM0_TLDS1_ULSGRO0_USL1_UIOFGRO0_USFGRO0_VSn1_VWA1_VWB8_WSGRA0_WSGRB0_WS64_WG32_8_1,Cijk_Alik_Bljk_BBS_BH_Bias_HA_S_SAV_UserArgs_MT160x256x64_MI16x16x1_SN_LDSB0_AFC0_AFEM1_AFEM1_ASEM1_CLR1_CADS0_DTLA0_DTLB0_DTVA0_DTVB0_EPS0_FDSI0_GRPM1_GRVWA8_GRVWB8_GSU0_GSUAMB_GLS0_ISA950_IU1_K1_LDSTI0_LBSPPA128_LBSPPB1024_LBSPPM0_LPA16_LPB16_LPM0_LRVW8_LWPMn1_MIAV0_MIWT5_8_MO40_NTn1_NTA0_NTB0_NTC0_NTD0_NTM0_NEPBS0_NLCA1_NLCB1_ONLL1_PGR2_PLR1_PKA1_SIA3_SS1_SPO0_SRVW0_SSO0_SVW1_SK3_SKFTR0_SKXCCM0_TLDS1_ULSGRO0_USL1_UIOFGRO0_USFGRO0_VSn1_VWA1_VWB8_WSGRA0_WSGRB0_WS64_WG32_8_1,0.0858 0.0858,0.0877 0.0872,0.0907 0.0894,,
2048,6400,5120,False,bfloat16,in: 256x256,128-255,200,0,200,80,tuned,flydsl,flydsl_hgemm_abf16_wbf16_bf16_t256x256x64x2_ks1_w2x4x1_bias0_ktail0_gm0_pht_gfx950,1252.7,1366.1,1339.6,dp,,nan,True,True,True,,True,0,1,1,1,,hgemm_bf16_t256x256x64x2_ks1_w2x4x1_gm0_bias0_lnt_phti_0,0.1072 0.1071,0.0978 0.0987,0.1002 0.1002,,
2048,12800,5120,False,bfloat16,in: 256x256,256-511,400,1,144,80,tuned,flydsl,flydsl_hgemm_abf16_wbf16_bf16_t128x256x64x3_ks1_w4x4x1_bias0_ktail0_gm0_pft_gfx950,807.1,1390.3,1381.2,dp,,nan,True,True,True,,True,0,1,1,1,,hgemm_bf16_t128x256x64x3_ks1_w4x4x1_gm0_bias0_lnt_pft_0,0.3322 0.3330,0.1931 0.1930,0.1946 0.1941,,
2048,37888,5120,False,bfloat16,in: 256x256,>=512,1184,4,160,80,untuned,torch,,1213.0,1448.3,1468.7,dp,,nan,True,True,True,,True,0,2,2,2,Cijk_Alik_Bljk_BBS_BH_Bias_HA_S_SAV_UserArgs_MT240x256x64_MI16x16x1_SN_LDSB1_AFC0_AFEM1_AFEM1_ASEM1_CLR1_CADS0_DTLA0_DTLB0_DTVA0_DTVB0_EPS0_FDSI0_GRPM1_GRVWA4_GRVWB8_GSU0_GSUAMB_GLS0_ISA950_IU1_K1_LDSTI0_LBSPPA128_LBSPPB512_LBSPPM0_LPA16_LPB16_LPM0_LRVW8_LWPMn1_MIAV0_MIWT15_4_MO40_NTn1_NTA0_NTB0_NTC0_NTD0_NTM0_NEPBS0_NLCA1_NLCB1_ONLL1_PGR2_PLR1_PKA1_SIA3_SS1_SPO0_SRVW0_SSO0_SVW1_SK3_SKFTR0_SKXCCM0_TLDS1_ULSGRO0_USL1_UIOFGRO0_USFGRO0_VSn1_VWA1_VWB4_WSGRA0_WSGRB0_WS64_WG16_16_1,Cijk_Alik_Bljk_BBS_BH_Bias_HA_S_SAV_UserArgs_MT240x256x64_MI16x16x1_SN_LDSB1_AFC0_AFEM1_AFEM1_ASEM1_CLR1_CADS0_DTLA0_DTLB0_DTVA0_DTVB0_EPS0_FDSI0_GRPM1_GRVWA4_GRVWB8_GSU0_GSUAMB_GLS0_ISA950_IU1_K1_LDSTI0_LBSPPA128_LBSPPB512_LBSPPM0_LPA16_LPB16_LPM0_LRVW8_LWPMn1_MIAV0_MIWT15_4_MO40_NTn1_NTA0_NTB0_NTC0_NTD0_NTM0_NEPBS0_NLCA1_NLCB1_ONLL1_PGR2_PLR1_PKA1_SIA3_SS1_SPO0_SRVW0_SSO0_SVW1_SK3_SKFTR0_SKXCCM0_TLDS1_ULSGRO0_USL1_UIOFGRO0_USFGRO0_VSn1_VWA1_VWB4_WSGRA0_WSGRB0_WS64_WG16_16_1,0.6545 0.6555,0.5477 0.5495,0.5415 0.5404,,
2048,51200,5120,False,bfloat16,in: 256x256,>=512,1600,6,64,80,tuned,asm,_ZN5aiter37bf16gemm_fp32bf16_tn_48x64_pf3_splitkE,213.6,1420.2,1478.8,one_tile,owner,1443.3,True,True,True,True,True,0,1,2,2,,aiter::bf16gemm_fp32bf16_tn_48x64_pf3_splitk,5.0426 5.0101,0.7566 0.7554,0.7274 0.7247,0.7432 0.7447,
4096,1024,5120,False,float32,in: other listed tile,<128,64,0,64,80,tuned,opus,opus_gemm_mono_tile_512x128x128x64_2x4_16x16x32_0x0x0_nooob_4g_safe,967.8,494.4,706.8,one_tile,owner,497.4,True,True,True,True,True,0,0.000854,0.000854,0.000885,,"void gemm_a16w16_mono_tile_4g_safe_kernel_gfx950<opus_gemm_a16w16_mono_tile_traits_gfx950<512, opus::seq<128, 128, 64>, opus::tuple<std::bfloat16_t, std::bfloat16_t, float, float>, opus::seq<8, 8, 8> > >(opus_gemm_mono_tile_kargs_gfx950)",0.0446 0.0442,0.0865 0.0872,0.0608 0.0607,0.0860 0.0867,
4096,5120,5120,False,bfloat16,in: non-pow2 tile,256-511,320,1,64,80,tuned,torch,native,1266.5,1164.2,1326.2,one_tile,owner,1174.9,True,True,True,True,True,0,1,1,1,Cijk_Alik_Bljk_BBS_BH_Bias_HA_S_SAV_UserArgs_MT160x256x64_MI16x16x1_SN_LDSB0_AFC0_AFEM1_AFEM1_ASEM1_CLR1_CADS0_DTLA0_DTLB0_DTVA0_DTVB0_EPS0_FDSI0_GRPM1_GRVWA8_GRVWB8_GSU0_GSUAMB_GLS0_ISA950_IU1_K1_LDSTI0_LBSPPA128_LBSPPB1024_LBSPPM0_LPA16_LPB16_LPM0_LRVW8_LWPMn1_MIAV0_MIWT5_8_MO40_NTn1_NTA0_NTB0_NTC0_NTD0_NTM0_NEPBS0_NLCA1_NLCB1_ONLL1_PGR2_PLR1_PKA1_SIA3_SS1_SPO0_SRVW0_SSO0_SVW1_SK3_SKFTR0_SKXCCM0_TLDS1_ULSGRO0_USL1_UIOFGRO0_USFGRO0_VSn1_VWA1_VWB8_WSGRA0_WSGRB0_WS64_WG32_8_1,Cijk_Alik_Bljk_BBS_BH_Bias_HA_S_SAV_UserArgs_MT160x256x64_MI16x16x1_SN_LDSB0_AFC0_AFEM1_AFEM1_ASEM1_CLR1_CADS0_DTLA0_DTLB0_DTVA0_DTVB0_EPS0_FDSI0_GRPM1_GRVWA8_GRVWB8_GSU0_GSUAMB_GLS0_ISA950_IU1_K1_LDSTI0_LBSPPA128_LBSPPB1024_LBSPPM0_LPA16_LPB16_LPM0_LRVW8_LWPMn1_MIAV0_MIWT5_8_MO40_NTn1_NTA0_NTB0_NTC0_NTD0_NTM0_NEPBS0_NLCA1_NLCB1_ONLL1_PGR2_PLR1_PKA1_SIA3_SS1_SPO0_SRVW0_SSO0_SVW1_SK3_SKFTR0_SKXCCM0_TLDS1_ULSGRO0_USL1_UIOFGRO0_USFGRO0_VSn1_VWA1_VWB8_WSGRA0_WSGRB0_WS64_WG32_8_1,0.1695 0.1696,0.1847 0.1842,0.1627 0.1612,0.1831 0.1824,
4096,6400,5120,False,bfloat16,in: 256x256,256-511,400,1,144,80,tuned,flydsl,flydsl_hgemm_abf16_wbf16_bf16_t256x256x64x2_ks1_w2x4x1_bias0_ktail0_gm4_pht_gfx950,1343.4,1386.2,1380.2,dp,,nan,True,True,True,,True,0,1,1,1,,hgemm_bf16_t256x256x64x2_ks1_w2x4x1_gm4_bias0_lnt_phti_0,0.1997 0.1999,0.1931 0.1942,0.1957 0.1933,,
4096,12800,5120,False,bfloat16,in: 256x256,>=512,800,3,32,80,tuned,asm,_ZN5aiter24bf16gemm_bf16_tn_256x256E,1316.5,1356.2,1442.7,two_tile,rs,1370.9,True,True,True,True,True,0,2,2,2,,aiter::bf16gemm_bf16_tn_256x256,0.4082 0.4074,0.3962 0.3956,0.3718 0.3724,0.3913 0.3919,
4096,51200,5120,False,bfloat16,in: 256x256,>=512,3200,12,128,80,tuned,asm,_ZN5aiter24bf16gemm_bf16_tn_256x256E,1464.1,1508.3,1546.2,one_tile,owner,1534.3,True,True,True,True,True,0,2,2,2,,aiter::bf16gemm_bf16_tn_256x256,1.4762 1.4573,1.4229 1.4246,1.3914 1.3864,1.4023 1.3970,
8192,1024,5120,False,float32,in: other listed tile,128-255,128,0,128,80,tuned,opus,opus_gemm_mono_tile_512x128x256x64_2x4_16x16x32_0x0x0_nooob,1241.0,984.8,1090.8,one_tile,owner,963.1,True,True,True,True,True,0,0.00104,0.00104,0.00107,,"void gemm_a16w16_mono_tile_kernel_gfx950<opus_gemm_a16w16_mono_tile_traits_gfx950<512, opus::seq<128, 256, 64>, opus::tuple<std::bfloat16_t, std::bfloat16_t, float, float>, opus::seq<8, 8, 8> > >(opus_gemm_mono_tile_kargs_gfx950)",0.0694 0.0691,0.0873 0.0871,0.0784 0.0791,0.0891 0.0893,
8192,5120,5120,False,bfloat16,in: 256x256,>=512,640,2,128,80,tuned,torch,native,1354.0,1434.5,1493.0,one_tile,owner,1437.6,True,True,True,True,True,0,2,2,2,Cijk_Alik_Bljk_BBS_BH_Bias_HA_S_SAV_UserArgs_MT256x224x64_MI16x16x1_SN_LDSB1_AFC0_AFEM1_AFEM1_ASEM1_CLR1_CADS0_DTLA0_DTLB0_DTVA0_DTVB0_EPS0_FDSI0_GRPM1_GRVWA8_GRVWB8_GSU0_GSUAMB_GLS0_ISA950_IU1_K1_LDSTI0_LBSPPA1024_LBSPPB128_LBSPPM0_LPA16_LPB16_LPM0_LRVW8_LWPMn1_MIAV0_MIWT8_7_MO40_NTn1_NTA0_NTB0_NTC0_NTD0_NTM0_NEPBS0_NLCA1_NLCB1_ONLL1_PGR2_PLR1_PKA1_SIA3_SS1_SPO0_SRVW0_SSO0_SVW8_SK3_SKFTR0_SKXCCM0_TLDS1_ULSGRO0_USL1_UIOFGRO0_USFGRO0_VSn1_VWA8_VWB1_WSGRA0_WSGRB0_WS64_WG32_8_1,Cijk_Alik_Bljk_BBS_BH_Bias_HA_S_SAV_UserArgs_MT256x224x64_MI16x16x1_SN_LDSB1_AFC0_AFEM1_AFEM1_ASEM1_CLR1_CADS0_DTLA0_DTLB0_DTVA0_DTVB0_EPS0_FDSI0_GRPM1_GRVWA8_GRVWB8_GSU0_GSUAMB_GLS0_ISA950_IU1_K1_LDSTI0_LBSPPA1024_LBSPPB128_LBSPPM0_LPA16_LPB16_LPM0_LRVW8_LWPMn1_MIAV0_MIWT8_7_MO40_NTn1_NTA0_NTB0_NTC0_NTD0_NTM0_NEPBS0_NLCA1_NLCB1_ONLL1_PGR2_PLR1_PKA1_SIA3_SS1_SPO0_SRVW0_SSO0_SVW8_SK3_SKFTR0_SKXCCM0_TLDS1_ULSGRO0_USL1_UIOFGRO0_USFGRO0_VSn1_VWA8_VWB1_WSGRA0_WSGRB0_WS64_WG32_8_1,0.3181 0.3163,0.2987 0.3000,0.2883 0.2870,0.2984 0.2991,
8192,6400,5120,False,bfloat16,in: 256x256,>=512,800,3,32,80,tuned,flydsl,flydsl_hgemm_abf16_wbf16_bf16_t256x256x64x2_ks1_w2x4x1_bias0_ktail0_gm4_pht_gfx950,1315.7,1356.9,1456.7,two_tile,rs,1371.1,True,True,True,True,True,0,2,2,2,,hgemm_bf16_t256x256x64x2_ks1_w2x4x1_gm4_bias0_lnt_phti_0,0.4085 0.4076,0.3960 0.3953,0.3687 0.3684,0.3923 0.3908,
8192,12800,5120,False,bfloat16,in: 256x256,>=512,1600,6,64,80,tuned,asm,_ZN5aiter24bf16gemm_bf16_tn_256x256E,1418.3,1454.8,1518.5,one_tile,owner,1473.4,True,True,True,True,True,0,2,2,2,,aiter::bf16gemm_bf16_tn_256x256,0.7590 0.7551,0.7372 0.7389,0.7095 0.7047,0.7290 0.7284,
8192,51200,5120,False,bfloat16,in: 256x256,>=512,6400,25,0,80,tuned,flydsl,flydsl_hgemm_abf16_wbf16_bf16_t256x256x64x2_ks1_w2x4x1_bias0_ktail0_gm4_pht_gfx950,1501.3,1554.0,1585.3,dp,,nan,True,True,True,,True,0,2,2,2,,hgemm_bf16_t256x256x64x2_ks1_w2x4x1_gm4_bias0_lnt_phti_0,2.8729 2.8486,2.7657 2.7620,2.7201 2.6985,,
16384,1024,5120,False,float32,in: 256x256,256-511,256,1,0,80,tuned,opus,opus_gemm_persistent_512x256x256x64_2x4_16x16x32_0x0x0_cA0cB0,1343.3,1467.9,1428.2,dp,,nan,True,True,True,,True,0,0.00107,0.00107,0.00107,,"void gemm_a16w16_persistent_kernel<opus_gemm_a16w16_persistent_traits_gfx950<512, opus::seq<256, 256, 64>, opus::tuple<std::bfloat16_t, std::bfloat16_t, float, float>, opus::seq<8, 8, 4>, opus::seq<2, 4, 1>, opus::seq<16, 16, 32>, true, 0, 0> >(opus_gemm_persistent_kargs_gfx950)",0.1283 0.1274,0.1171 0.1170,0.1201 0.1205,,
16384,5120,5120,False,bfloat16,in: 256x256,>=512,1280,5,0,80,tuned,torch,native,1538.4,1555.9,1565.3,dp,,nan,True,True,True,,True,0,2,2,2,Cijk_Alik_Bljk_BBS_BH_Bias_HA_S_SAV_UserArgs_MT256x256x64_MI16x16x1_CMS_SN_LDSB0_AFC0_AFEM1_AFEM1_ASEM1_CLR1_CADS0_DTLA1_DTLB1_DTVA0_DTVB0_EPS0_FDSI0_GRPM1_GRVWA8_GRVWB8_GSU0_GSUAMB_GLS0_ISA950_IU1_K1_LDSTI0_LBSPPA1024_LBSPPB1024_LBSPPM0_LPA16_LPB16_LPM0_LRVW8_LWPMn1_MIAV0_MIWT8_8_MO40_NTn1_NTA0_NTB0_NTC0_NTD4_NTM0_NEPBS0_NLCA1_NLCB1_ONLL1_PGR2_PLR1_PKA1_SIA3_SS1_SPO0_SRVW0_SSO0_SVW8_SK3_SKFTR0_SKXCCM0_TLDS1_ULSGRO0_USL1_UIOFGRO0_USFGRO0_VSn1_VWA8_VWB8_WSGRA0_WSGRB0_WS64_WG32_8_1,Cijk_Alik_Bljk_BBS_BH_Bias_HA_S_SAV_UserArgs_MT256x256x64_MI16x16x1_CMS_SN_LDSB0_AFC0_AFEM1_AFEM1_ASEM1_CLR1_CADS0_DTLA1_DTLB1_DTVA0_DTVB0_EPS0_FDSI0_GRPM1_GRVWA8_GRVWB8_GSU0_GSUAMB_GLS0_ISA950_IU1_K1_LDSTI0_LBSPPA1024_LBSPPB1024_LBSPPM0_LPA16_LPB16_LPM0_LRVW8_LWPMn1_MIAV0_MIWT8_8_MO40_NTn1_NTA0_NTB0_NTC0_NTD4_NTM0_NEPBS0_NLCA1_NLCB1_ONLL1_PGR2_PLR1_PKA1_SIA3_SS1_SPO0_SRVW0_SSO0_SVW8_SK3_SKFTR0_SKXCCM0_TLDS1_ULSGRO0_USL1_UIOFGRO0_USFGRO0_VSn1_VWA8_VWB8_WSGRA0_WSGRB0_WS64_WG32_8_1,0.5590 0.5577,0.5519 0.5523,0.5499 0.5476,,
16384,6400,5120,False,bfloat16,in: 256x256,>=512,1600,6,64,80,tuned,flydsl,flydsl_hgemm_abf16_wbf16_bf16_t256x256x64x2_ks1_w2x4x1_bias0_ktail0_gm4_pht_gfx950,1389.3,1443.6,1501.1,one_tile,owner,1464.4,True,True,True,True,True,0,2,2,2,,hgemm_bf16_t256x256x64x2_ks1_w2x4x1_gm4_bias0_lnt_phti_0,0.7764 0.7693,0.7428 0.7447,0.7148 0.7158,0.7322 0.7343,
16384,12800,5120,False,bfloat16,in: 256x256,>=512,3200,12,128,80,tuned,torch,native,1493.9,1503.3,1543.7,one_tile,owner,1533.2,True,True,True,True,True,0,2,2,2,Cijk_Alik_Bljk_BBS_BH_Bias_HA_S_SAV_UserArgs_MT256x256x64_MI16x16x1_CMS_SN_LDSB0_AFC0_AFEM1_AFEM1_ASEM1_CLR1_CADS0_DTLA1_DTLB1_DTVA0_DTVB0_EPS0_FDSI0_GRPM1_GRVWA8_GRVWB8_GSU0_GSUAMB_GLS0_ISA950_IU1_K1_LDSTI0_LBSPPA1024_LBSPPB1024_LBSPPM0_LPA16_LPB16_LPM0_LRVW8_LWPMn1_MIAV0_MIWT8_8_MO40_NTn1_NTA0_NTB0_NTC0_NTD4_NTM0_NEPBS0_NLCA1_NLCB1_ONLL1_PGR2_PLR1_PKA1_SIA3_SS1_SPO0_SRVW0_SSO0_SVW8_SK3_SKFTR0_SKXCCM0_TLDS1_ULSGRO0_USL1_UIOFGRO0_USFGRO0_VSn1_VWA8_VWB8_WSGRA0_WSGRB0_WS64_WG32_8_1,Cijk_Alik_Bljk_BBS_BH_Bias_HA_S_SAV_UserArgs_MT256x256x64_MI16x16x1_CMS_SN_LDSB0_AFC0_AFEM1_AFEM1_ASEM1_CLR1_CADS0_DTLA1_DTLB1_DTVA0_DTVB0_EPS0_FDSI0_GRPM1_GRVWA8_GRVWB8_GSU0_GSUAMB_GLS0_ISA950_IU1_K1_LDSTI0_LBSPPA1024_LBSPPB1024_LBSPPM0_LPA16_LPB16_LPM0_LRVW8_LWPMn1_MIAV0_MIWT8_8_MO40_NTn1_NTA0_NTB0_NTC0_NTD4_NTM0_NEPBS0_NLCA1_NLCB1_ONLL1_PGR2_PLR1_PKA1_SIA3_SS1_SPO0_SRVW0_SSO0_SVW8_SK3_SKFTR0_SKXCCM0_TLDS1_ULSGRO0_USL1_UIOFGRO0_USFGRO0_VSn1_VWA8_VWB8_WSGRA0_WSGRB0_WS64_WG32_8_1,1.4416 1.4334,1.4276 1.4294,1.3926 1.3897,1.4002 1.4011,
16384,51200,5120,False,bfloat16,in: 256x256,>=512,12800,50,0,80,tuned,flydsl,flydsl_hgemm_abf16_wbf16_bf16_t256x256x64x2_ks1_w2x4x1_bias0_ktail0_gm4_pht_gfx950,1497.7,1544.9,1581.2,dp,,nan,True,True,True,,True,0,2,2,2,,hgemm_bf16_t256x256x64x2_ks1_w2x4x1_gm4_bias0_lnt_phti_0,5.7531 5.7178,5.5628 5.5576,5.4416 5.4232,,
32768,5120,5120,False,bfloat16,in: 256x256,>=512,2560,10,0,80,tuned,torch,native,1508.5,1537.8,1567.2,dp,,nan,True,True,True,,True,0,2,2,2,Cijk_Alik_Bljk_BBS_BH_Bias_HA_S_SAV_UserArgs_MT256x256x64_MI16x16x1_CMS_SN_LDSB0_AFC0_AFEM1_AFEM1_ASEM1_CLR1_CADS0_DTLA1_DTLB1_DTVA0_DTVB0_EPS0_FDSI0_GRPM1_GRVWA8_GRVWB8_GSU0_GSUAMB_GLS0_ISA950_IU1_K1_LDSTI0_LBSPPA1024_LBSPPB1024_LBSPPM0_LPA16_LPB16_LPM0_LRVW8_LWPMn1_MIAV0_MIWT8_8_MO40_NTn1_NTA0_NTB0_NTC0_NTD4_NTM0_NEPBS0_NLCA1_NLCB1_ONLL1_PGR2_PLR1_PKA1_SIA3_SS1_SPO0_SRVW0_SSO0_SVW8_SK3_SKFTR0_SKXCCM0_TLDS1_ULSGRO0_USL1_UIOFGRO0_USFGRO0_VSn1_VWA8_VWB8_WSGRA0_WSGRB0_WS64_WG32_8_1,Cijk_Alik_Bljk_BBS_BH_Bias_HA_S_SAV_UserArgs_MT256x256x64_MI16x16x1_CMS_SN_LDSB0_AFC0_AFEM1_AFEM1_ASEM1_CLR1_CADS0_DTLA1_DTLB1_DTVA0_DTVB0_EPS0_FDSI0_GRPM1_GRVWA8_GRVWB8_GSU0_GSUAMB_GLS0_ISA950_IU1_K1_LDSTI0_LBSPPA1024_LBSPPB1024_LBSPPM0_LPA16_LPB16_LPM0_LRVW8_LWPMn1_MIAV0_MIWT8_8_MO40_NTn1_NTA0_NTB0_NTC0_NTD4_NTM0_NEPBS0_NLCA1_NLCB1_ONLL1_PGR2_PLR1_PKA1_SIA3_SS1_SPO0_SRVW0_SSO0_SVW8_SK3_SKFTR0_SKXCCM0_TLDS1_ULSGRO0_USL1_UIOFGRO0_USFGRO0_VSn1_VWA8_VWB8_WSGRA0_WSGRB0_WS64_WG32_8_1,1.1427 1.1350,1.1185 1.1158,1.0976 1.0949,,
32768,6400,5120,False,bfloat16,in: 256x256,>=512,3200,12,128,80,tuned,torch,native,1489.4,1496.6,1537.9,one_tile,owner,1529.6,True,True,True,True,True,0,2,2,2,Cijk_Alik_Bljk_BBS_BH_Bias_HA_S_SAV_UserArgs_MT256x256x64_MI16x16x1_CMS_SN_LDSB0_AFC0_AFEM1_AFEM1_ASEM1_CLR1_CADS0_DTLA1_DTLB1_DTVA0_DTVB0_EPS0_FDSI0_GRPM1_GRVWA8_GRVWB8_GSU0_GSUAMB_GLS0_ISA950_IU1_K1_LDSTI0_LBSPPA1024_LBSPPB1024_LBSPPM0_LPA16_LPB16_LPM0_LRVW8_LWPMn1_MIAV0_MIWT8_8_MO40_NTn1_NTA0_NTB0_NTC0_NTD4_NTM0_NEPBS0_NLCA1_NLCB1_ONLL1_PGR2_PLR1_PKA1_SIA3_SS1_SPO0_SRVW0_SSO0_SVW8_SK3_SKFTR0_SKXCCM0_TLDS1_ULSGRO0_USL1_UIOFGRO0_USFGRO0_VSn1_VWA8_VWB8_WSGRA0_WSGRB0_WS64_WG32_8_1,Cijk_Alik_Bljk_BBS_BH_Bias_HA_S_SAV_UserArgs_MT256x256x64_MI16x16x1_CMS_SN_LDSB0_AFC0_AFEM1_AFEM1_ASEM1_CLR1_CADS0_DTLA1_DTLB1_DTVA0_DTVB0_EPS0_FDSI0_GRPM1_GRVWA8_GRVWB8_GSU0_GSUAMB_GLS0_ISA950_IU1_K1_LDSTI0_LBSPPA1024_LBSPPB1024_LBSPPM0_LPA16_LPB16_LPM0_LRVW8_LWPMn1_MIAV0_MIWT8_8_MO40_NTn1_NTA0_NTB0_NTC0_NTD4_NTM0_NEPBS0_NLCA1_NLCB1_ONLL1_PGR2_PLR1_PKA1_SIA3_SS1_SPO0_SRVW0_SSO0_SVW8_SK3_SKFTR0_SKXCCM0_TLDS1_ULSGRO0_USL1_UIOFGRO0_USFGRO0_VSn1_VWA8_VWB8_WSGRA0_WSGRB0_WS64_WG32_8_1,1.4488 1.4349,1.4347 1.4351,1.3994 1.3934,1.4058 1.4022,
32768,12800,5120,False,bfloat16,in: 256x256,>=512,6400,25,0,80,tuned,torch,native,1524.6,1536.8,1567.9,dp,,nan,True,True,True,,True,0,2,2,2,Cijk_Alik_Bljk_BBS_BH_Bias_HA_S_SAV_UserArgs_MT256x256x64_MI16x16x1_CMS_SN_LDSB0_AFC0_AFEM1_AFEM1_ASEM1_CLR1_CADS0_DTLA1_DTLB1_DTVA0_DTVB0_EPS0_FDSI0_GRPM1_GRVWA8_GRVWB8_GSU0_GSUAMB_GLS0_ISA950_IU1_K1_LDSTI0_LBSPPA1024_LBSPPB1024_LBSPPM0_LPA16_LPB16_LPM0_LRVW8_LWPMn1_MIAV0_MIWT8_8_MO40_NTn1_NTA0_NTB0_NTC0_NTD4_NTM0_NEPBS0_NLCA1_NLCB1_ONLL1_PGR2_PLR1_PKA1_SIA3_SS1_SPO0_SRVW0_SSO0_SVW8_SK3_SKFTR0_SKXCCM0_TLDS1_ULSGRO0_USL1_UIOFGRO0_USFGRO0_VSn1_VWA8_VWB8_WSGRA0_WSGRB0_WS64_WG32_8_1,Cijk_Alik_Bljk_BBS_BH_Bias_HA_S_SAV_UserArgs_MT256x256x64_MI16x16x1_CMS_SN_LDSB0_AFC0_AFEM1_AFEM1_ASEM1_CLR1_CADS0_DTLA1_DTLB1_DTVA0_DTVB0_EPS0_FDSI0_GRPM1_GRVWA8_GRVWB8_GSU0_GSUAMB_GLS0_ISA950_IU1_K1_LDSTI0_LBSPPA1024_LBSPPB1024_LBSPPM0_LPA16_LPB16_LPM0_LRVW8_LWPMn1_MIAV0_MIWT8_8_MO40_NTn1_NTA0_NTB0_NTC0_NTD4_NTM0_NEPBS0_NLCA1_NLCB1_ONLL1_PGR2_PLR1_PKA1_SIA3_SS1_SPO0_SRVW0_SSO0_SVW8_SK3_SKFTR0_SKXCCM0_TLDS1_ULSGRO0_USL1_UIOFGRO0_USFGRO0_VSn1_VWA8_VWB8_WSGRA0_WSGRB0_WS64_WG32_8_1,2.8289 2.8051,2.7978 2.7917,2.7480 2.7307,,
32768,51200,5120,False,bfloat16,in: 256x256,>=512,25600,100,0,80,tuned,flydsl,flydsl_hgemm_abf16_wbf16_bf16_t256x256x64x2_ks1_w2x4x1_bias0_ktail0_gm4_pht_gfx950,1495.4,1548.9,1580.4,dp,,nan,True,True,True,,True,0,2,2,2,,hgemm_bf16_t256x256x64x2_ks1_w2x4x1_gm4_bias0_lnt_phti_0,11.5270 11.4498,11.0882 11.0957,10.9169 10.8239,,
512,1280,6144,False,bfloat16,out: split-K,<128,10,0,10,96,tuned,flydsl,flydsl_hgemm_abf16_wbf16_bf16_t64x64x64x5_ks3_w2x2x1_bias0_ktail0_gm0_pft_gfx950,403.0,86.4,186.2,one_tile,rs,87.2,False,True,True,True,True,0,2,1,1,,hgemm_bf16_t64x64x64x5_ksd_w2x2x1_gm0_bias0_lnt_pft_0,0.0201 0.0198,0.0932 0.0932,0.0432 0.0433,0.0923 0.0925,
512,1536,6144,False,bfloat16,out: split-K,<128,12,0,12,96,tuned,flydsl,flydsl_hgemm_abf16_wbf16_bf16_t64x96x128x3_ks2_w2x2x2_bias0_ktail0_gm0_pft_gfx950,428.7,103.7,221.7,one_tile,rs,104.3,False,True,True,True,True,0,2,1,1,,hgemm_bf16_t64x96x128x3_ksd_w2x2x2_gm0_bias0_lnt_pft_0,0.0228 0.0223,0.0933 0.0932,0.0434 0.0437,0.0929 0.0924,
512,2048,6144,False,float32,out: split-K,<128,16,0,16,96,tuned,asm,_ZN5aiter37bf16gemm_fp32bf16_tn_64x64_pf3_splitkE,485.1,133.6,287.5,one_tile,rs,134.4,True,True,True,True,True,0,0.00122,0.00113,0.000916,,aiter::bf16gemm_fp32bf16_tn_64x64_pf3_splitk,0.0265 0.0266,0.0965 0.0963,0.0448 0.0449,0.0960 0.0957,
512,2304,6144,False,bfloat16,out: split-K,<128,18,0,18,96,tuned,flydsl,flydsl_hgemm_abf16_wbf16_bf16_t96x96x64x3_ks3_w2x2x1_bias0_ktail0_gm0_pft_gfx950,515.9,154.5,300.9,one_tile,rs,156.3,False,True,True,True,True,0,2,1,1,,hgemm_bf16_t96x96x64x3_ksd_w2x2x1_gm0_bias0_lnt_pft_0,0.0284 0.0278,0.0939 0.0938,0.0486 0.0478,0.0928 0.0927,
512,2560,6144,False,bfloat16,in: other listed tile,<128,20,0,20,96,tuned,torch,native,511.5,171.4,340.0,one_tile,rs,173.5,True,True,True,True,True,0,1,1,1,Cijk_Alik_Bljk_BBS_BH_Bias_HA_S_SAV_UserArgs_MT256x128x64_MI16x16x1_SN_LDSB1_AFC0_AFEM1_AFEM1_ASEM1_CLR1_CADS0_DTLA0_DTLB0_DTVA0_DTVB0_EPS0_FDSI0_GRPM1_GRVWA8_GRVWB8_GSU0_GSUAMB_GLS0_ISA950_IU1_K1_LDSTI0_LBSPPA1024_LBSPPB512_LBSPPM0_LPA16_LPB16_LPM0_LRVW8_LWPMn1_MIAV0_MIWT8_4_MO40_NTn1_NTA0_NTB0_NTC0_NTD0_NTM0_NEPBS0_NLCA1_NLCB1_ONLL1_PGR2_PLR1_PKA1_SIA3_SS1_SPO0_SRVW0_SSO0_SVW8_SK3_SKFTR0_SKXCCM0_TLDS1_ULSGRO0_USL1_UIOFGRO0_USFGRO0_VSn1_VWA8_VWB4_WSGRA0_WSGRB0_WS64_WG32_8_1 | Cijk_SB_BiasS_HAS_ScaleAlphaVec_PostGSU8_VW4,Cijk_Alik_Bljk_BBS_BH_Bias_HA_S_SAV_UserArgs_MT256x128x64_MI16x16x1_SN_LDSB1_AFC0_AFEM1_AFEM1_ASEM1_CLR1_CADS0_DTLA0_DTLB0_DTVA0_DTVB0_EPS0_FDSI0_GRPM1_GRVWA8_GRVWB8_GSU0_GSUAMB_GLS0_ISA950_IU1_K1_LDSTI0_LBSPPA1024_LBSPPB512_LBSPPM0_LPA16_LPB16_LPM0_LRVW8_LWPMn1_MIAV0_MIWT8_4_MO40_NTn1_NTA0_NTB0_NTC0_NTD0_NTM0_NEPBS0_NLCA1_NLCB1_ONLL1_PGR2_PLR1_PKA1_SIA3_SS1_SPO0_SRVW0_SSO0_SVW8_SK3_SKFTR0_SKXCCM0_TLDS1_ULSGRO0_USL1_UIOFGRO0_USFGRO0_VSn1_VWA8_VWB4_WSGRA0_WSGRB0_WS64_WG32_8_1 | Cijk_SB_BiasS_HAS_ScaleAlphaVec_PostGSU8_VW4,0.0315 0.0315,0.0939 0.0940,0.0467 0.0480,0.0929 0.0928,
512,3072,6144,False,float32,out: split-K,<128,24,0,24,96,tuned,opus,opus_gemm_flatmm_splitk_256x64x96x64_2x1_16x16x32_0x0x0_wgpcu2_nooob,507.8,199.6,398.9,one_tile,rs,200.3,True,True,True,True,True,0,0.000992,0.00113,0.00101,,"void gemm_a16w16_flatmm_splitk_kernel<opus_flatmm_splitk_traits_gfx950<256, opus::seq<64, 96, 64>, opus::tuple<std::bfloat16_t, std::bfloat16_t, float, float, std::bfloat16_t>, opus::seq<8, 8, 4>, opus::seq<16, 16, 32>, 2, false, false> >(opus_gemm_flatmm_splitk_kargs_gfx950) | void splitk_reduce_kernel<16, 64, float, false, float, false>(void const*, float*, int, int, int, int, int, int, float const*, int)",0.0380 0.0382,0.0968 0.0968,0.0483 0.0486,0.0964 0.0966,
512,3072,6144,False,bfloat16,out: smaller tile,<128,24,0,24,96,tuned,flydsl,flydsl_hgemm_abf16_wbf16_bf16_t64x96x128x3_ks1_w2x2x2_bias0_ktail0_gm4_pft_gfx950,592.7,205.8,402.2,one_tile,rs,207.8,False,True,True,True,True,0,2,1,1,,hgemm_bf16_t64x96x128x3_ks1_w2x2x2_gm4_bias0_lnt_pft_0,0.0333 0.0319,0.0939 0.0939,0.0479 0.0482,0.0931 0.0929,
512,6144,6144,False,bfloat16,in: non-pow2 tile,<128,48,0,48,96,tuned,flydsl,flydsl_hgemm_abf16_wbf16_bf16_t128x96x64x4_ks1_w2x2x1_bias0_ktail0_gm4_pft_gfx950,801.2,407.8,680.2,one_tile,owner,413.2,True,True,True,True,True,0,1,1,1,,hgemm_bf16_t128x96x64x4_ks1_w2x2x1_gm4_bias0_lnt_pft_0,0.0487 0.0478,0.0947 0.0949,0.0567 0.0569,0.0933 0.0938,
512,9216,6144,False,bfloat16,in: other listed tile,<128,72,0,72,96,tuned,flydsl,flydsl_hgemm_abf16_wbf16_bf16_t128x256x64x2_ks1_w2x4x1_bias0_ktail0_gm0_pht_gfx950,896.0,607.6,903.8,one_tile,owner,614.9,True,True,True,True,True,0,1,1,1,,hgemm_bf16_t128x256x64x2_ks1_w2x4x1_gm0_bias0_lnt_phti_0,0.0649 0.0645,0.0955 0.0954,0.0642 0.0641,0.0943 0.0943,
1024,2048,6144,False,float32,out: split-K,<128,32,0,32,96,tuned,opus,opus_gemm_flatmm_splitk_256x64x64x64_2x1_16x16x32_0x0x0_wgpcu2_nooob,538.6,265.0,495.4,one_tile,rs,265.3,True,True,True,True,True,0,0.00113,0.00113,0.000946,,"void gemm_a16w16_flatmm_splitk_kernel<opus_flatmm_splitk_traits_gfx950<256, opus::seq<64, 64, 64>, opus::tuple<std::bfloat16_t, std::bfloat16_t, float, float, std::bfloat16_t>, opus::seq<8, 8, 4>, opus::seq<16, 16, 32>, 2, false, false> >(opus_gemm_flatmm_splitk_kargs_gfx950) | void splitk_reduce_kernel<16, 64, float, false, float, false>(void const*, float*, int, int, int, int, int, int, float const*, int)",0.0479 0.0478,0.0972 0.0972,0.0521 0.0519,0.0971 0.0972,
1024,2304,6144,False,bfloat16,in: non-pow2 tile,<128,36,0,36,96,tuned,torch,native,672.2,307.3,503.9,one_tile,owner,312.9,True,True,True,True,True,0,1,1,1,Cijk_Alik_Bljk_BBS_BH_Bias_HA_S_SAV_UserArgs_MT256x176x64_MI16x16x1_SN_LDSB0_AFC0_AFEM1_AFEM1_ASEM1_CLR1_CADS0_DTLA0_DTLB0_DTVA0_DTVB0_EPS0_FDSI0_GRPM1_GRVWA8_GRVWB4_GSU0_GSUAMB_GLS0_ISA950_IU1_K1_LDSTI0_LBSPPA512_LBSPPB128_LBSPPM0_LPA16_LPB16_LPM0_LRVW8_LWPMn1_MIAV0_MIWT4_11_MO40_NTn1_NTA0_NTB0_NTC0_NTD0_NTM0_NEPBS0_NLCA1_NLCB1_ONLL1_PGR2_PLR1_PKA1_SIA3_SS1_SPO0_SRVW0_SSO0_SVW4_SK3_SKFTR0_SKXCCM0_TLDS1_ULSGRO0_USL1_UIOFGRO0_USFGRO0_VSn1_VWA4_VWB1_WSGRA0_WSGRB0_WS64_WG64_4_1 | Cijk_SB_BiasS_HAS_ScaleAlphaVec_PostGSU4_VW4,Cijk_Alik_Bljk_BBS_BH_Bias_HA_S_SAV_UserArgs_MT256x176x64_MI16x16x1_SN_LDSB0_AFC0_AFEM1_AFEM1_ASEM1_CLR1_CADS0_DTLA0_DTLB0_DTVA0_DTVB0_EPS0_FDSI0_GRPM1_GRVWA8_GRVWB4_GSU0_GSUAMB_GLS0_ISA950_IU1_K1_LDSTI0_LBSPPA512_LBSPPB128_LBSPPM0_LPA16_LPB16_LPM0_LRVW8_LWPMn1_MIAV0_MIWT4_11_MO40_NTn1_NTA0_NTB0_NTC0_NTD0_NTM0_NEPBS0_NLCA1_NLCB1_ONLL1_PGR2_PLR1_PKA1_SIA3_SS1_SPO0_SRVW0_SSO0_SVW4_SK3_SKFTR0_SKXCCM0_TLDS1_ULSGRO0_USL1_UIOFGRO0_USFGRO0_VSn1_VWA4_VWB1_WSGRA0_WSGRB0_WS64_WG64_4_1 | Cijk_SB_BiasS_HAS_ScaleAlphaVec_PostGSU4_VW4,0.0433 0.0429,0.0943 0.0944,0.0575 0.0575,0.0925 0.0928,
1024,2560,6144,False,bfloat16,in: non-pow2 tile,<128,40,0,40,96,tuned,torch,native,773.9,341.9,564.4,one_tile,owner,345.0,True,True,True,True,True,0,1,1,1,Cijk_Alik_Bljk_BBS_BH_Bias_HA_S_SAV_UserArgs_MT160x128x128_MI16x16x1_SN_LDSB1_AFC0_AFEM1_AFEM1_ASEM1_CLR1_CADS0_DTLA0_DTLB0_DTVA0_DTVB0_EPS0_FDSI0_GRPM1_GRVWA8_GRVWB8_GSU0_GSUAMB_GLS0_ISA950_IU1_K1_LDSTI0_LBSPPA256_LBSPPB1024_LBSPPM0_LPA16_LPB16_LPM0_LRVW8_LWPMn1_MIAV0_MIWT5_4_MO40_NTn1_NTA0_NTB0_NTC0_NTD0_NTM0_NEPBS0_NLCA1_NLCB1_ONLL1_PGR2_PLR1_PKA1_SIA3_SS1_SPO0_SRVW0_SSO0_SVW1_SK3_SKFTR0_SKXCCM0_TLDS1_ULSGRO0_USL1_UIOFGRO0_USFGRO0_VSn1_VWA1_VWB4_WSGRA0_WSGRB0_WS64_WG32_8_1,Cijk_Alik_Bljk_BBS_BH_Bias_HA_S_SAV_UserArgs_MT160x128x128_MI16x16x1_SN_LDSB1_AFC0_AFEM1_AFEM1_ASEM1_CLR1_CADS0_DTLA0_DTLB0_DTVA0_DTVB0_EPS0_FDSI0_GRPM1_GRVWA8_GRVWB8_GSU0_GSUAMB_GLS0_ISA950_IU1_K1_LDSTI0_LBSPPA256_LBSPPB1024_LBSPPM0_LPA16_LPB16_LPM0_LRVW8_LWPMn1_MIAV0_MIWT5_4_MO40_NTn1_NTA0_NTB0_NTC0_NTD0_NTM0_NEPBS0_NLCA1_NLCB1_ONLL1_PGR2_PLR1_PKA1_SIA3_SS1_SPO0_SRVW0_SSO0_SVW1_SK3_SKFTR0_SKXCCM0_TLDS1_ULSGRO0_USL1_UIOFGRO0_USFGRO0_VSn1_VWA1_VWB4_WSGRA0_WSGRB0_WS64_WG32_8_1,0.0413 0.0420,0.0943 0.0942,0.0564 0.0577,0.0936 0.0932,
1024,3072,6144,False,float32,in: other listed tile,<128,48,0,48,96,tuned,opus,opus_gemm_512x128x128x64_2x4_16x16x32_0x0x0_nooob_4g_safe,564.5,392.8,640.0,one_tile,owner,390.3,True,True,True,True,True,0,0.00113,0.00113,0.00101,,"void gemm_a16w16_4g_safe_kernel<opus_gemm_a16w16_traits_gfx950<512, opus::seq<128, 128, 64>, opus::tuple<std::bfloat16_t, std::bfloat16_t, float, float>, opus::seq<8, 8, 4>, opus::seq<2, 4, 1>, opus::seq<16, 16, 32>, false, float, false, 0, 17, 8, 32> >(opus_gemm_noscale_kargs_gfx950)",0.0679 0.0690,0.0982 0.0986,0.0604 0.0604,0.0991 0.0990,
1024,6144,6144,False,bfloat16,in: non-pow2 tile,<128,96,0,96,96,tuned,torch,native,1026.3,800.6,988.7,one_tile,owner,792.3,True,True,True,True,True,0,2,1,2,Cijk_Alik_Bljk_BBS_BH_Bias_HA_S_SAV_UserArgs_MT192x256x64_MI16x16x1_SN_LDSB0_AFC0_AFEM1_AFEM1_ASEM1_CLR1_CADS0_DTLA0_DTLB0_DTVA0_DTVB0_EPS0_FDSI0_GRPM1_GRVWA8_GRVWB8_GSU0_GSUAMB_GLS0_ISA950_IU1_K1_LDSTI0_LBSPPA256_LBSPPB1024_LBSPPM0_LPA16_LPB16_LPM0_LRVW8_LWPMn1_MIAV0_MIWT6_8_MO40_NTn1_NTA6_NTB3_NTC1_NTD1_NTM0_NEPBS0_NLCA1_NLCB1_ONLL1_PGR2_PLR1_PKA1_SIA3_SS1_SPO0_SRVW0_SSO1_SVW2_SK3_SKFTR0_SKXCCM0_TLDS1_ULSGRO0_USL1_UIOFGRO0_USFGRO0_VSn1_VWA2_VWB8_WSGRA0_WSGRB0_WS64_WG32_8_1,Cijk_Alik_Bljk_BBS_BH_Bias_HA_S_SAV_UserArgs_MT192x256x64_MI16x16x1_SN_LDSB0_AFC0_AFEM1_AFEM1_ASEM1_CLR1_CADS0_DTLA0_DTLB0_DTVA0_DTVB0_EPS0_FDSI0_GRPM1_GRVWA8_GRVWB8_GSU0_GSUAMB_GLS0_ISA950_IU1_K1_LDSTI0_LBSPPA256_LBSPPB1024_LBSPPM0_LPA16_LPB16_LPM0_LRVW8_LWPMn1_MIAV0_MIWT6_8_MO40_NTn1_NTA6_NTB3_NTC1_NTD1_NTM0_NEPBS0_NLCA1_NLCB1_ONLL1_PGR2_PLR1_PKA1_SIA3_SS1_SPO0_SRVW0_SSO1_SVW2_SK3_SKFTR0_SKXCCM0_TLDS1_ULSGRO0_USL1_UIOFGRO0_USFGRO0_VSn1_VWA2_VWB8_WSGRA0_WSGRB0_WS64_WG32_8_1,0.0753 0.0753,0.0965 0.0967,0.0784 0.0780,0.0991 0.0961,
1024,9216,6144,False,bfloat16,in: non-pow2 tile,128-255,144,0,144,96,tuned,torch,native,1224.5,1168.0,1138.7,dp,,nan,True,True,True,,True,0,1,1,1,Cijk_Alik_Bljk_BBS_BH_Bias_HA_S_SAV_UserArgs_MT144x256x64_MI16x16x1_SN_LDSB0_AFC0_AFEM1_AFEM1_ASEM1_CLR1_CADS0_DTLA0_DTLB0_DTVA0_DTVB0_EPS0_FDSI0_GRPM1_GRVWA4_GRVWB8_GSU0_GSUAMB_GLS0_ISA950_IU1_K1_LDSTI0_LBSPPA128_LBSPPB512_LBSPPM0_LPA16_LPB16_LPM0_LRVW8_LWPMn1_MIAV0_MIWT9_4_MO40_NTn1_NTA0_NTB0_NTC0_NTD0_NTM0_NEPBS0_NLCA1_NLCB1_ONLL1_PGR2_PLR1_PKA1_SIA3_SS1_SPO0_SRVW0_SSO0_SVW1_SK3_SKFTR0_SKXCCM0_TLDS1_ULSGRO0_USL1_UIOFGRO0_USFGRO0_VSn1_VWA1_VWB4_WSGRA0_WSGRB0_WS64_WG16_16_1,Cijk_Alik_Bljk_BBS_BH_Bias_HA_S_SAV_UserArgs_MT144x256x64_MI16x16x1_SN_LDSB0_AFC0_AFEM1_AFEM1_ASEM1_CLR1_CADS0_DTLA0_DTLB0_DTVA0_DTVB0_EPS0_FDSI0_GRPM1_GRVWA4_GRVWB8_GSU0_GSUAMB_GLS0_ISA950_IU1_K1_LDSTI0_LBSPPA128_LBSPPB512_LBSPPM0_LPA16_LPB16_LPM0_LRVW8_LWPMn1_MIAV0_MIWT9_4_MO40_NTn1_NTA0_NTB0_NTC0_NTD0_NTM0_NEPBS0_NLCA1_NLCB1_ONLL1_PGR2_PLR1_PKA1_SIA3_SS1_SPO0_SRVW0_SSO0_SVW1_SK3_SKFTR0_SKXCCM0_TLDS1_ULSGRO0_USL1_UIOFGRO0_USFGRO0_VSn1_VWA1_VWB4_WSGRA0_WSGRB0_WS64_WG16_16_1,0.0949 0.0945,0.0992 0.0994,0.1021 0.1016,,
2048,2048,6144,False,float32,in: other listed tile,<128,64,0,64,96,tuned,opus,opus_gemm_persistent_512x128x128x64_2x4_16x16x32_0x0x0_cA0cB0,885.5,512.4,781.3,one_tile,owner,516.2,True,True,True,True,True,0,0.00104,0.00104,0.00107,,"void gemm_a16w16_persistent_kernel<opus_gemm_a16w16_persistent_traits_gfx950<512, opus::seq<128, 128, 64>, opus::tuple<std::bfloat16_t, std::bfloat16_t, float, float>, opus::seq<8, 8, 4>, opus::seq<2, 4, 1>, opus::seq<16, 16, 32>, true, 0, 0> >(opus_gemm_persistent_kargs_gfx950)",0.0583 0.0581,0.1006 0.1006,0.0658 0.0661,0.0999 0.0998,
2048,2304,6144,False,bfloat16,in: non-pow2 tile,<128,72,0,72,96,tuned,torch,native,987.4,605.7,901.0,one_tile,owner,611.4,True,True,True,True,True,0,1,1,1,Cijk_Alik_Bljk_BBS_BH_Bias_HA_S_SAV_UserArgs_MT128x160x128_MI16x16x1_SN_LDSB1_AFC0_AFEM1_AFEM1_ASEM1_CLR1_CADS0_DTLA0_DTLB0_DTVA0_DTVB0_EPS0_FDSI0_GRPM1_GRVWA8_GRVWB8_GSU0_GSUAMB_GLS0_ISA950_IU1_K1_LDSTI0_LBSPPA1024_LBSPPB256_LBSPPM0_LPA16_LPB16_LPM0_LRVW8_LWPMn1_MIAV0_MIWT4_5_MO40_NTn1_NTA0_NTB0_NTC0_NTD0_NTM0_NEPBS0_NLCA1_NLCB1_ONLL1_PGR2_PLR1_PKA1_SIA3_SS1_SPO0_SRVW0_SSO0_SVW4_SK3_SKFTR0_SKXCCM0_TLDS1_ULSGRO0_USL1_UIOFGRO0_USFGRO0_VSn1_VWA4_VWB1_WSGRA0_WSGRB0_WS64_WG32_8_1,Cijk_Alik_Bljk_BBS_BH_Bias_HA_S_SAV_UserArgs_MT128x160x128_MI16x16x1_SN_LDSB1_AFC0_AFEM1_AFEM1_ASEM1_CLR1_CADS0_DTLA0_DTLB0_DTVA0_DTVB0_EPS0_FDSI0_GRPM1_GRVWA8_GRVWB8_GSU0_GSUAMB_GLS0_ISA950_IU1_K1_LDSTI0_LBSPPA1024_LBSPPB256_LBSPPM0_LPA16_LPB16_LPM0_LRVW8_LWPMn1_MIAV0_MIWT4_5_MO40_NTn1_NTA0_NTB0_NTC0_NTD0_NTM0_NEPBS0_NLCA1_NLCB1_ONLL1_PGR2_PLR1_PKA1_SIA3_SS1_SPO0_SRVW0_SSO0_SVW4_SK3_SKFTR0_SKXCCM0_TLDS1_ULSGRO0_USL1_UIOFGRO0_USFGRO0_VSn1_VWA4_VWB1_WSGRA0_WSGRB0_WS64_WG32_8_1,0.0588 0.0587,0.0956 0.0958,0.0640 0.0647,0.0948 0.0949,
2048,2560,6144,False,bfloat16,in: non-pow2 tile,<128,80,0,80,96,tuned,torch,native,1051.0,671.5,960.5,one_tile,owner,670.0,True,True,True,True,True,0,1,1,1,Cijk_Alik_Bljk_BBS_BH_Bias_HA_S_SAV_UserArgs_MT160x128x128_MI16x16x1_SN_LDSB1_AFC0_AFEM1_AFEM1_ASEM1_CLR1_CADS0_DTLA0_DTLB0_DTVA0_DTVB0_EPS0_FDSI0_GRPM1_GRVWA8_GRVWB8_GSU0_GSUAMB_GLS0_ISA950_IU1_K1_LDSTI0_LBSPPA256_LBSPPB1024_LBSPPM0_LPA16_LPB16_LPM0_LRVW8_LWPMn1_MIAV0_MIWT5_4_MO40_NTn1_NTA0_NTB0_NTC0_NTD0_NTM0_NEPBS0_NLCA1_NLCB1_ONLL1_PGR2_PLR1_PKA1_SIA3_SS1_SPO0_SRVW0_SSO0_SVW1_SK3_SKFTR0_SKXCCM0_TLDS1_ULSGRO0_USL1_UIOFGRO0_USFGRO0_VSn1_VWA1_VWB4_WSGRA0_WSGRB0_WS64_WG32_8_1,Cijk_Alik_Bljk_BBS_BH_Bias_HA_S_SAV_UserArgs_MT160x128x128_MI16x16x1_SN_LDSB1_AFC0_AFEM1_AFEM1_ASEM1_CLR1_CADS0_DTLA0_DTLB0_DTVA0_DTVB0_EPS0_FDSI0_GRPM1_GRVWA8_GRVWB8_GSU0_GSUAMB_GLS0_ISA950_IU1_K1_LDSTI0_LBSPPA256_LBSPPB1024_LBSPPM0_LPA16_LPB16_LPM0_LRVW8_LWPMn1_MIAV0_MIWT5_4_MO40_NTn1_NTA0_NTB0_NTC0_NTD0_NTM0_NEPBS0_NLCA1_NLCB1_ONLL1_PGR2_PLR1_PKA1_SIA3_SS1_SPO0_SRVW0_SSO0_SVW1_SK3_SKFTR0_SKXCCM0_TLDS1_ULSGRO0_USL1_UIOFGRO0_USFGRO0_VSn1_VWA1_VWB4_WSGRA0_WSGRB0_WS64_WG32_8_1,0.0613 0.0612,0.0958 0.0960,0.0666 0.0675,0.0961 0.0963,
2048,3072,6144,False,float32,in: other listed tile,<128,96,0,96,96,tuned,opus,opus_gemm_512x256x128x64_2x4_16x16x32_0x0x0_nooob_4g_safe,811.2,777.1,933.5,one_tile,owner,771.8,True,True,True,True,True,0,0.00107,0.00107,0.0011,,"void gemm_a16w16_4g_safe_kernel<opus_gemm_a16w16_traits_gfx950<512, opus::seq<256, 128, 64>, opus::tuple<std::bfloat16_t, std::bfloat16_t, float, float>, opus::seq<8, 8, 4>, opus::seq<2, 4, 1>, opus::seq<16, 16, 32>, false, float, false, 0, 17, 8, 32> >(opus_gemm_noscale_kargs_gfx950)",0.0959 0.0947,0.0993 0.0997,0.0827 0.0829,0.1001 0.1002,
2048,6144,6144,False,bfloat16,in: 256x256,128-255,192,0,192,96,tuned,torch,native,1338.8,1363.0,1330.7,dp,,nan,True,True,True,,True,0,1,1,1,Cijk_Alik_Bljk_BBS_BH_Bias_HA_S_SAV_UserArgs_MT192x256x64_MI16x16x1_SN_LDSB0_AFC0_AFEM1_AFEM1_ASEM1_CLR1_CADS0_DTLA0_DTLB0_DTVA0_DTVB0_EPS0_FDSI0_GRPM1_GRVWA8_GRVWB8_GSU0_GSUAMB_GLS0_ISA950_IU1_K1_LDSTI0_LBSPPA256_LBSPPB1024_LBSPPM0_LPA16_LPB16_LPM0_LRVW8_LWPMn1_MIAV0_MIWT6_8_MO40_NTn1_NTA0_NTB0_NTC0_NTD0_NTM0_NEPBS0_NLCA1_NLCB1_ONLL1_PGR2_PLR1_PKA1_SIA3_SS1_SPO0_SRVW0_SSO0_SVW2_SK3_SKFTR0_SKXCCM0_TLDS1_ULSGRO0_USL1_UIOFGRO0_USFGRO0_VSn1_VWA2_VWB8_WSGRA0_WSGRB0_WS64_WG32_8_1,Cijk_Alik_Bljk_BBS_BH_Bias_HA_S_SAV_UserArgs_MT192x256x64_MI16x16x1_SN_LDSB0_AFC0_AFEM1_AFEM1_ASEM1_CLR1_CADS0_DTLA0_DTLB0_DTVA0_DTVB0_EPS0_FDSI0_GRPM1_GRVWA8_GRVWB8_GSU0_GSUAMB_GLS0_ISA950_IU1_K1_LDSTI0_LBSPPA256_LBSPPB1024_LBSPPM0_LPA16_LPB16_LPM0_LRVW8_LWPMn1_MIAV0_MIWT6_8_MO40_NTn1_NTA0_NTB0_NTC0_NTD0_NTM0_NEPBS0_NLCA1_NLCB1_ONLL1_PGR2_PLR1_PKA1_SIA3_SS1_SPO0_SRVW0_SSO0_SVW2_SK3_SKFTR0_SKXCCM0_TLDS1_ULSGRO0_USL1_UIOFGRO0_USFGRO0_VSn1_VWA2_VWB8_WSGRA0_WSGRB0_WS64_WG32_8_1,0.1157 0.1153,0.1135 0.1133,0.1165 0.1159,,
2048,9216,6144,False,bfloat16,in: non-pow2 tile,256-511,288,1,32,96,tuned,torch,native,1235.8,1061.9,1345.0,two_tile,rs,1071.0,True,True,True,True,True,0,2,2,2,Cijk_Alik_Bljk_BBS_BH_Bias_HA_S_SAV_UserArgs_MT144x256x64_MI16x16x1_SN_LDSB0_AFC0_AFEM1_AFEM1_ASEM1_CLR1_CADS0_DTLA0_DTLB0_DTVA0_DTVB0_EPS0_FDSI0_GRPM1_GRVWA4_GRVWB8_GSU0_GSUAMB_GLS0_ISA950_IU1_K1_LDSTI0_LBSPPA128_LBSPPB512_LBSPPM0_LPA16_LPB16_LPM0_LRVW8_LWPMn1_MIAV0_MIWT9_4_MO40_NTn1_NTA0_NTB0_NTC0_NTD0_NTM0_NEPBS0_NLCA1_NLCB1_ONLL1_PGR2_PLR1_PKA1_SIA3_SS1_SPO0_SRVW0_SSO0_SVW1_SK3_SKFTR0_SKXCCM0_TLDS1_ULSGRO0_USL1_UIOFGRO0_USFGRO0_VSn1_VWA1_VWB4_WSGRA0_WSGRB0_WS64_WG16_16_1,Cijk_Alik_Bljk_BBS_BH_Bias_HA_S_SAV_UserArgs_MT144x256x64_MI16x16x1_SN_LDSB0_AFC0_AFEM1_AFEM1_ASEM1_CLR1_CADS0_DTLA0_DTLB0_DTVA0_DTVB0_EPS0_FDSI0_GRPM1_GRVWA4_GRVWB8_GSU0_GSUAMB_GLS0_ISA950_IU1_K1_LDSTI0_LBSPPA128_LBSPPB512_LBSPPM0_LPA16_LPB16_LPM0_LRVW8_LWPMn1_MIAV0_MIWT9_4_MO40_NTn1_NTA0_NTB0_NTC0_NTD0_NTM0_NEPBS0_NLCA1_NLCB1_ONLL1_PGR2_PLR1_PKA1_SIA3_SS1_SPO0_SRVW0_SSO0_SVW1_SK3_SKFTR0_SKXCCM0_TLDS1_ULSGRO0_USL1_UIOFGRO0_USFGRO0_VSn1_VWA1_VWB4_WSGRA0_WSGRB0_WS64_WG16_16_1,0.1879 0.1874,0.2186 0.2182,0.1725 0.1723,0.2168 0.2162,
4096,2048,6144,False,float32,in: other listed tile,128-255,128,0,128,96,tuned,opus,opus_gemm_persistent_512x128x256x64_2x4_16x16x32_0x0x0_nooob,1155.2,1007.9,1153.6,one_tile,owner,988.6,True,True,True,True,True,0,0.00131,0.00131,0.00134,,"void gemm_a16w16_persistent_kernel<opus_gemm_a16w16_persistent_traits_gfx950<512, opus::seq<128, 256, 64>, opus::tuple<std::bfloat16_t, std::bfloat16_t, float, float>, opus::seq<8, 8, 4>, opus::seq<2, 4, 1>, opus::seq<16, 16, 32>, false, 0, 17> >(opus_gemm_persistent_kargs_gfx950)",0.0894 0.0891,0.1022 0.1023,0.0891 0.0896,0.1044 0.1041,
4096,2304,6144,False,bfloat16,in: 256x256,128-255,144,0,144,96,tuned,flydsl,flydsl_hgemm_abf16_wbf16_bf16_t128x128x64x4_ks1_w4x2x1_bias0_ktail0_gm0_pft_gfx950,784.1,1163.3,1137.2,dp,,nan,True,True,True,,True,0,2,2,2,,hgemm_bf16_t128x128x64x4_ks1_w4x2x1_gm0_bias0_lnt_pft_0,0.1485 0.1472,0.0994 0.1000,0.1023 0.1017,,
4096,2560,6144,False,bfloat16,in: 256x256,128-255,160,0,160,96,tuned,flydsl,flydsl_hgemm_abf16_wbf16_bf16_t256x64x64x3_ks1_w4x1x1_bias0_ktail0_gm4_pft_gfx950,709.6,1251.8,1216.5,dp,,nan,True,True,True,,True,0,2,2,2,,hgemm_bf16_t256x64x64x3_ks1_w4x1x1_gm4_bias0_lnt_pft_0,0.1814 0.1818,0.1032 0.1027,0.1062 0.1056,,
4096,3072,6144,False,float32,in: 256x256,128-255,192,0,192,96,tuned,asm,_ZN5aiter24bf16gemm_bf16_tn_256x256E,1240.0,1325.9,1280.5,dp,,nan,True,True,True,,True,0,0.00131,0.00131,0.00131,,aiter::bf16gemm_bf16_tn_256x256,0.1249 0.1245,0.1165 0.1168,0.1215 0.1200,,
4096,6144,6144,False,bfloat16,in: 256x256,256-511,384,1,128,96,tuned,torch,native,1357.9,1379.1,1477.9,one_tile,owner,1381.0,True,True,True,True,True,0,2,2,2,Cijk_Alik_Bljk_BBS_BH_Bias_HA_S_SAV_UserArgs_MT192x256x64_MI16x16x1_SN_LDSB0_AFC0_AFEM1_AFEM1_ASEM1_CLR1_CADS0_DTLA0_DTLB0_DTVA0_DTVB0_EPS0_FDSI0_GRPM1_GRVWA8_GRVWB8_GSU0_GSUAMB_GLS0_ISA950_IU1_K1_LDSTI0_LBSPPA256_LBSPPB1024_LBSPPM0_LPA16_LPB16_LPM0_LRVW8_LWPMn1_MIAV0_MIWT6_8_MO40_NTn1_NTA0_NTB0_NTC0_NTD0_NTM0_NEPBS0_NLCA1_NLCB1_ONLL1_PGR2_PLR1_PKA1_SIA3_SS1_SPO0_SRVW0_SSO0_SVW2_SK3_SKFTR0_SKXCCM0_TLDS1_ULSGRO0_USL1_UIOFGRO0_USFGRO0_VSn1_VWA2_VWB8_WSGRA0_WSGRB0_WS64_WG32_8_1,Cijk_Alik_Bljk_BBS_BH_Bias_HA_S_SAV_UserArgs_MT192x256x64_MI16x16x1_SN_LDSB0_AFC0_AFEM1_AFEM1_ASEM1_CLR1_CADS0_DTLA0_DTLB0_DTVA0_DTVB0_EPS0_FDSI0_GRPM1_GRVWA8_GRVWB8_GSU0_GSUAMB_GLS0_ISA950_IU1_K1_LDSTI0_LBSPPA256_LBSPPB1024_LBSPPM0_LPA16_LPB16_LPM0_LRVW8_LWPMn1_MIAV0_MIWT6_8_MO40_NTn1_NTA0_NTB0_NTC0_NTD0_NTM0_NEPBS0_NLCA1_NLCB1_ONLL1_PGR2_PLR1_PKA1_SIA3_SS1_SPO0_SRVW0_SSO0_SVW2_SK3_SKFTR0_SKXCCM0_TLDS1_ULSGRO0_USL1_UIOFGRO0_USFGRO0_VSn1_VWA2_VWB8_WSGRA0_WSGRB0_WS64_WG32_8_1,0.2287 0.2268,0.2247 0.2238,0.2088 0.2097,0.2236 0.2242,
4096,9216,6144,False,bfloat16,in: 256x256,>=512,576,2,64,96,tuned,torch,native,1364.6,1339.7,1456.1,one_tile,owner,1350.0,True,True,True,True,True,0,2,2,2,Cijk_Alik_Bljk_BBS_BH_Bias_HA_S_SAV_UserArgs_MT192x256x64_MI16x16x1_SN_LDSB0_AFC0_AFEM1_AFEM1_ASEM1_CLR1_CADS0_DTLA0_DTLB0_DTVA0_DTVB0_EPS0_FDSI0_GRPM1_GRVWA8_GRVWB8_GSU0_GSUAMB_GLS0_ISA950_IU1_K1_LDSTI0_LBSPPA256_LBSPPB1024_LBSPPM0_LPA16_LPB16_LPM0_LRVW8_LWPMn1_MIAV0_MIWT6_8_MO40_NTn1_NTA0_NTB0_NTC0_NTD0_NTM0_NEPBS0_NLCA1_NLCB1_ONLL1_PGR2_PLR1_PKA1_SIA3_SS1_SPO0_SRVW0_SSO0_SVW2_SK3_SKFTR0_SKXCCM0_TLDS1_ULSGRO0_USL1_UIOFGRO0_USFGRO0_VSn1_VWA2_VWB8_WSGRA0_WSGRB0_WS64_WG32_8_1,Cijk_Alik_Bljk_BBS_BH_Bias_HA_S_SAV_UserArgs_MT192x256x64_MI16x16x1_SN_LDSB0_AFC0_AFEM1_AFEM1_ASEM1_CLR1_CADS0_DTLA0_DTLB0_DTVA0_DTVB0_EPS0_FDSI0_GRPM1_GRVWA8_GRVWB8_GSU0_GSUAMB_GLS0_ISA950_IU1_K1_LDSTI0_LBSPPA256_LBSPPB1024_LBSPPM0_LPA16_LPB16_LPM0_LRVW8_LWPMn1_MIAV0_MIWT6_8_MO40_NTn1_NTA0_NTB0_NTC0_NTD0_NTM0_NEPBS0_NLCA1_NLCB1_ONLL1_PGR2_PLR1_PKA1_SIA3_SS1_SPO0_SRVW0_SSO0_SVW2_SK3_SKFTR0_SKXCCM0_TLDS1_ULSGRO0_USL1_UIOFGRO0_USFGRO0_VSn1_VWA2_VWB8_WSGRA0_WSGRB0_WS64_WG32_8_1,0.3401 0.3397,0.3466 0.3459,0.3184 0.3187,0.3442 0.3430,
8192,2048,6144,False,float32,in: 256x256,256-511,256,1,0,96,tuned,opus,opus_gemm_persistent_512x256x256x64_2x4_16x16x32_0x0x0_nooob,1399.2,1505.3,1467.1,dp,,nan,True,True,True,,True,0,0.00134,0.00134,0.00134,,"void gemm_a16w16_persistent_kernel<opus_gemm_a16w16_persistent_traits_gfx950<512, opus::seq<256, 256, 64>, opus::tuple<std::bfloat16_t, std::bfloat16_t, float, float>, opus::seq<8, 8, 4>, opus::seq<2, 4, 1>, opus::seq<16, 16, 32>, false, 0, 17> >(opus_gemm_persistent_kargs_gfx950)",0.1476 0.1470,0.1377 0.1363,0.1407 0.1404,,
8192,2304,6144,False,bfloat16,in: non-pow2 tile,256-511,288,1,32,96,tuned,torch,native,1239.8,1068.5,1345.9,two_tile,rs,1076.0,True,True,True,True,True,0,2,2,2,Cijk_Alik_Bljk_BBS_BH_Bias_HA_S_SAV_UserArgs_MT144x256x64_MI16x16x1_SN_LDSB0_AFC0_AFEM1_AFEM1_ASEM1_CLR1_CADS0_DTLA0_DTLB0_DTVA0_DTVB0_EPS0_FDSI0_GRPM1_GRVWA4_GRVWB8_GSU0_GSUAMB_GLS0_ISA950_IU1_K1_LDSTI0_LBSPPA128_LBSPPB512_LBSPPM0_LPA16_LPB16_LPM0_LRVW8_LWPMn1_MIAV0_MIWT9_4_MO40_NTn1_NTA0_NTB0_NTC0_NTD0_NTM0_NEPBS0_NLCA1_NLCB1_ONLL1_PGR2_PLR1_PKA1_SIA3_SS1_SPO0_SRVW0_SSO0_SVW1_SK3_SKFTR0_SKXCCM0_TLDS1_ULSGRO0_USL1_UIOFGRO0_USFGRO0_VSn1_VWA1_VWB4_WSGRA0_WSGRB0_WS64_WG16_16_1,Cijk_Alik_Bljk_BBS_BH_Bias_HA_S_SAV_UserArgs_MT144x256x64_MI16x16x1_SN_LDSB0_AFC0_AFEM1_AFEM1_ASEM1_CLR1_CADS0_DTLA0_DTLB0_DTVA0_DTVB0_EPS0_FDSI0_GRPM1_GRVWA4_GRVWB8_GSU0_GSUAMB_GLS0_ISA950_IU1_K1_LDSTI0_LBSPPA128_LBSPPB512_LBSPPM0_LPA16_LPB16_LPM0_LRVW8_LWPMn1_MIAV0_MIWT9_4_MO40_NTn1_NTA0_NTB0_NTC0_NTD0_NTM0_NEPBS0_NLCA1_NLCB1_ONLL1_PGR2_PLR1_PKA1_SIA3_SS1_SPO0_SRVW0_SSO0_SVW1_SK3_SKFTR0_SKXCCM0_TLDS1_ULSGRO0_USL1_UIOFGRO0_USFGRO0_VSn1_VWA1_VWB4_WSGRA0_WSGRB0_WS64_WG16_16_1,0.1874 0.1867,0.2169 0.2172,0.1723 0.1723,0.2155 0.2156,
8192,2560,6144,False,bfloat16,in: 256x256,256-511,320,1,64,96,tuned,asm,_ZN5aiter37bf16gemm_fp32bf16_tn_64x64_pf3_splitkE,520.4,1181.7,1377.7,one_tile,owner,1189.4,True,True,True,True,True,0,2,2,2,,aiter::bf16gemm_fp32bf16_tn_64x64_pf3_splitk,0.4950 0.4954,0.2185 0.2176,0.1876 0.1865,0.2166 0.2168,
8192,3072,6144,False,float32,in: 256x256,256-511,384,1,128,96,tuned,asm,_ZN5aiter24bf16gemm_bf16_tn_256x256E,1253.9,1319.2,1388.2,one_tile,owner,1311.3,True,True,True,True,True,0,0.00134,0.00134,0.00134,,aiter::bf16gemm_bf16_tn_256x256,0.2467 0.2465,0.2335 0.2354,0.2228 0.2227,0.2344 0.2372,
8192,6144,6144,False,bfloat16,in: 256x256,>=512,768,3,0,96,tuned,flydsl,flydsl_hgemm_abf16_wbf16_bf16_t256x256x64x2_ks1_w2x4x1_bias0_ktail0_gm4_pht_gfx950,1538.4,1586.8,1597.5,dp,,nan,True,True,True,,True,0,2,2,2,,hgemm_bf16_t256x256x64x2_ks1_w2x4x1_gm4_bias0_lnt_phti_0,0.4014 0.4026,0.3881 0.3914,0.3877 0.3867,,
8192,9216,6144,False,bfloat16,in: 256x256,>=512,1152,4,128,96,tuned,asm,_ZN5aiter24bf16gemm_bf16_tn_256x256E,1458.4,1476.0,1543.9,one_tile,owner,1495.0,True,True,True,True,True,0,2,2,2,,aiter::bf16gemm_bf16_tn_256x256,0.6397 0.6326,0.6284 0.6287,0.6013 0.6004,0.6213 0.6198,
16384,2048,6144,False,float32,in: 256x256,>=512,512,2,0,96,tuned,opus,opus_gemm_512x256x256x64_2x4_16x16x32_0x0x0_nooob_cA17cB1,1352.5,1441.2,1422.7,dp,,nan,True,True,True,,True,0,0.00131,0.00131,0.00131,,"void gemm_a16w16_kernel<opus_gemm_a16w16_traits_gfx950<512, opus::seq<256, 256, 64>, opus::tuple<std::bfloat16_t, std::bfloat16_t, float, float>, opus::seq<8, 8, 4>, opus::seq<2, 4, 1>, opus::seq<16, 16, 32>, false, float, false, 17, 1, 8, 32> >(opus_gemm_noscale_kargs_gfx950)",0.3052 0.3045,0.2864 0.2858,0.2907 0.2890,,
16384,2304,6144,False,bfloat16,in: 256x256,>=512,576,2,64,96,tuned,flydsl,flydsl_hgemm_abf16_wbf16_bf16_t128x128x64x2_ks1_w2x4x1_bias0_ktail0_gm4_pft_gfx950,1053.1,1321.3,1405.2,one_tile,owner,1334.4,True,True,True,True,True,0,2,2,2,,hgemm_bf16_t128x128x64x2_ks1_w2x4x1_gm4_bias0_lnt_pft_0,0.4420 0.4389,0.3506 0.3516,0.3309 0.3293,0.3485 0.3468,
16384,2560,6144,False,bfloat16,in: 256x256,>=512,640,2,128,96,tuned,flydsl,flydsl_hgemm_abf16_wbf16_bf16_t256x256x64x2_ks1_w2x4x1_bias0_ktail0_gm4_pht_gfx950,1376.9,1414.3,1482.9,one_tile,owner,1423.5,True,True,True,True,True,0,2,2,2,,hgemm_bf16_t256x256x64x2_ks1_w2x4x1_gm4_bias0_lnt_phti_0,0.3746 0.3740,0.3643 0.3645,0.3483 0.3468,0.3616 0.3626,
16384,3072,6144,False,float32,in: 256x256,>=512,768,3,0,96,tuned,asm,_ZN5aiter24bf16gemm_bf16_tn_256x256E,1396.9,1441.7,1433.5,dp,,nan,True,True,True,,True,0,0.00146,0.00146,0.00146,,aiter::bf16gemm_bf16_tn_256x256,0.4445 0.4411,0.4291 0.4289,0.4323 0.4306,,
16384,6144,6144,False,bfloat16,in: 256x256,>=512,1536,6,0,96,tuned,asm,_ZN5aiter24bf16gemm_bf16_tn_256x256E,1533.4,1566.1,1574.9,dp,,nan,True,True,True,,True,0,2,2,2,,aiter::bf16gemm_bf16_tn_256x256,0.8105 0.8029,0.7907 0.7890,0.7861 0.7847,,
16384,9216,6144,False,bfloat16,in: 256x256,>=512,2304,9,0,96,tuned,torch,native,1550.4,1558.6,1574.4,dp,,nan,True,True,True,,True,0,2,2,2,Cijk_Alik_Bljk_BBS_BH_Bias_HA_S_SAV_UserArgs_MT256x256x64_MI16x16x1_CMS_SN_LDSB0_AFC0_AFEM1_AFEM1_ASEM1_CLR1_CADS0_DTLA1_DTLB1_DTVA0_DTVB0_EPS0_FDSI0_GRPM1_GRVWA8_GRVWB8_GSU0_GSUAMB_GLS0_ISA950_IU1_K1_LDSTI0_LBSPPA1024_LBSPPB1024_LBSPPM0_LPA16_LPB16_LPM0_LRVW8_LWPMn1_MIAV0_MIWT8_8_MO40_NTn1_NTA0_NTB0_NTC0_NTD4_NTM0_NEPBS0_NLCA1_NLCB1_ONLL1_PGR2_PLR1_PKA1_SIA3_SS1_SPO0_SRVW0_SSO0_SVW8_SK3_SKFTR0_SKXCCM0_TLDS1_ULSGRO0_USL1_UIOFGRO0_USFGRO0_VSn1_VWA8_VWB8_WSGRA0_WSGRB0_WS64_WG32_8_1,Cijk_Alik_Bljk_BBS_BH_Bias_HA_S_SAV_UserArgs_MT256x256x64_MI16x16x1_CMS_SN_LDSB0_AFC0_AFEM1_AFEM1_ASEM1_CLR1_CADS0_DTLA1_DTLB1_DTVA0_DTVB0_EPS0_FDSI0_GRPM1_GRVWA8_GRVWB8_GSU0_GSUAMB_GLS0_ISA950_IU1_K1_LDSTI0_LBSPPA1024_LBSPPB1024_LBSPPM0_LPA16_LPB16_LPM0_LRVW8_LWPMn1_MIAV0_MIWT8_8_MO40_NTn1_NTA0_NTB0_NTC0_NTD4_NTM0_NEPBS0_NLCA1_NLCB1_ONLL1_PGR2_PLR1_PKA1_SIA3_SS1_SPO0_SRVW0_SSO0_SVW8_SK3_SKFTR0_SKXCCM0_TLDS1_ULSGRO0_USL1_UIOFGRO0_USFGRO0_VSn1_VWA8_VWB8_WSGRA0_WSGRB0_WS64_WG32_8_1,1.2051 1.1884,1.1913 1.1896,1.1782 1.1787,,
32768,2304,6144,False,bfloat16,in: 256x256,>=512,1152,4,128,96,tuned,flydsl,flydsl_hgemm_abf16_wbf16_bf16_t64x256x128x2_ks1_w4x4x1_bias0_ktail0_gm0_pft_gfx950,657.0,1429.1,1480.1,one_tile,owner,1431.9,True,True,True,True,True,0,2,2,2,,hgemm_bf16_t64x256x128x2_ks1_w4x4x1_gm0_bias0_lnt_pft_0,1.4152 1.4088,0.6493 0.6490,0.6263 0.6273,0.6476 0.6482,
32768,2560,6144,False,bfloat16,in: 256x256,>=512,1280,5,0,96,tuned,flydsl,flydsl_hgemm_abf16_wbf16_bf16_t256x256x64x2_ks1_w2x4x1_bias0_ktail0_gm4_pht_gfx950,1469.5,1524.8,1526.1,dp,,nan,True,True,True,,True,0,2,2,2,,hgemm_bf16_t256x256x64x2_ks1_w2x4x1_gm4_bias0_lnt_phti_0,0.7061 0.6968,0.6765 0.6755,0.6742 0.6767,,
32768,6144,6144,False,bfloat16,in: 256x256,>=512,3072,12,0,96,tuned,torch,native,1535.7,1570.3,1584.9,dp,,nan,True,True,True,,True,0,2,2,2,Cijk_Alik_Bljk_BBS_BH_Bias_HA_S_SAV_UserArgs_MT256x256x64_MI16x16x1_CMS_SN_LDSB0_AFC0_AFEM1_AFEM1_ASEM1_CLR1_CADS0_DTLA1_DTLB1_DTVA0_DTVB0_EPS0_FDSI0_GRPM1_GRVWA8_GRVWB8_GSU0_GSUAMB_GLS0_ISA950_IU1_K1_LDSTI0_LBSPPA1024_LBSPPB1024_LBSPPM0_LPA16_LPB16_LPM0_LRVW8_LWPMn1_MIAV0_MIWT8_8_MO40_NTn1_NTA0_NTB0_NTC0_NTD4_NTM0_NEPBS0_NLCA1_NLCB1_ONLL1_PGR2_PLR1_PKA1_SIA3_SS1_SPO0_SRVW0_SSO0_SVW8_SK3_SKFTR0_SKXCCM0_TLDS1_ULSGRO0_USL1_UIOFGRO0_USFGRO0_VSn1_VWA8_VWB8_WSGRA0_WSGRB0_WS64_WG32_8_1,Cijk_Alik_Bljk_BBS_BH_Bias_HA_S_SAV_UserArgs_MT256x256x64_MI16x16x1_CMS_SN_LDSB0_AFC0_AFEM1_AFEM1_ASEM1_CLR1_CADS0_DTLA1_DTLB1_DTVA0_DTVB0_EPS0_FDSI0_GRPM1_GRVWA8_GRVWB8_GSU0_GSUAMB_GLS0_ISA950_IU1_K1_LDSTI0_LBSPPA1024_LBSPPB1024_LBSPPM0_LPA16_LPB16_LPM0_LRVW8_LWPMn1_MIAV0_MIWT8_8_MO40_NTn1_NTA0_NTB0_NTC0_NTD4_NTM0_NEPBS0_NLCA1_NLCB1_ONLL1_PGR2_PLR1_PKA1_SIA3_SS1_SPO0_SRVW0_SSO0_SVW8_SK3_SKFTR0_SKXCCM0_TLDS1_ULSGRO0_USL1_UIOFGRO0_USFGRO0_VSn1_VWA8_VWB8_WSGRA0_WSGRB0_WS64_WG32_8_1,1.6230 1.5988,1.5756 1.5752,1.5642 1.5576,,
32768,9216,6144,False,bfloat16,in: 256x256,>=512,4608,18,0,96,tuned,torch,native,1564.4,1559.6,1583.4,dp,,nan,True,True,True,,True,0,2,2,2,Cijk_Alik_Bljk_BBS_BH_Bias_HA_S_SAV_UserArgs_MT256x256x64_MI16x16x1_CMS_SN_LDSB0_AFC0_AFEM1_AFEM1_ASEM1_CLR1_CADS0_DTLA1_DTLB1_DTVA0_DTVB0_EPS0_FDSI0_GRPM1_GRVWA8_GRVWB8_GSU0_GSUAMB_GLS0_ISA950_IU1_K1_LDSTI0_LBSPPA1024_LBSPPB1024_LBSPPM0_LPA16_LPB16_LPM0_LRVW8_LWPMn1_MIAV0_MIWT8_8_MO40_NTn1_NTA0_NTB0_NTC0_NTD4_NTM0_NEPBS0_NLCA1_NLCB1_ONLL1_PGR2_PLR1_PKA1_SIA3_SS1_SPO0_SRVW0_SSO0_SVW8_SK3_SKFTR0_SKXCCM0_TLDS1_ULSGRO0_USL1_UIOFGRO0_USFGRO0_VSn1_VWA8_VWB8_WSGRA0_WSGRB0_WS64_WG32_8_1,Cijk_Alik_Bljk_BBS_BH_Bias_HA_S_SAV_UserArgs_MT256x256x64_MI16x16x1_CMS_SN_LDSB0_AFC0_AFEM1_AFEM1_ASEM1_CLR1_CADS0_DTLA1_DTLB1_DTVA0_DTVB0_EPS0_FDSI0_GRPM1_GRVWA8_GRVWB8_GSU0_GSUAMB_GLS0_ISA950_IU1_K1_LDSTI0_LBSPPA1024_LBSPPB1024_LBSPPM0_LPA16_LPB16_LPM0_LRVW8_LWPMn1_MIAV0_MIWT8_8_MO40_NTn1_NTA0_NTB0_NTC0_NTD4_NTM0_NEPBS0_NLCA1_NLCB1_ONLL1_PGR2_PLR1_PKA1_SIA3_SS1_SPO0_SRVW0_SSO0_SVW8_SK3_SKFTR0_SKXCCM0_TLDS1_ULSGRO0_USL1_UIOFGRO0_USFGRO0_VSn1_VWA8_VWB8_WSGRA0_WSGRB0_WS64_WG32_8_1,2.3960 2.3481,2.3808 2.3777,2.3489 2.3384,,
512,5120,6400,False,bfloat16,in: non-pow2 tile,<128,40,0,40,100,tuned,flydsl,flydsl_hgemm_abf16_wbf16_bf16_t96x128x128x2_ks1_w2x2x2_bias0_ktail0_gm0_pft_gfx950,708.6,341.9,586.2,one_tile,owner,345.3,False,True,True,True,True,0,2,1,1,,hgemm_bf16_t96x128x128x2_ks1_w2x2x2_gm0_bias0_lnt_pft_0,0.0479 0.0469,0.0981 0.0982,0.0576 0.0569,0.0976 0.0967,
1024,5120,6400,False,bfloat16,in: other listed tile,<128,80,0,80,100,tuned,flydsl,flydsl_hgemm_abf16_wbf16_bf16_t128x128x64x4_ks1_w4x2x1_bias0_ktail0_gm0_pft_gfx950,700.0,673.6,979.2,one_tile,owner,677.2,True,True,True,True,True,0,1,1,1,,hgemm_bf16_t128x128x64x4_ks1_w4x2x1_gm0_bias0_lnt_pft_0,0.0962 0.0956,0.0997 0.0995,0.0690 0.0680,0.0987 0.0995,
2048,5120,6400,False,bfloat16,in: 256x256,128-255,160,0,160,100,tuned,flydsl,flydsl_hgemm_abf16_wbf16_bf16_t256x128x64x3_ks1_w4x2x1_bias0_ktail0_gm0_pft_gfx950,783.0,1244.1,1230.6,dp,,nan,True,True,True,,True,0,2,2,2,,hgemm_bf16_t256x128x64x3_ks1_w4x2x1_gm0_bias0_lnt_pft_0,0.1718 0.1710,0.1077 0.1081,0.1087 0.1094,,
4096,5120,6400,False,bfloat16,in: non-pow2 tile,256-511,320,1,64,100,tuned,torch,native,1289.0,1181.1,1397.0,one_tile,owner,1191.1,True,True,True,True,True,0,2,2,2,Cijk_Alik_Bljk_BBS_BH_Bias_HA_S_SAV_UserArgs_MT160x256x64_MI16x16x1_SN_LDSB0_AFC0_AFEM1_AFEM1_ASEM1_CLR1_CADS0_DTLA0_DTLB0_DTVA0_DTVB0_EPS0_FDSI0_GRPM1_GRVWA8_GRVWB8_GSU0_GSUAMB_GLS0_ISA950_IU1_K1_LDSTI0_LBSPPA128_LBSPPB1024_LBSPPM0_LPA16_LPB16_LPM0_LRVW8_LWPMn1_MIAV0_MIWT5_8_MO40_NTn1_NTA0_NTB0_NTC0_NTD0_NTM0_NEPBS0_NLCA1_NLCB1_ONLL1_PGR2_PLR1_PKA1_SIA3_SS1_SPO0_SRVW0_SSO0_SVW1_SK3_SKFTR0_SKXCCM0_TLDS1_ULSGRO0_USL1_UIOFGRO0_USFGRO0_VSn1_VWA1_VWB8_WSGRA0_WSGRB0_WS64_WG32_8_1,Cijk_Alik_Bljk_BBS_BH_Bias_HA_S_SAV_UserArgs_MT160x256x64_MI16x16x1_SN_LDSB0_AFC0_AFEM1_AFEM1_ASEM1_CLR1_CADS0_DTLA0_DTLB0_DTVA0_DTVB0_EPS0_FDSI0_GRPM1_GRVWA8_GRVWB8_GSU0_GSUAMB_GLS0_ISA950_IU1_K1_LDSTI0_LBSPPA128_LBSPPB1024_LBSPPM0_LPA16_LPB16_LPM0_LRVW8_LWPMn1_MIAV0_MIWT5_8_MO40_NTn1_NTA0_NTB0_NTC0_NTD0_NTM0_NEPBS0_NLCA1_NLCB1_ONLL1_PGR2_PLR1_PKA1_SIA3_SS1_SPO0_SRVW0_SSO0_SVW1_SK3_SKFTR0_SKXCCM0_TLDS1_ULSGRO0_USL1_UIOFGRO0_USFGRO0_VSn1_VWA1_VWB8_WSGRA0_WSGRB0_WS64_WG32_8_1,0.2089 0.2076,0.2279 0.2267,0.1923 0.1920,0.2257 0.2250,
8192,5120,6400,False,bfloat16,in: 256x256,>=512,640,2,128,100,tuned,flydsl,flydsl_hgemm_abf16_wbf16_bf16_t256x256x64x2_ks1_w2x4x1_bias0_ktail0_gm4_pht_gfx950,1413.2,1449.4,1517.9,one_tile,owner,1455.6,True,True,True,True,True,0,2,2,2,,hgemm_bf16_t256x256x64x2_ks1_w2x4x1_gm4_bias0_lnt_phti_0,0.3809 0.3789,0.3710 0.3699,0.3539 0.3535,0.3691 0.3686,
16384,5120,6400,False,bfloat16,in: 256x256,>=512,1280,5,0,100,tuned,torch,native,1563.0,1562.4,1576.0,dp,,nan,True,True,True,,True,0,2,2,2,Cijk_Alik_Bljk_BBS_BH_Bias_HA_S_SAV_UserArgs_MT256x256x64_MI16x16x1_CMS_SN_LDSB0_AFC0_AFEM1_AFEM1_ASEM1_CLR1_CADS0_DTLA1_DTLB1_DTVA0_DTVB0_EPS0_FDSI0_GRPM1_GRVWA8_GRVWB8_GSU0_GSUAMB_GLS0_ISA950_IU1_K1_LDSTI0_LBSPPA1024_LBSPPB1024_LBSPPM0_LPA16_LPB16_LPM0_LRVW8_LWPMn1_MIAV0_MIWT8_8_MO40_NTn1_NTA0_NTB0_NTC0_NTD4_NTM0_NEPBS0_NLCA1_NLCB1_ONLL1_PGR2_PLR1_PKA1_SIA3_SS1_SPO0_SRVW0_SSO0_SVW8_SK3_SKFTR0_SKXCCM0_TLDS1_ULSGRO0_USL1_UIOFGRO0_USFGRO0_VSn1_VWA8_VWB8_WSGRA0_WSGRB0_WS64_WG32_8_1,Cijk_Alik_Bljk_BBS_BH_Bias_HA_S_SAV_UserArgs_MT256x256x64_MI16x16x1_CMS_SN_LDSB0_AFC0_AFEM1_AFEM1_ASEM1_CLR1_CADS0_DTLA1_DTLB1_DTVA0_DTVB0_EPS0_FDSI0_GRPM1_GRVWA8_GRVWB8_GSU0_GSUAMB_GLS0_ISA950_IU1_K1_LDSTI0_LBSPPA1024_LBSPPB1024_LBSPPM0_LPA16_LPB16_LPM0_LRVW8_LWPMn1_MIAV0_MIWT8_8_MO40_NTn1_NTA0_NTB0_NTC0_NTD4_NTM0_NEPBS0_NLCA1_NLCB1_ONLL1_PGR2_PLR1_PKA1_SIA3_SS1_SPO0_SRVW0_SSO0_SVW8_SK3_SKFTR0_SKXCCM0_TLDS1_ULSGRO0_USL1_UIOFGRO0_USFGRO0_VSn1_VWA8_VWB8_WSGRA0_WSGRB0_WS64_WG32_8_1,0.6902 0.6837,0.6880 0.6865,0.6837 0.6789,,
32768,5120,6400,False,bfloat16,in: 256x256,>=512,2560,10,0,100,tuned,torch,native,1558.1,1565.1,1584.7,dp,,nan,True,True,True,,True,0,2,2,2,Cijk_Alik_Bljk_BBS_BH_Bias_HA_S_SAV_UserArgs_MT256x256x64_MI16x16x1_CMS_SN_LDSB0_AFC0_AFEM1_AFEM1_ASEM1_CLR1_CADS0_DTLA1_DTLB1_DTVA0_DTVB0_EPS0_FDSI0_GRPM1_GRVWA8_GRVWB8_GSU0_GSUAMB_GLS0_ISA950_IU1_K1_LDSTI0_LBSPPA1024_LBSPPB1024_LBSPPM0_LPA16_LPB16_LPM0_LRVW8_LWPMn1_MIAV0_MIWT8_8_MO40_NTn1_NTA0_NTB0_NTC0_NTD4_NTM0_NEPBS0_NLCA1_NLCB1_ONLL1_PGR2_PLR1_PKA1_SIA3_SS1_SPO0_SRVW0_SSO0_SVW8_SK3_SKFTR0_SKXCCM0_TLDS1_ULSGRO0_USL1_UIOFGRO0_USFGRO0_VSn1_VWA8_VWB8_WSGRA0_WSGRB0_WS64_WG32_8_1,Cijk_Alik_Bljk_BBS_BH_Bias_HA_S_SAV_UserArgs_MT256x256x64_MI16x16x1_CMS_SN_LDSB0_AFC0_AFEM1_AFEM1_ASEM1_CLR1_CADS0_DTLA1_DTLB1_DTVA0_DTVB0_EPS0_FDSI0_GRPM1_GRVWA8_GRVWB8_GSU0_GSUAMB_GLS0_ISA950_IU1_K1_LDSTI0_LBSPPA1024_LBSPPB1024_LBSPPM0_LPA16_LPB16_LPM0_LRVW8_LWPMn1_MIAV0_MIWT8_8_MO40_NTn1_NTA0_NTB0_NTC0_NTD4_NTM0_NEPBS0_NLCA1_NLCB1_ONLL1_PGR2_PLR1_PKA1_SIA3_SS1_SPO0_SRVW0_SSO0_SVW8_SK3_SKFTR0_SKXCCM0_TLDS1_ULSGRO0_USL1_UIOFGRO0_USFGRO0_VSn1_VWA8_VWB8_WSGRA0_WSGRB0_WS64_WG32_8_1,1.3914 1.3651,1.3728 1.3714,1.3556 1.3548,,
512,16384,6656,False,bfloat16,in: 256x256,128-255,128,0,128,104,tuned,flydsl,flydsl_hgemm_abf16_wbf16_bf16_t128x128x64x5_ks1_w4x4x1_bias0_ktail0_gm4_pft_gfx950,960.7,1055.5,1163.6,one_tile,owner,1047.7,True,True,True,True,True,0,2,2,2,,hgemm_bf16_t128x128x64x5_ks1_w4x4x1_gm4_bias0_lnt_pft_0,0.1164 0.1161,0.1052 0.1064,0.0956 0.0963,0.1063 0.1069,
1024,16384,6656,False,bfloat16,in: 256x256,256-511,256,1,0,104,tuned,asm,_ZN5aiter37bf16gemm_fp32bf16_tn_64x64_pf3_splitkE,451.9,1578.5,1540.4,dp,,nan,True,True,True,,True,0,2,2,2,,aiter::bf16gemm_fp32bf16_tn_64x64_pf3_splitk,0.4944 0.4940,0.1414 0.1416,0.1449 0.1451,,
2048,16384,6656,False,bfloat16,in: 256x256,>=512,512,2,0,104,tuned,asm,_ZN5aiter24bf16gemm_bf16_tn_256x256E,1481.3,1538.4,1539.5,dp,,nan,True,True,True,,True,0,2,2,2,,aiter::bf16gemm_bf16_tn_256x256,0.3028 0.3003,0.2900 0.2907,0.2908 0.2895,,
4096,16384,6656,False,bfloat16,in: 256x256,>=512,1024,4,0,104,tuned,torch,native,1572.5,1563.8,1575.9,dp,,nan,True,True,True,,True,0,2,2,2,Cijk_Alik_Bljk_BBS_BH_Bias_HA_S_SAV_UserArgs_MT256x256x64_MI16x16x1_CMS_SN_LDSB0_AFC0_AFEM1_AFEM1_ASEM1_CLR1_CADS0_DTLA1_DTLB1_DTVA0_DTVB0_EPS0_FDSI0_GRPM1_GRVWA8_GRVWB8_GSU0_GSUAMB_GLS0_ISA950_IU1_K1_LDSTI0_LBSPPA1024_LBSPPB1024_LBSPPM0_LPA16_LPB16_LPM0_LRVW8_LWPMn1_MIAV0_MIWT8_8_MO40_NTn1_NTA0_NTB0_NTC0_NTD4_NTM0_NEPBS0_NLCA1_NLCB1_ONLL1_PGR2_PLR1_PKA1_SIA3_SS1_SPO0_SRVW0_SSO0_SVW8_SK3_SKFTR0_SKXCCM0_TLDS1_ULSGRO0_USL1_UIOFGRO0_USFGRO0_VSn1_VWA8_VWB8_WSGRA0_WSGRB0_WS64_WG32_8_1,Cijk_Alik_Bljk_BBS_BH_Bias_HA_S_SAV_UserArgs_MT256x256x64_MI16x16x1_CMS_SN_LDSB0_AFC0_AFEM1_AFEM1_ASEM1_CLR1_CADS0_DTLA1_DTLB1_DTVA0_DTVB0_EPS0_FDSI0_GRPM1_GRVWA8_GRVWB8_GSU0_GSUAMB_GLS0_ISA950_IU1_K1_LDSTI0_LBSPPA1024_LBSPPB1024_LBSPPM0_LPA16_LPB16_LPM0_LRVW8_LWPMn1_MIAV0_MIWT8_8_MO40_NTn1_NTA0_NTB0_NTC0_NTD4_NTM0_NEPBS0_NLCA1_NLCB1_ONLL1_PGR2_PLR1_PKA1_SIA3_SS1_SPO0_SRVW0_SSO0_SVW8_SK3_SKFTR0_SKXCCM0_TLDS1_ULSGRO0_USL1_UIOFGRO0_USFGRO0_VSn1_VWA8_VWB8_WSGRA0_WSGRB0_WS64_WG32_8_1,0.5671 0.5692,0.5711 0.5714,0.5673 0.5665,,
8192,16384,6656,False,bfloat16,in: 256x256,>=512,2048,8,0,104,tuned,asm,_ZN5aiter24bf16gemm_bf16_tn_256x256E,1536.4,1588.7,1608.0,dp,,nan,True,True,True,,True,0,2,2,2,,aiter::bf16gemm_bf16_tn_256x256,1.1652 1.1607,1.1234 1.1259,1.1157 1.1066,,
16384,16384,6656,False,bfloat16,in: 256x256,>=512,4096,16,0,104,tuned,asm,_ZN5aiter24bf16gemm_bf16_tn_256x256E,1546.9,1579.2,1608.3,dp,,nan,True,True,True,,True,0,2,2,2,,aiter::bf16gemm_bf16_tn_256x256,2.3108 2.3094,2.2651 2.2604,2.2250 2.2186,,
32768,16384,6656,False,bfloat16,in: 256x256,>=512,8192,32,0,104,tuned,asm,_ZN5aiter37bf16gemm_fp32bf16_tn_48x64_pf3_splitkE,292.0,1586.3,1612.0,dp,,nan,True,True,True,,True,0,2,2,2,,aiter::bf16gemm_fp32bf16_tn_48x64_pf3_splitk,24.4946 24.4480,4.5087 4.5020,4.4594 4.4075,,
512,1024,7168,False,bfloat16,in: other listed tile,<128,8,0,8,112,tuned,torch,native,435.0,69.9,179.8,one_tile,rs,70.7,True,True,True,True,True,0,1,2,1,Cijk_Alik_Bljk_BBS_BH_Bias_HA_S_SAV_UserArgs_MT128x128x64_MI32x32x1_SN_LDSB0_AFC1_AFEM1_AFEM1_ASEM1_CLR1_CADS0_DTLA0_DTLB0_DTVA0_DTVB0_EPS0_FDSI0_GRPM1_GRVWA8_GRVWB8_GSU0_GSUAMB_GLS0_ISA950_IU1_K1_LDSTI0_LBSPPA256_LBSPPB256_LBSPPM0_LPA8_LPB8_LPM0_LRVW8_LWPMn1_MIAV1_MIWT2_2_MO40_NTn1_NTA0_NTB3_NTC1_NTD3_NTM0_NEPBS2_NLCA1_NLCB1_ONLL1_PGR2_PLR1_PKA1_SIA3_SS1_SPO0_SRVW0_SSO0_SVW2_SK3_SKFTR0_SKXCCM4_TLDS1_ULSGRO0_USL1_UIOFGRO0_USFGRO0_VSn1_VWA2_VWB2_WSGRA0_WSGRB0_WS64_WG64_4_1 | Cijk_SB_BiasS_HAS_ScaleAlphaVec_PostGSU8_VW4,Cijk_Alik_Bljk_BBS_BH_Bias_HA_S_SAV_UserArgs_MT128x128x64_MI32x32x1_SN_LDSB0_AFC1_AFEM1_AFEM1_ASEM1_CLR1_CADS0_DTLA0_DTLB0_DTVA0_DTVB0_EPS0_FDSI0_GRPM1_GRVWA8_GRVWB8_GSU0_GSUAMB_GLS0_ISA950_IU1_K1_LDSTI0_LBSPPA256_LBSPPB256_LBSPPM0_LPA8_LPB8_LPM0_LRVW8_LWPMn1_MIAV1_MIWT2_2_MO40_NTn1_NTA0_NTB3_NTC1_NTD3_NTM0_NEPBS2_NLCA1_NLCB1_ONLL1_PGR2_PLR1_PKA1_SIA3_SS1_SPO0_SRVW0_SSO0_SVW2_SK3_SKFTR0_SKXCCM4_TLDS1_ULSGRO0_USL1_UIOFGRO0_USFGRO0_VSn1_VWA2_VWB2_WSGRA0_WSGRB0_WS64_WG64_4_1 | Cijk_SB_BiasS_HAS_ScaleAlphaVec_PostGSU8_VW4,0.0172 0.0173,0.1075 0.1075,0.0418 0.0418,0.1065 0.1060,
512,1536,7168,False,bfloat16,in: non-pow2 tile,<128,12,0,12,112,tuned,torch,native,459.2,104.7,252.6,one_tile,rs,105.8,True,True,True,True,True,0,1,2,1,Cijk_Alik_Bljk_BBS_BH_Bias_HA_S_SAV_UserArgs_MT192x64x128_MI16x16x1_SN_LDSB1_AFC0_AFEM1_AFEM1_ASEM1_CLR1_CADS0_DTLA0_DTLB0_DTVA0_DTVB0_EPS0_FDSI0_GRPM1_GRVWA8_GRVWB8_GSU0_GSUAMB_GLS0_ISA950_IU1_K1_LDSTI0_LBSPPA512_LBSPPB512_LBSPPM0_LPA16_LPB16_LPM0_LRVW8_LWPMn1_MIAV0_MIWT6_2_MO40_NTn1_NTA0_NTB0_NTC0_NTD0_NTM0_NEPBS0_NLCA1_NLCB1_ONLL1_PGR2_PLR1_PKA1_SIA3_SS1_SPO0_SRVW0_SSO0_SVW2_SK3_SKFTR0_SKXCCM0_TLDS1_ULSGRO0_USL1_UIOFGRO0_USFGRO0_VSn1_VWA2_VWB2_WSGRA0_WSGRB0_WS64_WG32_8_1,Cijk_Alik_Bljk_BBS_BH_Bias_HA_S_SAV_UserArgs_MT192x64x128_MI16x16x1_SN_LDSB1_AFC0_AFEM1_AFEM1_ASEM1_CLR1_CADS0_DTLA0_DTLB0_DTVA0_DTVB0_EPS0_FDSI0_GRPM1_GRVWA8_GRVWB8_GSU0_GSUAMB_GLS0_ISA950_IU1_K1_LDSTI0_LBSPPA512_LBSPPB512_LBSPPM0_LPA16_LPB16_LPM0_LRVW8_LWPMn1_MIAV0_MIWT6_2_MO40_NTn1_NTA0_NTB0_NTC0_NTD0_NTM0_NEPBS0_NLCA1_NLCB1_ONLL1_PGR2_PLR1_PKA1_SIA3_SS1_SPO0_SRVW0_SSO0_SVW2_SK3_SKFTR0_SKXCCM0_TLDS1_ULSGRO0_USL1_UIOFGRO0_USFGRO0_VSn1_VWA2_VWB2_WSGRA0_WSGRB0_WS64_WG32_8_1,0.0247 0.0244,0.1077 0.1077,0.0448 0.0444,0.1064 0.1068,
512,2048,7168,False,bfloat16,in: other listed tile,<128,16,0,16,112,tuned,torch,native,580.1,138.9,338.7,one_tile,rs,141.2,True,True,True,True,True,0,1,2,1,Cijk_Alik_Bljk_BBS_BH_Bias_HA_S_SAV_UserArgs_MT128x128x128_MI32x32x1_SN_LDSB0_AFC1_AFEM1_AFEM1_ASEM1_CLR0_CADS0_DTLA0_DTLB0_DTVA0_DTVB0_EPS0_FDSI0_GRPM1_GRVWA8_GRVWB8_GSU0_GSUAMB_GLS0_ISA950_IU1_K1_LDSTI0_LBSPPA1024_LBSPPB256_LBSPPM0_LPA8_LPB8_LPM0_LRVW8_LWPMn1_MIAV0_MIWT4_1_MO40_NTn1_NTA3_NTB3_NTC7_NTD3_NTM0_NEPBS16_NLCA1_NLCB1_ONLL1_PGR2_PLR1_PKA1_SIA3_SS1_SPO1_SRVW0_SSO1_SVW4_SK3_SKFTR0_SKXCCM8_TLDS2_ULSGRO0_USL1_UIOFGRO0_USFGRO0_VSn1_VWA4_VWB1_WSGRA0_WSGRB0_WS64_WG32_8_1,Cijk_Alik_Bljk_BBS_BH_Bias_HA_S_SAV_UserArgs_MT128x128x128_MI32x32x1_SN_LDSB0_AFC1_AFEM1_AFEM1_ASEM1_CLR0_CADS0_DTLA0_DTLB0_DTVA0_DTVB0_EPS0_FDSI0_GRPM1_GRVWA8_GRVWB8_GSU0_GSUAMB_GLS0_ISA950_IU1_K1_LDSTI0_LBSPPA1024_LBSPPB256_LBSPPM0_LPA8_LPB8_LPM0_LRVW8_LWPMn1_MIAV0_MIWT4_1_MO40_NTn1_NTA3_NTB3_NTC7_NTD3_NTM0_NEPBS16_NLCA1_NLCB1_ONLL1_PGR2_PLR1_PKA1_SIA3_SS1_SPO1_SRVW0_SSO1_SVW4_SK3_SKFTR0_SKXCCM8_TLDS2_ULSGRO0_USL1_UIOFGRO0_USFGRO0_VSn1_VWA4_VWB1_WSGRA0_WSGRB0_WS64_WG32_8_1,0.0259 0.0259,0.1082 0.1082,0.0445 0.0443,0.1063 0.1066,
512,3584,7168,False,bfloat16,in: non-pow2 tile,<128,28,0,28,112,tuned,flydsl,flydsl_hgemm_abf16_wbf16_bf16_t96x96x64x5_ks1_w2x2x1_bias0_ktail0_gm0_pft_gfx950,615.1,242.6,511.0,one_tile,rs,245.5,True,True,True,True,True,0,2,2,1,,hgemm_bf16_t96x96x64x5_ks1_w2x2x1_gm0_bias0_lnt_pft_0,0.0429 0.0426,0.1084 0.1085,0.0514 0.0515,0.1071 0.1072,
512,6144,7168,False,bfloat16,in: non-pow2 tile,<128,48,0,48,112,tuned,flydsl,flydsl_hgemm_abf16_wbf16_bf16_t128x96x64x4_ks1_w2x2x1_bias0_ktail0_gm0_pft_gfx950,814.3,413.6,745.3,one_tile,owner,418.1,True,True,True,True,True,0,2,2,1,,hgemm_bf16_t128x96x64x4_ks1_w2x2x1_gm0_bias0_lnt_pft_0,0.0553 0.0554,0.1091 0.1090,0.0606 0.0604,0.1073 0.1084,
512,8192,7168,False,bfloat16,in: other listed tile,<128,64,0,64,112,tuned,flydsl,flydsl_hgemm_abf16_wbf16_bf16_t256x64x128x2_ks1_w2x2x1_bias0_ktail0_gm0_pht_gfx950,876.1,547.7,914.0,one_tile,owner,556.2,True,True,True,True,True,0,2,2,2,,hgemm_bf16_t256x64x128x2_ks1_w2x2x1_gm0_bias0_lnt_phti_0,0.0690 0.0682,0.1098 0.1098,0.0657 0.0658,0.1078 0.1084,
512,8448,7168,False,bfloat16,in: other listed tile,<128,66,0,66,112,tuned,flydsl,flydsl_hgemm_abf16_wbf16_bf16_t128x128x64x2_ks1_w2x4x1_bias0_ktail0_gm4_pht_gfx950,749.0,566.5,917.2,one_tile,owner,571.9,True,True,True,True,True,0,2,2,1,,hgemm_bf16_t128x128x64x2_ks1_w2x4x1_gm4_bias0_lnt_phti_0,0.0827 0.0829,0.1095 0.1094,0.0676 0.0676,0.1079 0.1090,
512,20480,7168,False,bfloat16,in: 256x256,128-255,160,0,160,112,tuned,flydsl,flydsl_hgemm_abf16_wbf16_bf16_t256x256x64x2_ks1_w2x4x1_bias0_ktail0_gm0_pht_gfx950,1040.1,1118.4,1092.5,dp,,nan,True,True,True,,True,0,2,2,2,,hgemm_bf16_t256x256x64x2_ks1_w2x4x1_gm0_bias0_lnt_phti_0,0.1443 0.1447,0.1340 0.1348,0.1381 0.1371,,
768,1024,7168,False,bfloat16,in: non-pow2 tile,<128,12,0,12,112,tuned,torch,native,447.1,104.9,258.5,one_tile,rs,105.9,True,True,True,True,True,0,1,1,1,Cijk_Alik_Bljk_BBS_BH_Bias_HA_S_SAV_UserArgs_MT256x96x64_MI16x16x1_SN_LDSB1_AFC0_AFEM1_AFEM1_ASEM1_CLR1_CADS0_DTLA0_DTLB0_DTVA0_DTVB0_EPS0_FDSI0_GRPM1_GRVWA8_GRVWB8_GSU0_GSUAMB_GLS0_ISA950_IU1_K1_LDSTI0_LBSPPA1024_LBSPPB128_LBSPPM0_LPA16_LPB16_LPM0_LRVW8_LWPMn1_MIAV0_MIWT8_3_MO40_NTn1_NTA0_NTB0_NTC0_NTD0_NTM0_NEPBS0_NLCA1_NLCB1_ONLL1_PGR2_PLR1_PKA1_SIA3_SS1_SPO0_SRVW0_SSO0_SVW8_SK3_SKFTR0_SKXCCM0_TLDS1_ULSGRO0_USL1_UIOFGRO0_USFGRO0_VSn1_VWA8_VWB1_WSGRA0_WSGRB0_WS64_WG32_8_1 | Cijk_SB_BiasS_HAS_ScaleAlphaVec_PostGSU8_VW4,Cijk_Alik_Bljk_BBS_BH_Bias_HA_S_SAV_UserArgs_MT256x96x64_MI16x16x1_SN_LDSB1_AFC0_AFEM1_AFEM1_ASEM1_CLR1_CADS0_DTLA0_DTLB0_DTVA0_DTVB0_EPS0_FDSI0_GRPM1_GRVWA8_GRVWB8_GSU0_GSUAMB_GLS0_ISA950_IU1_K1_LDSTI0_LBSPPA1024_LBSPPB128_LBSPPM0_LPA16_LPB16_LPM0_LRVW8_LWPMn1_MIAV0_MIWT8_3_MO40_NTn1_NTA0_NTB0_NTC0_NTD0_NTM0_NEPBS0_NLCA1_NLCB1_ONLL1_PGR2_PLR1_PKA1_SIA3_SS1_SPO0_SRVW0_SSO0_SVW8_SK3_SKFTR0_SKXCCM0_TLDS1_ULSGRO0_USL1_UIOFGRO0_USFGRO0_VSn1_VWA8_VWB1_WSGRA0_WSGRB0_WS64_WG32_8_1 | Cijk_SB_BiasS_HAS_ScaleAlphaVec_PostGSU8_VW4,0.0251 0.0254,0.1075 0.1074,0.0436 0.0436,0.1064 0.1065,
768,2048,7168,False,bfloat16,out: smaller tile,<128,24,0,24,112,tuned,flydsl,flydsl_hgemm_abf16_wbf16_bf16_t96x64x128x3_ks1_w2x2x2_bias0_ktail0_gm4_pft_gfx950,606.7,208.8,436.7,one_tile,rs,211.1,False,True,True,True,True,0,2,2,1,,hgemm_bf16_t96x64x128x3_ks1_w2x2x2_gm4_bias0_lnt_pft_0,0.0371 0.0372,0.1080 0.1080,0.0518 0.0515,0.1071 0.1065,
1024,512,7168,False,bfloat16,out: split-K,<128,8,0,8,112,tuned,flydsl,flydsl_hgemm_abf16_wbf16_bf16_t64x128x64x4_ks4_w2x4x1_bias0_ktail0_gm0_pft_gfx950,380.0,70.0,179.8,one_tile,rs,70.7,False,True,True,True,True,0,2,1,1,,hgemm_bf16_t64x128x64x4_ksd_w2x4x1_gm0_bias0_lnt_pft_0,0.0198 0.0197,0.1074 0.1074,0.0418 0.0418,0.1063 0.1063,
1024,1024,7168,False,bfloat16,in: other listed tile,<128,16,0,16,112,tuned,torch,native,592.0,139.1,339.0,one_tile,rs,140.9,True,True,True,True,True,0,2,2,2,Cijk_Alik_Bljk_BBS_BH_Bias_HA_S_SAV_UserArgs_MT128x128x128_MI16x16x1_SN_LDSB0_AFC1_AFEM1_AFEM1_ASEM1_CLR0_CADS0_DTLA0_DTLB0_DTVA0_DTVB0_EPS0_FDSI0_GRPM1_GRVWA8_GRVWB8_GSU0_GSUAMB_GLS0_ISA950_IU1_K1_LDSTI0_LBSPPA1024_LBSPPB1024_LBSPPM0_LPA16_LPB16_LPM0_LRVW8_LWPMn1_MIAV0_MIWT4_4_MO40_NTn1_NTA3_NTB1_NTC5_NTD3_NTM0_NEPBS16_NLCA1_NLCB1_ONLL1_PGR2_PLR1_PKA1_SIA3_SS1_SPO1_SRVW0_SSO0_SVW4_SK3_SKFTR0_SKXCCM8_TLDS1_ULSGRO0_USL1_UIOFGRO0_USFGRO0_VSn1_VWA4_VWB4_WSGRA0_WSGRB0_WS64_WG32_8_1,Cijk_Alik_Bljk_BBS_BH_Bias_HA_S_SAV_UserArgs_MT128x128x128_MI16x16x1_SN_LDSB0_AFC1_AFEM1_AFEM1_ASEM1_CLR0_CADS0_DTLA0_DTLB0_DTVA0_DTVB0_EPS0_FDSI0_GRPM1_GRVWA8_GRVWB8_GSU0_GSUAMB_GLS0_ISA950_IU1_K1_LDSTI0_LBSPPA1024_LBSPPB1024_LBSPPM0_LPA16_LPB16_LPM0_LRVW8_LWPMn1_MIAV0_MIWT4_4_MO40_NTn1_NTA3_NTB1_NTC5_NTD3_NTM0_NEPBS16_NLCA1_NLCB1_ONLL1_PGR2_PLR1_PKA1_SIA3_SS1_SPO1_SRVW0_SSO0_SVW4_SK3_SKFTR0_SKXCCM8_TLDS1_ULSGRO0_USL1_UIOFGRO0_USFGRO0_VSn1_VWA4_VWB4_WSGRA0_WSGRB0_WS64_WG32_8_1,0.0254 0.0254,0.1080 0.1082,0.0443 0.0444,0.1068 0.1065,
1024,1536,7168,False,bfloat16,out: smaller tile,<128,24,0,24,112,tuned,flydsl,flydsl_hgemm_abf16_wbf16_bf16_t64x96x128x4_ks1_w2x2x2_bias0_ktail0_gm4_pft_gfx950,630.2,208.6,424.9,one_tile,rs,211.0,False,True,True,True,True,0,2,2,2,,hgemm_bf16_t64x96x128x4_ks1_w2x2x2_gm4_bias0_lnt_pft_0,0.0357 0.0359,0.1081 0.1080,0.0529 0.0533,0.1068 0.1069,
1024,2048,7168,False,bfloat16,in: other listed tile,<128,32,0,32,112,tuned,torch,native,725.4,276.0,556.2,one_tile,rs,280.5,True,True,True,True,True,0,2,2,2,Cijk_Alik_Bljk_BBS_BH_Bias_HA_S_SAV_UserArgs_MT256x128x64_MI16x16x1_SN_LDSB0_AFC1_AFEM1_AFEM1_ASEM1_CLR0_CADS0_DTLA1_DTLB1_DTVA0_DTVB0_EPS0_FDSI0_GRPM1_GRVWA8_GRVWB8_GSU0_GSUAMB_GLS0_ISA950_IU1_K1_LDSTI0_LBSPPA1024_LBSPPB1024_LBSPPM0_LPA16_LPB16_LPM0_LRVW8_LWPMn1_MIAV0_MIWT4_8_MO40_NTn1_NTA2_NTB4_NTC5_NTD2_NTM0_NEPBS2_NLCA1_NLCB1_ONLL1_PGR2_PLR1_PKA1_SIA3_SS1_SPO1_SRVW0_SSO1_SVW4_SK3_SKFTR0_SKXCCM0_TLDS2_ULSGRO0_USL1_UIOFGRO0_USFGRO0_VSn1_VWA4_VWB8_WSGRA0_WSGRB0_WS64_WG64_4_1 | Cijk_SB_BiasS_HAS_ScaleAlphaVec_PostGSU4_VW4,Cijk_Alik_Bljk_BBS_BH_Bias_HA_S_SAV_UserArgs_MT256x128x64_MI16x16x1_SN_LDSB0_AFC1_AFEM1_AFEM1_ASEM1_CLR0_CADS0_DTLA1_DTLB1_DTVA0_DTVB0_EPS0_FDSI0_GRPM1_GRVWA8_GRVWB8_GSU0_GSUAMB_GLS0_ISA950_IU1_K1_LDSTI0_LBSPPA1024_LBSPPB1024_LBSPPM0_LPA16_LPB16_LPM0_LRVW8_LWPMn1_MIAV0_MIWT4_8_MO40_NTn1_NTA2_NTB4_NTC5_NTD2_NTM0_NEPBS2_NLCA1_NLCB1_ONLL1_PGR2_PLR1_PKA1_SIA3_SS1_SPO1_SRVW0_SSO1_SVW4_SK3_SKFTR0_SKXCCM0_TLDS2_ULSGRO0_USL1_UIOFGRO0_USFGRO0_VSn1_VWA4_VWB8_WSGRA0_WSGRB0_WS64_WG64_4_1 | Cijk_SB_BiasS_HAS_ScaleAlphaVec_PostGSU4_VW4,0.0414 0.0414,0.1089 0.1090,0.0541 0.0540,0.1071 0.1073,
1024,3584,7168,False,bfloat16,in: other listed tile,<128,56,0,56,112,tuned,flydsl,flydsl_hgemm_abf16_wbf16_bf16_t128x128x64x4_ks1_w4x2x1_bias0_ktail0_gm0_pft_gfx950,866.1,480.0,829.3,one_tile,owner,484.8,True,True,True,True,True,0,2,2,2,,hgemm_bf16_t128x128x64x4_ks1_w4x2x1_gm0_bias0_lnt_pft_0,0.0613 0.0602,0.1095 0.1098,0.0630 0.0639,0.1081 0.1089,
1024,6144,7168,False,bfloat16,in: non-pow2 tile,<128,96,0,96,112,tuned,torch,native,1012.7,812.3,1051.5,one_tile,owner,814.2,True,True,True,True,True,0,2,2,2,Cijk_Alik_Bljk_BBS_BH_Bias_HA_S_SAV_UserArgs_MT192x256x64_MI16x16x1_SN_LDSB0_AFC0_AFEM1_AFEM1_ASEM1_CLR1_CADS0_DTLA0_DTLB0_DTVA0_DTVB0_EPS0_FDSI0_GRPM1_GRVWA8_GRVWB8_GSU0_GSUAMB_GLS0_ISA950_IU1_K1_LDSTI0_LBSPPA256_LBSPPB1024_LBSPPM0_LPA16_LPB16_LPM0_LRVW8_LWPMn1_MIAV0_MIWT6_8_MO40_NTn1_NTA0_NTB0_NTC0_NTD0_NTM0_NEPBS0_NLCA1_NLCB1_ONLL1_PGR2_PLR1_PKA1_SIA3_SS1_SPO0_SRVW0_SSO0_SVW2_SK3_SKFTR0_SKXCCM0_TLDS1_ULSGRO0_USL1_UIOFGRO0_USFGRO0_VSn1_VWA2_VWB8_WSGRA0_WSGRB0_WS64_WG32_8_1,Cijk_Alik_Bljk_BBS_BH_Bias_HA_S_SAV_UserArgs_MT192x256x64_MI16x16x1_SN_LDSB0_AFC0_AFEM1_AFEM1_ASEM1_CLR1_CADS0_DTLA0_DTLB0_DTVA0_DTVB0_EPS0_FDSI0_GRPM1_GRVWA8_GRVWB8_GSU0_GSUAMB_GLS0_ISA950_IU1_K1_LDSTI0_LBSPPA256_LBSPPB1024_LBSPPM0_LPA16_LPB16_LPM0_LRVW8_LWPMn1_MIAV0_MIWT6_8_MO40_NTn1_NTA0_NTB0_NTC0_NTD0_NTM0_NEPBS0_NLCA1_NLCB1_ONLL1_PGR2_PLR1_PKA1_SIA3_SS1_SPO0_SRVW0_SSO0_SVW2_SK3_SKFTR0_SKXCCM0_TLDS1_ULSGRO0_USL1_UIOFGRO0_USFGRO0_VSn1_VWA2_VWB8_WSGRA0_WSGRB0_WS64_WG32_8_1,0.0904 0.0877,0.1108 0.1113,0.0851 0.0864,0.1117 0.1098,
1024,8192,7168,False,bfloat16,in: other listed tile,128-255,128,0,128,112,tuned,flydsl,flydsl_hgemm_abf16_wbf16_bf16_t256x128x64x3_ks1_w4x4x1_bias0_ktail0_gm0_pft_gfx950,1092.7,1062.5,1257.8,one_tile,owner,1065.1,True,True,True,True,True,0,2,2,2,,hgemm_bf16_t256x128x64x3_ks1_w4x4x1_gm0_bias0_lnt_pft_0,0.1103 0.1098,0.1127 0.1136,0.0952 0.0960,0.1124 0.1135,
1024,8448,7168,False,bfloat16,in: non-pow2 tile,128-255,132,0,132,112,tuned,torch,native,1185.5,1097.8,1068.1,dp,,nan,True,True,True,,True,0,2,2,2,Cijk_Alik_Bljk_BBS_BH_Bias_HA_S_SAV_UserArgs_MT144x256x64_MI16x16x1_SN_LDSB0_AFC0_AFEM1_AFEM1_ASEM1_CLR1_CADS0_DTLA0_DTLB0_DTVA0_DTVB0_EPS0_FDSI0_GRPM1_GRVWA4_GRVWB8_GSU0_GSUAMB_GLS0_ISA950_IU1_K1_LDSTI0_LBSPPA128_LBSPPB512_LBSPPM0_LPA16_LPB16_LPM0_LRVW8_LWPMn1_MIAV0_MIWT9_4_MO40_NTn1_NTA0_NTB0_NTC0_NTD0_NTM0_NEPBS0_NLCA1_NLCB1_ONLL1_PGR2_PLR1_PKA1_SIA3_SS1_SPO0_SRVW0_SSO0_SVW1_SK3_SKFTR0_SKXCCM0_TLDS1_ULSGRO0_USL1_UIOFGRO0_USFGRO0_VSn1_VWA1_VWB4_WSGRA0_WSGRB0_WS64_WG16_16_1,Cijk_Alik_Bljk_BBS_BH_Bias_HA_S_SAV_UserArgs_MT144x256x64_MI16x16x1_SN_LDSB0_AFC0_AFEM1_AFEM1_ASEM1_CLR1_CADS0_DTLA0_DTLB0_DTVA0_DTVB0_EPS0_FDSI0_GRPM1_GRVWA4_GRVWB8_GSU0_GSUAMB_GLS0_ISA950_IU1_K1_LDSTI0_LBSPPA128_LBSPPB512_LBSPPM0_LPA16_LPB16_LPM0_LRVW8_LWPMn1_MIAV0_MIWT9_4_MO40_NTn1_NTA0_NTB0_NTC0_NTD0_NTM0_NEPBS0_NLCA1_NLCB1_ONLL1_PGR2_PLR1_PKA1_SIA3_SS1_SPO0_SRVW0_SSO0_SVW1_SK3_SKFTR0_SKXCCM0_TLDS1_ULSGRO0_USL1_UIOFGRO0_USFGRO0_VSn1_VWA1_VWB4_WSGRA0_WSGRB0_WS64_WG16_16_1,0.1046 0.1046,0.1131 0.1129,0.1166 0.1156,,
1024,20480,7168,False,bfloat16,in: 256x256,256-511,320,1,64,112,tuned,flydsl,flydsl_hgemm_abf16_wbf16_bf16_t128x128x64x4_ks1_w2x2x1_bias0_ktail0_gm0_pft_gfx950,783.0,1125.7,1334.8,one_tile,owner,1127.6,True,True,True,True,True,0,2,2,2,,hgemm_bf16_t128x128x64x4_ks1_w2x2x1_gm0_bias0_lnt_pft_0,0.3841 0.3838,0.2672 0.2669,0.2258 0.2246,0.2671 0.2662,
1280,512,7168,False,bfloat16,in: non-pow2 tile,<128,10,0,10,112,tuned,torch,native,410.1,87.6,207.3,one_tile,rs,88.4,True,True,True,True,True,0,1,1,0.5,Cijk_Alik_Bljk_BBS_BH_Bias_HA_S_SAV_UserArgs_MT256x80x64_MI16x16x1_SN_LDSB1_AFC0_AFEM1_AFEM1_ASEM1_CLR1_CADS0_DTLA0_DTLB0_DTVA0_DTVB0_EPS0_FDSI0_GRPM1_GRVWA8_GRVWB4_GSU0_GSUAMB_GLS0_ISA950_IU1_K1_LDSTI0_LBSPPA512_LBSPPB128_LBSPPM0_LPA16_LPB16_LPM0_LRVW8_LWPMn1_MIAV0_MIWT4_5_MO40_NTn1_NTA0_NTB0_NTC0_NTD0_NTM0_NEPBS0_NLCA1_NLCB1_ONLL1_PGR2_PLR1_PKA1_SIA3_SS1_SPO0_SRVW0_SSO0_SVW4_SK3_SKFTR0_SKXCCM0_TLDS1_ULSGRO0_USL1_UIOFGRO0_USFGRO0_VSn1_VWA4_VWB1_WSGRA0_WSGRB0_WS64_WG64_4_1 | Cijk_SB_BiasS_HAS_ScaleAlphaVec_PostGSU8_VW4,Cijk_Alik_Bljk_BBS_BH_Bias_HA_S_SAV_UserArgs_MT256x80x64_MI16x16x1_SN_LDSB1_AFC0_AFEM1_AFEM1_ASEM1_CLR1_CADS0_DTLA0_DTLB0_DTVA0_DTVB0_EPS0_FDSI0_GRPM1_GRVWA8_GRVWB4_GSU0_GSUAMB_GLS0_ISA950_IU1_K1_LDSTI0_LBSPPA512_LBSPPB128_LBSPPM0_LPA16_LPB16_LPM0_LRVW8_LWPMn1_MIAV0_MIWT4_5_MO40_NTn1_NTA0_NTB0_NTC0_NTD0_NTM0_NEPBS0_NLCA1_NLCB1_ONLL1_PGR2_PLR1_PKA1_SIA3_SS1_SPO0_SRVW0_SSO0_SVW4_SK3_SKFTR0_SKXCCM0_TLDS1_ULSGRO0_USL1_UIOFGRO0_USFGRO0_VSn1_VWA4_VWB1_WSGRA0_WSGRB0_WS64_WG64_4_1 | Cijk_SB_BiasS_HAS_ScaleAlphaVec_PostGSU8_VW4,0.0232 0.0227,0.1072 0.1073,0.0452 0.0454,0.1063 0.1062,
1280,1024,7168,False,bfloat16,in: non-pow2 tile,<128,20,0,20,112,tuned,torch,native,592.8,173.7,373.2,one_tile,rs,176.3,True,True,True,True,True,0,1,2,1,Cijk_Alik_Bljk_BBS_BH_Bias_HA_S_SAV_UserArgs_MT256x80x128_MI16x16x1_SN_LDSB1_AFC0_AFEM1_AFEM1_ASEM1_CLR1_CADS0_DTLA0_DTLB0_DTVA0_DTVB0_EPS0_FDSI0_GRPM1_GRVWA8_GRVWB8_GSU0_GSUAMB_GLS0_ISA950_IU1_K1_LDSTI0_LBSPPA1024_LBSPPB256_LBSPPM0_LPA16_LPB16_LPM0_LRVW8_LWPMn1_MIAV0_MIWT4_5_MO40_NTn1_NTA0_NTB0_NTC0_NTD0_NTM0_NEPBS0_NLCA1_NLCB1_ONLL1_PGR2_PLR1_PKA1_SIA3_SS1_SPO0_SRVW0_SSO0_SVW4_SK3_SKFTR0_SKXCCM0_TLDS1_ULSGRO0_USL1_UIOFGRO0_USFGRO0_VSn1_VWA4_VWB1_WSGRA0_WSGRB0_WS64_WG64_4_1,Cijk_Alik_Bljk_BBS_BH_Bias_HA_S_SAV_UserArgs_MT256x80x128_MI16x16x1_SN_LDSB1_AFC0_AFEM1_AFEM1_ASEM1_CLR1_CADS0_DTLA0_DTLB0_DTVA0_DTVB0_EPS0_FDSI0_GRPM1_GRVWA8_GRVWB8_GSU0_GSUAMB_GLS0_ISA950_IU1_K1_LDSTI0_LBSPPA1024_LBSPPB256_LBSPPM0_LPA16_LPB16_LPM0_LRVW8_LWPMn1_MIAV0_MIWT4_5_MO40_NTn1_NTA0_NTB0_NTC0_NTD0_NTM0_NEPBS0_NLCA1_NLCB1_ONLL1_PGR2_PLR1_PKA1_SIA3_SS1_SPO0_SRVW0_SSO0_SVW4_SK3_SKFTR0_SKXCCM0_TLDS1_ULSGRO0_USL1_UIOFGRO0_USFGRO0_VSn1_VWA4_VWB1_WSGRA0_WSGRB0_WS64_WG64_4_1,0.0319 0.0315,0.1081 0.1083,0.0505 0.0502,0.1069 0.1063,
1280,2048,7168,False,bfloat16,in: non-pow2 tile,<128,40,0,40,112,tuned,torch,native,850.2,345.6,619.8,one_tile,owner,351.1,True,True,True,True,True,0,2,2,2,Cijk_Alik_Bljk_BBS_BH_Bias_HA_S_SAV_UserArgs_MT128x160x128_MI16x16x1_SN_LDSB1_AFC0_AFEM1_AFEM1_ASEM1_CLR1_CADS0_DTLA0_DTLB0_DTVA0_DTVB0_EPS0_FDSI0_GRPM1_GRVWA8_GRVWB8_GSU0_GSUAMB_GLS0_ISA950_IU1_K1_LDSTI0_LBSPPA1024_LBSPPB256_LBSPPM0_LPA16_LPB16_LPM0_LRVW8_LWPMn1_MIAV0_MIWT4_5_MO40_NTn1_NTA0_NTB0_NTC0_NTD0_NTM0_NEPBS0_NLCA1_NLCB1_ONLL1_PGR2_PLR1_PKA1_SIA3_SS1_SPO0_SRVW0_SSO0_SVW4_SK3_SKFTR0_SKXCCM0_TLDS1_ULSGRO0_USL1_UIOFGRO0_USFGRO0_VSn1_VWA4_VWB1_WSGRA0_WSGRB0_WS64_WG32_8_1,Cijk_Alik_Bljk_BBS_BH_Bias_HA_S_SAV_UserArgs_MT128x160x128_MI16x16x1_SN_LDSB1_AFC0_AFEM1_AFEM1_ASEM1_CLR1_CADS0_DTLA0_DTLB0_DTVA0_DTVB0_EPS0_FDSI0_GRPM1_GRVWA8_GRVWB8_GSU0_GSUAMB_GLS0_ISA950_IU1_K1_LDSTI0_LBSPPA1024_LBSPPB256_LBSPPM0_LPA16_LPB16_LPM0_LRVW8_LWPMn1_MIAV0_MIWT4_5_MO40_NTn1_NTA0_NTB0_NTC0_NTD0_NTM0_NEPBS0_NLCA1_NLCB1_ONLL1_PGR2_PLR1_PKA1_SIA3_SS1_SPO0_SRVW0_SSO0_SVW4_SK3_SKFTR0_SKXCCM0_TLDS1_ULSGRO0_USL1_UIOFGRO0_USFGRO0_VSn1_VWA4_VWB1_WSGRA0_WSGRB0_WS64_WG32_8_1,0.0446 0.0438,0.1088 0.1086,0.0611 0.0602,0.1070 0.1071,
1536,512,7168,False,bfloat16,in: non-pow2 tile,<128,12,0,12,112,tuned,torch,native,447.0,105.0,254.6,one_tile,rs,105.9,True,True,True,True,True,0,1,1,1,Cijk_Alik_Bljk_BBS_BH_Bias_HA_S_SAV_UserArgs_MT256x96x64_MI16x16x1_SN_LDSB1_AFC0_AFEM1_AFEM1_ASEM1_CLR1_CADS0_DTLA0_DTLB0_DTVA0_DTVB0_EPS0_FDSI0_GRPM1_GRVWA8_GRVWB8_GSU0_GSUAMB_GLS0_ISA950_IU1_K1_LDSTI0_LBSPPA1024_LBSPPB128_LBSPPM0_LPA16_LPB16_LPM0_LRVW8_LWPMn1_MIAV0_MIWT8_3_MO40_NTn1_NTA0_NTB0_NTC0_NTD0_NTM0_NEPBS0_NLCA1_NLCB1_ONLL1_PGR2_PLR1_PKA1_SIA3_SS1_SPO0_SRVW0_SSO0_SVW8_SK3_SKFTR0_SKXCCM0_TLDS1_ULSGRO0_USL1_UIOFGRO0_USFGRO0_VSn1_VWA8_VWB1_WSGRA0_WSGRB0_WS64_WG32_8_1 | Cijk_SB_BiasS_HAS_ScaleAlphaVec_PostGSU8_VW4,Cijk_Alik_Bljk_BBS_BH_Bias_HA_S_SAV_UserArgs_MT256x96x64_MI16x16x1_SN_LDSB1_AFC0_AFEM1_AFEM1_ASEM1_CLR1_CADS0_DTLA0_DTLB0_DTVA0_DTVB0_EPS0_FDSI0_GRPM1_GRVWA8_GRVWB8_GSU0_GSUAMB_GLS0_ISA950_IU1_K1_LDSTI0_LBSPPA1024_LBSPPB128_LBSPPM0_LPA16_LPB16_LPM0_LRVW8_LWPMn1_MIAV0_MIWT8_3_MO40_NTn1_NTA0_NTB0_NTC0_NTD0_NTM0_NEPBS0_NLCA1_NLCB1_ONLL1_PGR2_PLR1_PKA1_SIA3_SS1_SPO0_SRVW0_SSO0_SVW8_SK3_SKFTR0_SKXCCM0_TLDS1_ULSGRO0_USL1_UIOFGRO0_USFGRO0_VSn1_VWA8_VWB1_WSGRA0_WSGRB0_WS64_WG32_8_1 | Cijk_SB_BiasS_HAS_ScaleAlphaVec_PostGSU8_VW4,0.0252 0.0253,0.1074 0.1074,0.0444 0.0441,0.1063 0.1066,
1536,1024,7168,False,bfloat16,in: non-pow2 tile,<128,24,0,24,112,tuned,torch,native,750.1,208.8,422.1,one_tile,rs,211.5,True,True,True,True,True,0,2,2,2,Cijk_Alik_Bljk_BBS_BH_Bias_HA_S_SAV_UserArgs_MT128x96x128_MI16x16x1_SN_LDSB0_AFC1_AFEM1_AFEM1_ASEM1_CLR0_CADS0_DTLA0_DTLB0_DTVA0_DTVB0_EPS0_FDSI0_GRPM1_GRVWA8_GRVWB8_GSU0_GSUAMB_GLS0_ISA950_IU1_K1_LDSTI0_LBSPPA1024_LBSPPB256_LBSPPM0_LPA16_LPB16_LPM0_LRVW8_LWPMn1_MIAV0_MIWT4_3_MO40_NTn1_NTA3_NTB3_NTC6_NTD1_NTM0_NEPBS16_NLCA1_NLCB1_ONLL1_PGR2_PLR1_PKA1_SIA3_SS1_SPO1_SRVW0_SSO0_SVW4_SK3_SKFTR0_SKXCCM0_TLDS2_ULSGRO0_USL1_UIOFGRO0_USFGRO0_VSn1_VWA4_VWB1_WSGRA0_WSGRB0_WS64_WG32_8_1,Cijk_Alik_Bljk_BBS_BH_Bias_HA_S_SAV_UserArgs_MT128x96x128_MI16x16x1_SN_LDSB0_AFC1_AFEM1_AFEM1_ASEM1_CLR0_CADS0_DTLA0_DTLB0_DTVA0_DTVB0_EPS0_FDSI0_GRPM1_GRVWA8_GRVWB8_GSU0_GSUAMB_GLS0_ISA950_IU1_K1_LDSTI0_LBSPPA1024_LBSPPB256_LBSPPM0_LPA16_LPB16_LPM0_LRVW8_LWPMn1_MIAV0_MIWT4_3_MO40_NTn1_NTA3_NTB3_NTC6_NTD1_NTM0_NEPBS16_NLCA1_NLCB1_ONLL1_PGR2_PLR1_PKA1_SIA3_SS1_SPO1_SRVW0_SSO0_SVW4_SK3_SKFTR0_SKXCCM0_TLDS2_ULSGRO0_USL1_UIOFGRO0_USFGRO0_VSn1_VWA4_VWB1_WSGRA0_WSGRB0_WS64_WG32_8_1,0.0301 0.0301,0.1080 0.1080,0.0534 0.0534,0.1067 0.1065,
1536,2048,7168,False,bfloat16,in: non-pow2 tile,<128,48,0,48,112,tuned,torch,native,966.2,413.3,735.2,one_tile,owner,420.2,True,True,True,True,True,0,2,2,2,Cijk_Alik_Bljk_BBS_BH_Bias_HA_S_SAV_UserArgs_MT128x192x64_MI16x16x1_SN_LDSB0_AFC1_AFEM1_AFEM1_ASEM1_CLR0_CADS0_DTLA0_DTLB0_DTVA0_DTVB0_EPS0_FDSI0_GRPM1_GRVWA8_GRVWB8_GSU0_GSUAMB_GLS0_ISA950_IU1_K1_LDSTI0_LBSPPA512_LBSPPB256_LBSPPM0_LPA16_LPB16_LPM0_LRVW8_LWPMn1_MIAV0_MIWT4_6_MO40_NTn1_NTA3_NTB0_NTC6_NTD2_NTM0_NEPBS0_NLCA1_NLCB1_ONLL1_PGR2_PLR1_PKA1_SIA3_SS1_SPO0_SRVW0_SSO0_SVW4_SK3_SKFTR0_SKXCCM0_TLDS1_ULSGRO0_USL1_UIOFGRO0_USFGRO0_VSn1_VWA4_VWB2_WSGRA0_WSGRB0_WS64_WG32_8_1,Cijk_Alik_Bljk_BBS_BH_Bias_HA_S_SAV_UserArgs_MT128x192x64_MI16x16x1_SN_LDSB0_AFC1_AFEM1_AFEM1_ASEM1_CLR0_CADS0_DTLA0_DTLB0_DTVA0_DTVB0_EPS0_FDSI0_GRPM1_GRVWA8_GRVWB8_GSU0_GSUAMB_GLS0_ISA950_IU1_K1_LDSTI0_LBSPPA512_LBSPPB256_LBSPPM0_LPA16_LPB16_LPM0_LRVW8_LWPMn1_MIAV0_MIWT4_6_MO40_NTn1_NTA3_NTB0_NTC6_NTD2_NTM0_NEPBS0_NLCA1_NLCB1_ONLL1_PGR2_PLR1_PKA1_SIA3_SS1_SPO0_SRVW0_SSO0_SVW4_SK3_SKFTR0_SKXCCM0_TLDS1_ULSGRO0_USL1_UIOFGRO0_USFGRO0_VSn1_VWA4_VWB2_WSGRA0_WSGRB0_WS64_WG32_8_1,0.0466 0.0467,0.1091 0.1091,0.0612 0.0614,0.1072 0.1074,
1792,512,7168,False,bfloat16,in: non-pow2 tile,<128,14,0,14,112,tuned,torch,native,490.3,122.2,291.1,one_tile,rs,123.1,True,True,True,True,True,0,1,1,1,Cijk_Alik_Bljk_BBS_BH_Bias_HA_S_SAV_UserArgs_MT256x112x64_MI16x16x1_SN_LDSB1_AFC0_AFEM1_AFEM1_ASEM1_CLR1_CADS0_DTLA0_DTLB0_DTVA0_DTVB0_EPS0_FDSI0_GRPM1_GRVWA8_GRVWB4_GSU0_GSUAMB_GLS0_ISA950_IU1_K1_LDSTI0_LBSPPA512_LBSPPB128_LBSPPM0_LPA16_LPB16_LPM0_LRVW8_LWPMn1_MIAV0_MIWT4_7_MO40_NTn1_NTA0_NTB0_NTC0_NTD0_NTM0_NEPBS0_NLCA1_NLCB1_ONLL1_PGR2_PLR1_PKA1_SIA3_SS1_SPO0_SRVW0_SSO0_SVW4_SK3_SKFTR0_SKXCCM0_TLDS1_ULSGRO0_USL1_UIOFGRO0_USFGRO0_VSn1_VWA4_VWB1_WSGRA0_WSGRB0_WS64_WG64_4_1 | Cijk_SB_BiasS_HAS_ScaleAlphaVec_PostGSU8_VW4,Cijk_Alik_Bljk_BBS_BH_Bias_HA_S_SAV_UserArgs_MT256x112x64_MI16x16x1_SN_LDSB1_AFC0_AFEM1_AFEM1_ASEM1_CLR1_CADS0_DTLA0_DTLB0_DTVA0_DTVB0_EPS0_FDSI0_GRPM1_GRVWA8_GRVWB4_GSU0_GSUAMB_GLS0_ISA950_IU1_K1_LDSTI0_LBSPPA512_LBSPPB128_LBSPPM0_LPA16_LPB16_LPM0_LRVW8_LWPMn1_MIAV0_MIWT4_7_MO40_NTn1_NTA0_NTB0_NTC0_NTD0_NTM0_NEPBS0_NLCA1_NLCB1_ONLL1_PGR2_PLR1_PKA1_SIA3_SS1_SPO0_SRVW0_SSO0_SVW4_SK3_SKFTR0_SKXCCM0_TLDS1_ULSGRO0_USL1_UIOFGRO0_USFGRO0_VSn1_VWA4_VWB1_WSGRA0_WSGRB0_WS64_WG64_4_1 | Cijk_SB_BiasS_HAS_ScaleAlphaVec_PostGSU8_VW4,0.0268 0.0268,0.1077 0.1076,0.0451 0.0453,0.1067 0.1070,
1792,1024,7168,False,bfloat16,out: smaller tile,<128,28,0,28,112,tuned,flydsl,flydsl_hgemm_abf16_wbf16_bf16_t64x64x64x4_ks1_w2x1x1_bias0_ktail0_gm4_pft_gfx950,635.0,243.0,476.8,one_tile,rs,245.4,True,True,True,True,True,0,1,1,1,,hgemm_bf16_t64x64x64x4_ks1_w2x1x1_gm4_bias0_lnt_pft_0,0.0414 0.0415,0.1082 0.1083,0.0542 0.0561,0.1068 0.1075,
1792,2048,7168,False,bfloat16,in: other listed tile,<128,56,0,56,112,tuned,flydsl,flydsl_hgemm_abf16_wbf16_bf16_t128x128x128x2_ks1_w2x4x1_bias0_ktail0_gm0_pht_gfx950,906.2,479.2,831.3,one_tile,owner,486.9,True,True,True,True,True,0,1,1,1,,hgemm_bf16_t128x128x128x2_ks1_w2x4x1_gm0_bias0_lnt_phti_0,0.0580 0.0581,0.1097 0.1099,0.0640 0.0626,0.1081 0.1080,
2048,512,7168,False,bfloat16,in: other listed tile,<128,16,0,16,112,tuned,torch,native,583.1,139.0,339.5,one_tile,rs,140.6,True,True,True,True,True,0,1,2,1,Cijk_Alik_Bljk_BBS_BH_Bias_HA_S_SAV_UserArgs_MT128x128x64_MI16x16x1_SN_LDSB0_AFC0_AFEM1_AFEM1_ASEM1_CLR0_CADS0_DTLA1_DTLB1_DTVA0_DTVB0_EPS0_FDSI0_GRPM1_GRVWA8_GRVWB8_GSU0_GSUAMB_GLS0_ISA950_IU1_K1_LDSTI0_LBSPPA1024_LBSPPB1024_LBSPPM0_LPA16_LPB16_LPM0_LRVW8_LWPMn1_MIAV0_MIWT4_4_MO40_NTn1_NTA0_NTB0_NTC4_NTD0_NTM0_NEPBS2_NLCA1_NLCB1_ONLL1_PGR2_PLR1_PKA1_SIA3_SS1_SPO1_SRVW0_SSO0_SVW4_SK3_SKFTR0_SKXCCM0_TLDS1_ULSGRO0_USL1_UIOFGRO0_USFGRO1_VSn1_VWA4_VWB4_WSGRA0_WSGRB0_WS64_WG32_8_1 | Cijk_SB_BiasS_HAS_ScaleAlphaVec_PostGSU4_VW4,Cijk_Alik_Bljk_BBS_BH_Bias_HA_S_SAV_UserArgs_MT128x128x64_MI16x16x1_SN_LDSB0_AFC0_AFEM1_AFEM1_ASEM1_CLR0_CADS0_DTLA1_DTLB1_DTVA0_DTVB0_EPS0_FDSI0_GRPM1_GRVWA8_GRVWB8_GSU0_GSUAMB_GLS0_ISA950_IU1_K1_LDSTI0_LBSPPA1024_LBSPPB1024_LBSPPM0_LPA16_LPB16_LPM0_LRVW8_LWPMn1_MIAV0_MIWT4_4_MO40_NTn1_NTA0_NTB0_NTC4_NTD0_NTM0_NEPBS2_NLCA1_NLCB1_ONLL1_PGR2_PLR1_PKA1_SIA3_SS1_SPO1_SRVW0_SSO0_SVW4_SK3_SKFTR0_SKXCCM0_TLDS1_ULSGRO0_USL1_UIOFGRO0_USFGRO1_VSn1_VWA4_VWB4_WSGRA0_WSGRB0_WS64_WG32_8_1 | Cijk_SB_BiasS_HAS_ScaleAlphaVec_PostGSU4_VW4,0.0258 0.0258,0.1082 0.1082,0.0444 0.0442,0.1069 0.1070,
2048,1024,7168,False,bfloat16,in: other listed tile,<128,32,0,32,112,tuned,torch,native,797.4,276.2,554.8,one_tile,rs,280.3,True,True,True,True,True,0,1,2,1,Cijk_Alik_Bljk_BBS_BH_Bias_HA_S_SAV_UserArgs_MT128x128x128_MI32x32x1_SN_LDSB0_AFC0_AFEM1_AFEM1_ASEM1_CLR1_CADS0_DTLA0_DTLB0_DTVA0_DTVB0_EPS0_FDSI0_GRPM1_GRVWA8_GRVWB8_GSU0_GSUAMB_GLS0_ISA950_IU1_K1_LDSTI0_LBSPPA1024_LBSPPB256_LBSPPM0_LPA8_LPB8_LPM0_LRVW8_LWPMn1_MIAV0_MIWT4_1_MO40_NTn1_NTA0_NTB0_NTC0_NTD0_NTM0_NEPBS16_NLCA1_NLCB1_ONLL1_PGR2_PLR1_PKA1_SIA3_SS1_SPO1_SRVW0_SSO0_SVW4_SK3_SKFTR0_SKXCCM8_TLDS1_ULSGRO0_USL1_UIOFGRO0_USFGRO0_VSn1_VWA4_VWB1_WSGRA0_WSGRB0_WS64_WG32_8_1,Cijk_Alik_Bljk_BBS_BH_Bias_HA_S_SAV_UserArgs_MT128x128x128_MI32x32x1_SN_LDSB0_AFC0_AFEM1_AFEM1_ASEM1_CLR1_CADS0_DTLA0_DTLB0_DTVA0_DTVB0_EPS0_FDSI0_GRPM1_GRVWA8_GRVWB8_GSU0_GSUAMB_GLS0_ISA950_IU1_K1_LDSTI0_LBSPPA1024_LBSPPB256_LBSPPM0_LPA8_LPB8_LPM0_LRVW8_LWPMn1_MIAV0_MIWT4_1_MO40_NTn1_NTA0_NTB0_NTC0_NTD0_NTM0_NEPBS16_NLCA1_NLCB1_ONLL1_PGR2_PLR1_PKA1_SIA3_SS1_SPO1_SRVW0_SSO0_SVW4_SK3_SKFTR0_SKXCCM8_TLDS1_ULSGRO0_USL1_UIOFGRO0_USFGRO0_VSn1_VWA4_VWB1_WSGRA0_WSGRB0_WS64_WG32_8_1,0.0378 0.0376,0.1090 0.1087,0.0543 0.0541,0.1074 0.1071,
2048,2048,7168,False,bfloat16,in: other listed tile,<128,64,0,64,112,tuned,flydsl,flydsl_hgemm_abf16_wbf16_bf16_t128x128x128x2_ks1_w2x4x1_bias0_ktail0_gm4_pht_gfx950,989.5,545.5,910.0,one_tile,owner,549.0,True,True,True,True,True,0,2,2,1,,hgemm_bf16_t128x128x128x2_ks1_w2x4x1_gm4_bias0_lnt_phti_0,0.0608 0.0607,0.1101 0.1104,0.0662 0.0660,0.1091 0.1100,
2048,3584,7168,False,bfloat16,in: other listed tile,<128,112,0,112,112,tuned,opus,opus_gemm_mono_tile_512x128x256x64_2x4_16x16x32_0x0x0_nooob,1225.4,944.7,1162.8,one_tile,owner,935.8,True,True,True,True,True,0,2,2,2,,"void gemm_a16w16_mono_tile_kernel_gfx950<opus_gemm_a16w16_mono_tile_traits_gfx950<512, opus::seq<128, 256, 64>, opus::tuple<std::bfloat16_t, std::bfloat16_t, std::bfloat16_t, float>, opus::seq<8, 8, 8> > >(opus_gemm_mono_tile_kargs_gfx950)",0.0861 0.0856,0.1113 0.1115,0.0892 0.0918,0.1129 0.1120,
2048,8192,7168,False,bfloat16,in: 256x256,256-511,256,1,0,112,tuned,asm,_ZN5aiter24bf16gemm_bf16_tn_256x256E,1540.2,1580.0,1566.0,dp,,nan,True,True,True,,True,0,2,2,2,,aiter::bf16gemm_bf16_tn_256x256,0.1567 0.1557,0.1520 0.1524,0.1540 0.1531,,
2048,20480,7168,False,bfloat16,in: 256x256,>=512,640,2,128,112,tuned,flydsl,flydsl_hgemm_abf16_wbf16_bf16_t64x256x64x2_ks1_w2x4x1_bias0_ktail0_gm4_pft_gfx950,827.6,1401.8,1492.7,one_tile,owner,1409.5,True,True,True,True,True,0,2,2,2,,hgemm_bf16_t64x256x64x2_ks1_w2x4x1_gm4_bias0_lnt_pft_0,0.7276 0.7256,0.4283 0.4296,0.4033 0.4024,0.4270 0.4262,
4096,512,7168,False,bfloat16,in: other listed tile,<128,32,0,32,112,tuned,flydsl,flydsl_hgemm_abf16_wbf16_bf16_t64x128x128x3_ks1_w2x2x2_bias0_ktail0_gm4_pft_gfx950,705.9,276.8,557.5,one_tile,rs,280.5,False,True,True,True,True,0,2,2,2,,hgemm_bf16_t64x128x128x3_ks1_w2x2x2_gm4_bias0_lnt_pft_0,0.0423 0.0428,0.1086 0.1087,0.0538 0.0540,0.1073 0.1071,
4096,1024,7168,False,bfloat16,in: other listed tile,<128,64,0,64,112,tuned,torch,native,979.6,544.4,914.1,one_tile,owner,551.8,True,True,True,True,True,0,2,2,2,Cijk_Alik_Bljk_BBS_BH_Bias_HA_S_SAV_UserArgs_MT256x128x64_MI16x16x1_SN_LDSB0_AFC1_AFEM1_AFEM1_ASEM1_CLR0_CADS0_DTLA1_DTLB1_DTVA0_DTVB0_EPS0_FDSI0_GRPM1_GRVWA8_GRVWB8_GSU0_GSUAMB_GLS0_ISA950_IU1_K1_LDSTI0_LBSPPA1024_LBSPPB1024_LBSPPM0_LPA16_LPB16_LPM0_LRVW8_LWPMn1_MIAV0_MIWT4_8_MO40_NTn1_NTA2_NTB7_NTC4_NTD7_NTM0_NEPBS16_NLCA1_NLCB1_ONLL1_PGR2_PLR1_PKA1_SIA3_SS1_SPO0_SRVW0_SSO0_SVW4_SK3_SKFTR0_SKXCCM0_TLDS1_ULSGRO0_USL1_UIOFGRO0_USFGRO0_VSn1_VWA4_VWB8_WSGRA0_WSGRB0_WS64_WG64_4_1,Cijk_Alik_Bljk_BBS_BH_Bias_HA_S_SAV_UserArgs_MT256x128x64_MI16x16x1_SN_LDSB0_AFC1_AFEM1_AFEM1_ASEM1_CLR0_CADS0_DTLA1_DTLB1_DTVA0_DTVB0_EPS0_FDSI0_GRPM1_GRVWA8_GRVWB8_GSU0_GSUAMB_GLS0_ISA950_IU1_K1_LDSTI0_LBSPPA1024_LBSPPB1024_LBSPPM0_LPA16_LPB16_LPM0_LRVW8_LWPMn1_MIAV0_MIWT4_8_MO40_NTn1_NTA2_NTB7_NTC4_NTD7_NTM0_NEPBS16_NLCA1_NLCB1_ONLL1_PGR2_PLR1_PKA1_SIA3_SS1_SPO0_SRVW0_SSO0_SVW4_SK3_SKFTR0_SKXCCM0_TLDS1_ULSGRO0_USL1_UIOFGRO0_USFGRO0_VSn1_VWA4_VWB8_WSGRA0_WSGRB0_WS64_WG64_4_1,0.0614 0.0614,0.1103 0.1106,0.0658 0.0657,0.1089 0.1091,
4096,2048,7168,False,bfloat16,in: other listed tile,128-255,128,0,128,112,tuned,torch,native,1304.1,1064.4,1268.3,one_tile,owner,1057.5,True,True,True,True,True,0,2,2,2,Cijk_Alik_Bljk_BBS_BH_Bias_HA_S_SAV_UserArgs_MT256x128x64_MI16x16x1_SN_LDSB0_AFC1_AFEM1_AFEM1_ASEM1_CLR1_CADS0_DTLA1_DTLB1_DTVA0_DTVB0_EPS0_FDSI0_GRPM1_GRVWA8_GRVWB8_GSU0_GSUAMB_GLS0_ISA950_IU1_K1_LDSTI0_LBSPPA1024_LBSPPB1024_LBSPPM0_LPA16_LPB16_LPM0_LRVW8_LWPMn1_MIAV0_MIWT8_4_MO40_NTn1_NTA1_NTB0_NTC6_NTD3_NTM0_NEPBS16_NLCA1_NLCB1_ONLL1_PGR2_PLR1_PKA1_SIA3_SS1_SPO1_SRVW0_SSO1_SVW8_SK3_SKFTR0_SKXCCM4_TLDS2_ULSGRO0_USL1_UIOFGRO0_USFGRO0_VSn1_VWA8_VWB4_WSGRA0_WSGRB0_WS64_WG32_8_1,Cijk_Alik_Bljk_BBS_BH_Bias_HA_S_SAV_UserArgs_MT256x128x64_MI16x16x1_SN_LDSB0_AFC1_AFEM1_AFEM1_ASEM1_CLR1_CADS0_DTLA1_DTLB1_DTVA0_DTVB0_EPS0_FDSI0_GRPM1_GRVWA8_GRVWB8_GSU0_GSUAMB_GLS0_ISA950_IU1_K1_LDSTI0_LBSPPA1024_LBSPPB1024_LBSPPM0_LPA16_LPB16_LPM0_LRVW8_LWPMn1_MIAV0_MIWT8_4_MO40_NTn1_NTA1_NTB0_NTC6_NTD3_NTM0_NEPBS16_NLCA1_NLCB1_ONLL1_PGR2_PLR1_PKA1_SIA3_SS1_SPO1_SRVW0_SSO1_SVW8_SK3_SKFTR0_SKXCCM4_TLDS2_ULSGRO0_USL1_UIOFGRO0_USFGRO0_VSn1_VWA8_VWB4_WSGRA0_WSGRB0_WS64_WG32_8_1,0.0925 0.0919,0.1129 0.1130,0.0946 0.0950,0.1132 0.1143,
4096,3584,7168,False,bfloat16,in: 256x256,128-255,224,0,224,112,tuned,flydsl,flydsl_hgemm_abf16_wbf16_bf16_t256x256x64x2_ks1_w2x4x1_bias0_ktail0_gm0_pht_gfx950,1406.9,1471.3,1445.3,dp,,nan,True,True,True,,True,0,2,2,2,,hgemm_bf16_t256x256x64x2_ks1_w2x4x1_gm0_bias0_lnt_phti_0,0.1498 0.1494,0.1433 0.1427,0.1462 0.1450,,
4096,8192,7168,False,bfloat16,in: 256x256,>=512,512,2,0,112,tuned,flydsl,flydsl_hgemm_abf16_wbf16_bf16_t256x256x64x2_ks1_w2x4x1_bias0_ktail0_gm4_pht_gfx950,1539.9,1593.9,1602.4,dp,,nan,True,True,True,,True,0,2,2,2,,hgemm_bf16_t256x256x64x2_ks1_w2x4x1_gm4_bias0_lnt_phti_0,0.3120 0.3128,0.3009 0.3027,0.3005 0.2999,,
4096,20480,7168,False,bfloat16,in: 256x256,>=512,1280,5,0,112,tuned,flydsl,flydsl_hgemm_abf16_wbf16_bf16_t256x256x64x2_ks1_w2x4x1_bias0_ktail0_gm4_pht_gfx950,1529.4,1579.0,1596.7,dp,,nan,True,True,True,,True,0,2,2,2,,hgemm_bf16_t256x256x64x2_ks1_w2x4x1_gm4_bias0_lnt_phti_0,0.7915 0.7811,0.7612 0.7620,0.7539 0.7524,,
6144,512,7168,False,bfloat16,in: non-pow2 tile,<128,48,0,48,112,tuned,flydsl,flydsl_hgemm_abf16_wbf16_bf16_t96x128x64x4_ks1_w2x2x1_bias0_ktail0_gm4_pft_gfx950,802.7,414.1,729.1,one_tile,owner,419.2,True,True,True,True,True,0,2,2,2,,hgemm_bf16_t96x128x64x4_ks1_w2x2x1_gm4_bias0_lnt_pft_0,0.0562 0.0562,0.1090 0.1088,0.0622 0.0615,0.1076 0.1075,
6144,1024,7168,False,bfloat16,in: non-pow2 tile,<128,96,0,96,112,tuned,opus,opus_gemm_mono_tile_512x192x128x64_2x4_16x16x32_0x0x0_nooob_4g_safe,1199.6,816.3,1049.7,one_tile,owner,820.4,True,True,True,True,True,0,2,2,2,,"void gemm_a16w16_mono_tile_4g_safe_kernel_gfx950<opus_gemm_a16w16_mono_tile_traits_gfx950<512, opus::seq<192, 128, 64>, opus::tuple<std::bfloat16_t, std::bfloat16_t, std::bfloat16_t, float>, opus::seq<8, 8, 8> > >(opus_gemm_mono_tile_kargs_gfx950)",0.0753 0.0751,0.1104 0.1106,0.0864 0.0855,0.1098 0.1101,
6144,2048,7168,False,bfloat16,in: non-pow2 tile,128-255,192,0,192,112,tuned,opus,opus_gemm_mono_tile_512x192x256x64_2x4_16x16x32_0x0x0_nooob_4g_safe,1459.2,1364.2,1347.2,dp,,nan,True,True,True,,True,0,2,2,2,,"void gemm_a16w16_mono_tile_4g_safe_kernel_gfx950<opus_gemm_a16w16_mono_tile_traits_gfx950<512, opus::seq<192, 256, 64>, opus::tuple<std::bfloat16_t, std::bfloat16_t, std::bfloat16_t, float>, opus::seq<8, 8, 8> > >(opus_gemm_mono_tile_kargs_gfx950)",0.1242 0.1230,0.1324 0.1320,0.1335 0.1343,,
8192,512,7168,False,bfloat16,in: other listed tile,<128,64,0,64,112,tuned,flydsl,flydsl_hgemm_abf16_wbf16_bf16_t128x128x64x4_ks1_w4x4x1_bias0_ktail0_gm4_pft_gfx950,975.4,548.2,915.5,one_tile,owner,554.9,True,True,True,True,True,0,2,2,2,,hgemm_bf16_t128x128x64x4_ks1_w4x4x1_gm4_bias0_lnt_pft_0,0.0615 0.0618,0.1096 0.1097,0.0659 0.0655,0.1081 0.1086,
8192,1024,7168,False,bfloat16,in: other listed tile,128-255,128,0,128,112,tuned,torch,native,1155.9,1067.2,1282.6,one_tile,owner,1060.7,True,True,True,True,True,0,2,2,2,Cijk_Alik_Bljk_BBS_BH_Bias_HA_S_SAV_UserArgs_MT256x128x64_MI32x32x1_SN_LDSB0_AFC1_AFEM1_AFEM1_ASEM1_CLR1_CADS0_DTLA0_DTLB0_DTVA0_DTVB0_EPS0_FDSI0_GRPM1_GRVWA8_GRVWB8_GSU0_GSUAMB_GLS0_ISA950_IU1_K1_LDSTI0_LBSPPA256_LBSPPB512_LBSPPM0_LPA8_LPB8_LPM0_LRVW8_LWPMn1_MIAV0_MIWT2_4_MO40_NTn1_NTA0_NTB6_NTC4_NTD2_NTM0_NEPBS0_NLCA1_NLCB1_ONLL1_PGR2_PLR1_PKA1_SIA3_SS1_SPO1_SRVW0_SSO0_SVW2_SK3_SKFTR0_SKXCCM4_TLDS1_ULSGRO0_USL1_UIOFGRO0_USFGRO0_VSn1_VWA2_VWB4_WSGRA0_WSGRB0_WS64_WG128_2_1,Cijk_Alik_Bljk_BBS_BH_Bias_HA_S_SAV_UserArgs_MT256x128x64_MI32x32x1_SN_LDSB0_AFC1_AFEM1_AFEM1_ASEM1_CLR1_CADS0_DTLA0_DTLB0_DTVA0_DTVB0_EPS0_FDSI0_GRPM1_GRVWA8_GRVWB8_GSU0_GSUAMB_GLS0_ISA950_IU1_K1_LDSTI0_LBSPPA256_LBSPPB512_LBSPPM0_LPA8_LPB8_LPM0_LRVW8_LWPMn1_MIAV0_MIWT2_4_MO40_NTn1_NTA0_NTB6_NTC4_NTD2_NTM0_NEPBS0_NLCA1_NLCB1_ONLL1_PGR2_PLR1_PKA1_SIA3_SS1_SPO1_SRVW0_SSO0_SVW2_SK3_SKFTR0_SKXCCM4_TLDS1_ULSGRO0_USL1_UIOFGRO0_USFGRO0_VSn1_VWA2_VWB4_WSGRA0_WSGRB0_WS64_WG128_2_1,0.1042 0.1039,0.1131 0.1123,0.0937 0.0938,0.1129 0.1139,
8192,2048,7168,False,bfloat16,in: 256x256,256-511,256,1,0,112,tuned,torch,native,1449.9,1582.6,1579.9,dp,,nan,True,True,True,,True,0,2,2,2,Cijk_Alik_Bljk_BBS_BH_Bias_HA_S_SAV_UserArgs_MT256x256x64_MI16x16x1_SN_LDSB0_AFC1_AFEM1_AFEM1_ASEM1_CLR1_CADS0_DTLA1_DTLB1_DTVA0_DTVB0_EPS0_FDSI0_GRPM1_GRVWA8_GRVWB8_GSU0_GSUAMB_GLS0_ISA950_IU1_K1_LDSTI0_LBSPPA1024_LBSPPB1024_LBSPPM0_LPA16_LPB16_LPM0_LRVW8_LWPMn1_MIAV0_MIWT16_4_MO40_NTn1_NTA0_NTB4_NTC5_NTD7_NTM0_NEPBS16_NLCA1_NLCB1_ONLL1_PGR2_PLR1_PKA1_SIA3_SS1_SPO0_SRVW0_SSO0_SVW8_SK3_SKFTR0_SKXCCM8_TLDS2_ULSGRO0_USL1_UIOFGRO0_USFGRO0_VSn1_VWA8_VWB4_WSGRA0_WSGRB0_WS64_WG16_16_1,Cijk_Alik_Bljk_BBS_BH_Bias_HA_S_SAV_UserArgs_MT256x256x64_MI16x16x1_SN_LDSB0_AFC1_AFEM1_AFEM1_ASEM1_CLR1_CADS0_DTLA1_DTLB1_DTVA0_DTVB0_EPS0_FDSI0_GRPM1_GRVWA8_GRVWB8_GSU0_GSUAMB_GLS0_ISA950_IU1_K1_LDSTI0_LBSPPA1024_LBSPPB1024_LBSPPM0_LPA16_LPB16_LPM0_LRVW8_LWPMn1_MIAV0_MIWT16_4_MO40_NTn1_NTA0_NTB4_NTC5_NTD7_NTM0_NEPBS16_NLCA1_NLCB1_ONLL1_PGR2_PLR1_PKA1_SIA3_SS1_SPO0_SRVW0_SSO0_SVW8_SK3_SKFTR0_SKXCCM8_TLDS2_ULSGRO0_USL1_UIOFGRO0_USFGRO0_VSn1_VWA8_VWB4_WSGRA0_WSGRB0_WS64_WG16_16_1,0.1662 0.1656,0.1517 0.1523,0.1524 0.1521,,
8192,3584,7168,False,bfloat16,in: 256x256,256-511,448,1,192,112,tuned,flydsl,flydsl_hgemm_abf16_wbf16_bf16_t256x256x64x2_ks1_w2x4x1_bias0_ktail0_gm4_pht_gfx950,1450.9,1495.1,1498.9,dp,,nan,True,True,True,,True,0,2,2,2,,hgemm_bf16_t256x256x64x2_ks1_w2x4x1_gm4_bias0_lnt_phti_0,0.2908 0.2894,0.2820 0.2810,0.2813 0.2803,,
8192,8192,7168,False,bfloat16,in: 256x256,>=512,1024,4,0,112,tuned,flydsl,flydsl_hgemm_abf16_wbf16_bf16_t256x256x64x2_ks1_w2x4x1_bias0_ktail0_gm4_pht_gfx950,1538.6,1588.6,1597.7,dp,,nan,True,True,True,,True,0,2,2,2,,hgemm_bf16_t256x256x64x2_ks1_w2x4x1_gm4_bias0_lnt_phti_0,0.6282 0.6224,0.6055 0.6057,0.6022 0.6021,,
8192,20480,7168,False,bfloat16,in: 256x256,>=512,2560,10,0,112,tuned,asm,_ZN5aiter24bf16gemm_bf16_tn_256x256E,1543.2,1597.5,1617.9,dp,,nan,True,True,True,,True,0,2,2,2,,aiter::bf16gemm_bf16_tn_256x256,1.5647 1.5524,1.5062 1.5050,1.4916 1.4816,,
10240,512,7168,False,bfloat16,in: non-pow2 tile,<128,80,0,80,112,tuned,torch,native,813.0,679.8,1019.9,one_tile,owner,686.5,True,True,True,True,True,0,2,2,2,Cijk_Alik_Bljk_BBS_BH_Bias_HA_S_SAV_UserArgs_MT256x160x64_MI16x16x1_SN_LDSB0_AFC0_AFEM1_AFEM1_ASEM1_CLR1_CADS0_DTLA0_DTLB0_DTVA0_DTVB0_EPS0_FDSI0_GRPM1_GRVWA8_GRVWB8_GSU0_GSUAMB_GLS0_ISA950_IU1_K1_LDSTI0_LBSPPA1024_LBSPPB128_LBSPPM0_LPA16_LPB16_LPM0_LRVW8_LWPMn1_MIAV0_MIWT8_5_MO40_NTn1_NTA0_NTB4_NTC0_NTD0_NTM0_NEPBS0_NLCA1_NLCB1_ONLL1_PGR2_PLR1_PKA1_SIA3_SS1_SPO0_SRVW0_SSO0_SVW8_SK3_SKFTR0_SKXCCM8_TLDS1_ULSGRO0_USL1_UIOFGRO0_USFGRO0_VSn1_VWA8_VWB1_WSGRA0_WSGRB0_WS64_WG32_8_1,Cijk_Alik_Bljk_BBS_BH_Bias_HA_S_SAV_UserArgs_MT256x160x64_MI16x16x1_SN_LDSB0_AFC0_AFEM1_AFEM1_ASEM1_CLR1_CADS0_DTLA0_DTLB0_DTVA0_DTVB0_EPS0_FDSI0_GRPM1_GRVWA8_GRVWB8_GSU0_GSUAMB_GLS0_ISA950_IU1_K1_LDSTI0_LBSPPA1024_LBSPPB128_LBSPPM0_LPA16_LPB16_LPM0_LRVW8_LWPMn1_MIAV0_MIWT8_5_MO40_NTn1_NTA0_NTB4_NTC0_NTD0_NTM0_NEPBS0_NLCA1_NLCB1_ONLL1_PGR2_PLR1_PKA1_SIA3_SS1_SPO0_SRVW0_SSO0_SVW8_SK3_SKFTR0_SKXCCM8_TLDS1_ULSGRO0_USL1_UIOFGRO0_USFGRO0_VSn1_VWA8_VWB1_WSGRA0_WSGRB0_WS64_WG32_8_1,0.0917 0.0932,0.1104 0.1107,0.0742 0.0732,0.1098 0.1091,
10240,1024,7168,False,bfloat16,in: non-pow2 tile,128-255,160,0,160,112,tuned,torch,native,1310.7,1247.1,1228.1,dp,,nan,True,True,True,,True,0,2,2,2,Cijk_Alik_Bljk_BBS_BH_Bias_HA_S_SAV_UserArgs_MT256x160x64_MI16x16x1_SN_LDSB0_AFC0_AFEM1_AFEM1_ASEM1_CLR1_CADS0_DTLA0_DTLB0_DTVA0_DTVB0_EPS0_FDSI0_GRPM1_GRVWA8_GRVWB8_GSU0_GSUAMB_GLS0_ISA950_IU1_K1_LDSTI0_LBSPPA1024_LBSPPB128_LBSPPM0_LPA16_LPB16_LPM0_LRVW8_LWPMn1_MIAV0_MIWT8_5_MO40_NTn1_NTA0_NTB0_NTC0_NTD0_NTM0_NEPBS0_NLCA1_NLCB1_ONLL1_PGR2_PLR1_PKA1_SIA3_SS1_SPO0_SRVW0_SSO0_SVW8_SK3_SKFTR0_SKXCCM0_TLDS1_ULSGRO0_USL1_UIOFGRO0_USFGRO0_VSn1_VWA8_VWB1_WSGRA0_WSGRB0_WS64_WG32_8_1,Cijk_Alik_Bljk_BBS_BH_Bias_HA_S_SAV_UserArgs_MT256x160x64_MI16x16x1_SN_LDSB0_AFC0_AFEM1_AFEM1_ASEM1_CLR1_CADS0_DTLA0_DTLB0_DTVA0_DTVB0_EPS0_FDSI0_GRPM1_GRVWA8_GRVWB8_GSU0_GSUAMB_GLS0_ISA950_IU1_K1_LDSTI0_LBSPPA1024_LBSPPB128_LBSPPM0_LPA16_LPB16_LPM0_LRVW8_LWPMn1_MIAV0_MIWT8_5_MO40_NTn1_NTA0_NTB0_NTC0_NTD0_NTM0_NEPBS0_NLCA1_NLCB1_ONLL1_PGR2_PLR1_PKA1_SIA3_SS1_SPO0_SRVW0_SSO0_SVW8_SK3_SKFTR0_SKXCCM0_TLDS1_ULSGRO0_USL1_UIOFGRO0_USFGRO0_VSn1_VWA8_VWB1_WSGRA0_WSGRB0_WS64_WG32_8_1,0.1145 0.1149,0.1207 0.1204,0.1228 0.1220,,
10240,2048,7168,False,bfloat16,in: non-pow2 tile,256-511,320,1,64,112,tuned,torch,native,1328.4,1180.0,1406.9,one_tile,owner,1194.8,True,True,True,True,True,0,2,2,2,Cijk_Alik_Bljk_BBS_BH_Bias_HA_S_SAV_UserArgs_MT256x160x64_MI16x16x1_SN_LDSB0_AFC0_AFEM1_AFEM1_ASEM1_CLR1_CADS0_DTLA0_DTLB0_DTVA0_DTVB0_EPS0_FDSI0_GRPM1_GRVWA8_GRVWB8_GSU0_GSUAMB_GLS0_ISA950_IU1_K1_LDSTI0_LBSPPA1024_LBSPPB128_LBSPPM0_LPA16_LPB16_LPM0_LRVW8_LWPMn1_MIAV0_MIWT8_5_MO40_NTn1_NTA0_NTB0_NTC0_NTD0_NTM0_NEPBS0_NLCA1_NLCB1_ONLL1_PGR2_PLR1_PKA1_SIA3_SS1_SPO0_SRVW0_SSO0_SVW8_SK3_SKFTR0_SKXCCM0_TLDS1_ULSGRO0_USL1_UIOFGRO0_USFGRO0_VSn1_VWA8_VWB1_WSGRA0_WSGRB0_WS64_WG32_8_1,Cijk_Alik_Bljk_BBS_BH_Bias_HA_S_SAV_UserArgs_MT256x160x64_MI16x16x1_SN_LDSB0_AFC0_AFEM1_AFEM1_ASEM1_CLR1_CADS0_DTLA0_DTLB0_DTVA0_DTVB0_EPS0_FDSI0_GRPM1_GRVWA8_GRVWB8_GSU0_GSUAMB_GLS0_ISA950_IU1_K1_LDSTI0_LBSPPA1024_LBSPPB128_LBSPPM0_LPA16_LPB16_LPM0_LRVW8_LWPMn1_MIAV0_MIWT8_5_MO40_NTn1_NTA0_NTB0_NTC0_NTD0_NTM0_NEPBS0_NLCA1_NLCB1_ONLL1_PGR2_PLR1_PKA1_SIA3_SS1_SPO0_SRVW0_SSO0_SVW8_SK3_SKFTR0_SKXCCM0_TLDS1_ULSGRO0_USL1_UIOFGRO0_USFGRO0_VSn1_VWA8_VWB1_WSGRA0_WSGRB0_WS64_WG32_8_1,0.2263 0.2263,0.2552 0.2544,0.2134 0.2139,0.2513 0.2519,
10240,8448,7168,False,bfloat16,in: 256x256,>=512,1320,5,40,112,tuned,asm,_ZN5aiter24bf16gemm_bf16_tn_256x256E,1428.8,1424.0,1490.8,one_tile,owner,1439.1,True,True,True,True,True,0,2,2,2,,aiter::bf16gemm_bf16_tn_256x256,0.8728 0.8632,0.8708 0.8710,0.8347 0.8291,0.8621 0.8615,
10240,20480,7168,False,bfloat16,in: 256x256,>=512,3200,12,128,112,tuned,asm,_ZN5aiter24bf16gemm_bf16_tn_256x256E,1514.5,1489.2,1531.0,one_tile,owner,1514.6,True,True,True,True,True,0,2,2,2,,aiter::bf16gemm_bf16_tn_256x256,1.9963 1.9739,2.0179 2.0197,1.9662 1.9614,1.9840 1.9861,
12288,512,7168,False,bfloat16,in: non-pow2 tile,<128,96,0,96,112,tuned,opus,opus_gemm_mono_tile_512x192x128x64_2x4_16x16x32_0x0x0_nooob_4g_safe,1190.0,813.3,1041.4,one_tile,owner,807.8,True,True,True,True,True,0,2,2,2,,"void gemm_a16w16_mono_tile_4g_safe_kernel_gfx950<opus_gemm_a16w16_mono_tile_traits_gfx950<512, opus::seq<192, 128, 64>, opus::tuple<std::bfloat16_t, std::bfloat16_t, std::bfloat16_t, float>, opus::seq<8, 8, 8> > >(opus_gemm_mono_tile_kargs_gfx950)",0.0758 0.0758,0.1110 0.1108,0.0862 0.0870,0.1115 0.1118,
12288,1024,7168,False,bfloat16,in: non-pow2 tile,128-255,192,0,192,112,tuned,opus,opus_gemm_mono_tile_512x192x256x64_2x4_16x16x32_0x0x0_nooob,1473.3,1359.5,1354.1,dp,,nan,True,True,True,,True,0,2,2,2,,"void gemm_a16w16_mono_tile_kernel_gfx950<opus_gemm_a16w16_mono_tile_traits_gfx950<512, opus::seq<192, 256, 64>, opus::tuple<std::bfloat16_t, std::bfloat16_t, std::bfloat16_t, float>, opus::seq<8, 8, 8> > >(opus_gemm_mono_tile_kargs_gfx950)",0.1227 0.1222,0.1324 0.1330,0.1330 0.1334,,
12288,2048,7168,False,bfloat16,in: non-pow2 tile,256-511,384,1,128,112,tuned,opus,opus_gemm_mono_tile_512x192x256x64_2x4_16x16x32_0x0x0_nooob_4g_safe,1467.4,1360.4,1478.6,one_tile,owner,1364.7,True,True,True,True,True,0,2,2,2,,"void gemm_a16w16_mono_tile_4g_safe_kernel_gfx950<opus_gemm_a16w16_mono_tile_traits_gfx950<512, opus::seq<192, 256, 64>, opus::tuple<std::bfloat16_t, std::bfloat16_t, std::bfloat16_t, float>, opus::seq<8, 8, 8> > >(opus_gemm_mono_tile_kargs_gfx950)",0.2470 0.2447,0.2645 0.2659,0.2445 0.2435,0.2647 0.2640,
14336,512,7168,False,bfloat16,in: other listed tile,<128,112,0,112,112,tuned,opus,opus_gemm_mono_tile_512x128x256x64_2x4_16x16x32_0x0x0_nooob,1252.2,944.6,1080.2,one_tile,owner,941.6,True,True,True,True,True,0,2,2,2,,"void gemm_a16w16_mono_tile_kernel_gfx950<opus_gemm_a16w16_mono_tile_traits_gfx950<512, opus::seq<128, 256, 64>, opus::tuple<std::bfloat16_t, std::bfloat16_t, std::bfloat16_t, float>, opus::seq<8, 8, 8> > >(opus_gemm_mono_tile_kargs_gfx950)",0.0839 0.0842,0.1114 0.1114,0.0975 0.0974,0.1117 0.1118,
14336,1024,7168,False,bfloat16,in: 256x256,128-255,224,0,224,112,tuned,torch,native,1404.0,1443.0,1454.5,dp,,nan,True,True,True,,True,0,2,2,2,Cijk_Alik_Bljk_BBS_BH_Bias_HA_S_SAV_UserArgs_MT256x224x64_MI16x16x1_SN_LDSB1_AFC0_AFEM1_AFEM1_ASEM1_CLR1_CADS0_DTLA0_DTLB0_DTVA0_DTVB0_EPS0_FDSI0_GRPM1_GRVWA8_GRVWB8_GSU0_GSUAMB_GLS0_ISA950_IU1_K1_LDSTI0_LBSPPA1024_LBSPPB128_LBSPPM0_LPA16_LPB16_LPM0_LRVW8_LWPMn1_MIAV0_MIWT8_7_MO40_NTn1_NTA0_NTB0_NTC0_NTD0_NTM0_NEPBS0_NLCA1_NLCB1_ONLL1_PGR2_PLR1_PKA1_SIA3_SS1_SPO0_SRVW0_SSO0_SVW8_SK3_SKFTR0_SKXCCM0_TLDS1_ULSGRO0_USL1_UIOFGRO0_USFGRO0_VSn1_VWA8_VWB1_WSGRA0_WSGRB0_WS64_WG32_8_1,Cijk_Alik_Bljk_BBS_BH_Bias_HA_S_SAV_UserArgs_MT256x224x64_MI16x16x1_SN_LDSB1_AFC0_AFEM1_AFEM1_ASEM1_CLR1_CADS0_DTLA0_DTLB0_DTVA0_DTVB0_EPS0_FDSI0_GRPM1_GRVWA8_GRVWB8_GSU0_GSUAMB_GLS0_ISA950_IU1_K1_LDSTI0_LBSPPA1024_LBSPPB128_LBSPPM0_LPA16_LPB16_LPM0_LRVW8_LWPMn1_MIAV0_MIWT8_7_MO40_NTn1_NTA0_NTB0_NTC0_NTD0_NTM0_NEPBS0_NLCA1_NLCB1_ONLL1_PGR2_PLR1_PKA1_SIA3_SS1_SPO0_SRVW0_SSO0_SVW8_SK3_SKFTR0_SKXCCM0_TLDS1_ULSGRO0_USL1_UIOFGRO0_USFGRO0_VSn1_VWA8_VWB1_WSGRA0_WSGRB0_WS64_WG32_8_1,0.1489 0.1509,0.1460 0.1456,0.1447 0.1447,,
14336,2048,7168,False,bfloat16,in: 256x256,256-511,448,1,192,112,tuned,flydsl,flydsl_hgemm_abf16_wbf16_bf16_t256x256x64x2_ks1_w2x4x1_bias0_ktail0_gm4_pht_gfx950,1417.9,1469.3,1474.7,dp,,nan,True,True,True,,True,0,2,2,2,,hgemm_bf16_t256x256x64x2_ks1_w2x4x1_gm4_bias0_lnt_phti_0,0.2977 0.2961,0.2861 0.2868,0.2850 0.2859,,
16384,512,7168,False,bfloat16,in: other listed tile,128-255,128,0,128,112,tuned,opus,opus_gemm_mono_tile_512x128x256x64_2x4_16x16x32_0x0x0_nooob,1330.2,1065.3,1182.2,one_tile,owner,1059.5,True,True,True,True,True,0,2,2,2,,"void gemm_a16w16_mono_tile_kernel_gfx950<opus_gemm_a16w16_mono_tile_traits_gfx950<512, opus::seq<128, 256, 64>, opus::tuple<std::bfloat16_t, std::bfloat16_t, std::bfloat16_t, float>, opus::seq<8, 8, 8> > >(opus_gemm_mono_tile_kargs_gfx950)",0.0906 0.0902,0.1131 0.1127,0.1018 0.1016,0.1129 0.1141,
16384,1024,7168,False,bfloat16,in: 256x256,256-511,256,1,0,112,tuned,torch,native,1512.9,1543.9,1510.9,dp,,nan,True,True,True,,True,0,2,2,2,Cijk_Alik_Bljk_BBS_BH_Bias_HA_S_SAV_UserArgs_MT256x256x64_MI16x16x1_CMS_SN_LDSB0_AFC0_AFEM1_AFEM1_ASEM1_CLR1_CADS0_DTLA1_DTLB1_DTVA0_DTVB0_EPS0_FDSI0_GRPM1_GRVWA8_GRVWB8_GSU0_GSUAMB_GLS0_ISA950_IU1_K1_LDSTI0_LBSPPA1024_LBSPPB1024_LBSPPM0_LPA16_LPB16_LPM0_LRVW8_LWPMn1_MIAV0_MIWT8_8_MO40_NTn1_NTA0_NTB0_NTC0_NTD4_NTM0_NEPBS0_NLCA1_NLCB1_ONLL1_PGR2_PLR1_PKA1_SIA3_SS1_SPO0_SRVW0_SSO0_SVW8_SK3_SKFTR0_SKXCCM0_TLDS1_ULSGRO0_USL1_UIOFGRO0_USFGRO0_VSn1_VWA8_VWB8_WSGRA0_WSGRB0_WS64_WG32_8_1,Cijk_Alik_Bljk_BBS_BH_Bias_HA_S_SAV_UserArgs_MT256x256x64_MI16x16x1_CMS_SN_LDSB0_AFC0_AFEM1_AFEM1_ASEM1_CLR1_CADS0_DTLA1_DTLB1_DTVA0_DTVB0_EPS0_FDSI0_GRPM1_GRVWA8_GRVWB8_GSU0_GSUAMB_GLS0_ISA950_IU1_K1_LDSTI0_LBSPPA1024_LBSPPB1024_LBSPPM0_LPA16_LPB16_LPM0_LRVW8_LWPMn1_MIAV0_MIWT8_8_MO40_NTn1_NTA0_NTB0_NTC0_NTD4_NTM0_NEPBS0_NLCA1_NLCB1_ONLL1_PGR2_PLR1_PKA1_SIA3_SS1_SPO0_SRVW0_SSO0_SVW8_SK3_SKFTR0_SKXCCM0_TLDS1_ULSGRO0_USL1_UIOFGRO0_USFGRO0_VSn1_VWA8_VWB8_WSGRA0_WSGRB0_WS64_WG32_8_1,0.1588 0.1591,0.1557 0.1559,0.1591 0.1593,,
16384,2048,7168,False,bfloat16,in: 256x256,>=512,512,2,0,112,tuned,torch,native,1553.3,1540.9,1540.4,dp,,nan,True,True,True,,True,0,2,2,2,Cijk_Alik_Bljk_BBS_BH_Bias_HA_S_SAV_UserArgs_MT256x256x64_MI16x16x1_CMS_SN_LDSB0_AFC0_AFEM1_AFEM1_ASEM1_CLR1_CADS0_DTLA1_DTLB1_DTVA0_DTVB0_EPS0_FDSI0_GRPM1_GRVWA8_GRVWB8_GSU0_GSUAMB_GLS0_ISA950_IU1_K1_LDSTI0_LBSPPA1024_LBSPPB1024_LBSPPM0_LPA16_LPB16_LPM0_LRVW8_LWPMn1_MIAV0_MIWT8_8_MO40_NTn1_NTA0_NTB0_NTC0_NTD4_NTM0_NEPBS0_NLCA1_NLCB1_ONLL1_PGR2_PLR1_PKA1_SIA3_SS1_SPO0_SRVW0_SSO0_SVW8_SK3_SKFTR0_SKXCCM0_TLDS1_ULSGRO0_USL1_UIOFGRO0_USFGRO0_VSn1_VWA8_VWB8_WSGRA0_WSGRB0_WS64_WG32_8_1,Cijk_Alik_Bljk_BBS_BH_Bias_HA_S_SAV_UserArgs_MT256x256x64_MI16x16x1_CMS_SN_LDSB0_AFC0_AFEM1_AFEM1_ASEM1_CLR1_CADS0_DTLA1_DTLB1_DTVA0_DTVB0_EPS0_FDSI0_GRPM1_GRVWA8_GRVWB8_GSU0_GSUAMB_GLS0_ISA950_IU1_K1_LDSTI0_LBSPPA1024_LBSPPB1024_LBSPPM0_LPA16_LPB16_LPM0_LRVW8_LWPMn1_MIAV0_MIWT8_8_MO40_NTn1_NTA0_NTB0_NTC0_NTD4_NTM0_NEPBS0_NLCA1_NLCB1_ONLL1_PGR2_PLR1_PKA1_SIA3_SS1_SPO0_SRVW0_SSO0_SVW8_SK3_SKFTR0_SKXCCM0_TLDS1_ULSGRO0_USL1_UIOFGRO0_USFGRO0_VSn1_VWA8_VWB8_WSGRA0_WSGRB0_WS64_WG32_8_1,0.3125 0.3069,0.3126 0.3118,0.3123 0.3123,,
16384,3584,7168,False,bfloat16,in: 256x256,>=512,896,3,128,112,tuned,flydsl,flydsl_hgemm_abf16_wbf16_bf16_t256x256x64x2_ks1_w2x4x1_bias0_ktail0_gm4_pht_gfx950,1396.3,1449.1,1517.0,one_tile,owner,1457.8,True,True,True,True,True,0,2,2,2,,hgemm_bf16_t256x256x64x2_ks1_w2x4x1_gm4_bias0_lnt_phti_0,0.6051 0.6007,0.5817 0.5801,0.5547 0.5551,0.5779 0.5770,
16384,8192,7168,False,bfloat16,in: 256x256,>=512,2048,8,0,112,tuned,torch,native,1569.3,1576.3,1593.2,dp,,nan,True,True,True,,True,0,2,2,2,Cijk_Alik_Bljk_BBS_BH_Bias_HA_S_SAV_UserArgs_MT256x256x64_MI16x16x1_CMS_SN_LDSB0_AFC0_AFEM1_AFEM1_ASEM1_CLR1_CADS0_DTLA1_DTLB1_DTVA0_DTVB0_EPS0_FDSI0_GRPM1_GRVWA8_GRVWB8_GSU0_GSUAMB_GLS0_ISA950_IU1_K1_LDSTI0_LBSPPA1024_LBSPPB1024_LBSPPM0_LPA16_LPB16_LPM0_LRVW8_LWPMn1_MIAV0_MIWT8_8_MO40_NTn1_NTA0_NTB0_NTC0_NTD4_NTM0_NEPBS0_NLCA1_NLCB1_ONLL1_PGR2_PLR1_PKA1_SIA3_SS1_SPO0_SRVW0_SSO0_SVW8_SK3_SKFTR0_SKXCCM0_TLDS1_ULSGRO0_USL1_UIOFGRO0_USFGRO0_VSn1_VWA8_VWB8_WSGRA0_WSGRB0_WS64_WG32_8_1,Cijk_Alik_Bljk_BBS_BH_Bias_HA_S_SAV_UserArgs_MT256x256x64_MI16x16x1_CMS_SN_LDSB0_AFC0_AFEM1_AFEM1_ASEM1_CLR1_CADS0_DTLA1_DTLB1_DTVA0_DTVB0_EPS0_FDSI0_GRPM1_GRVWA8_GRVWB8_GSU0_GSUAMB_GLS0_ISA950_IU1_K1_LDSTI0_LBSPPA1024_LBSPPB1024_LBSPPM0_LPA16_LPB16_LPM0_LRVW8_LWPMn1_MIAV0_MIWT8_8_MO40_NTn1_NTA0_NTB0_NTC0_NTD4_NTM0_NEPBS0_NLCA1_NLCB1_ONLL1_PGR2_PLR1_PKA1_SIA3_SS1_SPO0_SRVW0_SSO0_SVW8_SK3_SKFTR0_SKXCCM0_TLDS1_ULSGRO0_USL1_UIOFGRO0_USFGRO0_VSn1_VWA8_VWB8_WSGRA0_WSGRB0_WS64_WG32_8_1,1.2373 1.2148,1.2215 1.2197,1.2107 1.2047,,
16384,20480,7168,False,bfloat16,in: 256x256,>=512,5120,20,0,112,tuned,flydsl,flydsl_hgemm_abf16_wbf16_bf16_t256x256x64x2_ks1_w2x4x1_bias0_ktail0_gm4_pht_gfx950,1542.0,1589.5,1618.7,dp,,nan,True,True,True,,True,0,2,2,2,,hgemm_bf16_t256x256x64x2_ks1_w2x4x1_gm4_bias0_lnt_phti_0,3.1319 3.1071,3.0286 3.0239,2.9793 2.9640,,
32768,512,7168,False,bfloat16,in: 256x256,256-511,256,1,0,112,tuned,torch,native,1389.6,1391.4,1374.7,dp,,nan,True,True,True,,True,0,2,2,2,Cijk_Alik_Bljk_BBS_BH_Bias_HA_S_SAV_UserArgs_MT256x256x64_MI16x16x1_CMS_SN_LDSB0_AFC0_AFEM1_AFEM1_ASEM1_CLR1_CADS0_DTLA1_DTLB1_DTVA0_DTVB0_EPS0_FDSI0_GRPM1_GRVWA8_GRVWB8_GSU0_GSUAMB_GLS0_ISA950_IU1_K1_LDSTI0_LBSPPA1024_LBSPPB1024_LBSPPM0_LPA16_LPB16_LPM0_LRVW8_LWPMn1_MIAV0_MIWT8_8_MO40_NTn1_NTA0_NTB4_NTC0_NTD4_NTM0_NEPBS0_NLCA1_NLCB1_ONLL1_PGR2_PLR1_PKA1_SIA3_SS1_SPO0_SRVW0_SSO0_SVW8_SK3_SKFTR0_SKXCCM0_TLDS1_ULSGRO0_USL1_UIOFGRO0_USFGRO0_VSn1_VWA8_VWB8_WSGRA0_WSGRB0_WS64_WG32_8_1,Cijk_Alik_Bljk_BBS_BH_Bias_HA_S_SAV_UserArgs_MT256x256x64_MI16x16x1_CMS_SN_LDSB0_AFC0_AFEM1_AFEM1_ASEM1_CLR1_CADS0_DTLA1_DTLB1_DTVA0_DTVB0_EPS0_FDSI0_GRPM1_GRVWA8_GRVWB8_GSU0_GSUAMB_GLS0_ISA950_IU1_K1_LDSTI0_LBSPPA1024_LBSPPB1024_LBSPPM0_LPA16_LPB16_LPM0_LRVW8_LWPMn1_MIAV0_MIWT8_8_MO40_NTn1_NTA0_NTB4_NTC0_NTD4_NTM0_NEPBS0_NLCA1_NLCB1_ONLL1_PGR2_PLR1_PKA1_SIA3_SS1_SPO0_SRVW0_SSO0_SVW8_SK3_SKFTR0_SKXCCM0_TLDS1_ULSGRO0_USL1_UIOFGRO0_USFGRO0_VSn1_VWA8_VWB8_WSGRA0_WSGRB0_WS64_WG32_8_1,0.1734 0.1727,0.1729 0.1728,0.1747 0.1752,,
32768,1024,7168,False,bfloat16,in: 256x256,>=512,512,2,0,112,tuned,torch,native,1457.0,1500.5,1507.7,dp,,nan,True,True,True,,True,0,2,2,2,Cijk_Alik_Bljk_BBS_BH_Bias_HA_S_SAV_UserArgs_MT256x256x64_MI16x16x1_CMS_SN_LDSB0_AFC0_AFEM1_AFEM1_ASEM1_CLR1_CADS0_DTLA1_DTLB1_DTVA0_DTVB0_EPS0_FDSI0_GRPM1_GRVWA8_GRVWB8_GSU0_GSUAMB_GLS0_ISA950_IU1_K1_LDSTI0_LBSPPA1024_LBSPPB1024_LBSPPM0_LPA16_LPB16_LPM0_LRVW8_LWPMn1_MIAV0_MIWT8_8_MO40_NTn1_NTA0_NTB0_NTC0_NTD4_NTM0_NEPBS0_NLCA1_NLCB1_ONLL1_PGR2_PLR1_PKA1_SIA3_SS1_SPO0_SRVW0_SSO0_SVW8_SK3_SKFTR0_SKXCCM0_TLDS1_ULSGRO0_USL1_UIOFGRO0_USFGRO0_VSn1_VWA8_VWB8_WSGRA0_WSGRB0_WS64_WG32_8_1,Cijk_Alik_Bljk_BBS_BH_Bias_HA_S_SAV_UserArgs_MT256x256x64_MI16x16x1_CMS_SN_LDSB0_AFC0_AFEM1_AFEM1_ASEM1_CLR1_CADS0_DTLA1_DTLB1_DTVA0_DTVB0_EPS0_FDSI0_GRPM1_GRVWA8_GRVWB8_GSU0_GSUAMB_GLS0_ISA950_IU1_K1_LDSTI0_LBSPPA1024_LBSPPB1024_LBSPPM0_LPA16_LPB16_LPM0_LRVW8_LWPMn1_MIAV0_MIWT8_8_MO40_NTn1_NTA0_NTB0_NTC0_NTD4_NTM0_NEPBS0_NLCA1_NLCB1_ONLL1_PGR2_PLR1_PKA1_SIA3_SS1_SPO0_SRVW0_SSO0_SVW8_SK3_SKFTR0_SKXCCM0_TLDS1_ULSGRO0_USL1_UIOFGRO0_USFGRO0_VSn1_VWA8_VWB8_WSGRA0_WSGRB0_WS64_WG32_8_1,0.3299 0.3304,0.3209 0.3203,0.3191 0.3190,,
32768,2048,7168,False,bfloat16,in: 256x256,>=512,1024,4,0,112,tuned,torch,native,1510.0,1538.8,1555.6,dp,,nan,True,True,True,,True,0,2,2,2,Cijk_Alik_Bljk_BBS_BH_Bias_HA_S_SAV_UserArgs_MT256x256x64_MI16x16x1_CMS_SN_LDSB0_AFC0_AFEM1_AFEM1_ASEM1_CLR1_CADS0_DTLA1_DTLB1_DTVA0_DTVB0_EPS0_FDSI0_GRPM1_GRVWA8_GRVWB8_GSU0_GSUAMB_GLS0_ISA950_IU1_K1_LDSTI0_LBSPPA1024_LBSPPB1024_LBSPPM0_LPA16_LPB16_LPM0_LRVW8_LWPMn1_MIAV0_MIWT8_8_MO40_NTn1_NTA0_NTB0_NTC0_NTD4_NTM0_NEPBS0_NLCA1_NLCB1_ONLL1_PGR2_PLR1_PKA1_SIA3_SS1_SPO0_SRVW0_SSO0_SVW8_SK3_SKFTR0_SKXCCM0_TLDS1_ULSGRO0_USL1_UIOFGRO0_USFGRO0_VSn1_VWA8_VWB8_WSGRA0_WSGRB0_WS64_WG32_8_1,Cijk_Alik_Bljk_BBS_BH_Bias_HA_S_SAV_UserArgs_MT256x256x64_MI16x16x1_CMS_SN_LDSB0_AFC0_AFEM1_AFEM1_ASEM1_CLR1_CADS0_DTLA1_DTLB1_DTVA0_DTVB0_EPS0_FDSI0_GRPM1_GRVWA8_GRVWB8_GSU0_GSUAMB_GLS0_ISA950_IU1_K1_LDSTI0_LBSPPA1024_LBSPPB1024_LBSPPM0_LPA16_LPB16_LPM0_LRVW8_LWPMn1_MIAV0_MIWT8_8_MO40_NTn1_NTA0_NTB0_NTC0_NTD4_NTM0_NEPBS0_NLCA1_NLCB1_ONLL1_PGR2_PLR1_PKA1_SIA3_SS1_SPO0_SRVW0_SSO0_SVW8_SK3_SKFTR0_SKXCCM0_TLDS1_ULSGRO0_USL1_UIOFGRO0_USFGRO0_VSn1_VWA8_VWB8_WSGRA0_WSGRB0_WS64_WG32_8_1,0.6393 0.6349,0.6242 0.6263,0.6186 0.6183,,
32768,3584,7168,False,bfloat16,in: 256x256,>=512,1792,7,0,112,tuned,torch,native,1542.2,1544.4,1564.2,dp,,nan,True,True,True,,True,0,2,2,2,Cijk_Alik_Bljk_BBS_BH_Bias_HA_S_SAV_UserArgs_MT256x256x64_MI16x16x1_CMS_SN_LDSB0_AFC0_AFEM1_AFEM1_ASEM1_CLR1_CADS0_DTLA1_DTLB1_DTVA0_DTVB0_EPS0_FDSI0_GRPM1_GRVWA8_GRVWB8_GSU0_GSUAMB_GLS0_ISA950_IU1_K1_LDSTI0_LBSPPA1024_LBSPPB1024_LBSPPM0_LPA16_LPB16_LPM0_LRVW8_LWPMn1_MIAV0_MIWT8_8_MO40_NTn1_NTA0_NTB0_NTC0_NTD4_NTM0_NEPBS0_NLCA1_NLCB1_ONLL1_PGR2_PLR1_PKA1_SIA3_SS1_SPO0_SRVW0_SSO0_SVW8_SK3_SKFTR0_SKXCCM0_TLDS1_ULSGRO0_USL1_UIOFGRO0_USFGRO0_VSn1_VWA8_VWB8_WSGRA0_WSGRB0_WS64_WG32_8_1,Cijk_Alik_Bljk_BBS_BH_Bias_HA_S_SAV_UserArgs_MT256x256x64_MI16x16x1_CMS_SN_LDSB0_AFC0_AFEM1_AFEM1_ASEM1_CLR1_CADS0_DTLA1_DTLB1_DTVA0_DTVB0_EPS0_FDSI0_GRPM1_GRVWA8_GRVWB8_GSU0_GSUAMB_GLS0_ISA950_IU1_K1_LDSTI0_LBSPPA1024_LBSPPB1024_LBSPPM0_LPA16_LPB16_LPM0_LRVW8_LWPMn1_MIAV0_MIWT8_8_MO40_NTn1_NTA0_NTB0_NTC0_NTD4_NTM0_NEPBS0_NLCA1_NLCB1_ONLL1_PGR2_PLR1_PKA1_SIA3_SS1_SPO0_SRVW0_SSO0_SVW8_SK3_SKFTR0_SKXCCM0_TLDS1_ULSGRO0_USL1_UIOFGRO0_USFGRO0_VSn1_VWA8_VWB8_WSGRA0_WSGRB0_WS64_WG32_8_1,1.0954 1.0881,1.0893 1.0909,1.0772 1.0755,,
32768,8192,7168,False,bfloat16,in: 256x256,>=512,4096,16,0,112,tuned,torch,native,1573.6,1576.3,1603.5,dp,,nan,True,True,True,,True,0,2,2,2,Cijk_Alik_Bljk_BBS_BH_Bias_HA_S_SAV_UserArgs_MT256x256x64_MI16x16x1_CMS_SN_LDSB0_AFC0_AFEM1_AFEM1_ASEM1_CLR1_CADS0_DTLA1_DTLB1_DTVA0_DTVB0_EPS0_FDSI0_GRPM1_GRVWA8_GRVWB8_GSU0_GSUAMB_GLS0_ISA950_IU1_K1_LDSTI0_LBSPPA1024_LBSPPB1024_LBSPPM0_LPA16_LPB16_LPM0_LRVW8_LWPMn1_MIAV0_MIWT8_8_MO40_NTn1_NTA0_NTB0_NTC0_NTD4_NTM0_NEPBS0_NLCA1_NLCB1_ONLL1_PGR2_PLR1_PKA1_SIA3_SS1_SPO0_SRVW0_SSO0_SVW8_SK3_SKFTR0_SKXCCM0_TLDS1_ULSGRO0_USL1_UIOFGRO0_USFGRO0_VSn1_VWA8_VWB8_WSGRA0_WSGRB0_WS64_WG32_8_1,Cijk_Alik_Bljk_BBS_BH_Bias_HA_S_SAV_UserArgs_MT256x256x64_MI16x16x1_CMS_SN_LDSB0_AFC0_AFEM1_AFEM1_ASEM1_CLR1_CADS0_DTLA1_DTLB1_DTVA0_DTVB0_EPS0_FDSI0_GRPM1_GRVWA8_GRVWB8_GSU0_GSUAMB_GLS0_ISA950_IU1_K1_LDSTI0_LBSPPA1024_LBSPPB1024_LBSPPM0_LPA16_LPB16_LPM0_LRVW8_LWPMn1_MIAV0_MIWT8_8_MO40_NTn1_NTA0_NTB0_NTC0_NTD4_NTM0_NEPBS0_NLCA1_NLCB1_ONLL1_PGR2_PLR1_PKA1_SIA3_SS1_SPO0_SRVW0_SSO0_SVW8_SK3_SKFTR0_SKXCCM0_TLDS1_ULSGRO0_USL1_UIOFGRO0_USFGRO0_VSn1_VWA8_VWB8_WSGRA0_WSGRB0_WS64_WG32_8_1,2.4639 2.4270,2.4407 2.4419,2.4063 2.3935,,
32768,20480,7168,False,bfloat16,in: 256x256,>=512,10240,40,0,112,tuned,asm,_ZN5aiter24bf16gemm_bf16_tn_256x256E,1557.8,1592.2,1616.8,dp,,nan,True,True,True,,True,0,2,2,2,,aiter::bf16gemm_bf16_tn_256x256,6.1903 6.1611,6.0540 6.0310,5.9716 5.9290,,
512,1280,8192,False,bfloat16,in: non-pow2 tile,<128,10,0,10,128,tuned,torch,native,473.3,88.2,234.6,one_tile,rs,89.2,True,True,True,True,True,0,1,1,1,Cijk_Alik_Bljk_BBS_BH_Bias_HA_S_SAV_UserArgs_MT160x64x128_MI16x16x1_SN_LDSB1_AFC0_AFEM1_AFEM1_ASEM1_CLR1_CADS0_DTLA0_DTLB0_DTVA0_DTVB0_EPS0_FDSI0_GRPM1_GRVWA8_GRVWB8_GSU0_GSUAMB_GLS0_ISA950_IU1_K1_LDSTI0_LBSPPA256_LBSPPB512_LBSPPM0_LPA16_LPB16_LPM0_LRVW8_LWPMn1_MIAV0_MIWT5_2_MO40_NTn1_NTA0_NTB0_NTC0_NTD0_NTM0_NEPBS0_NLCA1_NLCB1_ONLL1_PGR2_PLR1_PKA1_SIA3_SS1_SPO0_SRVW0_SSO0_SVW1_SK3_SKFTR0_SKXCCM0_TLDS1_ULSGRO0_USL1_UIOFGRO0_USFGRO0_VSn1_VWA1_VWB2_WSGRA0_WSGRB0_WS64_WG32_8_1 | Cijk_SB_BiasS_HAS_ScaleAlphaVec_PostGSU4_VW4,Cijk_Alik_Bljk_BBS_BH_Bias_HA_S_SAV_UserArgs_MT160x64x128_MI16x16x1_SN_LDSB1_AFC0_AFEM1_AFEM1_ASEM1_CLR1_CADS0_DTLA0_DTLB0_DTVA0_DTVB0_EPS0_FDSI0_GRPM1_GRVWA8_GRVWB8_GSU0_GSUAMB_GLS0_ISA950_IU1_K1_LDSTI0_LBSPPA256_LBSPPB512_LBSPPM0_LPA16_LPB16_LPM0_LRVW8_LWPMn1_MIAV0_MIWT5_2_MO40_NTn1_NTA0_NTB0_NTC0_NTD0_NTM0_NEPBS0_NLCA1_NLCB1_ONLL1_PGR2_PLR1_PKA1_SIA3_SS1_SPO0_SRVW0_SSO0_SVW1_SK3_SKFTR0_SKXCCM0_TLDS1_ULSGRO0_USL1_UIOFGRO0_USFGRO0_VSn1_VWA1_VWB2_WSGRA0_WSGRB0_WS64_WG32_8_1 | Cijk_SB_BiasS_HAS_ScaleAlphaVec_PostGSU4_VW4,0.0228 0.0226,0.1217 0.1216,0.0458 0.0458,0.1205 0.1203,
512,2560,8192,False,bfloat16,in: other listed tile,<128,20,0,20,128,tuned,torch,native,607.4,175.1,413.1,one_tile,rs,177.5,True,True,True,True,True,0,1,2,1,Cijk_Alik_Bljk_BBS_BH_Bias_HA_S_SAV_UserArgs_MT256x128x64_MI16x16x1_SN_LDSB1_AFC0_AFEM1_AFEM1_ASEM1_CLR1_CADS0_DTLA0_DTLB0_DTVA0_DTVB0_EPS0_FDSI0_GRPM1_GRVWA8_GRVWB8_GSU0_GSUAMB_GLS0_ISA950_IU1_K1_LDSTI0_LBSPPA1024_LBSPPB512_LBSPPM0_LPA16_LPB16_LPM0_LRVW8_LWPMn1_MIAV0_MIWT8_4_MO40_NTn1_NTA0_NTB0_NTC0_NTD0_NTM0_NEPBS0_NLCA1_NLCB1_ONLL1_PGR2_PLR1_PKA1_SIA3_SS1_SPO0_SRVW0_SSO0_SVW8_SK3_SKFTR0_SKXCCM0_TLDS1_ULSGRO0_USL1_UIOFGRO0_USFGRO0_VSn1_VWA8_VWB4_WSGRA0_WSGRB0_WS64_WG32_8_1 | Cijk_SB_BiasS_HAS_ScaleAlphaVec_PostGSU8_VW4,Cijk_Alik_Bljk_BBS_BH_Bias_HA_S_SAV_UserArgs_MT256x128x64_MI16x16x1_SN_LDSB1_AFC0_AFEM1_AFEM1_ASEM1_CLR1_CADS0_DTLA0_DTLB0_DTVA0_DTVB0_EPS0_FDSI0_GRPM1_GRVWA8_GRVWB8_GSU0_GSUAMB_GLS0_ISA950_IU1_K1_LDSTI0_LBSPPA1024_LBSPPB512_LBSPPM0_LPA16_LPB16_LPM0_LRVW8_LWPMn1_MIAV0_MIWT8_4_MO40_NTn1_NTA0_NTB0_NTC0_NTD0_NTM0_NEPBS0_NLCA1_NLCB1_ONLL1_PGR2_PLR1_PKA1_SIA3_SS1_SPO0_SRVW0_SSO0_SVW8_SK3_SKFTR0_SKXCCM0_TLDS1_ULSGRO0_USL1_UIOFGRO0_USFGRO0_VSn1_VWA8_VWB4_WSGRA0_WSGRB0_WS64_WG32_8_1 | Cijk_SB_BiasS_HAS_ScaleAlphaVec_PostGSU8_VW4,0.0355 0.0352,0.1226 0.1227,0.0518 0.0521,0.1211 0.1209,
512,4096,8192,False,bfloat16,out: split-K,<128,32,0,32,128,tuned,flydsl,flydsl_hgemm_abf16_wbf16_bf16_t128x128x64x4_ks2_w4x4x1_bias0_ktail0_gm0_pft_gfx950,749.4,278.9,616.5,one_tile,rs,283.8,False,True,True,True,True,0,2,2,1,,hgemm_bf16_t128x128x64x4_ksd_w4x4x1_gm0_bias0_lnt_pft_0,0.0466 0.0451,0.1232 0.1231,0.0556 0.0559,0.1211 0.1210,
512,4608,8192,False,bfloat16,in: non-pow2 tile,<128,36,0,36,128,untuned,torch,,846.9,313.9,624.9,one_tile,owner,317.7,True,True,True,True,True,0,1,2,1,Cijk_Alik_Bljk_BBS_BH_Bias_HA_S_SAV_UserArgs_MT160x128x128_MI16x16x1_SN_LDSB1_AFC0_AFEM1_AFEM1_ASEM1_CLR1_CADS0_DTLA0_DTLB0_DTVA0_DTVB0_EPS0_FDSI0_GRPM1_GRVWA8_GRVWB8_GSU0_GSUAMB_GLS0_ISA950_IU1_K1_LDSTI0_LBSPPA256_LBSPPB1024_LBSPPM0_LPA16_LPB16_LPM0_LRVW8_LWPMn1_MIAV0_MIWT5_4_MO40_NTn1_NTA0_NTB0_NTC0_NTD0_NTM0_NEPBS0_NLCA1_NLCB1_ONLL1_PGR2_PLR1_PKA1_SIA3_SS1_SPO0_SRVW0_SSO0_SVW1_SK3_SKFTR0_SKXCCM0_TLDS1_ULSGRO0_USL1_UIOFGRO0_USFGRO0_VSn1_VWA1_VWB4_WSGRA0_WSGRB0_WS64_WG32_8_1,Cijk_Alik_Bljk_BBS_BH_Bias_HA_S_SAV_UserArgs_MT160x128x128_MI16x16x1_SN_LDSB1_AFC0_AFEM1_AFEM1_ASEM1_CLR1_CADS0_DTLA0_DTLB0_DTVA0_DTVB0_EPS0_FDSI0_GRPM1_GRVWA8_GRVWB8_GSU0_GSUAMB_GLS0_ISA950_IU1_K1_LDSTI0_LBSPPA256_LBSPPB1024_LBSPPM0_LPA16_LPB16_LPM0_LRVW8_LWPMn1_MIAV0_MIWT5_4_MO40_NTn1_NTA0_NTB0_NTC0_NTD0_NTM0_NEPBS0_NLCA1_NLCB1_ONLL1_PGR2_PLR1_PKA1_SIA3_SS1_SPO0_SRVW0_SSO0_SVW1_SK3_SKFTR0_SKXCCM0_TLDS1_ULSGRO0_USL1_UIOFGRO0_USFGRO0_VSn1_VWA1_VWB4_WSGRA0_WSGRB0_WS64_WG32_8_1,0.0457 0.0456,0.1231 0.1232,0.0614 0.0623,0.1220 0.1213,
512,7168,8192,False,bfloat16,in: other listed tile,<128,56,0,56,128,tuned,flydsl,flydsl_hgemm_abf16_wbf16_bf16_t128x128x64x4_ks1_w4x4x1_bias0_ktail0_gm0_pft_gfx950,921.4,485.2,892.7,one_tile,owner,491.2,True,True,True,True,True,0,2,2,2,,hgemm_bf16_t128x128x64x4_ks1_w4x4x1_gm0_bias0_lnt_pft_0,0.0659 0.0646,0.1240 0.1238,0.0672 0.0676,0.1223 0.1226,
512,8192,8192,False,bfloat16,in: other listed tile,<128,64,0,64,128,tuned,flydsl,flydsl_hgemm_abf16_wbf16_bf16_t64x128x64x3_ks1_w2x2x1_bias0_ktail0_gm4_pft_gfx950,878.7,552.3,967.4,one_tile,owner,558.3,True,True,True,True,True,0,2,2,2,,hgemm_bf16_t64x128x64x3_ks1_w2x2x1_gm4_bias0_lnt_pft_0,0.0787 0.0777,0.1242 0.1246,0.0710 0.0711,0.1230 0.1232,
512,10240,8192,False,bfloat16,in: other listed tile,<128,80,0,80,128,tuned,flydsl,flydsl_hgemm_abf16_wbf16_bf16_t128x128x64x3_ks1_w4x2x1_bias0_ktail0_gm4_pft_gfx950,689.1,687.4,1063.5,one_tile,owner,690.1,True,True,True,True,True,0,2,2,2,,hgemm_bf16_t128x128x64x3_ks1_w4x2x1_gm4_bias0_lnt_pft_0,0.1249 0.1244,0.1249 0.1250,0.0814 0.0801,0.1252 0.1237,
512,14336,8192,False,bfloat16,in: non-pow2 tile,<128,112,0,112,128,tuned,torch,native,1039.7,952.2,1114.2,one_tile,owner,952.9,True,True,True,True,True,0,2,2,2,Cijk_Alik_Bljk_BBS_BH_Bias_HA_S_SAV_UserArgs_MT224x256x64_MI16x16x1_SN_LDSB1_AFC0_AFEM1_AFEM1_ASEM1_CLR1_CADS0_DTLA0_DTLB0_DTVA0_DTVB0_EPS0_FDSI0_GRPM1_GRVWA8_GRVWB8_GSU0_GSUAMB_GLS0_ISA950_IU1_K1_LDSTI0_LBSPPA128_LBSPPB1024_LBSPPM0_LPA16_LPB16_LPM0_LRVW8_LWPMn1_MIAV0_MIWT7_8_MO40_NTn1_NTA4_NTB0_NTC0_NTD0_NTM0_NEPBS0_NLCA1_NLCB1_ONLL1_PGR2_PLR1_PKA1_SIA3_SS1_SPO0_SRVW0_SSO0_SVW1_SK3_SKFTR0_SKXCCM8_TLDS1_ULSGRO0_USL1_UIOFGRO0_USFGRO0_VSn1_VWA1_VWB8_WSGRA0_WSGRB0_WS64_WG32_8_1,Cijk_Alik_Bljk_BBS_BH_Bias_HA_S_SAV_UserArgs_MT224x256x64_MI16x16x1_SN_LDSB1_AFC0_AFEM1_AFEM1_ASEM1_CLR1_CADS0_DTLA0_DTLB0_DTVA0_DTVB0_EPS0_FDSI0_GRPM1_GRVWA8_GRVWB8_GSU0_GSUAMB_GLS0_ISA950_IU1_K1_LDSTI0_LBSPPA128_LBSPPB1024_LBSPPM0_LPA16_LPB16_LPM0_LRVW8_LWPMn1_MIAV0_MIWT7_8_MO40_NTn1_NTA4_NTB0_NTC0_NTD0_NTM0_NEPBS0_NLCA1_NLCB1_ONLL1_PGR2_PLR1_PKA1_SIA3_SS1_SPO0_SRVW0_SSO0_SVW1_SK3_SKFTR0_SKXCCM8_TLDS1_ULSGRO0_USL1_UIOFGRO0_USFGRO0_VSn1_VWA1_VWB8_WSGRA0_WSGRB0_WS64_WG32_8_1,0.1157 0.1156,0.1263 0.1263,0.1084 0.1075,0.1269 0.1255,
512,16384,8192,False,bfloat16,in: 256x256,128-255,128,0,128,128,tuned,flydsl,flydsl_hgemm_abf16_wbf16_bf16_t128x64x64x6_ks1_w2x2x2_bias0_ktail0_gm4_pft_gfx950,680.9,1015.1,1184.5,one_tile,owner,991.8,False,True,True,True,True,0,2,2,2,,hgemm_bf16_t128x64x64x6_ks1_w2x2x2_gm4_bias0_lnt_pft_0,0.2020 0.2017,0.1354 0.1354,0.1159 0.1161,0.1388 0.1383,
512,57344,8192,False,bfloat16,in: 256x256,256-511,448,1,192,128,tuned,flydsl,flydsl_hgemm_abf16_wbf16_bf16_t256x256x64x2_ks1_w2x4x1_bias0_ktail0_gm4_pht_gfx950,1306.5,1348.3,1350.3,dp,,nan,True,True,True,,True,0,2,2,2,,hgemm_bf16_t256x256x64x2_ks1_w2x4x1_gm4_bias0_lnt_phti_0,0.3696 0.3668,0.3572 0.3563,0.3561 0.3564,,
768,4096,8192,False,bfloat16,in: other listed tile,<128,48,0,48,128,tuned,flydsl,flydsl_hgemm_abf16_wbf16_bf16_t128x128x64x3_ks1_w4x4x1_bias0_ktail0_gm0_pft_gfx950,832.4,417.4,805.3,one_tile,owner,423.7,True,True,True,True,True,0,2,2,2,,hgemm_bf16_t128x128x64x3_ks1_w4x4x1_gm0_bias0_lnt_pft_0,0.0629 0.0610,0.1235 0.1235,0.0638 0.0642,0.1218 0.1215,
1024,512,8192,False,bfloat16,in: other listed tile,<128,8,0,8,128,untuned,torch,,371.2,70.6,197.8,one_tile,rs,71.6,True,True,True,True,True,0,2,2,2,Cijk_Alik_Bljk_BBS_BH_Bias_HA_S_SAV_UserArgs_MT256x64x64_MI16x16x1_SN_LDSB1_AFC0_AFEM1_AFEM1_ASEM1_CLR1_CADS0_DTLA0_DTLB0_DTVA0_DTVB0_EPS0_FDSI0_GRPM1_GRVWA8_GRVWB8_GSU0_GSUAMB_GLS0_ISA950_IU1_K1_LDSTI0_LBSPPA1024_LBSPPB256_LBSPPM0_LPA16_LPB16_LPM0_LRVW8_LWPMn1_MIAV0_MIWT8_2_MO40_NTn1_NTA0_NTB0_NTC0_NTD0_NTM0_NEPBS0_NLCA1_NLCB1_ONLL1_PGR2_PLR1_PKA1_SIA3_SS1_SPO0_SRVW0_SSO0_SVW8_SK3_SKFTR0_SKXCCM0_TLDS1_ULSGRO0_USL1_UIOFGRO0_USFGRO0_VSn1_VWA8_VWB2_WSGRA0_WSGRB0_WS64_WG32_8_1 | Cijk_SB_BiasS_HAS_ScaleAlphaVec_PostGSU8_VW4,Cijk_Alik_Bljk_BBS_BH_Bias_HA_S_SAV_UserArgs_MT256x64x64_MI16x16x1_SN_LDSB1_AFC0_AFEM1_AFEM1_ASEM1_CLR1_CADS0_DTLA0_DTLB0_DTVA0_DTVB0_EPS0_FDSI0_GRPM1_GRVWA8_GRVWB8_GSU0_GSUAMB_GLS0_ISA950_IU1_K1_LDSTI0_LBSPPA1024_LBSPPB256_LBSPPM0_LPA16_LPB16_LPM0_LRVW8_LWPMn1_MIAV0_MIWT8_2_MO40_NTn1_NTA0_NTB0_NTC0_NTD0_NTM0_NEPBS0_NLCA1_NLCB1_ONLL1_PGR2_PLR1_PKA1_SIA3_SS1_SPO0_SRVW0_SSO0_SVW8_SK3_SKFTR0_SKXCCM0_TLDS1_ULSGRO0_USL1_UIOFGRO0_USFGRO0_VSn1_VWA8_VWB2_WSGRA0_WSGRB0_WS64_WG32_8_1 | Cijk_SB_BiasS_HAS_ScaleAlphaVec_PostGSU8_VW4,0.0233 0.0230,0.1217 0.1217,0.0435 0.0434,0.1199 0.1201,
1024,1280,8192,False,bfloat16,in: other listed tile,<128,20,0,20,128,tuned,torch,native,626.3,175.3,409.3,one_tile,rs,177.7,True,True,True,True,True,0,1,2,1,Cijk_Alik_Bljk_BBS_BH_Bias_HA_S_SAV_UserArgs_MT256x128x64_MI16x16x1_SN_LDSB1_AFC0_AFEM1_AFEM1_ASEM1_CLR1_CADS0_DTLA0_DTLB0_DTVA0_DTVB0_EPS0_FDSI0_GRPM1_GRVWA8_GRVWB8_GSU0_GSUAMB_GLS0_ISA950_IU1_K1_LDSTI0_LBSPPA1024_LBSPPB512_LBSPPM0_LPA16_LPB16_LPM0_LRVW8_LWPMn1_MIAV0_MIWT8_4_MO40_NTn1_NTA0_NTB0_NTC0_NTD0_NTM0_NEPBS0_NLCA1_NLCB1_ONLL1_PGR2_PLR1_PKA1_SIA3_SS1_SPO0_SRVW0_SSO0_SVW8_SK3_SKFTR0_SKXCCM0_TLDS1_ULSGRO0_USL1_UIOFGRO0_USFGRO0_VSn1_VWA8_VWB4_WSGRA0_WSGRB0_WS64_WG32_8_1 | Cijk_SB_BiasS_HAS_ScaleAlphaVec_PostGSU8_VW4,Cijk_Alik_Bljk_BBS_BH_Bias_HA_S_SAV_UserArgs_MT256x128x64_MI16x16x1_SN_LDSB1_AFC0_AFEM1_AFEM1_ASEM1_CLR1_CADS0_DTLA0_DTLB0_DTVA0_DTVB0_EPS0_FDSI0_GRPM1_GRVWA8_GRVWB8_GSU0_GSUAMB_GLS0_ISA950_IU1_K1_LDSTI0_LBSPPA1024_LBSPPB512_LBSPPM0_LPA16_LPB16_LPM0_LRVW8_LWPMn1_MIAV0_MIWT8_4_MO40_NTn1_NTA0_NTB0_NTC0_NTD0_NTM0_NEPBS0_NLCA1_NLCB1_ONLL1_PGR2_PLR1_PKA1_SIA3_SS1_SPO0_SRVW0_SSO0_SVW8_SK3_SKFTR0_SKXCCM0_TLDS1_ULSGRO0_USL1_UIOFGRO0_USFGRO0_VSn1_VWA8_VWB4_WSGRA0_WSGRB0_WS64_WG32_8_1 | Cijk_SB_BiasS_HAS_ScaleAlphaVec_PostGSU8_VW4,0.0341 0.0345,0.1224 0.1226,0.0524 0.0526,0.1210 0.1207,
1024,2560,8192,False,bfloat16,in: non-pow2 tile,<128,40,0,40,128,tuned,torch,native,876.5,348.6,685.4,one_tile,owner,354.6,True,True,True,True,True,0,2,2,2,Cijk_Alik_Bljk_BBS_BH_Bias_HA_S_SAV_UserArgs_MT160x128x128_MI16x16x1_SN_LDSB1_AFC0_AFEM1_AFEM1_ASEM1_CLR1_CADS0_DTLA0_DTLB0_DTVA0_DTVB0_EPS0_FDSI0_GRPM1_GRVWA8_GRVWB8_GSU0_GSUAMB_GLS0_ISA950_IU1_K1_LDSTI0_LBSPPA256_LBSPPB1024_LBSPPM0_LPA16_LPB16_LPM0_LRVW8_LWPMn1_MIAV0_MIWT5_4_MO40_NTn1_NTA0_NTB0_NTC0_NTD0_NTM0_NEPBS0_NLCA1_NLCB1_ONLL1_PGR2_PLR1_PKA1_SIA3_SS1_SPO0_SRVW0_SSO0_SVW1_SK3_SKFTR0_SKXCCM0_TLDS1_ULSGRO0_USL1_UIOFGRO0_USFGRO0_VSn1_VWA1_VWB4_WSGRA0_WSGRB0_WS64_WG32_8_1,Cijk_Alik_Bljk_BBS_BH_Bias_HA_S_SAV_UserArgs_MT160x128x128_MI16x16x1_SN_LDSB1_AFC0_AFEM1_AFEM1_ASEM1_CLR1_CADS0_DTLA0_DTLB0_DTVA0_DTVB0_EPS0_FDSI0_GRPM1_GRVWA8_GRVWB8_GSU0_GSUAMB_GLS0_ISA950_IU1_K1_LDSTI0_LBSPPA256_LBSPPB1024_LBSPPM0_LPA16_LPB16_LPM0_LRVW8_LWPMn1_MIAV0_MIWT5_4_MO40_NTn1_NTA0_NTB0_NTC0_NTD0_NTM0_NEPBS0_NLCA1_NLCB1_ONLL1_PGR2_PLR1_PKA1_SIA3_SS1_SPO0_SRVW0_SSO0_SVW1_SK3_SKFTR0_SKXCCM0_TLDS1_ULSGRO0_USL1_UIOFGRO0_USFGRO0_VSn1_VWA1_VWB4_WSGRA0_WSGRB0_WS64_WG32_8_1,0.0491 0.0489,0.1232 0.1232,0.0634 0.0619,0.1209 0.1213,
1024,4096,8192,False,bfloat16,in: other listed tile,<128,64,0,64,128,tuned,flydsl,flydsl_hgemm_abf16_wbf16_bf16_t128x128x64x4_ks1_w4x4x1_bias0_ktail0_gm0_pft_gfx950,988.4,552.0,970.3,one_tile,owner,558.5,True,True,True,True,True,0,2,2,2,,hgemm_bf16_t128x128x64x4_ks1_w4x4x1_gm0_bias0_lnt_pft_0,0.0692 0.0699,0.1246 0.1244,0.0706 0.0710,0.1234 0.1227,
1024,4608,8192,False,bfloat16,in: non-pow2 tile,<128,72,0,72,128,untuned,torch,,991.6,621.3,1008.3,one_tile,owner,628.9,True,True,True,True,True,0,2,2,2,Cijk_Alik_Bljk_BBS_BH_Bias_HA_S_SAV_UserArgs_MT160x256x64_MI16x16x1_SN_LDSB0_AFC0_AFEM1_AFEM1_ASEM1_CLR1_CADS0_DTLA0_DTLB0_DTVA0_DTVB0_EPS0_FDSI0_GRPM1_GRVWA8_GRVWB8_GSU0_GSUAMB_GLS0_ISA950_IU1_K1_LDSTI0_LBSPPA128_LBSPPB1024_LBSPPM0_LPA16_LPB16_LPM0_LRVW8_LWPMn1_MIAV0_MIWT5_8_MO40_NTn1_NTA0_NTB0_NTC0_NTD0_NTM0_NEPBS0_NLCA1_NLCB1_ONLL1_PGR2_PLR1_PKA1_SIA3_SS1_SPO0_SRVW0_SSO0_SVW1_SK3_SKFTR0_SKXCCM0_TLDS1_ULSGRO0_USL1_UIOFGRO0_USFGRO0_VSn1_VWA1_VWB8_WSGRA0_WSGRB0_WS64_WG32_8_1,Cijk_Alik_Bljk_BBS_BH_Bias_HA_S_SAV_UserArgs_MT160x256x64_MI16x16x1_SN_LDSB0_AFC0_AFEM1_AFEM1_ASEM1_CLR1_CADS0_DTLA0_DTLB0_DTVA0_DTVB0_EPS0_FDSI0_GRPM1_GRVWA8_GRVWB8_GSU0_GSUAMB_GLS0_ISA950_IU1_K1_LDSTI0_LBSPPA128_LBSPPB1024_LBSPPM0_LPA16_LPB16_LPM0_LRVW8_LWPMn1_MIAV0_MIWT5_8_MO40_NTn1_NTA0_NTB0_NTC0_NTD0_NTM0_NEPBS0_NLCA1_NLCB1_ONLL1_PGR2_PLR1_PKA1_SIA3_SS1_SPO0_SRVW0_SSO0_SVW1_SK3_SKFTR0_SKXCCM0_TLDS1_ULSGRO0_USL1_UIOFGRO0_USFGRO0_VSn1_VWA1_VWB8_WSGRA0_WSGRB0_WS64_WG32_8_1,0.0782 0.0777,0.1245 0.1244,0.0763 0.0771,0.1233 0.1225,
1024,7168,8192,False,bfloat16,in: 256x256,<128,112,0,112,128,tuned,flydsl,flydsl_hgemm_abf16_wbf16_bf16_t128x64x64x3_ks1_w2x1x1_bias0_ktail0_gm4_pft_gfx950,843.6,955.0,1201.8,one_tile,owner,951.2,True,True,True,True,True,0,2,2,2,,hgemm_bf16_t128x64x64x3_ks1_w2x1x1_gm4_bias0_lnt_pft_0,0.1425 0.1426,0.1261 0.1257,0.0984 0.1018,0.1265 0.1263,
1024,8192,8192,False,bfloat16,in: other listed tile,128-255,128,0,128,128,tuned,flydsl,flydsl_hgemm_abf16_wbf16_bf16_t256x128x64x2_ks1_w4x4x1_bias0_ktail0_gm4_pft_gfx950,1165.2,1079.1,1316.5,one_tile,owner,1078.3,True,True,True,True,True,0,2,2,2,,hgemm_bf16_t256x128x64x2_ks1_w4x4x1_gm4_bias0_lnt_pft_0,0.1179 0.1180,0.1271 0.1277,0.1047 0.1041,0.1273 0.1276,
1024,10240,8192,False,bfloat16,in: 256x256,128-255,160,0,160,128,tuned,flydsl,flydsl_hgemm_abf16_wbf16_bf16_t128x128x64x3_ks1_w2x2x2_bias0_ktail0_gm4_pft_gfx950,876.7,1279.2,1247.5,dp,,nan,False,True,True,,True,0,2,2,2,,hgemm_bf16_t128x128x64x3_ks1_w2x2x2_gm4_bias0_lnt_pft_0,0.1963 0.1956,0.1342 0.1344,0.1379 0.1376,,
1024,14336,8192,False,bfloat16,in: 256x256,128-255,224,0,224,128,tuned,flydsl,flydsl_hgemm_abf16_wbf16_bf16_t256x256x64x2_ks1_w2x4x1_bias0_ktail0_gm0_pht_gfx950,1426.2,1452.7,1421.3,dp,,nan,True,True,True,,True,0,2,2,2,,hgemm_bf16_t256x256x64x2_ks1_w2x4x1_gm0_bias0_lnt_phti_0,0.1677 0.1696,0.1659 0.1652,0.1702 0.1683,,
1024,16384,8192,False,bfloat16,in: 256x256,256-511,256,1,0,128,tuned,torch,native,1488.6,1533.1,1491.1,dp,,nan,True,True,True,,True,0,2,2,2,Cijk_Alik_Bljk_BBS_BH_Bias_HA_S_SAV_UserArgs_MT256x256x64_MI16x16x1_CMS_SN_LDSB0_AFC0_AFEM1_AFEM1_ASEM1_CLR1_CADS0_DTLA1_DTLB1_DTVA0_DTVB0_EPS0_FDSI0_GRPM1_GRVWA8_GRVWB8_GSU0_GSUAMB_GLS0_ISA950_IU1_K1_LDSTI0_LBSPPA1024_LBSPPB1024_LBSPPM0_LPA16_LPB16_LPM0_LRVW8_LWPMn1_MIAV0_MIWT8_8_MO40_NTn1_NTA0_NTB0_NTC0_NTD4_NTM0_NEPBS0_NLCA1_NLCB1_ONLL1_PGR2_PLR1_PKA1_SIA3_SS1_SPO0_SRVW0_SSO0_SVW8_SK3_SKFTR0_SKXCCM0_TLDS1_ULSGRO0_USL1_UIOFGRO0_USFGRO0_VSn1_VWA8_VWB8_WSGRA0_WSGRB0_WS64_WG32_8_1,Cijk_Alik_Bljk_BBS_BH_Bias_HA_S_SAV_UserArgs_MT256x256x64_MI16x16x1_CMS_SN_LDSB0_AFC0_AFEM1_AFEM1_ASEM1_CLR1_CADS0_DTLA1_DTLB1_DTVA0_DTVB0_EPS0_FDSI0_GRPM1_GRVWA8_GRVWB8_GSU0_GSUAMB_GLS0_ISA950_IU1_K1_LDSTI0_LBSPPA1024_LBSPPB1024_LBSPPM0_LPA16_LPB16_LPM0_LRVW8_LWPMn1_MIAV0_MIWT8_8_MO40_NTn1_NTA0_NTB0_NTC0_NTD4_NTM0_NEPBS0_NLCA1_NLCB1_ONLL1_PGR2_PLR1_PKA1_SIA3_SS1_SPO0_SRVW0_SSO0_SVW8_SK3_SKFTR0_SKXCCM0_TLDS1_ULSGRO0_USL1_UIOFGRO0_USFGRO0_VSn1_VWA8_VWB8_WSGRA0_WSGRB0_WS64_WG32_8_1,0.1849 0.1844,0.1790 0.1796,0.1849 0.1838,,
1024,57344,8192,False,bfloat16,in: 256x256,>=512,896,3,128,128,tuned,asm,_ZN5aiter24bf16gemm_bf16_tn_256x256E,1381.0,1426.4,1506.5,one_tile,owner,1439.1,True,True,True,True,True,0,2,2,2,,aiter::bf16gemm_bf16_tn_256x256,0.6990 0.6942,0.6752 0.6737,0.6392 0.6380,0.6689 0.6681,
2048,512,8192,False,bfloat16,in: other listed tile,<128,16,0,16,128,untuned,torch,,536.0,140.3,371.5,one_tile,rs,142.4,True,True,True,True,True,0,2,2,2,Cijk_Alik_Bljk_BBS_BH_Bias_HA_S_SAV_UserArgs_MT256x128x64_MI16x16x1_SN_LDSB1_AFC0_AFEM1_AFEM1_ASEM1_CLR1_CADS0_DTLA0_DTLB0_DTVA0_DTVB0_EPS0_FDSI0_GRPM1_GRVWA8_GRVWB8_GSU0_GSUAMB_GLS0_ISA950_IU1_K1_LDSTI0_LBSPPA1024_LBSPPB512_LBSPPM0_LPA16_LPB16_LPM0_LRVW8_LWPMn1_MIAV0_MIWT8_4_MO40_NTn1_NTA0_NTB0_NTC0_NTD0_NTM0_NEPBS0_NLCA1_NLCB1_ONLL1_PGR2_PLR1_PKA1_SIA3_SS1_SPO0_SRVW0_SSO0_SVW8_SK3_SKFTR0_SKXCCM0_TLDS1_ULSGRO0_USL1_UIOFGRO0_USFGRO0_VSn1_VWA8_VWB4_WSGRA0_WSGRB0_WS64_WG32_8_1 | Cijk_SB_BiasS_HAS_ScaleAlphaVec_PostGSU8_VW4,Cijk_Alik_Bljk_BBS_BH_Bias_HA_S_SAV_UserArgs_MT256x128x64_MI16x16x1_SN_LDSB1_AFC0_AFEM1_AFEM1_ASEM1_CLR1_CADS0_DTLA0_DTLB0_DTVA0_DTVB0_EPS0_FDSI0_GRPM1_GRVWA8_GRVWB8_GSU0_GSUAMB_GLS0_ISA950_IU1_K1_LDSTI0_LBSPPA1024_LBSPPB512_LBSPPM0_LPA16_LPB16_LPM0_LRVW8_LWPMn1_MIAV0_MIWT8_4_MO40_NTn1_NTA0_NTB0_NTC0_NTD0_NTM0_NEPBS0_NLCA1_NLCB1_ONLL1_PGR2_PLR1_PKA1_SIA3_SS1_SPO0_SRVW0_SSO0_SVW8_SK3_SKFTR0_SKXCCM0_TLDS1_ULSGRO0_USL1_UIOFGRO0_USFGRO0_VSn1_VWA8_VWB4_WSGRA0_WSGRB0_WS64_WG32_8_1 | Cijk_SB_BiasS_HAS_ScaleAlphaVec_PostGSU8_VW4,0.0318 0.0323,0.1224 0.1225,0.0462 0.0462,0.1208 0.1205,
2048,1280,8192,False,bfloat16,in: non-pow2 tile,<128,40,0,40,128,tuned,torch,native,727.7,347.6,672.5,one_tile,owner,351.3,True,True,True,True,True,0,2,2,2,Cijk_Alik_Bljk_BBS_BH_Bias_HA_S_SAV_UserArgs_MT320x192x64_MI16x16x1_SN_LDSB1_AFC0_AFEM1_AFEM1_ASEM1_CLR0_CADS0_DTLA0_DTLB0_DTVA0_DTVB0_EPS0_FDSI0_GRPM1_GRVWA8_GRVWB8_GSU0_GSUAMB_GLS0_ISA950_IU1_K1_LDSTI0_LBSPPA256_LBSPPB256_LBSPPM0_LPA16_LPB16_LPM0_LRVW8_LWPMn1_MIAV0_MIWT10_6_MO40_NTn1_NTA0_NTB0_NTC0_NTD4_NTM0_NEPBS0_NLCA1_NLCB1_ONLL1_PGR2_PLR1_PKA1_SIA3_SS1_SPO1_SRVW0_SSO1_SVW2_SK3_SKFTR0_SKXCCM0_TLDS2_ULSGRO0_USL1_UIOFGRO0_USFGRO0_VSn1_VWA2_VWB2_WSGRA0_WSGRB0_WS64_WG32_8_1 | Cijk_SB_BiasS_HAS_ScaleAlphaVec_PostGSU8_VW4,Cijk_Alik_Bljk_BBS_BH_Bias_HA_S_SAV_UserArgs_MT320x192x64_MI16x16x1_SN_LDSB1_AFC0_AFEM1_AFEM1_ASEM1_CLR0_CADS0_DTLA0_DTLB0_DTVA0_DTVB0_EPS0_FDSI0_GRPM1_GRVWA8_GRVWB8_GSU0_GSUAMB_GLS0_ISA950_IU1_K1_LDSTI0_LBSPPA256_LBSPPB256_LBSPPM0_LPA16_LPB16_LPM0_LRVW8_LWPMn1_MIAV0_MIWT10_6_MO40_NTn1_NTA0_NTB0_NTC0_NTD4_NTM0_NEPBS0_NLCA1_NLCB1_ONLL1_PGR2_PLR1_PKA1_SIA3_SS1_SPO1_SRVW0_SSO1_SVW2_SK3_SKFTR0_SKXCCM0_TLDS2_ULSGRO0_USL1_UIOFGRO0_USFGRO0_VSn1_VWA2_VWB2_WSGRA0_WSGRB0_WS64_WG32_8_1 | Cijk_SB_BiasS_HAS_ScaleAlphaVec_PostGSU8_VW4,0.0591 0.0590,0.1236 0.1235,0.0641 0.0636,0.1218 0.1227,
2048,2560,8192,False,bfloat16,in: non-pow2 tile,<128,80,0,80,128,tuned,torch,native,1036.6,687.2,1065.2,one_tile,owner,691.2,True,True,True,True,True,0,2,2,2,Cijk_Alik_Bljk_BBS_BH_Bias_HA_S_SAV_UserArgs_MT160x256x64_MI16x16x1_SN_LDSB0_AFC0_AFEM1_AFEM1_ASEM1_CLR1_CADS0_DTLA0_DTLB0_DTVA0_DTVB0_EPS0_FDSI0_GRPM1_GRVWA8_GRVWB8_GSU0_GSUAMB_GLS0_ISA950_IU1_K1_LDSTI0_LBSPPA128_LBSPPB1024_LBSPPM0_LPA16_LPB16_LPM0_LRVW8_LWPMn1_MIAV0_MIWT5_8_MO40_NTn1_NTA0_NTB0_NTC0_NTD0_NTM0_NEPBS0_NLCA1_NLCB1_ONLL1_PGR2_PLR1_PKA1_SIA3_SS1_SPO0_SRVW0_SSO0_SVW1_SK3_SKFTR0_SKXCCM0_TLDS1_ULSGRO0_USL1_UIOFGRO0_USFGRO0_VSn1_VWA1_VWB8_WSGRA0_WSGRB0_WS64_WG32_8_1,Cijk_Alik_Bljk_BBS_BH_Bias_HA_S_SAV_UserArgs_MT160x256x64_MI16x16x1_SN_LDSB0_AFC0_AFEM1_AFEM1_ASEM1_CLR1_CADS0_DTLA0_DTLB0_DTVA0_DTVB0_EPS0_FDSI0_GRPM1_GRVWA8_GRVWB8_GSU0_GSUAMB_GLS0_ISA950_IU1_K1_LDSTI0_LBSPPA128_LBSPPB1024_LBSPPM0_LPA16_LPB16_LPM0_LRVW8_LWPMn1_MIAV0_MIWT5_8_MO40_NTn1_NTA0_NTB0_NTC0_NTD0_NTM0_NEPBS0_NLCA1_NLCB1_ONLL1_PGR2_PLR1_PKA1_SIA3_SS1_SPO0_SRVW0_SSO0_SVW1_SK3_SKFTR0_SKXCCM0_TLDS1_ULSGRO0_USL1_UIOFGRO0_USFGRO0_VSn1_VWA1_VWB8_WSGRA0_WSGRB0_WS64_WG32_8_1,0.0840 0.0817,0.1250 0.1250,0.0815 0.0798,0.1233 0.1253,
2048,4096,8192,False,bfloat16,in: other listed tile,128-255,128,0,128,128,tuned,opus,opus_gemm_mono_tile_512x128x256x64_2x4_16x16x32_0x0x0_nooob_4g_safe,1304.4,1081.9,1322.0,one_tile,owner,1072.5,True,True,True,True,True,0,2,2,2,,"void gemm_a16w16_mono_tile_4g_safe_kernel_gfx950<opus_gemm_a16w16_mono_tile_traits_gfx950<512, opus::seq<128, 256, 64>, opus::tuple<std::bfloat16_t, std::bfloat16_t, std::bfloat16_t, float>, opus::seq<8, 8, 8> > >(opus_gemm_mono_tile_kargs_gfx950)",0.1055 0.1053,0.1268 0.1272,0.1038 0.1041,0.1285 0.1278,
2048,4608,8192,False,bfloat16,in: non-pow2 tile,128-255,144,0,144,128,untuned,torch,,1256.3,1194.7,1178.1,dp,,nan,True,True,True,,True,0,2,2,2,Cijk_Alik_Bljk_BBS_BH_Bias_HA_S_SAV_UserArgs_MT144x256x64_MI16x16x1_SN_LDSB0_AFC0_AFEM1_AFEM1_ASEM1_CLR1_CADS0_DTLA0_DTLB0_DTVA0_DTVB0_EPS0_FDSI0_GRPM1_GRVWA4_GRVWB8_GSU0_GSUAMB_GLS0_ISA950_IU1_K1_LDSTI0_LBSPPA128_LBSPPB512_LBSPPM0_LPA16_LPB16_LPM0_LRVW8_LWPMn1_MIAV0_MIWT9_4_MO40_NTn1_NTA0_NTB0_NTC0_NTD0_NTM0_NEPBS0_NLCA1_NLCB1_ONLL1_PGR2_PLR1_PKA1_SIA3_SS1_SPO0_SRVW0_SSO0_SVW1_SK3_SKFTR0_SKXCCM0_TLDS1_ULSGRO0_USL1_UIOFGRO0_USFGRO0_VSn1_VWA1_VWB4_WSGRA0_WSGRB0_WS64_WG16_16_1,Cijk_Alik_Bljk_BBS_BH_Bias_HA_S_SAV_UserArgs_MT144x256x64_MI16x16x1_SN_LDSB0_AFC0_AFEM1_AFEM1_ASEM1_CLR1_CADS0_DTLA0_DTLB0_DTVA0_DTVB0_EPS0_FDSI0_GRPM1_GRVWA4_GRVWB8_GSU0_GSUAMB_GLS0_ISA950_IU1_K1_LDSTI0_LBSPPA128_LBSPPB512_LBSPPM0_LPA16_LPB16_LPM0_LRVW8_LWPMn1_MIAV0_MIWT9_4_MO40_NTn1_NTA0_NTB0_NTC0_NTD0_NTM0_NEPBS0_NLCA1_NLCB1_ONLL1_PGR2_PLR1_PKA1_SIA3_SS1_SPO0_SRVW0_SSO0_SVW1_SK3_SKFTR0_SKXCCM0_TLDS1_ULSGRO0_USL1_UIOFGRO0_USFGRO0_VSn1_VWA1_VWB4_WSGRA0_WSGRB0_WS64_WG16_16_1,0.1237 0.1225,0.1295 0.1294,0.1320 0.1305,,
2048,7168,8192,False,bfloat16,in: 256x256,128-255,224,0,224,128,tuned,asm,_ZN5aiter24bf16gemm_bf16_tn_256x256E,1460.2,1490.4,1477.3,dp,,nan,True,True,True,,True,0,2,2,2,,aiter::bf16gemm_bf16_tn_256x256,0.1650 0.1644,0.1612 0.1616,0.1628 0.1629,,
2048,8192,8192,False,bfloat16,in: 256x256,256-511,256,1,0,128,tuned,torch,native,1566.3,1594.2,1596.7,dp,,nan,True,True,True,,True,0,2,2,2,Cijk_Alik_Bljk_BBS_BH_Bias_HA_S_SAV_UserArgs_MT256x256x64_MI16x16x1_CMS_SN_LDSB0_AFC0_AFEM1_AFEM1_ASEM1_CLR1_CADS0_DTLA1_DTLB1_DTVA0_DTVB0_EPS0_FDSI0_GRPM1_GRVWA8_GRVWB8_GSU0_GSUAMB_GLS0_ISA950_IU1_K1_LDSTI0_LBSPPA1024_LBSPPB1024_LBSPPM0_LPA16_LPB16_LPM0_LRVW8_LWPMn1_MIAV0_MIWT8_8_MO40_NTn1_NTA0_NTB0_NTC0_NTD4_NTM0_NEPBS0_NLCA1_NLCB1_ONLL1_PGR2_PLR1_PKA1_SIA3_SS1_SPO0_SRVW0_SSO0_SVW8_SK3_SKFTR0_SKXCCM0_TLDS1_ULSGRO0_USL1_UIOFGRO0_USFGRO0_VSn1_VWA8_VWB8_WSGRA0_WSGRB0_WS64_WG32_8_1,Cijk_Alik_Bljk_BBS_BH_Bias_HA_S_SAV_UserArgs_MT256x256x64_MI16x16x1_CMS_SN_LDSB0_AFC0_AFEM1_AFEM1_ASEM1_CLR1_CADS0_DTLA1_DTLB1_DTVA0_DTVB0_EPS0_FDSI0_GRPM1_GRVWA8_GRVWB8_GSU0_GSUAMB_GLS0_ISA950_IU1_K1_LDSTI0_LBSPPA1024_LBSPPB1024_LBSPPM0_LPA16_LPB16_LPM0_LRVW8_LWPMn1_MIAV0_MIWT8_8_MO40_NTn1_NTA0_NTB0_NTC0_NTD4_NTM0_NEPBS0_NLCA1_NLCB1_ONLL1_PGR2_PLR1_PKA1_SIA3_SS1_SPO0_SRVW0_SSO0_SVW8_SK3_SKFTR0_SKXCCM0_TLDS1_ULSGRO0_USL1_UIOFGRO0_USFGRO0_VSn1_VWA8_VWB8_WSGRA0_WSGRB0_WS64_WG32_8_1,0.1759 0.1750,0.1725 0.1724,0.1722 0.1721,,
2048,10240,8192,False,bfloat16,in: 256x256,256-511,320,1,64,128,tuned,flydsl,flydsl_hgemm_abf16_wbf16_bf16_t128x128x128x2_ks1_w2x2x1_bias0_ktail0_gm0_pht_gfx950,993.9,1190.7,1412.0,one_tile,owner,1203.0,True,True,True,True,True,0,2,2,2,,hgemm_bf16_t128x128x128x2_ks1_w2x2x1_gm0_bias0_lnt_phti_0,0.3457 0.3457,0.2862 0.2910,0.2441 0.2426,0.2839 0.2873,
2048,14336,8192,False,bfloat16,in: 256x256,256-511,448,1,192,128,tuned,flydsl,flydsl_hgemm_abf16_wbf16_bf16_t256x256x64x2_ks1_w2x4x1_bias0_ktail0_gm4_pht_gfx950,1412.2,1451.6,1455.7,dp,,nan,True,True,True,,True,0,2,2,2,,hgemm_bf16_t256x256x64x2_ks1_w2x4x1_gm4_bias0_lnt_phti_0,0.3406 0.3406,0.3324 0.3303,0.3307 0.3302,,
2048,16384,8192,False,bfloat16,in: 256x256,>=512,512,2,0,128,tuned,asm,_ZN5aiter24bf16gemm_bf16_tn_256x256E,1503.4,1560.7,1558.0,dp,,nan,True,True,True,,True,0,2,2,2,,aiter::bf16gemm_bf16_tn_256x256,0.3682 0.3631,0.3527 0.3518,0.3525 0.3532,,
2048,57344,8192,False,bfloat16,in: 256x256,>=512,1792,7,0,128,tuned,flydsl,flydsl_hgemm_abf16_wbf16_bf16_t256x256x64x2_ks1_w2x4x1_bias0_ktail0_gm4_pht_gfx950,1526.9,1580.0,1589.7,dp,,nan,True,True,True,,True,0,2,2,2,,hgemm_bf16_t256x256x64x2_ks1_w2x4x1_gm4_bias0_lnt_phti_0,1.2664 1.2540,1.2169 1.2187,1.2085 1.2123,,
4096,512,8192,False,bfloat16,in: other listed tile,<128,32,0,32,128,tuned,flydsl,flydsl_hgemm_abf16_wbf16_bf16_t64x128x64x4_ks1_w2x4x1_bias0_ktail0_gm4_pft_gfx950,747.5,279.8,605.6,one_tile,rs,284.3,True,True,True,True,True,0,1,1,1,,hgemm_bf16_t64x128x64x4_ks1_w2x4x1_gm4_bias0_lnt_pft_0,0.0467 0.0452,0.1229 0.1227,0.0568 0.0567,0.1212 0.1205,
4096,1280,8192,False,bfloat16,in: non-pow2 tile,<128,80,0,80,128,tuned,torch,native,1030.3,688.1,1069.3,one_tile,owner,694.0,True,True,True,True,True,0,2,2,2,Cijk_Alik_Bljk_BBS_BH_Bias_HA_S_SAV_UserArgs_MT160x256x64_MI16x16x1_SN_LDSB0_AFC0_AFEM1_AFEM1_ASEM1_CLR1_CADS0_DTLA0_DTLB0_DTVA0_DTVB0_EPS0_FDSI0_GRPM1_GRVWA8_GRVWB8_GSU0_GSUAMB_GLS0_ISA950_IU1_K1_LDSTI0_LBSPPA128_LBSPPB1024_LBSPPM0_LPA16_LPB16_LPM0_LRVW8_LWPMn1_MIAV0_MIWT5_8_MO40_NTn1_NTA0_NTB0_NTC0_NTD0_NTM0_NEPBS0_NLCA1_NLCB1_ONLL1_PGR2_PLR1_PKA1_SIA3_SS1_SPO0_SRVW0_SSO0_SVW1_SK3_SKFTR0_SKXCCM0_TLDS1_ULSGRO0_USL1_UIOFGRO0_USFGRO0_VSn1_VWA1_VWB8_WSGRA0_WSGRB0_WS64_WG32_8_1,Cijk_Alik_Bljk_BBS_BH_Bias_HA_S_SAV_UserArgs_MT160x256x64_MI16x16x1_SN_LDSB0_AFC0_AFEM1_AFEM1_ASEM1_CLR1_CADS0_DTLA0_DTLB0_DTVA0_DTVB0_EPS0_FDSI0_GRPM1_GRVWA8_GRVWB8_GSU0_GSUAMB_GLS0_ISA950_IU1_K1_LDSTI0_LBSPPA128_LBSPPB1024_LBSPPM0_LPA16_LPB16_LPM0_LRVW8_LWPMn1_MIAV0_MIWT5_8_MO40_NTn1_NTA0_NTB0_NTC0_NTD0_NTM0_NEPBS0_NLCA1_NLCB1_ONLL1_PGR2_PLR1_PKA1_SIA3_SS1_SPO0_SRVW0_SSO0_SVW1_SK3_SKFTR0_SKXCCM0_TLDS1_ULSGRO0_USL1_UIOFGRO0_USFGRO0_VSn1_VWA1_VWB8_WSGRA0_WSGRB0_WS64_WG32_8_1,0.0824 0.0843,0.1248 0.1248,0.0812 0.0795,0.1233 0.1242,
4096,2560,8192,False,bfloat16,in: non-pow2 tile,128-255,160,0,160,128,tuned,torch,native,1306.6,1278.9,1263.7,dp,,nan,True,True,True,,True,0,2,2,2,Cijk_Alik_Bljk_BBS_BH_Bias_HA_S_SAV_UserArgs_MT160x256x64_MI16x16x1_SN_LDSB0_AFC0_AFEM1_AFEM1_ASEM1_CLR1_CADS0_DTLA0_DTLB0_DTVA0_DTVB0_EPS0_FDSI0_GRPM1_GRVWA8_GRVWB8_GSU0_GSUAMB_GLS0_ISA950_IU1_K1_LDSTI0_LBSPPA128_LBSPPB1024_LBSPPM0_LPA16_LPB16_LPM0_LRVW8_LWPMn1_MIAV0_MIWT5_8_MO40_NTn1_NTA0_NTB0_NTC0_NTD0_NTM0_NEPBS0_NLCA1_NLCB1_ONLL1_PGR2_PLR1_PKA1_SIA3_SS1_SPO0_SRVW0_SSO0_SVW1_SK3_SKFTR0_SKXCCM0_TLDS1_ULSGRO0_USL1_UIOFGRO0_USFGRO0_VSn1_VWA1_VWB8_WSGRA0_WSGRB0_WS64_WG32_8_1,Cijk_Alik_Bljk_BBS_BH_Bias_HA_S_SAV_UserArgs_MT160x256x64_MI16x16x1_SN_LDSB0_AFC0_AFEM1_AFEM1_ASEM1_CLR1_CADS0_DTLA0_DTLB0_DTVA0_DTVB0_EPS0_FDSI0_GRPM1_GRVWA8_GRVWB8_GSU0_GSUAMB_GLS0_ISA950_IU1_K1_LDSTI0_LBSPPA128_LBSPPB1024_LBSPPM0_LPA16_LPB16_LPM0_LRVW8_LWPMn1_MIAV0_MIWT5_8_MO40_NTn1_NTA0_NTB0_NTC0_NTD0_NTM0_NEPBS0_NLCA1_NLCB1_ONLL1_PGR2_PLR1_PKA1_SIA3_SS1_SPO0_SRVW0_SSO0_SVW1_SK3_SKFTR0_SKXCCM0_TLDS1_ULSGRO0_USL1_UIOFGRO0_USFGRO0_VSn1_VWA1_VWB8_WSGRA0_WSGRB0_WS64_WG32_8_1,0.1317 0.1313,0.1344 0.1343,0.1355 0.1364,,
4096,4096,8192,False,bfloat16,in: 256x256,256-511,256,1,0,128,tuned,torch,native,1554.3,1600.3,1600.9,dp,,nan,True,True,True,,True,0,2,2,2,Custom_Cijk_Alik_Bljk_BBS_BH_MT256x256x64_MI16x16x1_UserArgs_shortname1_gfx950,Custom_Cijk_Alik_Bljk_BBS_BH_MT256x256x64_MI16x16x1_UserArgs_shortname1_gfx950,0.1778 0.1759,0.1717 0.1718,0.1722 0.1712,,
4096,4608,8192,False,bfloat16,in: non-pow2 tile,256-511,288,1,32,128,untuned,torch,,1271.0,1083.2,1424.8,two_tile,rs,1095.6,True,True,True,True,True,0,2,2,2,Cijk_Alik_Bljk_BBS_BH_Bias_HA_S_SAV_UserArgs_MT144x256x64_MI16x16x1_SN_LDSB0_AFC0_AFEM1_AFEM1_ASEM1_CLR1_CADS0_DTLA0_DTLB0_DTVA0_DTVB0_EPS0_FDSI0_GRPM1_GRVWA4_GRVWB8_GSU0_GSUAMB_GLS0_ISA950_IU1_K1_LDSTI0_LBSPPA128_LBSPPB512_LBSPPM0_LPA16_LPB16_LPM0_LRVW8_LWPMn1_MIAV0_MIWT9_4_MO40_NTn1_NTA0_NTB0_NTC0_NTD0_NTM0_NEPBS0_NLCA1_NLCB1_ONLL1_PGR2_PLR1_PKA1_SIA3_SS1_SPO0_SRVW0_SSO0_SVW1_SK3_SKFTR0_SKXCCM0_TLDS1_ULSGRO0_USL1_UIOFGRO0_USFGRO0_VSn1_VWA1_VWB4_WSGRA0_WSGRB0_WS64_WG16_16_1,Cijk_Alik_Bljk_BBS_BH_Bias_HA_S_SAV_UserArgs_MT144x256x64_MI16x16x1_SN_LDSB0_AFC0_AFEM1_AFEM1_ASEM1_CLR1_CADS0_DTLA0_DTLB0_DTVA0_DTVB0_EPS0_FDSI0_GRPM1_GRVWA4_GRVWB8_GSU0_GSUAMB_GLS0_ISA950_IU1_K1_LDSTI0_LBSPPA128_LBSPPB512_LBSPPM0_LPA16_LPB16_LPM0_LRVW8_LWPMn1_MIAV0_MIWT9_4_MO40_NTn1_NTA0_NTB0_NTC0_NTD0_NTM0_NEPBS0_NLCA1_NLCB1_ONLL1_PGR2_PLR1_PKA1_SIA3_SS1_SPO0_SRVW0_SSO0_SVW1_SK3_SKFTR0_SKXCCM0_TLDS1_ULSGRO0_USL1_UIOFGRO0_USFGRO0_VSn1_VWA1_VWB4_WSGRA0_WSGRB0_WS64_WG16_16_1,0.2446 0.2420,0.2856 0.2853,0.2167 0.2174,0.2822 0.2823,
4096,7168,8192,False,bfloat16,in: 256x256,256-511,448,1,192,128,tuned,flydsl,flydsl_hgemm_abf16_wbf16_bf16_t256x256x64x2_ks1_w2x4x1_bias0_ktail0_gm4_pht_gfx950,1459.2,1504.6,1510.0,dp,,nan,True,True,True,,True,0,2,2,2,,hgemm_bf16_t256x256x64x2_ks1_w2x4x1_gm4_bias0_lnt_phti_0,0.3297 0.3296,0.3199 0.3195,0.3185 0.3186,,
4096,8192,8192,False,bfloat16,in: 256x256,>=512,512,2,0,128,tuned,asm,_ZN5aiter24bf16gemm_bf16_tn_256x256E,1574.9,1601.2,1619.3,dp,,nan,True,True,True,,True,0,2,2,2,,aiter::bf16gemm_bf16_tn_256x256,0.3481 0.3500,0.3435 0.3432,0.3394 0.3396,,
4096,10240,8192,False,bfloat16,in: 256x256,>=512,640,2,128,128,tuned,flydsl,flydsl_hgemm_abf16_wbf16_bf16_t256x256x64x2_ks1_w2x4x1_bias0_ktail0_gm4_pht_gfx950,1385.3,1440.9,1530.7,one_tile,owner,1441.7,True,True,True,True,True,0,2,2,2,,hgemm_bf16_t256x256x64x2_ks1_w2x4x1_gm4_bias0_lnt_phti_0,0.4971 0.4950,0.4772 0.4767,0.4492 0.4487,0.4800 0.4733,
4096,14336,8192,False,bfloat16,in: 256x256,>=512,896,3,128,128,tuned,flydsl,flydsl_hgemm_abf16_wbf16_bf16_t256x256x64x2_ks1_w2x4x1_bias0_ktail0_gm4_pht_gfx950,1429.9,1472.4,1555.7,one_tile,owner,1486.0,True,True,True,True,True,0,2,2,2,,hgemm_bf16_t256x256x64x2_ks1_w2x4x1_gm4_bias0_lnt_phti_0,0.6746 0.6711,0.6526 0.6542,0.6189 0.6179,0.6487 0.6462,
4096,16384,8192,False,bfloat16,in: 256x256,>=512,1024,4,0,128,tuned,flydsl,flydsl_hgemm_abf16_wbf16_bf16_t256x256x64x2_ks1_w2x4x1_bias0_ktail0_gm4_pht_gfx950,1530.6,1589.3,1599.1,dp,,nan,True,True,True,,True,0,2,2,2,,hgemm_bf16_t256x256x64x2_ks1_w2x4x1_gm4_bias0_lnt_phti_0,0.7225 0.7142,0.6908 0.6928,0.6882 0.6870,,
4096,57344,8192,False,bfloat16,in: 256x256,>=512,3584,14,0,128,tuned,flydsl,flydsl_hgemm_abf16_wbf16_bf16_t256x256x64x2_ks1_w2x4x1_bias0_ktail0_gm4_pht_gfx950,1552.3,1599.8,1617.0,dp,,nan,True,True,True,,True,0,2,2,2,,hgemm_bf16_t256x256x64x2_ks1_w2x4x1_gm4_bias0_lnt_phti_0,2.4841 2.4742,2.4062 2.4046,2.3834 2.3765,,
8192,512,8192,False,bfloat16,in: other listed tile,<128,64,0,64,128,tuned,flydsl,flydsl_hgemm_abf16_wbf16_bf16_t128x128x64x4_ks1_w4x4x1_bias0_ktail0_gm4_pft_gfx950,981.2,551.7,974.5,one_tile,owner,558.1,True,True,True,True,True,0,2,2,2,,hgemm_bf16_t128x128x64x4_ks1_w4x4x1_gm4_bias0_lnt_pft_0,0.0703 0.0698,0.1244 0.1247,0.0707 0.0704,0.1235 0.1228,
8192,1280,8192,False,bfloat16,in: non-pow2 tile,128-255,160,0,160,128,tuned,torch,native,1303.9,1272.7,1250.5,dp,,nan,True,True,True,,True,0,2,2,2,Cijk_Alik_Bljk_BBS_BH_Bias_HA_S_SAV_UserArgs_MT160x256x64_MI16x16x1_SN_LDSB0_AFC0_AFEM1_AFEM1_ASEM1_CLR1_CADS0_DTLA0_DTLB0_DTVA0_DTVB0_EPS0_FDSI0_GRPM1_GRVWA8_GRVWB8_GSU0_GSUAMB_GLS0_ISA950_IU1_K1_LDSTI0_LBSPPA128_LBSPPB1024_LBSPPM0_LPA16_LPB16_LPM0_LRVW8_LWPMn1_MIAV0_MIWT5_8_MO40_NTn1_NTA0_NTB0_NTC0_NTD0_NTM0_NEPBS0_NLCA1_NLCB1_ONLL1_PGR2_PLR1_PKA1_SIA3_SS1_SPO0_SRVW0_SSO0_SVW1_SK3_SKFTR0_SKXCCM0_TLDS1_ULSGRO0_USL1_UIOFGRO0_USFGRO0_VSn1_VWA1_VWB8_WSGRA0_WSGRB0_WS64_WG32_8_1,Cijk_Alik_Bljk_BBS_BH_Bias_HA_S_SAV_UserArgs_MT160x256x64_MI16x16x1_SN_LDSB0_AFC0_AFEM1_AFEM1_ASEM1_CLR1_CADS0_DTLA0_DTLB0_DTVA0_DTVB0_EPS0_FDSI0_GRPM1_GRVWA8_GRVWB8_GSU0_GSUAMB_GLS0_ISA950_IU1_K1_LDSTI0_LBSPPA128_LBSPPB1024_LBSPPM0_LPA16_LPB16_LPM0_LRVW8_LWPMn1_MIAV0_MIWT5_8_MO40_NTn1_NTA0_NTB0_NTC0_NTD0_NTM0_NEPBS0_NLCA1_NLCB1_ONLL1_PGR2_PLR1_PKA1_SIA3_SS1_SPO0_SRVW0_SSO0_SVW1_SK3_SKFTR0_SKXCCM0_TLDS1_ULSGRO0_USL1_UIOFGRO0_USFGRO0_VSn1_VWA1_VWB8_WSGRA0_WSGRB0_WS64_WG32_8_1,0.1319 0.1316,0.1349 0.1350,0.1368 0.1380,,
8192,2560,8192,False,bfloat16,in: non-pow2 tile,256-511,320,1,64,128,tuned,torch,native,1309.1,1185.6,1446.9,one_tile,owner,1183.2,True,True,True,True,True,0,2,2,2,Cijk_Alik_Bljk_BBS_BH_Bias_HA_S_SAV_UserArgs_MT160x256x64_MI16x16x1_SN_LDSB0_AFC0_AFEM1_AFEM1_ASEM1_CLR1_CADS0_DTLA0_DTLB0_DTVA0_DTVB0_EPS0_FDSI0_GRPM1_GRVWA8_GRVWB8_GSU0_GSUAMB_GLS0_ISA950_IU1_K1_LDSTI0_LBSPPA128_LBSPPB1024_LBSPPM0_LPA16_LPB16_LPM0_LRVW8_LWPMn1_MIAV0_MIWT5_8_MO40_NTn1_NTA0_NTB0_NTC0_NTD0_NTM0_NEPBS0_NLCA1_NLCB1_ONLL1_PGR2_PLR1_PKA1_SIA3_SS1_SPO0_SRVW0_SSO0_SVW1_SK3_SKFTR0_SKXCCM0_TLDS1_ULSGRO0_USL1_UIOFGRO0_USFGRO0_VSn1_VWA1_VWB8_WSGRA0_WSGRB0_WS64_WG32_8_1,Cijk_Alik_Bljk_BBS_BH_Bias_HA_S_SAV_UserArgs_MT160x256x64_MI16x16x1_SN_LDSB0_AFC0_AFEM1_AFEM1_ASEM1_CLR1_CADS0_DTLA0_DTLB0_DTVA0_DTVB0_EPS0_FDSI0_GRPM1_GRVWA8_GRVWB8_GSU0_GSUAMB_GLS0_ISA950_IU1_K1_LDSTI0_LBSPPA128_LBSPPB1024_LBSPPM0_LPA16_LPB16_LPM0_LRVW8_LWPMn1_MIAV0_MIWT5_8_MO40_NTn1_NTA0_NTB0_NTC0_NTD0_NTM0_NEPBS0_NLCA1_NLCB1_ONLL1_PGR2_PLR1_PKA1_SIA3_SS1_SPO0_SRVW0_SSO0_SVW1_SK3_SKFTR0_SKXCCM0_TLDS1_ULSGRO0_USL1_UIOFGRO0_USFGRO0_VSn1_VWA1_VWB8_WSGRA0_WSGRB0_WS64_WG32_8_1,0.2627 0.2622,0.2893 0.2903,0.2375 0.2374,0.2909 0.2899,
8192,4096,8192,False,bfloat16,in: 256x256,>=512,512,2,0,128,tuned,torch,native,1582.8,1604.1,1620.2,dp,,nan,True,True,True,,True,0,2,2,2,Cijk_Alik_Bljk_BBS_BH_Bias_HA_S_SAV_UserArgs_MT256x256x64_MI16x16x1_CMS_SN_LDSB0_AFC1_AFEM1_AFEM1_ASEM1_CLR1_CADS0_DTLA1_DTLB1_DTVA0_DTVB0_EPS0_FDSI0_GRPM1_GRVWA8_GRVWB8_GSU0_GSUAMB_GLS0_ISA950_IU1_K1_LDSTI0_LBSPPA1024_LBSPPB1024_LBSPPM0_LPA16_LPB16_LPM0_LRVW8_LWPMn1_MIAV0_MIWT8_8_MO40_NTn1_NTA3_NTB3_NTC5_NTD2_NTM0_NEPBS10_NLCA1_NLCB1_ONLL1_PGR2_PLR1_PKA1_SIA3_SS1_SPO0_SRVW0_SSO0_SVW8_SK3_SKFTR0_SKXCCM4_TLDS1_ULSGRO0_USL1_UIOFGRO0_USFGRO0_VSn1_VWA8_VWB8_WSGRA0_WSGRB0_WS64_WG32_8_1,Cijk_Alik_Bljk_BBS_BH_Bias_HA_S_SAV_UserArgs_MT256x256x64_MI16x16x1_CMS_SN_LDSB0_AFC1_AFEM1_AFEM1_ASEM1_CLR1_CADS0_DTLA1_DTLB1_DTVA0_DTVB0_EPS0_FDSI0_GRPM1_GRVWA8_GRVWB8_GSU0_GSUAMB_GLS0_ISA950_IU1_K1_LDSTI0_LBSPPA1024_LBSPPB1024_LBSPPM0_LPA16_LPB16_LPM0_LRVW8_LWPMn1_MIAV0_MIWT8_8_MO40_NTn1_NTA3_NTB3_NTC5_NTD2_NTM0_NEPBS10_NLCA1_NLCB1_ONLL1_PGR2_PLR1_PKA1_SIA3_SS1_SPO0_SRVW0_SSO0_SVW8_SK3_SKFTR0_SKXCCM4_TLDS1_ULSGRO0_USL1_UIOFGRO0_USFGRO0_VSn1_VWA8_VWB8_WSGRA0_WSGRB0_WS64_WG32_8_1,0.3453 0.3494,0.3425 0.3429,0.3393 0.3394,,
8192,4608,8192,False,bfloat16,in: 256x256,>=512,576,2,64,128,untuned,torch,,1376.9,1361.8,1513.0,one_tile,owner,1359.8,True,True,True,True,True,0,2,2,2,Cijk_Alik_Bljk_BBS_BH_Bias_HA_S_SAV_UserArgs_MT192x256x64_MI16x16x1_SN_LDSB0_AFC0_AFEM1_AFEM1_ASEM1_CLR1_CADS0_DTLA0_DTLB0_DTVA0_DTVB0_EPS0_FDSI0_GRPM1_GRVWA8_GRVWB8_GSU0_GSUAMB_GLS0_ISA950_IU1_K1_LDSTI0_LBSPPA256_LBSPPB1024_LBSPPM0_LPA16_LPB16_LPM0_LRVW8_LWPMn1_MIAV0_MIWT6_8_MO40_NTn1_NTA0_NTB0_NTC0_NTD0_NTM0_NEPBS0_NLCA1_NLCB1_ONLL1_PGR2_PLR1_PKA1_SIA3_SS1_SPO0_SRVW0_SSO0_SVW2_SK3_SKFTR0_SKXCCM0_TLDS1_ULSGRO0_USL1_UIOFGRO0_USFGRO0_VSn1_VWA2_VWB8_WSGRA0_WSGRB0_WS64_WG32_8_1,Cijk_Alik_Bljk_BBS_BH_Bias_HA_S_SAV_UserArgs_MT192x256x64_MI16x16x1_SN_LDSB0_AFC0_AFEM1_AFEM1_ASEM1_CLR1_CADS0_DTLA0_DTLB0_DTVA0_DTVB0_EPS0_FDSI0_GRPM1_GRVWA8_GRVWB8_GSU0_GSUAMB_GLS0_ISA950_IU1_K1_LDSTI0_LBSPPA256_LBSPPB1024_LBSPPM0_LPA16_LPB16_LPM0_LRVW8_LWPMn1_MIAV0_MIWT6_8_MO40_NTn1_NTA0_NTB0_NTC0_NTD0_NTM0_NEPBS0_NLCA1_NLCB1_ONLL1_PGR2_PLR1_PKA1_SIA3_SS1_SPO0_SRVW0_SSO0_SVW2_SK3_SKFTR0_SKXCCM0_TLDS1_ULSGRO0_USL1_UIOFGRO0_USFGRO0_VSn1_VWA2_VWB8_WSGRA0_WSGRB0_WS64_WG32_8_1,0.4513 0.4471,0.4545 0.4539,0.4093 0.4082,0.4540 0.4557,
8192,7168,8192,False,bfloat16,in: 256x256,>=512,896,3,128,128,tuned,asm,_ZN5aiter24bf16gemm_bf16_tn_256x256E,1442.6,1487.6,1569.2,one_tile,owner,1499.6,True,True,True,True,True,0,2,2,2,,aiter::bf16gemm_bf16_tn_256x256,0.6689 0.6649,0.6470 0.6464,0.6132 0.6130,0.6412 0.6419,
8192,8192,8192,False,bfloat16,in: 256x256,>=512,1024,4,0,128,tuned,asm,_ZN5aiter24bf16gemm_bf16_tn_256x256E,1578.4,1603.7,1611.4,dp,,nan,True,True,True,,True,0,2,2,2,,aiter::bf16gemm_bf16_tn_256x256,0.6961 0.6970,0.6844 0.6868,0.6837 0.6810,,
8192,10240,8192,False,bfloat16,in: 256x256,>=512,1280,5,0,128,tuned,flydsl,flydsl_hgemm_abf16_wbf16_bf16_t256x256x64x2_ks1_w2x4x1_bias0_ktail0_gm4_pht_gfx950,1553.3,1603.7,1615.5,dp,,nan,True,True,True,,True,0,2,2,2,,hgemm_bf16_t256x256x64x2_ks1_w2x4x1_gm4_bias0_lnt_phti_0,0.8846 0.8851,0.8553 0.8587,0.8516 0.8499,,
8192,14336,8192,False,bfloat16,in: 256x256,>=512,1792,7,0,128,tuned,flydsl,flydsl_hgemm_abf16_wbf16_bf16_t256x256x64x2_ks1_w2x4x1_bias0_ktail0_gm4_pht_gfx950,1555.8,1606.6,1622.1,dp,,nan,True,True,True,,True,0,2,2,2,,hgemm_bf16_t256x256x64x2_ks1_w2x4x1_gm4_bias0_lnt_phti_0,1.2385 1.2350,1.1943 1.2010,1.1881 1.1844,,
8192,16384,8192,False,bfloat16,in: 256x256,>=512,2048,8,0,128,tuned,asm,_ZN5aiter24bf16gemm_bf16_tn_256x256E,1557.5,1604.2,1623.5,dp,,nan,True,True,True,,True,0,2,2,2,,aiter::bf16gemm_bf16_tn_256x256,1.4163 1.4074,1.3703 1.3714,1.3567 1.3524,,
8192,57344,8192,False,bfloat16,in: 256x256,>=512,7168,28,0,128,tuned,asm,_ZN5aiter24bf16gemm_bf16_tn_256x256E,1564.3,1611.3,1613.5,dp,,nan,True,True,True,,True,0,2,2,2,,aiter::bf16gemm_bf16_tn_256x256,4.9294 4.9112,4.7678 4.7856,4.7804 4.7600,,
16384,512,8192,False,bfloat16,in: 256x256,128-255,128,0,128,128,untuned,torch,,1081.9,998.8,1183.4,one_tile,owner,1002.0,True,True,True,True,True,0,2,2,2,Cijk_Alik_Bljk_BBS_BH_Bias_HA_S_SAV_UserArgs_MT256x256x64_MI16x16x1_CMS_SN_LDSB0_AFC0_AFEM1_AFEM1_ASEM1_CLR1_CADS0_DTLA1_DTLB1_DTVA0_DTVB0_EPS0_FDSI0_GRPM1_GRVWA8_GRVWB8_GSU0_GSUAMB_GLS0_ISA950_IU1_K1_LDSTI0_LBSPPA1024_LBSPPB1024_LBSPPM0_LPA16_LPB16_LPM0_LRVW8_LWPMn1_MIAV0_MIWT8_8_MO40_NTn1_NTA0_NTB4_NTC0_NTD4_NTM0_NEPBS0_NLCA1_NLCB1_ONLL1_PGR2_PLR1_PKA1_SIA3_SS1_SPO0_SRVW0_SSO0_SVW8_SK3_SKFTR0_SKXCCM0_TLDS1_ULSGRO0_USL1_UIOFGRO0_USFGRO0_VSn1_VWA8_VWB8_WSGRA0_WSGRB0_WS64_WG32_8_1,Cijk_Alik_Bljk_BBS_BH_Bias_HA_S_SAV_UserArgs_MT256x256x64_MI16x16x1_CMS_SN_LDSB0_AFC0_AFEM1_AFEM1_ASEM1_CLR1_CADS0_DTLA1_DTLB1_DTVA0_DTVB0_EPS0_FDSI0_GRPM1_GRVWA8_GRVWB8_GSU0_GSUAMB_GLS0_ISA950_IU1_K1_LDSTI0_LBSPPA1024_LBSPPB1024_LBSPPM0_LPA16_LPB16_LPM0_LRVW8_LWPMn1_MIAV0_MIWT8_8_MO40_NTn1_NTA0_NTB4_NTC0_NTD4_NTM0_NEPBS0_NLCA1_NLCB1_ONLL1_PGR2_PLR1_PKA1_SIA3_SS1_SPO0_SRVW0_SSO0_SVW8_SK3_SKFTR0_SKXCCM0_TLDS1_ULSGRO0_USL1_UIOFGRO0_USFGRO0_VSn1_VWA8_VWB8_WSGRA0_WSGRB0_WS64_WG32_8_1,0.1282 0.1259,0.1378 0.1374,0.1166 0.1157,0.1371 0.1373,
16384,1280,8192,False,bfloat16,in: non-pow2 tile,256-511,320,1,64,128,tuned,torch,native,1268.5,1187.9,1387.2,one_tile,owner,1179.4,True,True,True,True,True,0,2,2,2,Cijk_Alik_Bljk_BBS_BH_Bias_HA_S_SAV_UserArgs_MT160x256x64_MI16x16x1_SN_LDSB0_AFC0_AFEM1_AFEM1_ASEM1_CLR1_CADS0_DTLA0_DTLB0_DTVA0_DTVB0_EPS0_FDSI0_GRPM1_GRVWA8_GRVWB8_GSU0_GSUAMB_GLS0_ISA950_IU1_K1_LDSTI0_LBSPPA128_LBSPPB1024_LBSPPM0_LPA16_LPB16_LPM0_LRVW8_LWPMn1_MIAV0_MIWT5_8_MO40_NTn1_NTA0_NTB0_NTC0_NTD0_NTM0_NEPBS0_NLCA1_NLCB1_ONLL1_PGR2_PLR1_PKA1_SIA3_SS1_SPO0_SRVW0_SSO0_SVW1_SK3_SKFTR0_SKXCCM0_TLDS1_ULSGRO0_USL1_UIOFGRO0_USFGRO0_VSn1_VWA1_VWB8_WSGRA0_WSGRB0_WS64_WG32_8_1,Cijk_Alik_Bljk_BBS_BH_Bias_HA_S_SAV_UserArgs_MT160x256x64_MI16x16x1_SN_LDSB0_AFC0_AFEM1_AFEM1_ASEM1_CLR1_CADS0_DTLA0_DTLB0_DTVA0_DTVB0_EPS0_FDSI0_GRPM1_GRVWA8_GRVWB8_GSU0_GSUAMB_GLS0_ISA950_IU1_K1_LDSTI0_LBSPPA128_LBSPPB1024_LBSPPM0_LPA16_LPB16_LPM0_LRVW8_LWPMn1_MIAV0_MIWT5_8_MO40_NTn1_NTA0_NTB0_NTC0_NTD0_NTM0_NEPBS0_NLCA1_NLCB1_ONLL1_PGR2_PLR1_PKA1_SIA3_SS1_SPO0_SRVW0_SSO0_SVW1_SK3_SKFTR0_SKXCCM0_TLDS1_ULSGRO0_USL1_UIOFGRO0_USFGRO0_VSn1_VWA1_VWB8_WSGRA0_WSGRB0_WS64_WG32_8_1,0.2711 0.2706,0.2887 0.2897,0.2481 0.2473,0.2921 0.2906,
16384,2560,8192,False,bfloat16,in: 256x256,>=512,640,2,128,128,tuned,flydsl,flydsl_hgemm_abf16_wbf16_bf16_t256x256x64x2_ks1_w2x4x1_bias0_ktail0_gm4_pht_gfx950,1350.7,1392.8,1493.0,one_tile,owner,1405.9,True,True,True,True,True,0,2,2,2,,hgemm_bf16_t256x256x64x2_ks1_w2x4x1_gm4_bias0_lnt_phti_0,0.5094 0.5081,0.4929 0.4939,0.4605 0.4601,0.4888 0.4888,
16384,4608,8192,False,bfloat16,in: 256x256,>=512,1152,4,128,128,tuned,flydsl,flydsl_hgemm_abf16_wbf16_bf16_t256x256x64x2_ks1_w2x4x1_bias0_ktail0_gm4_pht_gfx950,1435.2,1477.5,1544.6,one_tile,owner,1496.0,True,True,True,True,True,0,2,2,2,,hgemm_bf16_t256x256x64x2_ks1_w2x4x1_gm4_bias0_lnt_phti_0,0.8659 0.8578,0.8377 0.8367,0.8046 0.7970,0.8269 0.8268,
16384,7168,8192,False,bfloat16,in: 256x256,>=512,1792,7,0,128,tuned,torch,native,1587.8,1580.0,1597.8,dp,,nan,True,True,True,,True,0,2,2,2,Cijk_Alik_Bljk_BBS_BH_Bias_HA_S_SAV_UserArgs_MT256x256x64_MI16x16x1_CMS_SN_LDSB0_AFC0_AFEM1_AFEM1_ASEM1_CLR1_CADS0_DTLA1_DTLB1_DTVA0_DTVB0_EPS0_FDSI0_GRPM1_GRVWA8_GRVWB8_GSU0_GSUAMB_GLS0_ISA950_IU1_K1_LDSTI0_LBSPPA1024_LBSPPB1024_LBSPPM0_LPA16_LPB16_LPM0_LRVW8_LWPMn1_MIAV0_MIWT8_8_MO40_NTn1_NTA0_NTB0_NTC0_NTD4_NTM0_NEPBS0_NLCA1_NLCB1_ONLL1_PGR2_PLR1_PKA1_SIA3_SS1_SPO0_SRVW0_SSO0_SVW8_SK3_SKFTR0_SKXCCM0_TLDS1_ULSGRO0_USL1_UIOFGRO0_USFGRO0_VSn1_VWA8_VWB8_WSGRA0_WSGRB0_WS64_WG32_8_1,Cijk_Alik_Bljk_BBS_BH_Bias_HA_S_SAV_UserArgs_MT256x256x64_MI16x16x1_CMS_SN_LDSB0_AFC0_AFEM1_AFEM1_ASEM1_CLR1_CADS0_DTLA1_DTLB1_DTVA0_DTVB0_EPS0_FDSI0_GRPM1_GRVWA8_GRVWB8_GSU0_GSUAMB_GLS0_ISA950_IU1_K1_LDSTI0_LBSPPA1024_LBSPPB1024_LBSPPM0_LPA16_LPB16_LPM0_LRVW8_LWPMn1_MIAV0_MIWT8_8_MO40_NTn1_NTA0_NTB0_NTC0_NTD4_NTM0_NEPBS0_NLCA1_NLCB1_ONLL1_PGR2_PLR1_PKA1_SIA3_SS1_SPO0_SRVW0_SSO0_SVW8_SK3_SKFTR0_SKXCCM0_TLDS1_ULSGRO0_USL1_UIOFGRO0_USFGRO0_VSn1_VWA8_VWB8_WSGRA0_WSGRB0_WS64_WG32_8_1,1.2170 1.2067,1.2155 1.2201,1.2071 1.2014,,
16384,8192,8192,False,bfloat16,in: 256x256,>=512,2048,8,0,128,tuned,torch,native,1587.7,1590.4,1604.5,dp,,nan,True,True,True,,True,0,2,2,2,Cijk_Alik_Bljk_BBS_BH_Bias_HA_S_SAV_UserArgs_MT256x256x64_MI16x16x1_CMS_SN_LDSB0_AFC0_AFEM1_AFEM1_ASEM1_CLR1_CADS0_DTLA1_DTLB1_DTVA0_DTVB0_EPS0_FDSI0_GRPM1_GRVWA8_GRVWB8_GSU0_GSUAMB_GLS0_ISA950_IU1_K1_LDSTI0_LBSPPA1024_LBSPPB1024_LBSPPM0_LPA16_LPB16_LPM0_LRVW8_LWPMn1_MIAV0_MIWT8_8_MO40_NTn1_NTA0_NTB0_NTC0_NTD4_NTM0_NEPBS0_NLCA1_NLCB1_ONLL1_PGR2_PLR1_PKA1_SIA3_SS1_SPO0_SRVW0_SSO0_SVW8_SK3_SKFTR0_SKXCCM0_TLDS1_ULSGRO0_USL1_UIOFGRO0_USFGRO0_VSn1_VWA8_VWB8_WSGRA0_WSGRB0_WS64_WG32_8_1,Cijk_Alik_Bljk_BBS_BH_Bias_HA_S_SAV_UserArgs_MT256x256x64_MI16x16x1_CMS_SN_LDSB0_AFC0_AFEM1_AFEM1_ASEM1_CLR1_CADS0_DTLA1_DTLB1_DTVA0_DTVB0_EPS0_FDSI0_GRPM1_GRVWA8_GRVWB8_GSU0_GSUAMB_GLS0_ISA950_IU1_K1_LDSTI0_LBSPPA1024_LBSPPB1024_LBSPPM0_LPA16_LPB16_LPM0_LRVW8_LWPMn1_MIAV0_MIWT8_8_MO40_NTn1_NTA0_NTB0_NTC0_NTD4_NTM0_NEPBS0_NLCA1_NLCB1_ONLL1_PGR2_PLR1_PKA1_SIA3_SS1_SPO0_SRVW0_SSO0_SVW8_SK3_SKFTR0_SKXCCM0_TLDS1_ULSGRO0_USL1_UIOFGRO0_USFGRO0_VSn1_VWA8_VWB8_WSGRA0_WSGRB0_WS64_WG32_8_1,1.3912 1.3789,1.3835 1.3818,1.3746 1.3666,,
16384,10240,8192,False,bfloat16,in: 256x256,>=512,2560,10,0,128,tuned,torch,native,1591.4,1597.1,1616.6,dp,,nan,True,True,True,,True,0,2,2,2,Cijk_Alik_Bljk_BBS_BH_Bias_HA_S_SAV_UserArgs_MT256x256x64_MI16x16x1_CMS_SN_LDSB0_AFC0_AFEM1_AFEM1_ASEM1_CLR1_CADS0_DTLA1_DTLB1_DTVA0_DTVB0_EPS0_FDSI0_GRPM1_GRVWA8_GRVWB8_GSU0_GSUAMB_GLS0_ISA950_IU1_K1_LDSTI0_LBSPPA1024_LBSPPB1024_LBSPPM0_LPA16_LPB16_LPM0_LRVW8_LWPMn1_MIAV0_MIWT8_8_MO40_NTn1_NTA0_NTB0_NTC0_NTD4_NTM0_NEPBS0_NLCA1_NLCB1_ONLL1_PGR2_PLR1_PKA1_SIA3_SS1_SPO0_SRVW0_SSO0_SVW8_SK3_SKFTR0_SKXCCM0_TLDS1_ULSGRO0_USL1_UIOFGRO0_USFGRO0_VSn1_VWA8_VWB8_WSGRA0_WSGRB0_WS64_WG32_8_1,Cijk_Alik_Bljk_BBS_BH_Bias_HA_S_SAV_UserArgs_MT256x256x64_MI16x16x1_CMS_SN_LDSB0_AFC0_AFEM1_AFEM1_ASEM1_CLR1_CADS0_DTLA1_DTLB1_DTVA0_DTVB0_EPS0_FDSI0_GRPM1_GRVWA8_GRVWB8_GSU0_GSUAMB_GLS0_ISA950_IU1_K1_LDSTI0_LBSPPA1024_LBSPPB1024_LBSPPM0_LPA16_LPB16_LPM0_LRVW8_LWPMn1_MIAV0_MIWT8_8_MO40_NTn1_NTA0_NTB0_NTC0_NTD4_NTM0_NEPBS0_NLCA1_NLCB1_ONLL1_PGR2_PLR1_PKA1_SIA3_SS1_SPO0_SRVW0_SSO0_SVW8_SK3_SKFTR0_SKXCCM0_TLDS1_ULSGRO0_USL1_UIOFGRO0_USFGRO0_VSn1_VWA8_VWB8_WSGRA0_WSGRB0_WS64_WG32_8_1,1.7244 1.7301,1.7193 1.7229,1.7021 1.6986,,
16384,14336,8192,False,bfloat16,in: 256x256,>=512,3584,14,0,128,tuned,asm,_ZN5aiter24bf16gemm_bf16_tn_256x256E,1566.9,1602.8,1620.4,dp,,nan,True,True,True,,True,0,2,2,2,,aiter::bf16gemm_bf16_tn_256x256,2.4669 2.4451,2.3977 2.4043,2.3794 2.3703,,
16384,16384,8192,False,bfloat16,in: 256x256,>=512,4096,16,0,128,tuned,asm,_ZN5aiter24bf16gemm_bf16_tn_256x256E,1565.3,1600.9,1618.5,dp,,nan,True,True,True,,True,0,2,2,2,,aiter::bf16gemm_bf16_tn_256x256,2.8210 2.7984,2.7469 2.7475,2.7246 2.7102,,
16384,57344,8192,False,bfloat16,in: 256x256,>=512,14336,56,0,128,tuned,asm,_ZN5aiter24bf16gemm_bf16_tn_256x256E,1572.1,1606.1,1575.2,dp,,nan,True,True,True,,True,0,2,2,2,,aiter::bf16gemm_bf16_tn_256x256,9.7945 9.7882,9.5669 9.6019,9.8253 9.7192,,
32768,1280,8192,False,bfloat16,in: 256x256,>=512,640,2,128,128,tuned,flydsl,flydsl_hgemm_abf16_wbf16_bf16_t256x256x64x2_ks1_w2x4x1_bias0_ktail0_gm4_pht_gfx950,1324.9,1359.7,1454.1,one_tile,owner,1374.9,True,True,True,True,True,0,2,2,2,,hgemm_bf16_t256x256x64x2_ks1_w2x4x1_gm4_bias0_lnt_phti_0,0.5206 0.5168,0.5067 0.5041,0.4748 0.4704,0.5003 0.4993,
32768,2560,8192,False,bfloat16,in: 256x256,>=512,1280,5,0,128,tuned,torch,native,1554.3,1541.2,1556.9,dp,,nan,True,True,True,,True,0,2,2,2,Cijk_Alik_Bljk_BBS_BH_Bias_HA_S_SAV_UserArgs_MT256x256x64_MI16x16x1_CMS_SN_LDSB0_AFC0_AFEM1_AFEM1_ASEM1_CLR1_CADS0_DTLA1_DTLB1_DTVA0_DTVB0_EPS0_FDSI0_GRPM1_GRVWA8_GRVWB8_GSU0_GSUAMB_GLS0_ISA950_IU1_K1_LDSTI0_LBSPPA1024_LBSPPB1024_LBSPPM0_LPA16_LPB16_LPM0_LRVW8_LWPMn1_MIAV0_MIWT8_8_MO40_NTn1_NTA0_NTB0_NTC0_NTD4_NTM0_NEPBS0_NLCA1_NLCB1_ONLL1_PGR2_PLR1_PKA1_SIA3_SS1_SPO0_SRVW0_SSO0_SVW8_SK3_SKFTR0_SKXCCM0_TLDS1_ULSGRO0_USL1_UIOFGRO0_USFGRO0_VSn1_VWA8_VWB8_WSGRA0_WSGRB0_WS64_WG32_8_1,Cijk_Alik_Bljk_BBS_BH_Bias_HA_S_SAV_UserArgs_MT256x256x64_MI16x16x1_CMS_SN_LDSB0_AFC0_AFEM1_AFEM1_ASEM1_CLR1_CADS0_DTLA1_DTLB1_DTVA0_DTVB0_EPS0_FDSI0_GRPM1_GRVWA8_GRVWB8_GSU0_GSUAMB_GLS0_ISA950_IU1_K1_LDSTI0_LBSPPA1024_LBSPPB1024_LBSPPM0_LPA16_LPB16_LPM0_LRVW8_LWPMn1_MIAV0_MIWT8_8_MO40_NTn1_NTA0_NTB0_NTC0_NTD4_NTM0_NEPBS0_NLCA1_NLCB1_ONLL1_PGR2_PLR1_PKA1_SIA3_SS1_SPO0_SRVW0_SSO0_SVW8_SK3_SKFTR0_SKXCCM0_TLDS1_ULSGRO0_USL1_UIOFGRO0_USFGRO0_VSn1_VWA8_VWB8_WSGRA0_WSGRB0_WS64_WG32_8_1,0.8886 0.8799,0.8914 0.8922,0.8827 0.8829,,
32768,7168,8192,False,bfloat16,in: 256x256,>=512,3584,14,0,128,tuned,torch,native,1594.0,1585.4,1606.2,dp,,nan,True,True,True,,True,0,2,2,2,Cijk_Alik_Bljk_BBS_BH_Bias_HA_S_SAV_UserArgs_MT256x256x64_MI16x16x1_CMS_SN_LDSB0_AFC0_AFEM1_AFEM1_ASEM1_CLR1_CADS0_DTLA1_DTLB1_DTVA0_DTVB0_EPS0_FDSI0_GRPM1_GRVWA8_GRVWB8_GSU0_GSUAMB_GLS0_ISA950_IU1_K1_LDSTI0_LBSPPA1024_LBSPPB1024_LBSPPM0_LPA16_LPB16_LPM0_LRVW8_LWPMn1_MIAV0_MIWT8_8_MO40_NTn1_NTA0_NTB0_NTC0_NTD4_NTM0_NEPBS0_NLCA1_NLCB1_ONLL1_PGR2_PLR1_PKA1_SIA3_SS1_SPO0_SRVW0_SSO0_SVW8_SK3_SKFTR0_SKXCCM0_TLDS1_ULSGRO0_USL1_UIOFGRO0_USFGRO0_VSn1_VWA8_VWB8_WSGRA0_WSGRB0_WS64_WG32_8_1,Cijk_Alik_Bljk_BBS_BH_Bias_HA_S_SAV_UserArgs_MT256x256x64_MI16x16x1_CMS_SN_LDSB0_AFC0_AFEM1_AFEM1_ASEM1_CLR1_CADS0_DTLA1_DTLB1_DTVA0_DTVB0_EPS0_FDSI0_GRPM1_GRVWA8_GRVWB8_GSU0_GSUAMB_GLS0_ISA950_IU1_K1_LDSTI0_LBSPPA1024_LBSPPB1024_LBSPPM0_LPA16_LPB16_LPM0_LRVW8_LWPMn1_MIAV0_MIWT8_8_MO40_NTn1_NTA0_NTB0_NTC0_NTD4_NTM0_NEPBS0_NLCA1_NLCB1_ONLL1_PGR2_PLR1_PKA1_SIA3_SS1_SPO0_SRVW0_SSO0_SVW8_SK3_SKFTR0_SKXCCM0_TLDS1_ULSGRO0_USL1_UIOFGRO0_USFGRO0_VSn1_VWA8_VWB8_WSGRA0_WSGRB0_WS64_WG32_8_1,2.4193 2.4093,2.4252 2.4296,2.3984 2.3935,,
32768,8192,8192,False,bfloat16,in: 256x256,>=512,4096,16,0,128,tuned,flydsl,flydsl_hgemm_abf16_wbf16_bf16_t256x256x64x2_ks1_w2x4x1_bias0_ktail0_gm0_pht_gfx950,1562.6,1598.4,1618.2,dp,,nan,True,True,True,,True,0,2,2,2,,hgemm_bf16_t256x256x64x2_ks1_w2x4x1_gm0_bias0_lnt_phti_0,2.8126 2.8164,2.7560 2.7471,2.7254 2.7101,,
32768,10240,8192,False,bfloat16,in: 256x256,>=512,5120,20,0,128,tuned,torch,native,1592.8,1600.0,1621.0,dp,,nan,True,True,True,,True,0,2,2,2,Cijk_Alik_Bljk_BBS_BH_Bias_HA_S_SAV_UserArgs_MT256x256x64_MI16x16x1_CMS_SN_LDSB0_AFC0_AFEM1_AFEM1_ASEM1_CLR1_CADS0_DTLA1_DTLB1_DTVA0_DTVB0_EPS0_FDSI0_GRPM1_GRVWA8_GRVWB8_GSU0_GSUAMB_GLS0_ISA950_IU1_K1_LDSTI0_LBSPPA1024_LBSPPB1024_LBSPPM0_LPA16_LPB16_LPM0_LRVW8_LWPMn1_MIAV0_MIWT8_8_MO40_NTn1_NTA0_NTB0_NTC0_NTD4_NTM0_NEPBS0_NLCA1_NLCB1_ONLL1_PGR2_PLR1_PKA1_SIA3_SS1_SPO0_SRVW0_SSO0_SVW8_SK3_SKFTR0_SKXCCM0_TLDS1_ULSGRO0_USL1_UIOFGRO0_USFGRO0_VSn1_VWA8_VWB8_WSGRA0_WSGRB0_WS64_WG32_8_1,Cijk_Alik_Bljk_BBS_BH_Bias_HA_S_SAV_UserArgs_MT256x256x64_MI16x16x1_CMS_SN_LDSB0_AFC0_AFEM1_AFEM1_ASEM1_CLR1_CADS0_DTLA1_DTLB1_DTVA0_DTVB0_EPS0_FDSI0_GRPM1_GRVWA8_GRVWB8_GSU0_GSUAMB_GLS0_ISA950_IU1_K1_LDSTI0_LBSPPA1024_LBSPPB1024_LBSPPM0_LPA16_LPB16_LPM0_LRVW8_LWPMn1_MIAV0_MIWT8_8_MO40_NTn1_NTA0_NTB0_NTC0_NTD4_NTM0_NEPBS0_NLCA1_NLCB1_ONLL1_PGR2_PLR1_PKA1_SIA3_SS1_SPO0_SRVW0_SSO0_SVW8_SK3_SKFTR0_SKXCCM0_TLDS1_ULSGRO0_USL1_UIOFGRO0_USFGRO0_VSn1_VWA8_VWB8_WSGRA0_WSGRB0_WS64_WG32_8_1,3.4395 3.4635,3.4348 3.4373,3.4017 3.3812,,
32768,14336,8192,False,bfloat16,in: 256x256,>=512,7168,28,0,128,tuned,asm,_ZN5aiter24bf16gemm_bf16_tn_256x256E,1569.1,1602.3,1614.2,dp,,nan,True,True,True,,True,0,2,2,2,,aiter::bf16gemm_bf16_tn_256x256,4.9035 4.9066,4.8101 4.7967,4.7943 4.7417,,
32768,16384,8192,False,bfloat16,in: 256x256,>=512,8192,32,0,128,tuned,asm,_ZN5aiter24bf16gemm_bf16_tn_256x256E,1565.4,1605.2,1599.8,dp,,nan,True,True,True,,True,0,2,2,2,,aiter::bf16gemm_bf16_tn_256x256,5.6277 5.6107,5.4827 5.4769,5.4518 5.5447,,
32768,57344,8192,False,bfloat16,in: 256x256,>=512,28672,112,0,128,tuned,asm,_ZN5aiter24bf16gemm_bf16_tn_256x256E,1568.5,1599.7,1553.4,dp,,nan,True,True,True,,True,0,2,2,2,,aiter::bf16gemm_bf16_tn_256x256,19.6531 19.6038,19.2965 19.1927,20.0580 19.5799,,
512,6144,12288,False,bfloat16,in: non-pow2 tile,<128,48,0,48,192,tuned,torch,native,930.9,425.1,968.1,one_tile,owner,432.5,True,True,True,True,True,0,2,2,2,Cijk_Alik_Bljk_BBS_BH_Bias_HA_S_SAV_UserArgs_MT192x128x128_MI16x16x1_SN_LDSB1_AFC0_AFEM1_AFEM1_ASEM1_CLR0_CADS0_DTLA0_DTLB0_DTVA0_DTVB0_EPS0_FDSI0_GRPM1_GRVWA8_GRVWB8_GSU0_GSUAMB_GLS0_ISA950_IU1_K1_LDSTI0_LBSPPA512_LBSPPB1024_LBSPPM0_LPA16_LPB16_LPM0_LRVW8_LWPMn1_MIAV0_MIWT6_4_MO40_NTn1_NTA0_NTB0_NTC1_NTD4_NTM0_NEPBS0_NLCA1_NLCB1_ONLL1_PGR2_PLR1_PKA1_SIA3_SS1_SPO0_SRVW0_SSO1_SVW2_SK3_SKFTR0_SKXCCM0_TLDS2_ULSGRO0_USL1_UIOFGRO0_USFGRO0_VSn1_VWA2_VWB4_WSGRA0_WSGRB0_WS64_WG32_8_1,Cijk_Alik_Bljk_BBS_BH_Bias_HA_S_SAV_UserArgs_MT192x128x128_MI16x16x1_SN_LDSB1_AFC0_AFEM1_AFEM1_ASEM1_CLR0_CADS0_DTLA0_DTLB0_DTVA0_DTVB0_EPS0_FDSI0_GRPM1_GRVWA8_GRVWB8_GSU0_GSUAMB_GLS0_ISA950_IU1_K1_LDSTI0_LBSPPA512_LBSPPB1024_LBSPPM0_LPA16_LPB16_LPM0_LRVW8_LWPMn1_MIAV0_MIWT6_4_MO40_NTn1_NTA0_NTB0_NTC1_NTD4_NTM0_NEPBS0_NLCA1_NLCB1_ONLL1_PGR2_PLR1_PKA1_SIA3_SS1_SPO0_SRVW0_SSO1_SVW2_SK3_SKFTR0_SKXCCM0_TLDS2_ULSGRO0_USL1_UIOFGRO0_USFGRO0_VSn1_VWA2_VWB4_WSGRA0_WSGRB0_WS64_WG32_8_1,0.0829 0.0832,0.1818 0.1819,0.0805 0.0792,0.1786 0.1789,
1024,6144,12288,False,bfloat16,in: non-pow2 tile,<128,96,0,96,192,tuned,torch,native,1190.3,838.0,1181.1,one_tile,owner,845.1,True,True,True,True,True,0,2,2,2,Cijk_Alik_Bljk_BBS_BH_Bias_HA_S_SAV_UserArgs_MT192x256x64_MI16x16x1_SN_LDSB0_AFC0_AFEM1_AFEM1_ASEM1_CLR1_CADS0_DTLA0_DTLB0_DTVA0_DTVB0_EPS0_FDSI0_GRPM1_GRVWA8_GRVWB8_GSU0_GSUAMB_GLS0_ISA950_IU1_K1_LDSTI0_LBSPPA256_LBSPPB1024_LBSPPM0_LPA16_LPB16_LPM0_LRVW8_LWPMn1_MIAV0_MIWT6_8_MO40_NTn1_NTA0_NTB0_NTC0_NTD0_NTM0_NEPBS0_NLCA1_NLCB1_ONLL1_PGR2_PLR1_PKA1_SIA3_SS1_SPO0_SRVW0_SSO0_SVW2_SK3_SKFTR0_SKXCCM0_TLDS1_ULSGRO0_USL1_UIOFGRO0_USFGRO0_VSn1_VWA2_VWB8_WSGRA0_WSGRB0_WS64_WG32_8_1,Cijk_Alik_Bljk_BBS_BH_Bias_HA_S_SAV_UserArgs_MT192x256x64_MI16x16x1_SN_LDSB0_AFC0_AFEM1_AFEM1_ASEM1_CLR1_CADS0_DTLA0_DTLB0_DTVA0_DTVB0_EPS0_FDSI0_GRPM1_GRVWA8_GRVWB8_GSU0_GSUAMB_GLS0_ISA950_IU1_K1_LDSTI0_LBSPPA256_LBSPPB1024_LBSPPM0_LPA16_LPB16_LPM0_LRVW8_LWPMn1_MIAV0_MIWT6_8_MO40_NTn1_NTA0_NTB0_NTC0_NTD0_NTM0_NEPBS0_NLCA1_NLCB1_ONLL1_PGR2_PLR1_PKA1_SIA3_SS1_SPO0_SRVW0_SSO0_SVW2_SK3_SKFTR0_SKXCCM0_TLDS1_ULSGRO0_USL1_UIOFGRO0_USFGRO0_VSn1_VWA2_VWB8_WSGRA0_WSGRB0_WS64_WG32_8_1,0.1297 0.1301,0.1844 0.1847,0.1309 0.1309,0.1832 0.1827,
2048,6144,12288,False,bfloat16,in: 256x256,128-255,192,0,192,192,tuned,torch,native,1392.7,1402.7,1403.8,dp,,nan,True,True,True,,True,0,2,2,2,Cijk_Alik_Bljk_BBS_BH_Bias_HA_S_SAV_UserArgs_MT192x256x64_MI16x16x1_SN_LDSB0_AFC0_AFEM1_AFEM1_ASEM1_CLR1_CADS0_DTLA0_DTLB0_DTVA0_DTVB0_EPS0_FDSI0_GRPM1_GRVWA8_GRVWB8_GSU0_GSUAMB_GLS0_ISA950_IU1_K1_LDSTI0_LBSPPA256_LBSPPB1024_LBSPPM0_LPA16_LPB16_LPM0_LRVW8_LWPMn1_MIAV0_MIWT6_8_MO40_NTn1_NTA0_NTB0_NTC0_NTD0_NTM0_NEPBS0_NLCA1_NLCB1_ONLL1_PGR2_PLR1_PKA1_SIA3_SS1_SPO0_SRVW0_SSO0_SVW2_SK3_SKFTR0_SKXCCM0_TLDS1_ULSGRO0_USL1_UIOFGRO0_USFGRO0_VSn1_VWA2_VWB8_WSGRA0_WSGRB0_WS64_WG32_8_1,Cijk_Alik_Bljk_BBS_BH_Bias_HA_S_SAV_UserArgs_MT192x256x64_MI16x16x1_SN_LDSB0_AFC0_AFEM1_AFEM1_ASEM1_CLR1_CADS0_DTLA0_DTLB0_DTVA0_DTVB0_EPS0_FDSI0_GRPM1_GRVWA8_GRVWB8_GSU0_GSUAMB_GLS0_ISA950_IU1_K1_LDSTI0_LBSPPA256_LBSPPB1024_LBSPPM0_LPA16_LPB16_LPM0_LRVW8_LWPMn1_MIAV0_MIWT6_8_MO40_NTn1_NTA0_NTB0_NTC0_NTD0_NTM0_NEPBS0_NLCA1_NLCB1_ONLL1_PGR2_PLR1_PKA1_SIA3_SS1_SPO0_SRVW0_SSO0_SVW2_SK3_SKFTR0_SKXCCM0_TLDS1_ULSGRO0_USL1_UIOFGRO0_USFGRO0_VSn1_VWA2_VWB8_WSGRA0_WSGRB0_WS64_WG32_8_1,0.2221 0.2220,0.2204 0.2205,0.2204 0.2202,,
4096,6144,12288,False,bfloat16,in: non-pow2 tile,256-511,384,1,128,192,tuned,torch,native,1388.5,1377.0,1534.7,one_tile,owner,1374.9,True,True,True,True,True,0,2,2,2,Cijk_Alik_Bljk_BBS_BH_Bias_HA_S_SAV_UserArgs_MT192x256x64_MI16x16x1_SN_LDSB0_AFC0_AFEM1_AFEM1_ASEM1_CLR1_CADS0_DTLA0_DTLB0_DTVA0_DTVB0_EPS0_FDSI0_GRPM1_GRVWA8_GRVWB8_GSU0_GSUAMB_GLS0_ISA950_IU1_K1_LDSTI0_LBSPPA256_LBSPPB1024_LBSPPM0_LPA16_LPB16_LPM0_LRVW8_LWPMn1_MIAV0_MIWT6_8_MO40_NTn1_NTA0_NTB0_NTC0_NTD0_NTM0_NEPBS0_NLCA1_NLCB1_ONLL1_PGR2_PLR1_PKA1_SIA3_SS1_SPO0_SRVW0_SSO0_SVW2_SK3_SKFTR0_SKXCCM0_TLDS1_ULSGRO0_USL1_UIOFGRO0_USFGRO0_VSn1_VWA2_VWB8_WSGRA0_WSGRB0_WS64_WG32_8_1,Cijk_Alik_Bljk_BBS_BH_Bias_HA_S_SAV_UserArgs_MT192x256x64_MI16x16x1_SN_LDSB0_AFC0_AFEM1_AFEM1_ASEM1_CLR1_CADS0_DTLA0_DTLB0_DTVA0_DTVB0_EPS0_FDSI0_GRPM1_GRVWA8_GRVWB8_GSU0_GSUAMB_GLS0_ISA950_IU1_K1_LDSTI0_LBSPPA256_LBSPPB1024_LBSPPM0_LPA16_LPB16_LPM0_LRVW8_LWPMn1_MIAV0_MIWT6_8_MO40_NTn1_NTA0_NTB0_NTC0_NTD0_NTM0_NEPBS0_NLCA1_NLCB1_ONLL1_PGR2_PLR1_PKA1_SIA3_SS1_SPO0_SRVW0_SSO0_SVW2_SK3_SKFTR0_SKXCCM0_TLDS1_ULSGRO0_USL1_UIOFGRO0_USFGRO0_VSn1_VWA2_VWB8_WSGRA0_WSGRB0_WS64_WG32_8_1,0.4482 0.4427,0.4485 0.4498,0.4031 0.4029,0.4485 0.4512,
8192,6144,12288,False,bfloat16,in: 256x256,>=512,768,3,0,192,tuned,torch,native,1590.8,1592.8,1601.3,dp,,nan,True,True,True,,True,0,2,2,2,Cijk_Alik_Bljk_BBS_BH_Bias_HA_S_SAV_UserArgs_MT256x256x64_MI16x16x1_CMS_SN_LDSB0_AFC0_AFEM1_AFEM1_ASEM1_CLR1_CADS0_DTLA1_DTLB1_DTVA0_DTVB0_EPS0_FDSI0_GRPM1_GRVWA8_GRVWB8_GSU0_GSUAMB_GLS0_ISA950_IU1_K1_LDSTI0_LBSPPA1024_LBSPPB1024_LBSPPM0_LPA16_LPB16_LPM0_LRVW8_LWPMn1_MIAV0_MIWT8_8_MO40_NTn1_NTA0_NTB0_NTC0_NTD4_NTM0_NEPBS0_NLCA1_NLCB1_ONLL1_PGR2_PLR1_PKA1_SIA3_SS1_SPO0_SRVW0_SSO0_SVW8_SK3_SKFTR0_SKXCCM0_TLDS1_ULSGRO0_USL1_UIOFGRO0_USFGRO0_VSn1_VWA8_VWB8_WSGRA0_WSGRB0_WS64_WG32_8_1,Cijk_Alik_Bljk_BBS_BH_Bias_HA_S_SAV_UserArgs_MT256x256x64_MI16x16x1_CMS_SN_LDSB0_AFC0_AFEM1_AFEM1_ASEM1_CLR1_CADS0_DTLA1_DTLB1_DTVA0_DTVB0_EPS0_FDSI0_GRPM1_GRVWA8_GRVWB8_GSU0_GSUAMB_GLS0_ISA950_IU1_K1_LDSTI0_LBSPPA1024_LBSPPB1024_LBSPPM0_LPA16_LPB16_LPM0_LRVW8_LWPMn1_MIAV0_MIWT8_8_MO40_NTn1_NTA0_NTB0_NTC0_NTD4_NTM0_NEPBS0_NLCA1_NLCB1_ONLL1_PGR2_PLR1_PKA1_SIA3_SS1_SPO0_SRVW0_SSO0_SVW8_SK3_SKFTR0_SKXCCM0_TLDS1_ULSGRO0_USL1_UIOFGRO0_USFGRO0_VSn1_VWA8_VWB8_WSGRA0_WSGRB0_WS64_WG32_8_1,0.7765 0.7787,0.7757 0.7775,0.7728 0.7721,,
16384,6144,12288,False,bfloat16,in: 256x256,>=512,1536,6,0,192,tuned,torch,native,1595.6,1575.3,1591.1,dp,,nan,True,True,True,,True,0,2,2,2,Cijk_Alik_Bljk_BBS_BH_Bias_HA_S_SAV_UserArgs_MT256x256x64_MI16x16x1_CMS_SN_LDSB0_AFC0_AFEM1_AFEM1_ASEM1_CLR1_CADS0_DTLA1_DTLB1_DTVA0_DTVB0_EPS0_FDSI0_GRPM1_GRVWA8_GRVWB8_GSU0_GSUAMB_GLS0_ISA950_IU1_K1_LDSTI0_LBSPPA1024_LBSPPB1024_LBSPPM0_LPA16_LPB16_LPM0_LRVW8_LWPMn1_MIAV0_MIWT8_8_MO40_NTn1_NTA0_NTB0_NTC0_NTD4_NTM0_NEPBS0_NLCA1_NLCB1_ONLL1_PGR2_PLR1_PKA1_SIA3_SS1_SPO0_SRVW0_SSO0_SVW8_SK3_SKFTR0_SKXCCM0_TLDS1_ULSGRO0_USL1_UIOFGRO0_USFGRO0_VSn1_VWA8_VWB8_WSGRA0_WSGRB0_WS64_WG32_8_1,Cijk_Alik_Bljk_BBS_BH_Bias_HA_S_SAV_UserArgs_MT256x256x64_MI16x16x1_CMS_SN_LDSB0_AFC0_AFEM1_AFEM1_ASEM1_CLR1_CADS0_DTLA1_DTLB1_DTVA0_DTVB0_EPS0_FDSI0_GRPM1_GRVWA8_GRVWB8_GSU0_GSUAMB_GLS0_ISA950_IU1_K1_LDSTI0_LBSPPA1024_LBSPPB1024_LBSPPM0_LPA16_LPB16_LPM0_LRVW8_LWPMn1_MIAV0_MIWT8_8_MO40_NTn1_NTA0_NTB0_NTC0_NTD4_NTM0_NEPBS0_NLCA1_NLCB1_ONLL1_PGR2_PLR1_PKA1_SIA3_SS1_SPO0_SRVW0_SSO0_SVW8_SK3_SKFTR0_SKXCCM0_TLDS1_ULSGRO0_USL1_UIOFGRO0_USFGRO0_VSn1_VWA8_VWB8_WSGRA0_WSGRB0_WS64_WG32_8_1,1.5557 1.5452,1.5702 1.5707,1.5596 1.5500,,
32768,6144,12288,False,bfloat16,in: 256x256,>=512,3072,12,0,192,tuned,asm,_ZN5aiter24bf16gemm_bf16_tn_256x256E,1573.3,1577.7,1599.2,dp,,nan,True,True,True,,True,0,2,2,2,,aiter::bf16gemm_bf16_tn_256x256,3.1510 3.1387,3.1355 3.1368,3.1003 3.0874,,
512,16384,13312,False,bfloat16,in: 256x256,128-255,128,0,128,208,tuned,flydsl,flydsl_hgemm_abf16_wbf16_bf16_t128x128x128x2_ks1_w4x2x1_bias0_ktail0_gm0_pft_gfx950,701.2,919.1,1277.9,one_tile,owner,929.7,True,True,True,True,True,0,2,2,2,,hgemm_bf16_t128x128x128x2_ks1_w4x2x1_gm0_bias0_lnt_pft_0,0.3189 0.3181,0.2425 0.2435,0.1743 0.1752,0.2394 0.2411,
1024,16384,13312,False,bfloat16,in: 256x256,256-511,256,1,0,208,tuned,asm,_ZN5aiter24bf16gemm_bf16_tn_256x256E,1490.9,1541.8,1535.7,dp,,nan,True,True,True,,True,0,2,2,2,,aiter::bf16gemm_bf16_tn_256x256,0.3017 0.2975,0.2901 0.2894,0.2913 0.2904,,
2048,16384,13312,False,bfloat16,in: 256x256,>=512,512,2,0,208,tuned,flydsl,flydsl_hgemm_abf16_wbf16_bf16_t128x128x64x2_ks1_w2x4x1_bias0_ktail0_gm0_pft_gfx950,1014.3,1589.8,1591.9,dp,,nan,True,True,True,,True,0,2,2,2,,hgemm_bf16_t128x128x64x2_ks1_w2x4x1_gm0_bias0_lnt_pft_0,0.8839 0.8776,0.5619 0.5620,0.5609 0.5615,,
4096,16384,13312,False,bfloat16,in: 256x256,>=512,1024,4,0,208,tuned,flydsl,flydsl_hgemm_abf16_wbf16_bf16_t256x256x64x2_ks1_w2x4x1_bias0_ktail0_gm4_pht_gfx950,1560.9,1614.9,1627.1,dp,,nan,True,True,True,,True,0,2,2,2,,hgemm_bf16_t256x256x64x2_ks1_w2x4x1_gm4_bias0_lnt_phti_0,1.1475 1.1418,1.1049 1.1080,1.0986 1.0976,,
8192,16384,13312,False,bfloat16,in: 256x256,>=512,2048,8,0,208,tuned,flydsl,flydsl_hgemm_abf16_wbf16_bf16_t256x256x64x2_ks1_w2x4x1_bias0_ktail0_gm4_pht_gfx950,1541.8,1594.3,1616.2,dp,,nan,True,True,True,,True,0,2,2,2,,hgemm_bf16_t256x256x64x2_ks1_w2x4x1_gm4_bias0_lnt_phti_0,2.3243 2.3110,2.2426 2.2401,2.2146 2.2075,,
16384,16384,13312,False,bfloat16,in: 256x256,>=512,4096,16,0,208,tuned,asm,_ZN5aiter24bf16gemm_bf16_tn_256x256E,1552.9,1591.7,1614.3,dp,,nan,True,True,True,,True,0,4,4,4,,aiter::bf16gemm_bf16_tn_256x256,4.6137 4.5907,4.4893 4.4910,4.4342 4.4204,,
32768,16384,13312,False,bfloat16,in: 256x256,>=512,8192,32,0,208,tuned,flydsl,flydsl_hgemm_abf16_wbf16_bf16_t256x256x64x2_ks1_w2x4x1_bias0_ktail0_gm4_pht_gfx950,1538.4,1588.9,1613.6,dp,,nan,True,True,True,,True,0,2,2,2,,hgemm_bf16_t256x256x64x2_ks1_w2x4x1_gm4_bias0_lnt_phti_0,9.3142 9.2688,9.0086 8.9835,8.8872 8.8297,,
512,2304,16384,False,bfloat16,in: other listed tile,<128,18,0,18,256,tuned,torch,native,737.7,161.8,555.2,one_tile,rs,165.2,True,True,True,True,True,0,2,2,2,Cijk_Alik_Bljk_BBS_BH_Bias_HA_S_SAV_UserArgs_MT256x128x64_MI16x16x1_SN_LDSB1_AFC0_AFEM1_AFEM1_ASEM1_CLR1_CADS0_DTLA0_DTLB0_DTVA0_DTVB0_EPS0_FDSI0_GRPM1_GRVWA8_GRVWB8_GSU0_GSUAMB_GLS0_ISA950_IU1_K1_LDSTI0_LBSPPA1024_LBSPPB512_LBSPPM0_LPA16_LPB16_LPM0_LRVW8_LWPMn1_MIAV0_MIWT8_4_MO40_NTn1_NTA0_NTB0_NTC0_NTD0_NTM0_NEPBS0_NLCA1_NLCB1_ONLL1_PGR2_PLR1_PKA1_SIA3_SS1_SPO0_SRVW0_SSO0_SVW8_SK3_SKFTR0_SKXCCM0_TLDS1_ULSGRO0_USL1_UIOFGRO0_USFGRO0_VSn1_VWA8_VWB4_WSGRA0_WSGRB0_WS64_WG32_8_1 | Cijk_SB_BiasS_HAS_ScaleAlphaVec_PostGSU8_VW4,Cijk_Alik_Bljk_BBS_BH_Bias_HA_S_SAV_UserArgs_MT256x128x64_MI16x16x1_SN_LDSB1_AFC0_AFEM1_AFEM1_ASEM1_CLR1_CADS0_DTLA0_DTLB0_DTVA0_DTVB0_EPS0_FDSI0_GRPM1_GRVWA8_GRVWB8_GSU0_GSUAMB_GLS0_ISA950_IU1_K1_LDSTI0_LBSPPA1024_LBSPPB512_LBSPPM0_LPA16_LPB16_LPM0_LRVW8_LWPMn1_MIAV0_MIWT8_4_MO40_NTn1_NTA0_NTB0_NTC0_NTD0_NTM0_NEPBS0_NLCA1_NLCB1_ONLL1_PGR2_PLR1_PKA1_SIA3_SS1_SPO0_SRVW0_SSO0_SVW8_SK3_SKFTR0_SKXCCM0_TLDS1_ULSGRO0_USL1_UIOFGRO0_USFGRO0_VSn1_VWA8_VWB4_WSGRA0_WSGRB0_WS64_WG32_8_1 | Cijk_SB_BiasS_HAS_ScaleAlphaVec_PostGSU8_VW4,0.0524 0.0524,0.2394 0.2383,0.0707 0.0686,0.2340 0.2339,
512,4608,16384,False,bfloat16,out: smaller tile,<128,36,0,36,256,tuned,flydsl,flydsl_hgemm_abf16_wbf16_bf16_t64x64x64x3_ks1_w1x1x1_bias0_ktail0_gm4_pft_gfx950,580.6,321.8,896.9,one_tile,owner,327.2,True,True,True,True,True,0,2,2,2,,hgemm_bf16_t64x64x64x3_ks1_w1x1x1_gm4_bias0_lnt_pft_0,0.1334 0.1329,0.2401 0.2403,0.0865 0.0859,0.2368 0.2358,
512,9216,16384,False,bfloat16,in: other listed tile,<128,72,0,72,256,tuned,flydsl,flydsl_hgemm_abf16_wbf16_bf16_t256x128x64x2_ks1_w2x2x1_bias0_ktail0_gm0_pht_gfx950,642.7,588.6,1078.8,one_tile,owner,593.3,True,True,True,True,True,0,2,2,2,,hgemm_bf16_t256x128x64x2_ks1_w2x2x1_gm0_bias0_lnt_phti_0,0.2406 0.2406,0.2628 0.2627,0.1433 0.1433,0.2612 0.2600,
512,13312,16384,False,bfloat16,in: 256x256,<128,104,0,104,256,tuned,flydsl,flydsl_hgemm_abf16_wbf16_bf16_t64x128x64x5_ks1_w1x2x2_bias0_ktail0_gm4_pft_gfx950,542.2,779.2,1164.0,one_tile,owner,791.9,False,True,True,True,True,0,4,2,2,,hgemm_bf16_t64x128x64x5_ks1_w1x2x2_gm4_bias0_lnt_pft_0,0.4128 0.4111,0.2863 0.2870,0.1921 0.1916,0.2795 0.2846,
512,26624,16384,False,bfloat16,in: 256x256,128-255,208,0,208,256,tuned,flydsl,flydsl_hgemm_abf16_wbf16_bf16_t128x256x64x2_ks1_w4x4x1_bias0_ktail0_gm4_pft_gfx950,773.4,1269.4,1276.4,dp,,nan,True,True,True,,True,0,2,2,2,,hgemm_bf16_t128x256x64x2_ks1_w4x4x1_gm4_bias0_lnt_pft_0,0.5787 0.5764,0.3478 0.3560,0.3532 0.3467,,
512,53248,16384,False,bfloat16,in: 256x256,256-511,416,1,160,256,tuned,flydsl,flydsl_hgemm_abf16_wbf16_bf16_t128x128x64x2_ks1_w2x4x1_bias0_ktail0_gm0_pht_gfx950,652.5,1301.2,1316.8,dp,,nan,True,True,True,,True,0,2,2,2,,hgemm_bf16_t128x128x64x2_ks1_w2x4x1_gm0_bias0_lnt_phti_0,1.3679 1.3703,0.6869 0.6862,0.6784 0.6785,,
1024,2304,16384,False,bfloat16,in: 256x256,<128,36,0,36,256,tuned,torch,native,897.3,321.6,846.1,one_tile,owner,327.8,True,True,True,True,True,0,2,2,2,Cijk_Alik_Bljk_BBS_BH_Bias_HA_S_SAV_UserArgs_MT256x256x64_MI16x16x1_CMS_SN_LDSB0_AFC0_AFEM1_AFEM1_ASEM1_CLR1_CADS0_DTLA1_DTLB1_DTVA0_DTVB0_EPS0_FDSI0_GRPM1_GRVWA8_GRVWB8_GSU0_GSUAMB_GLS0_ISA950_IU1_K1_LDSTI0_LBSPPA1024_LBSPPB1024_LBSPPM0_LPA16_LPB16_LPM0_LRVW8_LWPMn1_MIAV0_MIWT8_8_MO40_NTn1_NTA0_NTB0_NTC0_NTD4_NTM0_NEPBS0_NLCA1_NLCB1_ONLL1_PGR2_PLR1_PKA1_SIA3_SS1_SPO0_SRVW0_SSO0_SVW8_SK3_SKFTR0_SKXCCM0_TLDS1_ULSGRO0_USL1_UIOFGRO0_USFGRO0_VSn1_VWA8_VWB8_WSGRA0_WSGRB0_WS64_WG32_8_1 | Cijk_SB_BiasS_HAS_ScaleAlphaVec_PostGSU8_VW4,Cijk_Alik_Bljk_BBS_BH_Bias_HA_S_SAV_UserArgs_MT256x256x64_MI16x16x1_CMS_SN_LDSB0_AFC0_AFEM1_AFEM1_ASEM1_CLR1_CADS0_DTLA1_DTLB1_DTVA0_DTVB0_EPS0_FDSI0_GRPM1_GRVWA8_GRVWB8_GSU0_GSUAMB_GLS0_ISA950_IU1_K1_LDSTI0_LBSPPA1024_LBSPPB1024_LBSPPM0_LPA16_LPB16_LPM0_LRVW8_LWPMn1_MIAV0_MIWT8_8_MO40_NTn1_NTA0_NTB0_NTC0_NTD4_NTM0_NEPBS0_NLCA1_NLCB1_ONLL1_PGR2_PLR1_PKA1_SIA3_SS1_SPO0_SRVW0_SSO0_SVW8_SK3_SKFTR0_SKXCCM0_TLDS1_ULSGRO0_USL1_UIOFGRO0_USFGRO0_VSn1_VWA8_VWB8_WSGRA0_WSGRB0_WS64_WG32_8_1 | Cijk_SB_BiasS_HAS_ScaleAlphaVec_PostGSU8_VW4,0.0867 0.0856,0.2405 0.2404,0.0920 0.0907,0.2365 0.2351,
1024,4608,16384,False,bfloat16,in: other listed tile,<128,72,0,72,256,tuned,flydsl,flydsl_hgemm_abf16_wbf16_bf16_t128x128x64x2_ks1_w4x2x1_bias0_ktail0_gm4_pft_gfx950,841.2,639.8,1220.4,one_tile,owner,641.9,True,True,True,True,True,0,2,2,2,,hgemm_bf16_t128x128x64x2_ks1_w4x2x1_gm4_bias0_lnt_pft_0,0.1835 0.1841,0.2419 0.2415,0.1268 0.1266,0.2412 0.2405,
1024,9216,16384,False,bfloat16,in: 256x256,128-255,144,0,144,256,tuned,flydsl,flydsl_hgemm_abf16_wbf16_bf16_t128x256x64x2_ks1_w2x4x1_bias0_ktail0_gm0_pht_gfx950,717.8,1130.0,1128.3,dp,,nan,True,True,True,,True,0,2,2,2,,hgemm_bf16_t128x256x64x2_ks1_w2x4x1_gm0_bias0_lnt_phti_0,0.4316 0.4300,0.2737 0.2737,0.2740 0.2741,,
1024,13312,16384,False,bfloat16,in: 256x256,128-255,208,0,208,256,tuned,asm,_ZN5aiter24bf16gemm_bf16_tn_256x256E,1343.3,1366.0,1369.2,dp,,nan,True,True,True,,True,0,2,2,2,,aiter::bf16gemm_bf16_tn_256x256,0.3331 0.3319,0.3267 0.3273,0.3263 0.3261,,
1024,26624,16384,False,bfloat16,in: 256x256,256-511,416,1,160,256,tuned,flydsl,flydsl_hgemm_abf16_wbf16_bf16_t128x256x64x3_ks1_w2x4x1_bias0_ktail0_gm4_pft_gfx950,956.3,1385.7,1394.2,dp,,nan,True,True,True,,True,0,2,2,2,,hgemm_bf16_t128x256x64x3_ks1_w2x4x1_gm4_bias0_lnt_pft_0,0.9350 0.9334,0.6460 0.6434,0.6416 0.6399,,
1024,53248,16384,False,bfloat16,in: 256x256,>=512,832,3,64,256,tuned,triton,auto,997.4,1391.9,1545.4,one_tile,owner,1404.7,True,True,True,True,True,0,2,2,2,,_gemm_a16_w16_kernel_BLOCK_SIZE_M_256_BLOCK_SIZE_N_256_BLOCK_SIZE_K_64_GROUP_SIZE_M_1_NUM_KSPLIT_1_SPLITK_BLOCK_SIZE_16384_EVEN_K_1_EVEN_MN_1_cache_modifier_NONE_activation_NONE_use_activation_0_ADD_BIAS_0_SKIP_REDUCE_0,1.7939 1.7887,1.2826 1.2846,1.1537 1.1586,1.2722 1.2717,
2048,2304,16384,False,bfloat16,in: 256x256,<128,72,0,72,256,tuned,torch,native,951.8,640.3,1219.5,one_tile,owner,647.1,True,True,True,True,True,0,2,2,2,Cijk_Alik_Bljk_BBS_BH_Bias_HA_S_SAV_UserArgs_MT256x256x64_MI16x16x1_CMS_SN_LDSB0_AFC0_AFEM1_AFEM1_ASEM1_CLR1_CADS0_DTLA1_DTLB1_DTVA0_DTVB0_EPS0_FDSI0_GRPM1_GRVWA8_GRVWB8_GSU0_GSUAMB_GLS0_ISA950_IU1_K1_LDSTI0_LBSPPA1024_LBSPPB1024_LBSPPM0_LPA16_LPB16_LPM0_LRVW8_LWPMn1_MIAV0_MIWT8_8_MO40_NTn1_NTA0_NTB0_NTC0_NTD4_NTM0_NEPBS0_NLCA1_NLCB1_ONLL1_PGR2_PLR1_PKA1_SIA3_SS1_SPO0_SRVW0_SSO0_SVW8_SK3_SKFTR0_SKXCCM0_TLDS1_ULSGRO0_USL1_UIOFGRO0_USFGRO0_VSn1_VWA8_VWB8_WSGRA0_WSGRB0_WS64_WG32_8_1,Cijk_Alik_Bljk_BBS_BH_Bias_HA_S_SAV_UserArgs_MT256x256x64_MI16x16x1_CMS_SN_LDSB0_AFC0_AFEM1_AFEM1_ASEM1_CLR1_CADS0_DTLA1_DTLB1_DTVA0_DTVB0_EPS0_FDSI0_GRPM1_GRVWA8_GRVWB8_GSU0_GSUAMB_GLS0_ISA950_IU1_K1_LDSTI0_LBSPPA1024_LBSPPB1024_LBSPPM0_LPA16_LPB16_LPM0_LRVW8_LWPMn1_MIAV0_MIWT8_8_MO40_NTn1_NTA0_NTB0_NTC0_NTD4_NTM0_NEPBS0_NLCA1_NLCB1_ONLL1_PGR2_PLR1_PKA1_SIA3_SS1_SPO0_SRVW0_SSO0_SVW8_SK3_SKFTR0_SKXCCM0_TLDS1_ULSGRO0_USL1_UIOFGRO0_USFGRO0_VSn1_VWA8_VWB8_WSGRA0_WSGRB0_WS64_WG32_8_1,0.1609 0.1640,0.2419 0.2411,0.1263 0.1273,0.2400 0.2379,
2048,4608,16384,False,bfloat16,in: 256x256,128-255,144,0,144,256,tuned,flydsl,flydsl_hgemm_abf16_wbf16_bf16_t256x128x64x3_ks1_w4x2x1_bias0_ktail0_gm4_pft_gfx950,731.8,1224.1,1219.5,dp,,nan,True,True,True,,True,0,2,2,2,,hgemm_bf16_t256x128x64x3_ks1_w4x2x1_gm4_bias0_lnt_pft_0,0.4231 0.4221,0.2527 0.2525,0.2537 0.2534,,
2048,9216,16384,False,bfloat16,in: 256x256,256-511,288,1,32,256,tuned,flydsl,flydsl_hgemm_abf16_wbf16_bf16_t128x128x128x2_ks1_w2x2x1_bias0_ktail0_gm4_pht_gfx950,918.5,1090.4,1463.7,one_tile,rs,1105.3,True,True,True,True,True,0,4,4,4,,hgemm_bf16_t128x128x128x2_ks1_w2x2x1_gm4_bias0_lnt_phti_0,0.6746 0.6722,0.5654 0.5691,0.4232 0.4219,0.5588 0.5604,
2048,13312,16384,False,bfloat16,in: 256x256,256-511,416,1,160,256,tuned,flydsl,flydsl_hgemm_abf16_wbf16_bf16_t256x256x64x2_ks1_w2x4x1_bias0_ktail0_gm4_pht_gfx950,1368.9,1416.9,1428.2,dp,,nan,True,True,True,,True,0,4,4,4,,hgemm_bf16_t256x256x64x2_ks1_w2x4x1_gm4_bias0_lnt_phti_0,0.6536 0.6516,0.6316 0.6294,0.6240 0.6270,,
2048,26624,16384,False,bfloat16,in: 256x256,>=512,832,3,64,256,tuned,flydsl,flydsl_hgemm_abf16_wbf16_bf16_t128x128x64x4_ks1_w2x2x1_bias0_ktail0_gm4_pft_gfx950,915.7,1405.8,1569.2,one_tile,owner,1423.2,True,True,True,True,True,0,4,4,4,,hgemm_bf16_t128x128x64x4_ks1_w2x2x1_gm4_bias0_lnt_pft_0,1.9523 1.9499,1.2689 1.2731,1.1401 1.1371,1.2541 1.2568,
2048,53248,16384,False,bfloat16,in: 256x256,>=512,1664,6,128,256,tuned,flydsl,flydsl_hgemm_abf16_wbf16_bf16_t128x256x64x3_ks1_w2x4x1_bias0_ktail0_gm0_pft_gfx950,816.5,1526.4,1604.9,one_tile,owner,1546.6,True,True,True,True,True,0,4,4,4,,hgemm_bf16_t128x256x64x3_ks1_w2x4x1_gm0_bias0_lnt_pft_0,4.3774 4.3760,2.3466 2.3357,2.2266 2.2264,2.3128 2.3081,
4096,2304,16384,False,bfloat16,in: non-pow2 tile,128-255,144,0,144,256,tuned,torch,native,1307.6,1214.6,1221.0,dp,,nan,True,True,True,,True,0,2,2,2,Cijk_Alik_Bljk_BBS_BH_Bias_HA_S_SAV_UserArgs_MT144x256x64_MI16x16x1_SN_LDSB0_AFC0_AFEM1_AFEM1_ASEM1_CLR1_CADS0_DTLA0_DTLB0_DTVA0_DTVB0_EPS0_FDSI0_GRPM1_GRVWA4_GRVWB8_GSU0_GSUAMB_GLS0_ISA950_IU1_K1_LDSTI0_LBSPPA128_LBSPPB512_LBSPPM0_LPA16_LPB16_LPM0_LRVW8_LWPMn1_MIAV0_MIWT9_4_MO40_NTn1_NTA0_NTB0_NTC0_NTD0_NTM0_NEPBS0_NLCA1_NLCB1_ONLL1_PGR2_PLR1_PKA1_SIA3_SS1_SPO0_SRVW0_SSO0_SVW1_SK3_SKFTR0_SKXCCM0_TLDS1_ULSGRO0_USL1_UIOFGRO0_USFGRO0_VSn1_VWA1_VWB4_WSGRA0_WSGRB0_WS64_WG16_16_1,Cijk_Alik_Bljk_BBS_BH_Bias_HA_S_SAV_UserArgs_MT144x256x64_MI16x16x1_SN_LDSB0_AFC0_AFEM1_AFEM1_ASEM1_CLR1_CADS0_DTLA0_DTLB0_DTVA0_DTVB0_EPS0_FDSI0_GRPM1_GRVWA4_GRVWB8_GSU0_GSUAMB_GLS0_ISA950_IU1_K1_LDSTI0_LBSPPA128_LBSPPB512_LBSPPM0_LPA16_LPB16_LPM0_LRVW8_LWPMn1_MIAV0_MIWT9_4_MO40_NTn1_NTA0_NTB0_NTC0_NTD0_NTM0_NEPBS0_NLCA1_NLCB1_ONLL1_PGR2_PLR1_PKA1_SIA3_SS1_SPO0_SRVW0_SSO0_SVW1_SK3_SKFTR0_SKXCCM0_TLDS1_ULSGRO0_USL1_UIOFGRO0_USFGRO0_VSn1_VWA1_VWB4_WSGRA0_WSGRB0_WS64_WG16_16_1,0.2370 0.2360,0.2548 0.2544,0.2532 0.2534,,
4096,4608,16384,False,bfloat16,in: non-pow2 tile,256-511,288,1,32,256,tuned,torch,native,1260.7,1098.4,1479.8,one_tile,rs,1108.5,True,True,True,True,True,0,2,2,2,Cijk_Alik_Bljk_BBS_BH_Bias_HA_S_SAV_UserArgs_MT144x256x64_MI16x16x1_SN_LDSB0_AFC0_AFEM1_AFEM1_ASEM1_CLR1_CADS0_DTLA0_DTLB0_DTVA0_DTVB0_EPS0_FDSI0_GRPM1_GRVWA4_GRVWB8_GSU0_GSUAMB_GLS0_ISA950_IU1_K1_LDSTI0_LBSPPA128_LBSPPB512_LBSPPM0_LPA16_LPB16_LPM0_LRVW8_LWPMn1_MIAV0_MIWT9_4_MO40_NTn1_NTA0_NTB0_NTC0_NTD0_NTM0_NEPBS0_NLCA1_NLCB1_ONLL1_PGR2_PLR1_PKA1_SIA3_SS1_SPO0_SRVW0_SSO0_SVW1_SK3_SKFTR0_SKXCCM0_TLDS1_ULSGRO0_USL1_UIOFGRO0_USFGRO0_VSn1_VWA1_VWB4_WSGRA0_WSGRB0_WS64_WG16_16_1,Cijk_Alik_Bljk_BBS_BH_Bias_HA_S_SAV_UserArgs_MT144x256x64_MI16x16x1_SN_LDSB0_AFC0_AFEM1_AFEM1_ASEM1_CLR1_CADS0_DTLA0_DTLB0_DTVA0_DTVB0_EPS0_FDSI0_GRPM1_GRVWA4_GRVWB8_GSU0_GSUAMB_GLS0_ISA950_IU1_K1_LDSTI0_LBSPPA128_LBSPPB512_LBSPPM0_LPA16_LPB16_LPM0_LRVW8_LWPMn1_MIAV0_MIWT9_4_MO40_NTn1_NTA0_NTB0_NTC0_NTD0_NTM0_NEPBS0_NLCA1_NLCB1_ONLL1_PGR2_PLR1_PKA1_SIA3_SS1_SPO0_SRVW0_SSO0_SVW1_SK3_SKFTR0_SKXCCM0_TLDS1_ULSGRO0_USL1_UIOFGRO0_USFGRO0_VSn1_VWA1_VWB4_WSGRA0_WSGRB0_WS64_WG16_16_1,0.4889 0.4922,0.5624 0.5637,0.4177 0.4182,0.5596 0.5563,
4096,9216,16384,False,bfloat16,in: 256x256,>=512,576,2,64,256,tuned,torch,native,1338.2,1374.3,1564.5,one_tile,owner,1381.2,True,True,True,True,True,0,4,4,4,Cijk_Alik_Bljk_BBS_BH_Bias_HA_S_SAV_UserArgs_MT192x256x64_MI16x16x1_SN_LDSB0_AFC0_AFEM1_AFEM1_ASEM1_CLR1_CADS0_DTLA0_DTLB0_DTVA0_DTVB0_EPS0_FDSI0_GRPM1_GRVWA8_GRVWB8_GSU0_GSUAMB_GLS0_ISA950_IU1_K1_LDSTI0_LBSPPA256_LBSPPB1024_LBSPPM0_LPA16_LPB16_LPM0_LRVW8_LWPMn1_MIAV0_MIWT6_8_MO40_NTn1_NTA0_NTB0_NTC0_NTD0_NTM0_NEPBS0_NLCA1_NLCB1_ONLL1_PGR2_PLR1_PKA1_SIA3_SS1_SPO0_SRVW0_SSO0_SVW2_SK3_SKFTR0_SKXCCM0_TLDS1_ULSGRO0_USL1_UIOFGRO0_USFGRO0_VSn1_VWA2_VWB8_WSGRA0_WSGRB0_WS64_WG32_8_1,Cijk_Alik_Bljk_BBS_BH_Bias_HA_S_SAV_UserArgs_MT192x256x64_MI16x16x1_SN_LDSB0_AFC0_AFEM1_AFEM1_ASEM1_CLR1_CADS0_DTLA0_DTLB0_DTVA0_DTVB0_EPS0_FDSI0_GRPM1_GRVWA8_GRVWB8_GSU0_GSUAMB_GLS0_ISA950_IU1_K1_LDSTI0_LBSPPA256_LBSPPB1024_LBSPPM0_LPA16_LPB16_LPM0_LRVW8_LWPMn1_MIAV0_MIWT6_8_MO40_NTn1_NTA0_NTB0_NTC0_NTD0_NTM0_NEPBS0_NLCA1_NLCB1_ONLL1_PGR2_PLR1_PKA1_SIA3_SS1_SPO0_SRVW0_SSO0_SVW2_SK3_SKFTR0_SKXCCM0_TLDS1_ULSGRO0_USL1_UIOFGRO0_USFGRO0_VSn1_VWA2_VWB8_WSGRA0_WSGRB0_WS64_WG32_8_1,0.9249 0.9239,0.8991 0.9010,0.7904 0.7909,0.8962 0.8949,
4096,13312,16384,False,bfloat16,in: 256x256,>=512,832,3,64,256,tuned,flydsl,flydsl_hgemm_abf16_wbf16_bf16_t256x256x64x2_ks1_w2x4x1_bias0_ktail0_gm4_pht_gfx950,1385.7,1422.6,1584.6,one_tile,owner,1430.9,True,True,True,True,True,0,4,4,4,,hgemm_bf16_t256x256x64x2_ks1_w2x4x1_gm4_bias0_lnt_phti_0,1.2884 1.2903,1.2553 1.2566,1.1290 1.1260,1.2497 1.2477,
4096,26624,16384,False,bfloat16,in: 256x256,>=512,1664,6,128,256,tuned,flydsl,flydsl_hgemm_abf16_wbf16_bf16_t256x256x64x2_ks1_w2x4x1_bias0_ktail0_gm4_pht_gfx950,1508.8,1538.8,1614.9,one_tile,owner,1563.4,True,True,True,True,True,0,4,4,4,,hgemm_bf16_t256x256x64x2_ks1_w2x4x1_gm4_bias0_lnt_phti_0,2.3737 2.3630,2.3222 2.3223,2.2145 2.2111,2.2826 2.2887,
4096,53248,16384,False,bfloat16,in: 256x256,>=512,3328,13,0,256,tuned,flydsl,flydsl_hgemm_abf16_wbf16_bf16_t256x256x64x2_ks1_w2x4x1_bias0_ktail0_gm4_pht_gfx950,1569.0,1616.9,1631.6,dp,,nan,True,True,True,,True,0,4,4,4,,hgemm_bf16_t256x256x64x2_ks1_w2x4x1_gm4_bias0_lnt_phti_0,4.5724 4.5374,4.4203 4.4197,4.3818 4.3787,,
8192,2304,16384,False,bfloat16,in: non-pow2 tile,256-511,288,1,32,256,tuned,torch,native,1201.8,1044.2,1407.1,one_tile,rs,1048.5,True,True,True,True,True,0,4,4,4,Cijk_Alik_Bljk_BBS_BH_Bias_HA_S_SAV_UserArgs_MT144x256x64_MI16x16x1_SN_LDSB0_AFC0_AFEM1_AFEM1_ASEM1_CLR1_CADS0_DTLA0_DTLB0_DTVA0_DTVB0_EPS0_FDSI0_GRPM1_GRVWA4_GRVWB8_GSU0_GSUAMB_GLS0_ISA950_IU1_K1_LDSTI0_LBSPPA128_LBSPPB512_LBSPPM0_LPA16_LPB16_LPM0_LRVW8_LWPMn1_MIAV0_MIWT9_4_MO40_NTn1_NTA0_NTB0_NTC0_NTD0_NTM0_NEPBS0_NLCA1_NLCB1_ONLL1_PGR2_PLR1_PKA1_SIA3_SS1_SPO0_SRVW0_SSO0_SVW1_SK3_SKFTR0_SKXCCM0_TLDS1_ULSGRO0_USL1_UIOFGRO0_USFGRO0_VSn1_VWA1_VWB4_WSGRA0_WSGRB0_WS64_WG16_16_1,Cijk_Alik_Bljk_BBS_BH_Bias_HA_S_SAV_UserArgs_MT144x256x64_MI16x16x1_SN_LDSB0_AFC0_AFEM1_AFEM1_ASEM1_CLR1_CADS0_DTLA0_DTLB0_DTVA0_DTVB0_EPS0_FDSI0_GRPM1_GRVWA4_GRVWB8_GSU0_GSUAMB_GLS0_ISA950_IU1_K1_LDSTI0_LBSPPA128_LBSPPB512_LBSPPM0_LPA16_LPB16_LPM0_LRVW8_LWPMn1_MIAV0_MIWT9_4_MO40_NTn1_NTA0_NTB0_NTC0_NTD0_NTM0_NEPBS0_NLCA1_NLCB1_ONLL1_PGR2_PLR1_PKA1_SIA3_SS1_SPO0_SRVW0_SSO0_SVW1_SK3_SKFTR0_SKXCCM0_TLDS1_ULSGRO0_USL1_UIOFGRO0_USFGRO0_VSn1_VWA1_VWB4_WSGRA0_WSGRB0_WS64_WG16_16_1,0.5152 0.5140,0.5924 0.5921,0.4399 0.4391,0.5918 0.5879,
8192,4608,16384,False,bfloat16,in: non-pow2 tile,>=512,576,2,64,256,tuned,torch,native,1366.6,1267.1,1505.7,one_tile,owner,1243.7,True,True,True,True,True,0,4,4,4,Cijk_Alik_Bljk_BBS_BH_Bias_HA_S_SAV_UserArgs_MT192x256x64_MI16x16x1_SN_LDSB0_AFC0_AFEM1_AFEM1_ASEM1_CLR1_CADS0_DTLA0_DTLB0_DTVA0_DTVB0_EPS0_FDSI0_GRPM1_GRVWA8_GRVWB8_GSU0_GSUAMB_GLS0_ISA950_IU1_K1_LDSTI0_LBSPPA256_LBSPPB1024_LBSPPM0_LPA16_LPB16_LPM0_LRVW8_LWPMn1_MIAV0_MIWT6_8_MO40_NTn1_NTA0_NTB0_NTC0_NTD0_NTM0_NEPBS0_NLCA1_NLCB1_ONLL1_PGR2_PLR1_PKA1_SIA3_SS1_SPO0_SRVW0_SSO0_SVW2_SK3_SKFTR0_SKXCCM0_TLDS1_ULSGRO0_USL1_UIOFGRO0_USFGRO0_VSn1_VWA2_VWB8_WSGRA0_WSGRB0_WS64_WG32_8_1,Cijk_Alik_Bljk_BBS_BH_Bias_HA_S_SAV_UserArgs_MT192x256x64_MI16x16x1_SN_LDSB0_AFC0_AFEM1_AFEM1_ASEM1_CLR1_CADS0_DTLA0_DTLB0_DTVA0_DTVB0_EPS0_FDSI0_GRPM1_GRVWA8_GRVWB8_GSU0_GSUAMB_GLS0_ISA950_IU1_K1_LDSTI0_LBSPPA256_LBSPPB1024_LBSPPM0_LPA16_LPB16_LPM0_LRVW8_LWPMn1_MIAV0_MIWT6_8_MO40_NTn1_NTA0_NTB0_NTC0_NTD0_NTM0_NEPBS0_NLCA1_NLCB1_ONLL1_PGR2_PLR1_PKA1_SIA3_SS1_SPO0_SRVW0_SSO0_SVW2_SK3_SKFTR0_SKXCCM0_TLDS1_ULSGRO0_USL1_UIOFGRO0_USFGRO0_VSn1_VWA2_VWB8_WSGRA0_WSGRB0_WS64_WG32_8_1,0.9058 0.9044,0.9786 0.9738,0.8210 0.8221,0.9905 0.9987,
8192,9216,16384,False,bfloat16,in: 256x256,>=512,1152,4,128,256,tuned,flydsl,flydsl_hgemm_abf16_wbf16_bf16_t256x256x64x2_ks1_w2x4x1_bias0_ktail0_gm0_pht_gfx950,1416.7,1471.4,1558.0,one_tile,owner,1457.6,True,True,True,True,True,0,4,4,4,,hgemm_bf16_t256x256x64x2_ks1_w2x4x1_gm0_bias0_lnt_phti_0,1.7524 1.7401,1.6804 1.6823,1.5888 1.5869,1.6982 1.6964,
8192,13312,16384,False,bfloat16,in: 256x256,>=512,1664,6,128,256,tuned,flydsl,flydsl_hgemm_abf16_wbf16_bf16_t256x256x64x2_ks1_w2x4x1_bias0_ktail0_gm4_pht_gfx950,1466.7,1499.2,1583.9,one_tile,owner,1517.3,True,True,True,True,True,0,4,4,4,,hgemm_bf16_t256x256x64x2_ks1_w2x4x1_gm4_bias0_lnt_phti_0,2.4473 2.4253,2.3847 2.3826,2.2597 2.2524,2.3553 2.3548,
8192,26624,16384,False,bfloat16,in: 256x256,>=512,3328,13,0,256,tuned,flydsl,flydsl_hgemm_abf16_wbf16_bf16_t256x256x64x2_ks1_w2x4x1_bias0_ktail0_gm4_pht_gfx950,1529.1,1582.6,1602.9,dp,,nan,True,True,True,,True,0,4,4,4,,hgemm_bf16_t256x256x64x2_ks1_w2x4x1_gm4_bias0_lnt_phti_0,4.7364 4.6111,4.5176 4.5142,4.4660 4.4515,,
8192,53248,16384,False,bfloat16,in: 256x256,>=512,6656,26,0,256,tuned,flydsl,flydsl_hgemm_abf16_wbf16_bf16_t256x256x64x2_ks1_w2x4x1_bias0_ktail0_gm4_pht_gfx950,1541.7,1583.2,1576.7,dp,,nan,True,True,True,,True,0,4,4,4,,hgemm_bf16_t256x256x64x2_ks1_w2x4x1_gm4_bias0_lnt_phti_0,9.3219 9.2214,9.0343 9.0225,9.0968 9.0346,,
16384,2304,16384,False,bfloat16,in: non-pow2 tile,>=512,576,2,64,256,tuned,torch,native,1356.8,1308.7,1498.7,one_tile,owner,1316.4,True,True,True,True,True,0,4,4,4,Cijk_Alik_Bljk_BBS_BH_Bias_HA_S_SAV_UserArgs_MT192x256x64_MI16x16x1_SN_LDSB0_AFC0_AFEM1_AFEM1_ASEM1_CLR1_CADS0_DTLA0_DTLB0_DTVA0_DTVB0_EPS0_FDSI0_GRPM1_GRVWA8_GRVWB8_GSU0_GSUAMB_GLS0_ISA950_IU1_K1_LDSTI0_LBSPPA256_LBSPPB1024_LBSPPM0_LPA16_LPB16_LPM0_LRVW8_LWPMn1_MIAV0_MIWT6_8_MO40_NTn1_NTA0_NTB0_NTC0_NTD0_NTM0_NEPBS0_NLCA1_NLCB1_ONLL1_PGR2_PLR1_PKA1_SIA3_SS1_SPO0_SRVW0_SSO0_SVW2_SK3_SKFTR0_SKXCCM0_TLDS1_ULSGRO0_USL1_UIOFGRO0_USFGRO0_VSn1_VWA2_VWB8_WSGRA0_WSGRB0_WS64_WG32_8_1,Cijk_Alik_Bljk_BBS_BH_Bias_HA_S_SAV_UserArgs_MT192x256x64_MI16x16x1_SN_LDSB0_AFC0_AFEM1_AFEM1_ASEM1_CLR1_CADS0_DTLA0_DTLB0_DTVA0_DTVB0_EPS0_FDSI0_GRPM1_GRVWA8_GRVWB8_GSU0_GSUAMB_GLS0_ISA950_IU1_K1_LDSTI0_LBSPPA256_LBSPPB1024_LBSPPM0_LPA16_LPB16_LPM0_LRVW8_LWPMn1_MIAV0_MIWT6_8_MO40_NTn1_NTA0_NTB0_NTC0_NTD0_NTM0_NEPBS0_NLCA1_NLCB1_ONLL1_PGR2_PLR1_PKA1_SIA3_SS1_SPO0_SRVW0_SSO0_SVW2_SK3_SKFTR0_SKXCCM0_TLDS1_ULSGRO0_USL1_UIOFGRO0_USFGRO0_VSn1_VWA2_VWB8_WSGRA0_WSGRB0_WS64_WG32_8_1,0.9146 0.9087,0.9476 0.9427,0.8251 0.8255,0.9389 0.9403,
16384,4608,16384,False,bfloat16,in: 256x256,>=512,1152,4,128,256,tuned,flydsl,flydsl_hgemm_abf16_wbf16_bf16_t256x256x64x2_ks1_w2x4x1_bias0_ktail0_gm4_pht_gfx950,1435.6,1468.3,1565.6,one_tile,owner,1485.8,True,True,True,True,True,0,4,4,4,,hgemm_bf16_t256x256x64x2_ks1_w2x4x1_gm4_bias0_lnt_phti_0,1.7303 1.7163,1.6843 1.6855,1.5812 1.5792,1.6639 1.6662,
16384,9216,16384,False,bfloat16,in: 256x256,>=512,2304,9,0,256,tuned,flydsl,flydsl_hgemm_abf16_wbf16_bf16_t256x256x64x2_ks1_w2x4x1_bias0_ktail0_gm4_pht_gfx950,1540.8,1576.9,1593.0,dp,,nan,True,True,True,,True,0,4,4,4,,hgemm_bf16_t256x256x64x2_ks1_w2x4x1_gm4_bias0_lnt_phti_0,3.2223 3.2002,3.1372 3.1381,3.1120 3.1001,,
16384,13312,16384,False,bfloat16,in: 256x256,>=512,3328,13,0,256,tuned,asm,_ZN5aiter24bf16gemm_bf16_tn_256x256E,1524.6,1579.0,1591.6,dp,,nan,True,True,True,,True,0,4,4,4,,aiter::bf16gemm_bf16_tn_256x256,4.7478 4.6275,4.5242 4.5279,4.5009 4.4800,,
16384,26624,16384,False,bfloat16,in: 256x256,>=512,6656,26,0,256,tuned,flydsl,flydsl_hgemm_abf16_wbf16_bf16_t256x256x64x2_ks1_w2x4x1_bias0_ktail0_gm4_pht_gfx950,1467.5,1582.1,1589.8,dp,,nan,True,True,True,,True,0,4,4,4,,hgemm_bf16_t256x256x64x2_ks1_w2x4x1_gm4_bias0_lnt_phti_0,10.2727 9.2072,9.0412 9.0286,9.0424 8.9398,,
16384,53248,16384,False,bfloat16,in: 256x256,>=512,13312,52,0,256,tuned,asm,_ZN5aiter24bf16gemm_bf16_tn_256x256E,1527.8,1583.9,1595.1,dp,,nan,True,True,True,,True,0,4,4,4,,aiter::bf16gemm_bf16_tn_256x256,18.7829 18.6394,18.0598 18.0376,17.9958 17.8474,,
32768,2304,16384,False,bfloat16,in: 256x256,>=512,1152,4,128,256,tuned,flydsl,flydsl_hgemm_abf16_wbf16_bf16_t256x256x64x2_ks1_w2x4x1_bias0_ktail0_gm4_pht_gfx950,1418.6,1452.6,1533.3,one_tile,owner,1466.4,True,True,True,True,True,0,2,2,2,,hgemm_bf16_t256x256x64x2_ks1_w2x4x1_gm4_bias0_lnt_phti_0,1.7487 1.7392,1.7050 1.7011,1.6163 1.6106,1.6895 1.6846,
32768,4608,16384,False,bfloat16,in: 256x256,>=512,2304,9,0,256,tuned,torch,native,1556.2,1567.7,1575.4,dp,,nan,True,True,True,,True,0,4,4,4,Cijk_Alik_Bljk_BBS_BH_Bias_HA_S_SAV_UserArgs_MT256x256x64_MI16x16x1_CMS_SN_LDSB0_AFC0_AFEM1_AFEM1_ASEM1_CLR1_CADS0_DTLA1_DTLB1_DTVA0_DTVB0_EPS0_FDSI0_GRPM1_GRVWA8_GRVWB8_GSU0_GSUAMB_GLS0_ISA950_IU1_K1_LDSTI0_LBSPPA1024_LBSPPB1024_LBSPPM0_LPA16_LPB16_LPM0_LRVW8_LWPMn1_MIAV0_MIWT8_8_MO40_NTn1_NTA0_NTB0_NTC0_NTD4_NTM0_NEPBS0_NLCA1_NLCB1_ONLL1_PGR2_PLR1_PKA1_SIA3_SS1_SPO0_SRVW0_SSO0_SVW8_SK3_SKFTR0_SKXCCM0_TLDS1_ULSGRO0_USL1_UIOFGRO0_USFGRO0_VSn1_VWA8_VWB8_WSGRA0_WSGRB0_WS64_WG32_8_1,Cijk_Alik_Bljk_BBS_BH_Bias_HA_S_SAV_UserArgs_MT256x256x64_MI16x16x1_CMS_SN_LDSB0_AFC0_AFEM1_AFEM1_ASEM1_CLR1_CADS0_DTLA1_DTLB1_DTVA0_DTVB0_EPS0_FDSI0_GRPM1_GRVWA8_GRVWB8_GSU0_GSUAMB_GLS0_ISA950_IU1_K1_LDSTI0_LBSPPA1024_LBSPPB1024_LBSPPM0_LPA16_LPB16_LPM0_LRVW8_LWPMn1_MIAV0_MIWT8_8_MO40_NTn1_NTA0_NTB0_NTC0_NTD4_NTM0_NEPBS0_NLCA1_NLCB1_ONLL1_PGR2_PLR1_PKA1_SIA3_SS1_SPO0_SRVW0_SSO0_SVW8_SK3_SKFTR0_SKXCCM0_TLDS1_ULSGRO0_USL1_UIOFGRO0_USFGRO0_VSn1_VWA8_VWB8_WSGRA0_WSGRB0_WS64_WG32_8_1,3.1783 3.1807,3.1528 3.1595,3.1454 3.1361,,
32768,9216,16384,False,bfloat16,in: 256x256,>=512,4608,18,0,256,tuned,asm,_ZN5aiter24bf16gemm_bf16_tn_256x256E,1511.2,1577.1,1590.2,dp,,nan,True,True,True,,True,0,4,4,4,,aiter::bf16gemm_bf16_tn_256x256,6.5829 6.5131,6.2729 6.2765,6.2312 6.2144,,
32768,13312,16384,False,bfloat16,in: 256x256,>=512,6656,26,0,256,tuned,asm,_ZN5aiter24bf16gemm_bf16_tn_256x256E,1536.6,1577.5,1579.0,dp,,nan,True,True,True,,True,0,4,4,4,,aiter::bf16gemm_bf16_tn_256x256,9.3217 9.2830,9.0706 9.0513,9.1084 8.9966,,
32768,26624,16384,False,bfloat16,in: 256x256,>=512,13312,52,0,256,tuned,flydsl,flydsl_hgemm_abf16_wbf16_bf16_t256x256x64x2_ks1_w2x4x1_bias0_ktail0_gm4_pht_gfx950,1517.2,1577.1,1568.3,dp,,nan,True,True,True,,True,0,4,4,4,,hgemm_bf16_t256x256x64x2_ks1_w2x4x1_gm4_bias0_lnt_phti_0,18.6665 19.0182,18.1835 18.0684,18.2865 18.1696,,
32768,53248,16384,False,bfloat16,in: 256x256,>=512,26624,104,0,256,tuned,flydsl,flydsl_hgemm_abf16_wbf16_bf16_t256x256x64x2_ks1_w2x4x1_bias0_ktail0_gm4_pht_gfx950,1531.9,1576.2,1568.8,dp,,nan,True,True,True,,True,0,4,4,4,,hgemm_bf16_t256x256x64x2_ks1_w2x4x1_gm4_bias0_lnt_phti_0,37.4676 37.1764,36.2420 36.3053,36.5462 36.3447,,
512,6144,18432,False,bfloat16,out: split-K,<128,48,0,48,288,tuned,flydsl,flydsl_hgemm_abf16_wbf16_bf16_t128x256x64x3_ks2_w2x4x2_bias0_ktail0_gm0_pft_gfx950,915.6,430.1,1017.2,one_tile,owner,439.0,False,True,True,True,True,0,4,2,2,,hgemm_bf16_t128x256x64x3_ksd_w2x4x2_gm0_bias0_lnt_pft_0,0.1266 0.1267,0.2695 0.2697,0.1137 0.1143,0.2643 0.2640,
1024,6144,18432,False,bfloat16,in: non-pow2 tile,<128,96,0,96,288,tuned,torch,native,1197.6,805.1,1184.0,one_tile,owner,802.1,True,True,True,True,True,0,2,2,2,Cijk_Alik_Bljk_BBS_BH_Bias_HA_S_SAV_UserArgs_MT192x256x64_MI16x16x1_SN_LDSB0_AFC0_AFEM1_AFEM1_ASEM1_CLR1_CADS0_DTLA0_DTLB0_DTVA0_DTVB0_EPS0_FDSI0_GRPM1_GRVWA8_GRVWB8_GSU0_GSUAMB_GLS0_ISA950_IU1_K1_LDSTI0_LBSPPA256_LBSPPB1024_LBSPPM0_LPA16_LPB16_LPM0_LRVW8_LWPMn1_MIAV0_MIWT6_8_MO40_NTn1_NTA0_NTB0_NTC0_NTD0_NTM0_NEPBS0_NLCA1_NLCB1_ONLL1_PGR2_PLR1_PKA1_SIA3_SS1_SPO0_SRVW0_SSO0_SVW2_SK3_SKFTR0_SKXCCM0_TLDS1_ULSGRO0_USL1_UIOFGRO0_USFGRO0_VSn1_VWA2_VWB8_WSGRA0_WSGRB0_WS64_WG32_8_1,Cijk_Alik_Bljk_BBS_BH_Bias_HA_S_SAV_UserArgs_MT192x256x64_MI16x16x1_SN_LDSB0_AFC0_AFEM1_AFEM1_ASEM1_CLR1_CADS0_DTLA0_DTLB0_DTVA0_DTVB0_EPS0_FDSI0_GRPM1_GRVWA8_GRVWB8_GSU0_GSUAMB_GLS0_ISA950_IU1_K1_LDSTI0_LBSPPA256_LBSPPB1024_LBSPPM0_LPA16_LPB16_LPM0_LRVW8_LWPMn1_MIAV0_MIWT6_8_MO40_NTn1_NTA0_NTB0_NTC0_NTD0_NTM0_NEPBS0_NLCA1_NLCB1_ONLL1_PGR2_PLR1_PKA1_SIA3_SS1_SPO0_SRVW0_SSO0_SVW2_SK3_SKFTR0_SKXCCM0_TLDS1_ULSGRO0_USL1_UIOFGRO0_USFGRO0_VSn1_VWA2_VWB8_WSGRA0_WSGRB0_WS64_WG32_8_1,0.1935 0.1939,0.2887 0.2875,0.1960 0.1958,0.2901 0.2882,
2048,6144,18432,False,bfloat16,in: non-pow2 tile,128-255,192,0,192,288,tuned,torch,native,1349.0,1355.0,1356.7,dp,,nan,True,True,True,,True,0,2,2,2,Cijk_Alik_Bljk_BBS_BH_Bias_HA_S_SAV_UserArgs_MT192x256x64_MI16x16x1_SN_LDSB0_AFC0_AFEM1_AFEM1_ASEM1_CLR1_CADS0_DTLA0_DTLB0_DTVA0_DTVB0_EPS0_FDSI0_GRPM1_GRVWA8_GRVWB8_GSU0_GSUAMB_GLS0_ISA950_IU1_K1_LDSTI0_LBSPPA256_LBSPPB1024_LBSPPM0_LPA16_LPB16_LPM0_LRVW8_LWPMn1_MIAV0_MIWT6_8_MO40_NTn1_NTA0_NTB0_NTC0_NTD0_NTM0_NEPBS0_NLCA1_NLCB1_ONLL1_PGR2_PLR1_PKA1_SIA3_SS1_SPO0_SRVW0_SSO0_SVW2_SK3_SKFTR0_SKXCCM0_TLDS1_ULSGRO0_USL1_UIOFGRO0_USFGRO0_VSn1_VWA2_VWB8_WSGRA0_WSGRB0_WS64_WG32_8_1,Cijk_Alik_Bljk_BBS_BH_Bias_HA_S_SAV_UserArgs_MT192x256x64_MI16x16x1_SN_LDSB0_AFC0_AFEM1_AFEM1_ASEM1_CLR1_CADS0_DTLA0_DTLB0_DTVA0_DTVB0_EPS0_FDSI0_GRPM1_GRVWA8_GRVWB8_GSU0_GSUAMB_GLS0_ISA950_IU1_K1_LDSTI0_LBSPPA256_LBSPPB1024_LBSPPM0_LPA16_LPB16_LPM0_LRVW8_LWPMn1_MIAV0_MIWT6_8_MO40_NTn1_NTA0_NTB0_NTC0_NTD0_NTM0_NEPBS0_NLCA1_NLCB1_ONLL1_PGR2_PLR1_PKA1_SIA3_SS1_SPO0_SRVW0_SSO0_SVW2_SK3_SKFTR0_SKXCCM0_TLDS1_ULSGRO0_USL1_UIOFGRO0_USFGRO0_VSn1_VWA2_VWB8_WSGRA0_WSGRB0_WS64_WG32_8_1,0.3460 0.3417,0.3423 0.3424,0.3406 0.3432,,
4096,6144,18432,False,bfloat16,in: 256x256,256-511,384,1,128,288,tuned,torch,native,1340.8,1387.7,1570.0,one_tile,owner,1387.8,True,True,True,True,True,0,2,2,2,Cijk_Alik_Bljk_BBS_BH_Bias_HA_S_SAV_UserArgs_MT192x256x64_MI16x16x1_SN_LDSB0_AFC0_AFEM1_AFEM1_ASEM1_CLR1_CADS0_DTLA0_DTLB0_DTVA0_DTVB0_EPS0_FDSI0_GRPM1_GRVWA8_GRVWB8_GSU0_GSUAMB_GLS0_ISA950_IU1_K1_LDSTI0_LBSPPA256_LBSPPB1024_LBSPPM0_LPA16_LPB16_LPM0_LRVW8_LWPMn1_MIAV0_MIWT6_8_MO40_NTn1_NTA0_NTB0_NTC0_NTD0_NTM0_NEPBS0_NLCA1_NLCB1_ONLL1_PGR2_PLR1_PKA1_SIA3_SS1_SPO0_SRVW0_SSO0_SVW2_SK3_SKFTR0_SKXCCM0_TLDS1_ULSGRO0_USL1_UIOFGRO0_USFGRO0_VSn1_VWA2_VWB8_WSGRA0_WSGRB0_WS64_WG32_8_1,Cijk_Alik_Bljk_BBS_BH_Bias_HA_S_SAV_UserArgs_MT192x256x64_MI16x16x1_SN_LDSB0_AFC0_AFEM1_AFEM1_ASEM1_CLR1_CADS0_DTLA0_DTLB0_DTVA0_DTVB0_EPS0_FDSI0_GRPM1_GRVWA8_GRVWB8_GSU0_GSUAMB_GLS0_ISA950_IU1_K1_LDSTI0_LBSPPA256_LBSPPB1024_LBSPPM0_LPA16_LPB16_LPM0_LRVW8_LWPMn1_MIAV0_MIWT6_8_MO40_NTn1_NTA0_NTB0_NTC0_NTD0_NTM0_NEPBS0_NLCA1_NLCB1_ONLL1_PGR2_PLR1_PKA1_SIA3_SS1_SPO0_SRVW0_SSO0_SVW2_SK3_SKFTR0_SKXCCM0_TLDS1_ULSGRO0_USL1_UIOFGRO0_USFGRO0_VSn1_VWA2_VWB8_WSGRA0_WSGRB0_WS64_WG32_8_1,0.6969 0.6869,0.6660 0.6711,0.5915 0.5903,0.6694 0.6676,
8192,6144,18432,False,bfloat16,in: 256x256,>=512,768,3,0,288,tuned,torch,native,1530.2,1592.8,1606.9,dp,,nan,True,True,True,,True,0,4,4,4,Cijk_Alik_Bljk_BBS_BH_Bias_HA_S_SAV_UserArgs_MT256x256x64_MI16x16x1_CMS_SN_LDSB0_AFC0_AFEM1_AFEM1_ASEM1_CLR1_CADS0_DTLA1_DTLB1_DTVA0_DTVB0_EPS0_FDSI0_GRPM1_GRVWA8_GRVWB8_GSU0_GSUAMB_GLS0_ISA950_IU1_K1_LDSTI0_LBSPPA1024_LBSPPB1024_LBSPPM0_LPA16_LPB16_LPM0_LRVW8_LWPMn1_MIAV0_MIWT8_8_MO40_NTn1_NTA0_NTB0_NTC0_NTD4_NTM0_NEPBS0_NLCA1_NLCB1_ONLL1_PGR2_PLR1_PKA1_SIA3_SS1_SPO0_SRVW0_SSO0_SVW8_SK3_SKFTR0_SKXCCM0_TLDS1_ULSGRO0_USL1_UIOFGRO0_USFGRO0_VSn1_VWA8_VWB8_WSGRA0_WSGRB0_WS64_WG32_8_1,Cijk_Alik_Bljk_BBS_BH_Bias_HA_S_SAV_UserArgs_MT256x256x64_MI16x16x1_CMS_SN_LDSB0_AFC0_AFEM1_AFEM1_ASEM1_CLR1_CADS0_DTLA1_DTLB1_DTVA0_DTVB0_EPS0_FDSI0_GRPM1_GRVWA8_GRVWB8_GSU0_GSUAMB_GLS0_ISA950_IU1_K1_LDSTI0_LBSPPA1024_LBSPPB1024_LBSPPM0_LPA16_LPB16_LPM0_LRVW8_LWPMn1_MIAV0_MIWT8_8_MO40_NTn1_NTA0_NTB0_NTC0_NTD4_NTM0_NEPBS0_NLCA1_NLCB1_ONLL1_PGR2_PLR1_PKA1_SIA3_SS1_SPO0_SRVW0_SSO0_SVW8_SK3_SKFTR0_SKXCCM0_TLDS1_ULSGRO0_USL1_UIOFGRO0_USFGRO0_VSn1_VWA8_VWB8_WSGRA0_WSGRB0_WS64_WG32_8_1,1.2077 1.2174,1.1640 1.1658,1.1573 1.1521,,
16384,6144,18432,False,bfloat16,in: 256x256,>=512,1536,6,0,288,tuned,asm,_ZN5aiter24bf16gemm_bf16_tn_256x256E,1556.7,1598.0,1614.3,dp,,nan,True,True,True,,True,0,4,4,4,,aiter::bf16gemm_bf16_tn_256x256,2.3897 2.3778,2.3218 2.3227,2.3043 2.2932,,
32768,6144,18432,False,bfloat16,in: 256x256,>=512,3072,12,0,288,tuned,asm,_ZN5aiter24bf16gemm_bf16_tn_256x256E,1559.9,1598.1,1618.0,dp,,nan,True,True,True,,True,0,4,4,4,,aiter::bf16gemm_bf16_tn_256x256,4.7742 4.7414,4.6452 4.6429,4.5948 4.5792,,
512,5120,25600,False,bfloat16,in: other listed tile,<128,40,0,40,400,tuned,flydsl,flydsl_hgemm_abf16_wbf16_bf16_t128x64x64x2_ks1_w4x1x2_bias0_ktail0_gm4_pft_gfx950,437.3,326.6,989.9,one_tile,owner,333.0,False,True,True,True,True,0,4,2,2,,hgemm_bf16_t128x64x64x2_ks1_w4x1x2_gm4_bias0_lnt_pft_0,0.3066 0.3073,0.4113 0.4106,0.1355 0.1357,0.4045 0.4016,
1024,5120,25600,False,bfloat16,in: non-pow2 tile,<128,80,0,80,400,tuned,torch,native,1161.0,646.6,1296.8,one_tile,owner,656.8,True,True,True,True,True,0,4,4,4,Cijk_Alik_Bljk_BBS_BH_Bias_HA_S_SAV_UserArgs_MT160x256x64_MI16x16x1_SN_LDSB0_AFC0_AFEM1_AFEM1_ASEM1_CLR1_CADS0_DTLA0_DTLB0_DTVA0_DTVB0_EPS0_FDSI0_GRPM1_GRVWA8_GRVWB8_GSU0_GSUAMB_GLS0_ISA950_IU1_K1_LDSTI0_LBSPPA128_LBSPPB1024_LBSPPM0_LPA16_LPB16_LPM0_LRVW8_LWPMn1_MIAV0_MIWT5_8_MO40_NTn1_NTA0_NTB0_NTC0_NTD0_NTM0_NEPBS0_NLCA1_NLCB1_ONLL1_PGR2_PLR1_PKA1_SIA3_SS1_SPO0_SRVW0_SSO0_SVW1_SK3_SKFTR0_SKXCCM0_TLDS1_ULSGRO0_USL1_UIOFGRO0_USFGRO0_VSn1_VWA1_VWB8_WSGRA0_WSGRB0_WS64_WG32_8_1,Cijk_Alik_Bljk_BBS_BH_Bias_HA_S_SAV_UserArgs_MT160x256x64_MI16x16x1_SN_LDSB0_AFC0_AFEM1_AFEM1_ASEM1_CLR1_CADS0_DTLA0_DTLB0_DTVA0_DTVB0_EPS0_FDSI0_GRPM1_GRVWA8_GRVWB8_GSU0_GSUAMB_GLS0_ISA950_IU1_K1_LDSTI0_LBSPPA128_LBSPPB1024_LBSPPM0_LPA16_LPB16_LPM0_LRVW8_LWPMn1_MIAV0_MIWT5_8_MO40_NTn1_NTA0_NTB0_NTC0_NTD0_NTM0_NEPBS0_NLCA1_NLCB1_ONLL1_PGR2_PLR1_PKA1_SIA3_SS1_SPO0_SRVW0_SSO0_SVW1_SK3_SKFTR0_SKXCCM0_TLDS1_ULSGRO0_USL1_UIOFGRO0_USFGRO0_VSn1_VWA1_VWB8_WSGRA0_WSGRB0_WS64_WG32_8_1,0.2314 0.2311,0.4133 0.4170,0.2072 0.2068,0.4098 0.4076,
2048,5120,25600,False,bfloat16,in: non-pow2 tile,128-255,160,0,160,400,tuned,torch,native,1289.6,1203.5,1195.8,dp,,nan,True,True,True,,True,0,4,4,4,Cijk_Alik_Bljk_BBS_BH_Bias_HA_S_SAV_UserArgs_MT160x256x64_MI16x16x1_SN_LDSB0_AFC0_AFEM1_AFEM1_ASEM1_CLR1_CADS0_DTLA0_DTLB0_DTVA0_DTVB0_EPS0_FDSI0_GRPM1_GRVWA8_GRVWB8_GSU0_GSUAMB_GLS0_ISA950_IU1_K1_LDSTI0_LBSPPA128_LBSPPB1024_LBSPPM0_LPA16_LPB16_LPM0_LRVW8_LWPMn1_MIAV0_MIWT5_8_MO40_NTn1_NTA0_NTB0_NTC0_NTD0_NTM0_NEPBS0_NLCA1_NLCB1_ONLL1_PGR2_PLR1_PKA1_SIA3_SS1_SPO0_SRVW0_SSO0_SVW1_SK3_SKFTR0_SKXCCM0_TLDS1_ULSGRO0_USL1_UIOFGRO0_USFGRO0_VSn1_VWA1_VWB8_WSGRA0_WSGRB0_WS64_WG32_8_1,Cijk_Alik_Bljk_BBS_BH_Bias_HA_S_SAV_UserArgs_MT160x256x64_MI16x16x1_SN_LDSB0_AFC0_AFEM1_AFEM1_ASEM1_CLR1_CADS0_DTLA0_DTLB0_DTVA0_DTVB0_EPS0_FDSI0_GRPM1_GRVWA8_GRVWB8_GSU0_GSUAMB_GLS0_ISA950_IU1_K1_LDSTI0_LBSPPA128_LBSPPB1024_LBSPPM0_LPA16_LPB16_LPM0_LRVW8_LWPMn1_MIAV0_MIWT5_8_MO40_NTn1_NTA0_NTB0_NTC0_NTD0_NTM0_NEPBS0_NLCA1_NLCB1_ONLL1_PGR2_PLR1_PKA1_SIA3_SS1_SPO0_SRVW0_SSO0_SVW1_SK3_SKFTR0_SKXCCM0_TLDS1_ULSGRO0_USL1_UIOFGRO0_USFGRO0_VSn1_VWA1_VWB8_WSGRA0_WSGRB0_WS64_WG32_8_1,0.4186 0.4141,0.4468 0.4453,0.4499 0.4481,,
4096,5120,25600,False,bfloat16,in: non-pow2 tile,256-511,320,1,64,400,tuned,torch,native,1279.2,1159.7,1546.0,one_tile,owner,1166.7,True,True,True,True,True,0,4,4,4,Cijk_Alik_Bljk_BBS_BH_Bias_HA_S_SAV_UserArgs_MT160x256x64_MI16x16x1_SN_LDSB0_AFC0_AFEM1_AFEM1_ASEM1_CLR1_CADS0_DTLA0_DTLB0_DTVA0_DTVB0_EPS0_FDSI0_GRPM1_GRVWA8_GRVWB8_GSU0_GSUAMB_GLS0_ISA950_IU1_K1_LDSTI0_LBSPPA128_LBSPPB1024_LBSPPM0_LPA16_LPB16_LPM0_LRVW8_LWPMn1_MIAV0_MIWT5_8_MO40_NTn1_NTA0_NTB0_NTC0_NTD0_NTM0_NEPBS0_NLCA1_NLCB1_ONLL1_PGR2_PLR1_PKA1_SIA3_SS1_SPO0_SRVW0_SSO0_SVW1_SK3_SKFTR0_SKXCCM0_TLDS1_ULSGRO0_USL1_UIOFGRO0_USFGRO0_VSn1_VWA1_VWB8_WSGRA0_WSGRB0_WS64_WG32_8_1,Cijk_Alik_Bljk_BBS_BH_Bias_HA_S_SAV_UserArgs_MT160x256x64_MI16x16x1_SN_LDSB0_AFC0_AFEM1_AFEM1_ASEM1_CLR1_CADS0_DTLA0_DTLB0_DTVA0_DTVB0_EPS0_FDSI0_GRPM1_GRVWA8_GRVWB8_GSU0_GSUAMB_GLS0_ISA950_IU1_K1_LDSTI0_LBSPPA128_LBSPPB1024_LBSPPM0_LPA16_LPB16_LPM0_LRVW8_LWPMn1_MIAV0_MIWT5_8_MO40_NTn1_NTA0_NTB0_NTC0_NTD0_NTM0_NEPBS0_NLCA1_NLCB1_ONLL1_PGR2_PLR1_PKA1_SIA3_SS1_SPO0_SRVW0_SSO0_SVW1_SK3_SKFTR0_SKXCCM0_TLDS1_ULSGRO0_USL1_UIOFGRO0_USFGRO0_VSn1_VWA1_VWB8_WSGRA0_WSGRB0_WS64_WG32_8_1,0.8416 0.8371,0.9229 0.9288,0.6939 0.6952,0.9211 0.9195,
8192,5120,25600,False,bfloat16,in: 256x256,>=512,640,2,128,400,tuned,asm,_ZN5aiter24bf16gemm_bf16_tn_256x256E,1398.5,1427.7,1589.2,one_tile,owner,1449.6,True,True,True,True,True,0,4,4,4,,aiter::bf16gemm_bf16_tn_256x256,1.5422 1.5288,1.5072 1.5011,1.3499 1.3527,1.4807 1.4822,
16384,5120,25600,False,bfloat16,in: 256x256,>=512,1280,5,0,400,tuned,torch,native,1518.9,1602.2,1620.4,dp,,nan,True,True,True,,True,0,4,4,4,Cijk_Alik_Bljk_BBS_BH_Bias_HA_S_SAV_UserArgs_MT256x256x64_MI16x16x1_CMS_SN_LDSB0_AFC0_AFEM1_AFEM1_ASEM1_CLR1_CADS0_DTLA1_DTLB1_DTVA0_DTVB0_EPS0_FDSI0_GRPM1_GRVWA8_GRVWB8_GSU0_GSUAMB_GLS0_ISA950_IU1_K1_LDSTI0_LBSPPA1024_LBSPPB1024_LBSPPM0_LPA16_LPB16_LPM0_LRVW8_LWPMn1_MIAV0_MIWT8_8_MO40_NTn1_NTA0_NTB0_NTC0_NTD4_NTM0_NEPBS0_NLCA1_NLCB1_ONLL1_PGR2_PLR1_PKA1_SIA3_SS1_SPO0_SRVW0_SSO0_SVW8_SK3_SKFTR0_SKXCCM0_TLDS1_ULSGRO0_USL1_UIOFGRO0_USFGRO0_VSn1_VWA8_VWB8_WSGRA0_WSGRB0_WS64_WG32_8_1,Cijk_Alik_Bljk_BBS_BH_Bias_HA_S_SAV_UserArgs_MT256x256x64_MI16x16x1_CMS_SN_LDSB0_AFC0_AFEM1_AFEM1_ASEM1_CLR1_CADS0_DTLA1_DTLB1_DTVA0_DTVB0_EPS0_FDSI0_GRPM1_GRVWA8_GRVWB8_GSU0_GSUAMB_GLS0_ISA950_IU1_K1_LDSTI0_LBSPPA1024_LBSPPB1024_LBSPPM0_LPA16_LPB16_LPM0_LRVW8_LWPMn1_MIAV0_MIWT8_8_MO40_NTn1_NTA0_NTB0_NTC0_NTD4_NTM0_NEPBS0_NLCA1_NLCB1_ONLL1_PGR2_PLR1_PKA1_SIA3_SS1_SPO0_SRVW0_SSO0_SVW8_SK3_SKFTR0_SKXCCM0_TLDS1_ULSGRO0_USL1_UIOFGRO0_USFGRO0_VSn1_VWA8_VWB8_WSGRA0_WSGRB0_WS64_WG32_8_1,2.8433 2.8121,2.6786 2.6826,2.6535 2.6475,,
32768,5120,25600,False,bfloat16,in: 256x256,>=512,2560,10,0,400,tuned,torch,native,1475.6,1601.3,1623.7,dp,,nan,True,True,True,,True,0,4,4,4,Cijk_Alik_Bljk_BBS_BH_Bias_HA_S_SAV_UserArgs_MT256x256x64_MI16x16x1_CMS_SN_LDSB0_AFC0_AFEM1_AFEM1_ASEM1_CLR1_CADS0_DTLA1_DTLB1_DTVA0_DTVB0_EPS0_FDSI0_GRPM1_GRVWA8_GRVWB8_GSU0_GSUAMB_GLS0_ISA950_IU1_K1_LDSTI0_LBSPPA1024_LBSPPB1024_LBSPPM0_LPA16_LPB16_LPM0_LRVW8_LWPMn1_MIAV0_MIWT8_8_MO40_NTn1_NTA0_NTB0_NTC0_NTD4_NTM0_NEPBS0_NLCA1_NLCB1_ONLL1_PGR2_PLR1_PKA1_SIA3_SS1_SPO0_SRVW0_SSO0_SVW8_SK3_SKFTR0_SKXCCM0_TLDS1_ULSGRO0_USL1_UIOFGRO0_USFGRO0_VSn1_VWA8_VWB8_WSGRA0_WSGRB0_WS64_WG32_8_1,Cijk_Alik_Bljk_BBS_BH_Bias_HA_S_SAV_UserArgs_MT256x256x64_MI16x16x1_CMS_SN_LDSB0_AFC0_AFEM1_AFEM1_ASEM1_CLR1_CADS0_DTLA1_DTLB1_DTVA0_DTVB0_EPS0_FDSI0_GRPM1_GRVWA8_GRVWB8_GSU0_GSUAMB_GLS0_ISA950_IU1_K1_LDSTI0_LBSPPA1024_LBSPPB1024_LBSPPM0_LPA16_LPB16_LPM0_LRVW8_LWPMn1_MIAV0_MIWT8_8_MO40_NTn1_NTA0_NTB0_NTC0_NTD4_NTM0_NEPBS0_NLCA1_NLCB1_ONLL1_PGR2_PLR1_PKA1_SIA3_SS1_SPO0_SRVW0_SSO0_SVW8_SK3_SKFTR0_SKXCCM0_TLDS1_ULSGRO0_USL1_UIOFGRO0_USFGRO0_VSn1_VWA8_VWB8_WSGRA0_WSGRB0_WS64_WG32_8_1,5.6857 5.9567,5.3631 5.3658,5.2957 5.2853,,
512,16384,26624,False,bfloat16,in: 256x256,128-255,128,0,128,416,tuned,flydsl,flydsl_hgemm_abf16_wbf16_bf16_t128x64x64x2_ks1_w2x1x2_bias0_ktail0_gm4_pft_gfx950,652.2,913.9,1379.4,one_tile,owner,894.9,False,True,True,True,True,0,4,4,2,,hgemm_bf16_t128x64x64x2_ks1_w2x1x2_gm4_bias0_lnt_pft_0,0.6858 0.6840,0.4893 0.4882,0.3238 0.3239,0.4985 0.4999,
1024,16384,26624,False,bfloat16,in: 256x256,256-511,256,1,0,416,tuned,flydsl,flydsl_hgemm_abf16_wbf16_bf16_t256x64x128x2_ks1_w4x2x1_bias0_ktail0_gm4_pft_gfx950,788.1,1574.4,1566.2,dp,,nan,True,True,True,,True,0,4,4,4,,hgemm_bf16_t256x64x128x2_ks1_w4x2x1_gm4_bias0_lnt_pft_0,1.1363 1.1307,0.5663 0.5685,0.5703 0.5705,,
2048,16384,26624,False,bfloat16,in: 256x256,>=512,512,2,0,416,tuned,flydsl,flydsl_hgemm_abf16_wbf16_bf16_t128x128x64x4_ks1_w2x2x2_bias0_ktail0_gm0_pft_gfx950,829.6,1607.4,1625.3,dp,,nan,False,True,True,,True,0,4,4,4,,hgemm_bf16_t128x128x64x4_ks1_w2x2x2_gm0_bias0_lnt_pft_0,2.1613 2.1460,1.1113 1.1119,1.1004 1.0982,,
4096,16384,26624,False,bfloat16,in: 256x256,>=512,1024,4,0,416,tuned,flydsl,flydsl_hgemm_abf16_wbf16_bf16_t256x256x64x2_ks1_w2x4x1_bias0_ktail0_gm4_pht_gfx950,1580.1,1625.4,1643.1,dp,,nan,True,True,True,,True,0,4,4,4,,hgemm_bf16_t256x256x64x2_ks1_w2x4x1_gm4_bias0_lnt_phti_0,2.2720 2.2512,2.2000 2.1970,2.1746 2.1751,,
8192,16384,26624,False,bfloat16,in: 256x256,>=512,2048,8,0,416,tuned,asm,_ZN5aiter37bf16gemm_fp32bf16_tn_48x64_pf3_splitkE,237.9,1609.1,1628.7,dp,,nan,True,True,True,,True,0,4,4,4,,aiter::bf16gemm_fp32bf16_tn_48x64_pf3_splitk,30.2499 29.8445,4.4412 4.4418,4.3946 4.3815,,
16384,16384,26624,False,bfloat16,in: 256x256,>=512,4096,16,0,416,tuned,asm,_ZN5aiter24bf16gemm_bf16_tn_256x256E,1575.5,1612.8,1633.1,dp,,nan,True,True,True,,True,0,4,4,4,,aiter::bf16gemm_bf16_tn_256x256,9.1004 9.0449,8.8735 8.8514,8.7708 8.7343,,
32768,16384,26624,False,bfloat16,in: 256x256,>=512,8192,32,0,416,tuned,asm,_ZN5aiter24bf16gemm_bf16_tn_256x256E,1572.8,1613.3,1633.0,dp,,nan,True,True,True,,True,0,4,4,4,,aiter::bf16gemm_bf16_tn_256x256,18.2631 18.0884,17.6915 17.7482,17.5538 17.4589,,
512,8192,28672,False,bfloat16,out: split-K,<128,64,0,64,448,tuned,flydsl,flydsl_hgemm_abf16_wbf16_bf16_t128x256x64x2_ks2_w2x4x1_bias0_ktail0_gm0_pft_gfx950,783.1,470.9,1237.3,one_tile,owner,470.3,False,True,True,True,True,0,4,4,4,,hgemm_bf16_t128x256x64x2_ksd_w2x4x1_gm0_bias0_lnt_pft_0,0.3074 0.3068,0.5118 0.5097,0.1943 0.1944,0.5100 0.5128,
1024,8192,28672,False,bfloat16,in: 256x256,128-255,128,0,128,448,tuned,triton,auto,698.7,953.1,1447.5,one_tile,owner,938.2,True,True,True,True,True,0,4,4,4,,_gemm_a16_w16_kernel_BLOCK_SIZE_M_256_BLOCK_SIZE_N_256_BLOCK_SIZE_K_64_GROUP_SIZE_M_1_NUM_KSPLIT_1_SPLITK_BLOCK_SIZE_28672_EVEN_K_1_EVEN_MN_1_cache_modifier_NONE_activation_NONE_use_activation_0_ADD_BIAS_0_SKIP_REDUCE_0,0.6905 0.6864,0.5032 0.5062,0.3325 0.3321,0.5114 0.5141,
2048,8192,28672,False,bfloat16,in: 256x256,256-511,256,1,0,448,tuned,flydsl,flydsl_hgemm_abf16_wbf16_bf16_t128x128x64x2_ks1_w4x4x1_bias0_ktail0_gm0_pft_gfx950,1032.7,1608.7,1619.7,dp,,nan,True,True,True,,True,0,4,4,4,,hgemm_bf16_t128x128x64x2_ks1_w4x4x1_gm0_bias0_lnt_pft_0,0.9300 0.9333,0.6003 0.5958,0.5945 0.5935,,
4096,8192,28672,False,bfloat16,in: 256x256,>=512,512,2,0,448,tuned,flydsl,flydsl_hgemm_abf16_wbf16_bf16_t256x256x64x2_ks1_w2x4x1_bias0_ktail0_gm4_pht_gfx950,1577.2,1619.1,1636.9,dp,,nan,True,True,True,,True,0,4,4,4,,hgemm_bf16_t256x256x64x2_ks1_w2x4x1_gm4_bias0_lnt_phti_0,1.2236 1.2164,1.1882 1.1886,1.1770 1.1740,,
8192,8192,28672,False,bfloat16,in: 256x256,>=512,1024,4,0,448,tuned,asm,_ZN5aiter24bf16gemm_bf16_tn_256x256E,1580.2,1611.6,1629.0,dp,,nan,True,True,True,,True,0,4,4,4,,aiter::bf16gemm_bf16_tn_256x256,2.4437 2.4269,2.3879 2.3878,2.3635 2.3613,,
16384,8192,28672,False,bfloat16,in: 256x256,>=512,2048,8,0,448,tuned,asm,_ZN5aiter24bf16gemm_bf16_tn_256x256E,1583.7,1612.9,1632.3,dp,,nan,True,True,True,,True,0,4,4,4,,aiter::bf16gemm_bf16_tn_256x256,4.8730 4.8468,4.7790 4.7649,4.7178 4.7123,,
32768,8192,28672,False,bfloat16,in: 256x256,>=512,4096,16,0,448,tuned,asm,_ZN5aiter24bf16gemm_bf16_tn_256x256E,1584.7,1616.9,1635.3,dp,,nan,True,True,True,,True,0,4,4,4,,aiter::bf16gemm_bf16_tn_256x256,9.7376 9.6900,9.5177 9.5231,9.4276 9.3980,,
512,7168,35840,False,bfloat16,in: other listed tile,<128,56,0,56,560,tuned,flydsl,flydsl_hgemm_abf16_wbf16_bf16_t128x128x64x4_ks1_w2x2x2_bias0_ktail0_gm0_pft_gfx950,821.5,438.8,1176.1,one_tile,owner,438.2,False,True,True,True,True,0,4,2,2,,hgemm_bf16_t128x128x64x4_ks1_w2x2x2_gm0_bias0_lnt_pft_0,0.3209 0.3196,0.5991 0.6001,0.2228 0.2246,0.5996 0.6010,
1024,7168,35840,False,bfloat16,in: 256x256,<128,112,0,112,560,tuned,flydsl,flydsl_hgemm_abf16_wbf16_bf16_t64x128x64x2_ks1_w2x2x1_bias0_ktail0_gm0_pft_gfx950,574.7,871.5,1361.7,one_tile,owner,867.1,True,True,True,True,True,0,4,4,4,,hgemm_bf16_t64x128x64x2_ks1_w2x2x1_gm0_bias0_lnt_pft_0,0.9168 0.9141,0.6029 0.6045,0.3865 0.3863,0.6039 0.6097,
2048,7168,35840,False,bfloat16,in: 256x256,128-255,224,0,224,560,tuned,asm,_ZN5aiter24bf16gemm_bf16_tn_256x256E,1458.9,1496.6,1507.1,dp,,nan,True,True,True,,True,0,4,4,4,,aiter::bf16gemm_bf16_tn_256x256,0.7250 0.7176,0.7036 0.7026,0.6988 0.6976,,
4096,7168,35840,False,bfloat16,in: 256x256,256-511,448,1,192,560,tuned,flydsl,flydsl_hgemm_abf16_wbf16_bf16_t256x256x64x2_ks1_w2x4x1_bias0_ktail0_gm4_pht_gfx950,1473.3,1508.5,1523.4,dp,,nan,True,True,True,,True,0,4,4,4,,hgemm_bf16_t256x256x64x2_ks1_w2x4x1_gm4_bias0_lnt_phti_0,1.4323 1.4246,1.3959 1.3944,1.3826 1.3805,,
8192,7168,35840,False,bfloat16,in: 256x256,>=512,896,3,128,560,tuned,asm,_ZN5aiter24bf16gemm_bf16_tn_256x256E,1429.1,1479.4,1615.3,one_tile,owner,1494.2,True,True,True,True,True,0,4,4,4,,aiter::bf16gemm_bf16_tn_256x256,2.9633 2.9273,2.8452 2.8450,2.6074 2.6042,2.8201 2.8139,
16384,7168,35840,False,bfloat16,in: 256x256,>=512,1792,7,0,560,tuned,torch,native,1511.8,1595.0,1616.7,dp,,nan,True,True,True,,True,0,4,4,4,Cijk_Alik_Bljk_BBS_BH_Bias_HA_S_SAV_UserArgs_MT256x256x64_MI16x16x1_CMS_SN_LDSB0_AFC0_AFEM1_AFEM1_ASEM1_CLR1_CADS0_DTLA1_DTLB1_DTVA0_DTVB0_EPS0_FDSI0_GRPM1_GRVWA8_GRVWB8_GSU0_GSUAMB_GLS0_ISA950_IU1_K1_LDSTI0_LBSPPA1024_LBSPPB1024_LBSPPM0_LPA16_LPB16_LPM0_LRVW8_LWPMn1_MIAV0_MIWT8_8_MO40_NTn1_NTA0_NTB0_NTC0_NTD4_NTM0_NEPBS0_NLCA1_NLCB1_ONLL1_PGR2_PLR1_PKA1_SIA3_SS1_SPO0_SRVW0_SSO0_SVW8_SK3_SKFTR0_SKXCCM0_TLDS1_ULSGRO0_USL1_UIOFGRO0_USFGRO0_VSn1_VWA8_VWB8_WSGRA0_WSGRB0_WS64_WG32_8_1,Cijk_Alik_Bljk_BBS_BH_Bias_HA_S_SAV_UserArgs_MT256x256x64_MI16x16x1_CMS_SN_LDSB0_AFC0_AFEM1_AFEM1_ASEM1_CLR1_CADS0_DTLA1_DTLB1_DTVA0_DTVB0_EPS0_FDSI0_GRPM1_GRVWA8_GRVWB8_GSU0_GSUAMB_GLS0_ISA950_IU1_K1_LDSTI0_LBSPPA1024_LBSPPB1024_LBSPPM0_LPA16_LPB16_LPM0_LRVW8_LWPMn1_MIAV0_MIWT8_8_MO40_NTn1_NTA0_NTB0_NTC0_NTD4_NTM0_NEPBS0_NLCA1_NLCB1_ONLL1_PGR2_PLR1_PKA1_SIA3_SS1_SPO0_SRVW0_SSO0_SVW8_SK3_SKFTR0_SKXCCM0_TLDS1_ULSGRO0_USL1_UIOFGRO0_USFGRO0_VSn1_VWA8_VWB8_WSGRA0_WSGRB0_WS64_WG32_8_1,5.5226 5.6139,5.2455 5.3102,5.2175 5.1967,,
32768,7168,35840,False,bfloat16,in: 256x256,>=512,3584,14,0,560,tuned,flydsl,flydsl_hgemm_abf16_wbf16_bf16_t256x256x64x2_ks1_w2x4x1_bias0_ktail0_gm4_pht_gfx950,1555.8,1610.7,1627.4,dp,,nan,True,True,True,,True,0,4,4,4,,hgemm_bf16_t256x256x64x2_ks1_w2x4x1_gm4_bias0_lnt_phti_0,10.8391 10.8036,10.4593 10.4462,10.3433 10.3471,,
